booking_id,customer_id,trip_id,lead_id,booking_timestamp,travel_date,travelers_count,booking_status,booking_source,coupon_code,discount_percentage,final_amount
1,1,83,,2026-07-07 02:34:56,2026-10-05,4,Confirmed,Website,TP10OFF,10,34473.6
2,1,12,,2026-08-30 03:23:40,2027-02-23,2,Confirmed,Website,,0,20698.0
3,2,10,10953.0,2023-09-29 02:53:33,2023-11-08,4,Completed,Website,TP20OFF,20,30310.4
4,2,34,,2025-02-18 02:15:39,2025-03-27,4,Completed,Website,,0,39572.0
5,2,25,,2026-02-23 05:46:55,2026-04-21,2,Cancelled,Mobile App,,0,23706.0
6,2,16,,2023-11-24 01:30:10,2024-01-02,1,Completed,Website,TP5OFF,5,10379.7
7,2,91,825.0,2026-07-26 00:50:15,2026-08-26,2,Completed,Website,,0,25908.0
8,2,97,,2026-07-18 00:41:53,2026-10-29,5,Cancelled,Instagram,,0,84795.0
9,3,71,,2026-07-07 20:46:26,2026-10-26,5,Pending,Website,TP10OFF,10,27067.5
10,5,10,,2026-07-15 13:14:20,2026-07-30,4,Completed,Website,TP5OFF,5,35993.6
11,5,58,11954.0,2026-03-10 10:01:26,2026-03-23,2,Completed,Mobile App,,0,24322.0
12,7,92,,2026-06-26 01:21:49,2026-09-01,4,Completed,Website,TP5OFF,5,28146.6
13,8,10,2088.0,2026-08-25 08:27:50,2026-10-04,3,Pending,Mobile App,TP5OFF,5,26995.2
14,8,19,5105.0,2026-08-04 22:49:53,2026-08-26,1,Completed,Mobile App,,0,8837.0
15,9,5,,2026-06-19 21:13:10,2026-10-26,3,Confirmed,Mobile App,,0,121965.0
16,10,49,3817.0,2025-09-24 21:54:18,2025-10-16,3,Completed,Mobile App,,0,34818.0
17,11,12,9277.0,2026-08-18 21:59:42,2026-10-08,5,Confirmed,Referral Link,TP10OFF,10,46570.5
18,12,56,4936.0,2026-07-26 19:21:02,2026-12-15,4,Confirmed,Instagram,,0,67296.0
19,13,92,,2026-08-03 16:29:41,2026-11-04,5,Pending,Mobile App,,0,37035.0
20,15,54,7076.0,2025-03-22 08:08:15,2025-05-11,3,Completed,Website,,0,35148.0
21,16,72,,2026-07-20 00:58:24,2026-11-14,2,Confirmed,Website,TP5OFF,5,21122.3
22,17,58,,2026-08-04 20:19:44,2026-09-03,1,Cancelled,Mobile App,TP15OFF,15,10336.85
23,18,75,,2026-08-10 15:23:58,2027-01-16,5,Confirmed,Website,TP20OFF,20,86808.0
24,19,12,,2024-08-20 04:21:10,2024-09-02,2,Completed,Website,,0,20698.0
25,20,80,,2023-12-05 00:18:25,2023-12-11,4,Completed,Instagram,TP10OFF,10,23101.2
26,22,24,,2026-08-19 20:52:46,2026-11-07,2,Confirmed,Instagram,,0,19178.0
27,24,37,4444.0,2026-06-25 23:55:57,2026-09-27,2,Pending,Mobile App,,0,75482.0
28,26,7,,2026-06-14 12:24:04,2026-10-12,4,Confirmed,Mobile App,,0,52276.0
29,27,82,4395.0,2025-11-21 12:20:00,2025-12-12,2,Completed,Website,,0,19692.0
30,28,9,,2025-08-04 20:36:14,2025-08-31,3,Completed,Mobile App,,0,30108.0
31,31,28,,2026-06-14 20:32:41,2026-11-01,1,Confirmed,Referral Link,,0,9355.0
32,31,4,,2026-08-12 03:07:57,2026-10-30,3,Confirmed,Referral Link,,0,25359.0
33,33,91,11210.0,2026-06-29 18:03:55,2026-10-15,2,Confirmed,Website,,0,25908.0
34,33,96,,2026-07-01 07:23:53,2026-07-28,5,Completed,Mobile App,,0,109055.0
35,35,76,10973.0,2026-03-24 10:34:46,2026-05-08,4,Completed,Website,,0,61772.0
36,36,72,7387.0,2025-10-04 19:32:47,2025-11-03,3,Completed,Website,,0,33351.0
37,37,88,,2025-07-06 08:42:11,2025-08-17,5,Cancelled,Website,TP5OFF,5,38527.25
38,38,43,,2024-05-21 23:44:43,2024-06-06,4,Completed,Instagram,,0,44756.0
39,43,71,7569.0,2026-08-06 16:20:33,2026-12-11,5,Confirmed,Mobile App,TP15OFF,15,25563.75
40,44,8,,2025-12-01 01:22:51,2026-01-09,4,Completed,Mobile App,,0,139032.0
41,45,35,8006.0,2026-08-16 16:18:52,2026-09-01,2,Completed,Website,,0,62006.0
42,47,23,,2026-08-05 15:22:11,2026-10-22,3,Confirmed,Mobile App,TP10OFF,10,105248.7
43,48,72,,2024-07-14 12:16:00,2024-09-02,4,Completed,Mobile App,,0,44468.0
44,49,15,,2026-07-12 17:48:16,2026-08-12,3,Completed,Website,,0,31401.0
45,50,26,2032.0,2024-10-16 14:56:56,2024-11-22,2,Completed,Mobile App,,0,51914.0
46,51,72,,2026-06-24 04:17:29,2026-12-07,1,Confirmed,Referral Link,TP10OFF,10,10005.3
47,51,60,403.0,2025-10-30 06:53:53,2025-11-29,1,Completed,Mobile App,,0,12905.0
48,52,53,,2024-07-16 17:24:08,2024-08-28,4,Completed,Mobile App,,0,46148.0
49,54,73,6926.0,2026-07-26 00:48:16,2026-10-26,5,Confirmed,Instagram,TP5OFF,5,122716.25
50,54,98,11431.0,2024-06-26 17:56:19,2024-08-06,2,Completed,Referral Link,TP5OFF,5,29180.2
51,54,20,13552.0,2024-04-19 15:59:06,2024-06-10,4,Completed,Website,,0,146420.0
52,54,75,,2026-06-30 11:16:45,2026-09-17,3,Confirmed,Mobile App,,0,65106.0
53,54,43,14360.0,2026-09-04 16:38:35,2026-12-09,3,Confirmed,Website,,0,33567.0
54,54,23,,2026-02-17 01:35:47,2026-03-29,4,Completed,Mobile App,,0,155924.0
55,56,42,,2025-07-25 10:50:36,2025-09-03,2,Completed,Mobile App,,0,77434.0
56,56,21,14762.0,2024-08-24 10:35:13,2024-09-28,2,Cancelled,Website,,0,14818.0
57,56,68,,2026-08-11 13:35:14,2026-12-08,4,Cancelled,Website,,0,92560.0
58,56,5,,2026-04-01 10:34:25,2026-05-22,3,Completed,Mobile App,,0,121965.0
59,56,33,13698.0,2023-10-29 10:08:56,2023-12-17,5,Completed,Website,,0,55365.0
60,58,90,4872.0,2024-12-15 15:36:41,2024-12-22,5,Completed,Mobile App,,0,103820.0
61,59,74,,2025-10-19 03:15:19,2025-10-25,1,Cancelled,Referral Link,TP5OFF,5,10298.95
62,61,71,5264.0,2026-08-11 23:39:08,2027-01-04,2,Cancelled,Instagram,,0,12030.0
63,61,72,6448.0,2025-05-21 09:34:13,2025-06-04,4,Completed,Referral Link,,0,44468.0
64,61,72,3423.0,2025-11-18 01:43:57,2025-12-28,3,Completed,Website,,0,33351.0
65,61,63,,2023-10-20 10:27:06,2023-10-27,3,Completed,Mobile App,,0,50928.0
66,61,1,,2024-12-11 00:47:48,2025-01-18,3,Completed,Mobile App,TP5OFF,5,31312.95
67,63,16,,2026-08-14 07:23:11,2026-09-08,2,Confirmed,Referral Link,TP20OFF,20,17481.6
68,63,96,,2026-07-18 05:12:09,2026-08-28,5,Completed,Instagram,,0,109055.0
69,64,91,,2026-08-06 15:21:54,2026-10-16,2,Confirmed,Website,,0,25908.0
70,67,98,,2023-10-31 17:22:02,2023-12-11,3,Completed,Mobile App,,0,46074.0
71,67,26,,2026-06-11 21:26:23,2026-06-22,4,Completed,Website,,0,103828.0
72,67,43,12572.0,2023-11-25 22:29:54,2024-01-19,3,Completed,Mobile App,,0,33567.0
73,67,5,6017.0,2026-06-20 03:33:46,2026-09-07,2,Confirmed,Referral Link,,0,81310.0
74,67,87,,2025-06-14 16:24:26,2025-07-03,6,Completed,Website,,0,130620.0
75,67,27,,2025-02-22 15:03:18,2025-03-27,5,Completed,Website,,0,33480.0
76,68,82,,2026-06-30 06:42:17,2026-10-01,3,Confirmed,Website,TP5OFF,5,28061.1
77,68,67,,2026-06-21 23:24:34,2026-09-08,5,Confirmed,Website,,0,83645.0
78,70,5,,2026-08-10 15:45:19,2027-01-13,2,Confirmed,Website,,0,81310.0
79,74,68,,2026-08-16 05:57:32,2026-09-26,5,Pending,Website,TP20OFF,20,92560.0
80,74,57,,2024-02-19 02:20:10,2024-02-25,4,Completed,Mobile App,TP20OFF,20,74691.2
81,76,57,,2024-02-21 09:29:24,2024-03-31,3,Completed,Website,,0,70023.0
82,78,16,3093.0,2024-12-22 18:10:33,2025-02-01,3,Completed,Mobile App,TP5OFF,5,31139.1
83,79,75,14027.0,2026-06-11 14:30:42,2026-08-14,4,Completed,Website,TP5OFF,5,82467.6
84,79,59,3465.0,2026-06-19 17:44:29,2026-09-23,3,Confirmed,Mobile App,TP20OFF,20,48206.4
85,82,43,,2025-03-06 23:58:27,2025-04-18,4,Cancelled,Website,,0,44756.0
86,83,70,3434.0,2024-09-25 19:31:38,2024-11-15,2,Completed,Mobile App,TP5OFF,5,27215.6
87,83,22,,2026-06-26 02:17:09,2026-07-19,3,Completed,Website,,0,27189.0
88,83,94,12999.0,2024-07-12 11:06:17,2024-09-08,4,Completed,Mobile App,,0,49284.0
89,84,5,,2026-08-14 15:22:37,2027-01-17,4,Cancelled,Referral Link,,0,162620.0
90,85,81,,2024-04-17 05:39:18,2024-04-26,3,Cancelled,Website,,0,75831.0
91,86,65,,2026-09-02 10:12:24,2026-11-03,3,Pending,Mobile App,TP15OFF,15,44721.9
92,89,80,3918.0,2026-07-07 21:56:34,2026-10-27,5,Confirmed,Website,,0,32085.0
93,89,34,,2024-05-16 21:02:49,2024-05-24,5,Cancelled,Mobile App,TP10OFF,10,44518.5
94,89,39,,2026-01-01 01:16:58,2026-01-14,4,Completed,Website,,0,28712.0
95,89,79,,2026-07-23 01:51:40,2026-08-02,5,Completed,Mobile App,,0,48460.0
96,90,94,3682.0,2026-07-26 19:10:37,2026-09-07,4,Confirmed,Instagram,,0,49284.0
97,93,42,,2026-07-10 13:40:44,2026-09-13,3,Confirmed,Mobile App,,0,116151.0
98,95,49,,2025-03-10 16:28:06,2025-04-30,5,Completed,Website,,0,58030.0
99,95,39,4026.0,2026-08-31 00:15:26,2026-11-06,3,Confirmed,Website,,0,21534.0
100,96,10,11567.0,2026-08-18 14:47:43,2026-10-25,4,Pending,Mobile App,,0,37888.0
101,96,44,10617.0,2026-07-15 14:09:54,2026-12-04,3,Confirmed,Website,,0,20070.0
102,97,94,,2026-08-27 13:49:19,2026-09-06,4,Completed,Instagram,,0,49284.0
103,97,1,2314.0,2025-06-21 16:44:28,2025-07-25,1,Completed,Mobile App,,0,10987.0
104,97,28,7875.0,2026-07-23 07:05:19,2027-01-03,2,Confirmed,Mobile App,,0,18710.0
105,102,95,11018.0,2026-06-15 15:08:58,2026-09-22,4,Confirmed,Mobile App,,0,29240.0
106,102,86,,2026-08-07 10:01:21,2027-01-17,4,Confirmed,Mobile App,,0,30624.0
107,102,16,,2026-07-28 15:31:00,2026-11-21,3,Confirmed,Website,,0,32778.0
108,102,34,,2026-06-28 20:59:18,2026-10-13,5,Confirmed,Mobile App,,0,49465.0
109,102,39,13799.0,2025-12-30 02:07:22,2026-02-27,2,Completed,Website,,0,14356.0
110,104,14,3126.0,2026-06-26 14:30:21,2026-09-04,4,Completed,Mobile App,TP20OFF,20,122249.6
111,105,77,4396.0,2026-09-04 22:04:30,2027-02-16,5,Confirmed,Instagram,,0,99705.0
112,105,73,,2026-07-26 14:16:53,2026-10-06,4,Confirmed,Website,TP20OFF,20,82672.0
113,106,3,,2026-08-16 23:59:45,2026-10-14,5,Pending,Website,TP5OFF,5,30974.75
114,106,17,1117.0,2026-06-17 14:43:51,2026-12-11,3,Confirmed,Website,,0,121686.0
115,107,96,,2026-09-02 23:23:39,2026-10-10,5,Pending,Mobile App,,0,109055.0
116,107,10,,2023-12-25 12:11:44,2024-02-01,4,Completed,Website,TP10OFF,10,34099.2
117,109,15,,2026-08-27 05:28:06,2026-09-08,5,Confirmed,Mobile App,,0,52335.0
118,109,30,11236.0,2023-10-13 15:09:15,2023-11-26,2,Cancelled,Website,,0,18072.0
119,110,52,,2026-06-09 16:36:02,2026-07-03,2,Completed,Referral Link,TP5OFF,5,58328.1
120,112,91,10600.0,2026-08-20 01:41:50,2027-01-24,4,Confirmed,Mobile App,TP10OFF,10,46634.4
121,115,43,7736.0,2026-06-09 04:23:40,2026-10-18,3,Confirmed,Website,,0,33567.0
122,118,66,11769.0,2026-08-19 02:47:12,2026-09-01,5,Completed,Referral Link,,0,155530.0
123,118,59,11312.0,2025-03-12 01:45:27,2025-04-06,4,Completed,Website,TP10OFF,10,72309.6
124,119,40,1997.0,2024-12-05 03:28:42,2024-12-23,2,Completed,Referral Link,TP10OFF,10,59668.2
125,120,41,,2026-06-14 14:38:35,2026-12-07,2,Pending,Website,,0,97660.0
126,121,17,9104.0,2026-08-27 07:28:39,2026-11-13,4,Cancelled,Referral Link,,0,162248.0
127,123,2,166.0,2026-07-22 08:52:45,2026-11-07,4,Confirmed,Website,,0,132252.0
128,125,56,,2025-10-03 11:16:15,2025-11-01,1,Completed,Website,,0,16824.0
129,126,49,,2025-12-11 02:12:27,2026-01-17,3,Completed,Referral Link,,0,34818.0
130,127,66,13810.0,2023-10-12 22:01:47,2023-11-28,6,Completed,Referral Link,TP5OFF,5,177304.2
131,128,8,,2024-11-13 09:16:11,2025-01-11,4,Completed,Mobile App,,0,139032.0
132,129,36,13296.0,2026-07-29 14:26:21,2026-10-18,2,Confirmed,Instagram,,0,86226.0
133,131,31,,2026-07-18 00:03:59,2026-10-07,2,Confirmed,Referral Link,TP10OFF,10,72446.4
134,131,67,2439.0,2026-09-01 10:12:31,2026-09-15,3,Confirmed,Website,,0,50187.0
135,131,81,,2026-07-16 01:54:18,2026-10-26,5,Confirmed,Website,TP5OFF,5,120065.75
136,132,66,3483.0,2024-02-01 11:34:30,2024-03-21,4,Completed,Mobile App,,0,124424.0
137,132,66,,2026-06-16 18:32:50,2026-07-13,6,Completed,Mobile App,TP5OFF,5,177304.2
138,135,77,,2026-06-20 06:29:11,2026-08-05,6,Completed,Instagram,,0,119646.0
139,140,39,2198.0,2026-07-27 04:47:56,2026-09-06,3,Cancelled,Website,,0,21534.0
140,144,74,,2026-08-02 04:00:50,2026-08-25,3,Completed,Website,TP5OFF,5,30896.85
141,145,73,10402.0,2026-08-26 04:52:50,2027-02-01,3,Confirmed,Website,,0,77505.0
142,146,22,1278.0,2024-06-08 00:08:17,2024-06-17,4,Completed,Website,,0,36252.0
143,147,25,,2026-07-30 23:23:56,2026-10-30,3,Confirmed,Mobile App,,0,35559.0
144,147,13,,2024-10-03 20:51:00,2024-11-15,2,Cancelled,Instagram,,0,21548.0
145,151,94,3686.0,2024-07-07 11:40:54,2024-08-02,2,Completed,Mobile App,,0,24642.0
146,154,77,14808.0,2025-09-26 12:37:48,2025-10-04,3,Completed,Website,,0,59823.0
147,154,75,,2026-07-13 11:55:48,2026-08-16,6,Completed,Mobile App,,0,130212.0
148,157,77,,2026-01-12 05:22:08,2026-02-20,4,Completed,Website,,0,79764.0
149,158,80,,2025-05-16 13:46:51,2025-05-25,4,Completed,Mobile App,,0,25668.0
150,160,70,12162.0,2026-06-26 01:43:41,2026-08-11,4,Cancelled,Instagram,,0,57296.0
151,160,54,,2026-09-01 17:59:14,2026-11-12,5,Confirmed,Referral Link,,0,58580.0
152,161,55,,2026-08-19 02:03:47,2026-11-25,2,Confirmed,Instagram,,0,48250.0
153,162,52,,2025-01-26 03:56:01,2025-03-09,2,Completed,Website,TP5OFF,5,58328.1
154,164,57,2149.0,2026-06-12 18:16:55,2026-06-27,5,Cancelled,Referral Link,TP5OFF,5,110869.75
155,165,77,9519.0,2026-08-10 15:45:28,2026-10-08,3,Pending,Website,,0,59823.0
156,168,92,,2026-07-18 16:29:27,2026-08-01,2,Cancelled,Website,,0,14814.0
157,170,56,,2026-08-07 19:50:28,2027-01-28,2,Pending,Mobile App,,0,33648.0
158,174,71,5491.0,2025-03-30 10:49:15,2025-04-23,2,Completed,Mobile App,,0,12030.0
159,175,23,11054.0,2026-08-28 05:31:37,2026-10-17,2,Confirmed,Mobile App,,0,77962.0
160,176,28,,2026-06-14 02:55:35,2026-06-25,4,Completed,Mobile App,,0,37420.0
161,177,25,,2026-07-10 22:41:08,2026-08-03,3,Completed,Mobile App,,0,35559.0
162,178,77,,2023-09-17 11:00:13,2023-09-22,6,Completed,Mobile App,,0,119646.0
163,178,77,8391.0,2026-07-27 02:17:53,2026-11-04,4,Confirmed,Referral Link,,0,79764.0
164,179,27,,2026-07-12 10:54:10,2026-11-23,4,Confirmed,Website,,0,26784.0
165,180,85,9259.0,2025-10-25 14:09:04,2025-11-20,2,Completed,Website,TP10OFF,10,15379.2
166,180,19,,2024-11-23 19:30:03,2024-12-22,4,Completed,Website,,0,35348.0
167,181,84,689.0,2025-08-30 00:33:06,2025-09-27,4,Completed,Mobile App,TP15OFF,15,73990.8
168,181,9,,2024-08-28 10:14:49,2024-09-19,4,Completed,Website,TP5OFF,5,38136.8
169,182,59,5891.0,2023-11-04 12:39:01,2023-11-17,4,Completed,Mobile App,TP10OFF,10,72309.6
170,182,73,12458.0,2026-07-14 03:19:27,2026-11-10,4,Confirmed,Website,,0,103340.0
171,189,85,3417.0,2026-05-29 15:20:59,2026-06-11,4,Completed,Referral Link,,0,34176.0
172,189,19,,2026-07-28 16:54:06,2026-12-17,2,Pending,Website,,0,17674.0
173,190,98,3265.0,2023-10-28 10:35:58,2023-11-11,4,Cancelled,Mobile App,TP20OFF,20,49145.6
174,190,43,6660.0,2024-05-30 10:23:40,2024-07-24,2,Completed,Mobile App,,0,22378.0
175,191,60,,2026-08-04 23:30:02,2026-11-10,4,Cancelled,Mobile App,TP10OFF,10,46458.0
176,191,93,14614.0,2025-09-05 05:01:30,2025-10-05,3,Completed,Mobile App,,0,53940.0
177,192,81,9269.0,2026-01-21 18:26:13,2026-03-16,6,Completed,Website,,0,151662.0
178,192,46,1095.0,2026-06-19 09:02:59,2026-08-22,2,Completed,Mobile App,TP10OFF,10,54797.4
179,192,36,,2026-08-08 11:38:36,2026-12-21,2,Pending,Mobile App,TP5OFF,5,81914.7
180,192,41,,2026-07-17 10:01:49,2026-12-08,2,Confirmed,Mobile App,,0,97660.0
181,192,20,4006.0,2025-12-26 17:25:56,2026-02-11,2,Cancelled,Mobile App,TP5OFF,5,69549.5
182,198,19,,2024-02-09 22:57:01,2024-04-04,4,Completed,Website,TP15OFF,15,30045.8
183,199,79,2394.0,2026-07-27 09:58:56,2026-10-30,5,Confirmed,Mobile App,TP5OFF,5,46037.0
184,200,22,,2025-07-30 17:11:31,2025-09-18,2,Completed,Mobile App,TP5OFF,5,17219.7
185,201,5,,2026-06-29 01:27:37,2026-12-20,2,Pending,Website,,0,81310.0
186,202,5,,2026-06-08 17:36:08,2026-11-07,2,Cancelled,Website,,0,81310.0
187,203,6,3002.0,2026-07-18 01:10:22,2026-10-04,4,Confirmed,Mobile App,,0,35292.0
188,203,55,14609.0,2026-07-10 16:16:22,2026-10-01,1,Cancelled,Mobile App,TP15OFF,15,20506.25
189,203,33,4849.0,2026-08-26 02:04:08,2027-01-30,4,Confirmed,Website,,0,44292.0
190,203,43,13098.0,2026-07-07 15:22:08,2026-09-15,4,Pending,Mobile App,,0,44756.0
191,203,30,3857.0,2026-09-04 10:04:00,2026-11-14,4,Confirmed,Mobile App,,0,36144.0
192,205,97,3321.0,2023-10-26 07:00:04,2023-11-21,4,Completed,Mobile App,TP10OFF,10,61052.4
193,206,11,3385.0,2024-06-03 06:25:50,2024-06-08,4,Completed,Mobile App,,0,113336.0
194,207,23,,2026-06-09 15:54:04,2026-09-04,2,Completed,Referral Link,,0,77962.0
195,207,60,,2026-06-27 19:48:06,2026-11-27,2,Confirmed,Website,,0,25810.0
196,207,42,5011.0,2026-06-20 02:54:48,2026-09-07,3,Confirmed,Instagram,TP10OFF,10,104535.9
197,207,41,,2023-10-03 23:30:25,2023-11-03,2,Completed,Website,,0,97660.0
198,209,35,,2026-02-27 21:43:10,2026-03-30,2,Completed,Website,TP10OFF,10,55805.4
199,211,75,,2026-07-14 22:17:19,2027-01-04,6,Cancelled,Mobile App,TP5OFF,5,123701.4
200,212,29,,2025-11-07 13:37:20,2025-12-02,3,Completed,Mobile App,TP10OFF,10,81745.2
201,213,44,4321.0,2026-06-27 20:18:00,2026-11-24,2,Pending,Website,TP5OFF,5,12711.0
202,216,67,,2026-02-28 03:15:22,2026-03-07,3,Cancelled,Website,,0,50187.0
203,217,9,9510.0,2026-06-22 16:44:13,2026-08-08,5,Completed,Website,TP15OFF,15,42653.0
204,218,54,2188.0,2026-07-22 02:32:36,2026-08-03,4,Completed,Mobile App,TP10OFF,10,42177.6
205,218,39,13201.0,2023-12-13 14:32:55,2023-12-19,2,Completed,Mobile App,,0,14356.0
206,219,17,10025.0,2025-12-28 17:41:34,2026-01-07,3,Completed,Website,,0,121686.0
207,219,20,3652.0,2025-11-28 13:54:16,2025-12-18,4,Completed,Mobile App,,0,146420.0
208,220,87,616.0,2026-08-09 12:08:25,2026-10-26,5,Confirmed,Website,,0,108850.0
209,220,42,,2026-06-23 23:24:38,2026-08-16,2,Completed,Website,,0,77434.0
210,223,52,,2026-08-22 23:27:23,2027-01-23,3,Confirmed,Website,,0,92097.0
211,224,27,5020.0,2026-07-11 06:34:50,2026-07-29,3,Completed,Mobile App,,0,20088.0
212,224,30,,2026-08-21 00:14:56,2027-01-05,4,Confirmed,Mobile App,,0,36144.0
213,224,38,,2026-08-11 12:24:09,2026-09-22,5,Confirmed,Website,,0,40165.0
214,226,56,,2026-07-06 01:09:14,2026-11-10,5,Cancelled,Mobile App,,0,84120.0
215,227,19,10068.0,2024-08-18 23:26:41,2024-08-27,3,Completed,Website,TP20OFF,20,21208.8
216,227,10,,2026-07-23 08:38:34,2026-08-10,1,Completed,Website,,0,9472.0
217,227,70,,2026-08-02 10:30:44,2026-10-23,5,Confirmed,Website,,0,71620.0
218,227,1,,2025-04-29 02:38:06,2025-06-08,1,Completed,Mobile App,TP5OFF,5,10437.65
219,227,16,,2026-09-02 14:13:09,2027-02-28,4,Confirmed,Mobile App,TP5OFF,5,41518.8
220,228,57,13794.0,2023-11-06 23:58:32,2023-11-25,4,Completed,Website,,0,93364.0
221,230,79,,2025-08-30 22:55:37,2025-10-09,2,Completed,Mobile App,TP15OFF,15,16476.4
222,231,88,3214.0,2026-05-28 20:09:46,2026-06-30,2,Cancelled,Website,,0,16222.0
223,231,22,14851.0,2026-06-08 21:47:31,2026-08-13,1,Completed,Referral Link,,0,9063.0
224,232,6,,2026-06-15 20:57:17,2026-07-06,4,Completed,Website,,0,35292.0
225,232,53,,2026-07-08 20:13:02,2026-11-18,4,Confirmed,Website,TP5OFF,5,43840.6
226,233,1,8951.0,2026-08-11 04:46:23,2026-12-05,2,Confirmed,Mobile App,,0,21974.0
227,233,91,,2026-07-13 03:32:42,2026-10-05,4,Cancelled,Mobile App,,0,51816.0
228,234,87,,2026-07-26 02:32:46,2026-12-23,4,Cancelled,Website,,0,87080.0
229,234,27,,2024-11-15 01:03:37,2024-12-30,3,Cancelled,Website,,0,20088.0
230,236,69,,2026-06-14 18:46:40,2026-10-12,3,Confirmed,Mobile App,,0,70980.0
231,236,69,,2026-08-05 15:24:39,2026-10-29,4,Confirmed,Instagram,,0,94640.0
232,239,42,6776.0,2026-07-23 23:08:21,2026-10-18,4,Cancelled,Mobile App,TP15OFF,15,131637.8
233,239,46,11749.0,2026-07-13 06:29:47,2026-10-13,2,Confirmed,Website,,0,60886.0
234,240,57,,2025-06-16 02:41:01,2025-07-13,6,Completed,Website,TP10OFF,10,126041.4
235,240,68,12819.0,2026-06-30 10:33:37,2026-08-16,6,Completed,Referral Link,TP5OFF,5,131898.0
236,242,19,,2024-01-26 12:37:13,2024-02-05,4,Completed,Mobile App,,0,35348.0
237,243,73,2721.0,2026-07-13 08:36:40,2026-09-26,6,Cancelled,Website,,0,155010.0
238,243,29,,2026-08-01 00:44:57,2027-01-23,2,Confirmed,Mobile App,TP15OFF,15,51469.2
239,244,17,,2025-07-31 21:49:38,2025-08-24,4,Completed,Website,,0,162248.0
240,244,81,5501.0,2024-04-21 12:42:38,2024-05-14,4,Completed,Mobile App,TP10OFF,10,90997.2
241,245,23,10063.0,2026-07-08 08:04:40,2026-07-19,3,Completed,Website,,0,116943.0
242,245,84,,2026-08-23 11:33:35,2026-09-02,6,Completed,Referral Link,,0,130572.0
243,246,44,1733.0,2026-07-30 03:02:55,2026-11-09,2,Confirmed,Mobile App,,0,13380.0
244,247,19,8964.0,2024-12-31 16:58:35,2025-01-11,2,Cancelled,Mobile App,,0,17674.0
245,248,16,13893.0,2026-09-04 12:43:31,2026-10-04,1,Pending,Mobile App,TP5OFF,5,10379.7
246,249,96,11484.0,2023-10-21 06:54:21,2023-11-14,3,Completed,Mobile App,,0,65433.0
247,249,7,,2026-04-02 15:01:58,2026-05-10,1,Completed,Mobile App,TP5OFF,5,12415.55
248,251,57,,2026-01-28 16:11:28,2026-02-26,6,Completed,Mobile App,,0,140046.0
249,251,81,3393.0,2026-07-23 09:53:23,2026-10-25,3,Confirmed,Website,,0,75831.0
250,252,34,,2024-03-26 20:49:06,2024-05-06,5,Completed,Referral Link,TP5OFF,5,46991.75
251,257,96,,2026-07-01 22:36:29,2026-10-12,3,Confirmed,Referral Link,TP5OFF,5,62161.35
252,257,85,,2026-06-28 17:41:57,2026-07-09,3,Completed,Mobile App,TP10OFF,10,23068.8
253,259,54,3839.0,2026-06-17 11:55:34,2026-08-10,2,Completed,Website,,0,23432.0
254,260,42,490.0,2026-08-27 23:46:20,2027-02-03,4,Pending,Mobile App,TP10OFF,10,139381.2
255,260,20,1588.0,2024-01-02 06:31:30,2024-02-01,3,Completed,Mobile App,,0,109815.0
256,260,14,10755.0,2026-06-21 04:03:02,2026-09-21,4,Pending,Mobile App,TP5OFF,5,145171.4
257,260,37,,2026-04-11 11:23:34,2026-05-05,4,Completed,Website,,0,150964.0
258,260,90,,2025-06-17 00:31:23,2025-07-15,5,Completed,Website,,0,103820.0
259,262,88,8482.0,2026-07-12 08:39:34,2026-09-10,3,Confirmed,Website,,0,24333.0
260,265,50,,2024-07-20 07:21:29,2024-08-15,2,Completed,Mobile App,TP5OFF,5,37082.3
261,266,7,,2025-09-11 18:44:45,2025-09-25,3,Completed,Instagram,,0,39207.0
262,271,11,5681.0,2025-08-26 12:23:05,2025-10-12,2,Cancelled,Mobile App,TP5OFF,5,53834.6
263,272,59,,2026-03-29 15:10:09,2026-04-10,6,Completed,Website,,0,120516.0
264,273,8,,2026-07-31 06:54:57,2026-12-17,2,Pending,Mobile App,TP10OFF,10,62564.4
265,274,73,,2026-06-09 02:45:04,2026-09-25,3,Confirmed,Mobile App,,0,77505.0
266,275,68,6881.0,2025-11-07 14:20:48,2026-01-05,6,Completed,Mobile App,,0,138840.0
267,277,66,,2026-07-06 22:11:56,2026-08-14,6,Completed,Mobile App,,0,186636.0
268,278,65,,2026-07-27 17:22:40,2026-11-20,5,Confirmed,Website,,0,87690.0
269,279,39,14402.0,2025-06-01 23:21:24,2025-07-12,3,Cancelled,Instagram,,0,21534.0
270,280,62,6839.0,2026-08-18 06:15:59,2026-09-10,2,Confirmed,Mobile App,TP15OFF,15,31767.9
271,281,97,9528.0,2024-05-12 11:29:07,2024-07-10,5,Completed,Mobile App,TP10OFF,10,76315.5
272,282,12,,2026-06-29 18:43:48,2026-09-06,4,Completed,Website,,0,41396.0
273,283,82,4773.0,2025-12-15 15:36:44,2026-01-18,3,Completed,Instagram,TP10OFF,10,26584.2
274,284,2,2845.0,2026-08-28 04:01:05,2026-10-06,4,Confirmed,Mobile App,,0,132252.0
275,285,91,,2024-11-26 11:46:22,2025-01-17,3,Completed,Website,,0,38862.0
276,287,2,,2025-06-25 19:06:09,2025-07-11,3,Cancelled,Website,,0,99189.0
277,289,78,13638.0,2026-07-21 17:22:38,2026-11-07,6,Confirmed,Instagram,,0,121044.0
278,293,34,9695.0,2026-01-19 12:23:02,2026-03-05,4,Cancelled,Mobile App,,0,39572.0
279,296,52,,2026-07-01 07:43:01,2026-09-25,2,Cancelled,Mobile App,,0,61398.0
280,296,23,,2026-04-09 19:00:04,2026-05-11,4,Completed,Mobile App,,0,155924.0
281,297,94,,2026-08-21 15:42:45,2026-12-02,5,Confirmed,Website,TP10OFF,10,55444.5
282,298,97,4265.0,2026-08-09 09:56:29,2026-11-21,5,Confirmed,Website,,0,84795.0
283,298,38,7685.0,2026-07-20 23:59:34,2026-09-24,5,Confirmed,Referral Link,,0,40165.0
284,299,1,,2024-08-27 02:21:48,2024-10-12,3,Completed,Website,,0,32961.0
285,301,78,,2025-09-09 11:22:30,2025-10-02,4,Cancelled,Website,,0,80696.0
286,301,31,,2025-12-03 00:45:28,2025-12-14,2,Completed,Website,,0,80496.0
287,302,10,,2024-02-06 02:29:37,2024-03-31,3,Completed,Mobile App,,0,28416.0
288,303,10,,2026-07-13 19:05:13,2026-10-31,3,Pending,Mobile App,TP10OFF,10,25574.4
289,304,6,,2026-07-17 03:42:57,2026-08-11,4,Completed,Instagram,,0,35292.0
290,304,47,,2024-04-24 01:48:37,2024-05-25,4,Completed,Mobile App,,0,121320.0
291,305,6,,2025-07-03 06:51:07,2025-08-29,3,Completed,Mobile App,,0,26469.0
292,306,5,8263.0,2026-06-26 23:52:31,2026-07-21,2,Completed,Mobile App,,0,81310.0
293,306,51,341.0,2023-11-13 12:22:10,2023-12-08,2,Completed,Mobile App,TP10OFF,10,66126.6
294,306,17,,2026-08-07 19:32:39,2026-11-27,2,Confirmed,Website,TP5OFF,5,77067.8
295,306,76,5537.0,2026-03-28 04:16:38,2026-04-23,2,Completed,Website,,0,30886.0
296,306,72,,2026-08-30 00:11:18,2027-01-31,3,Cancelled,Website,,0,33351.0
297,306,51,7238.0,2026-06-28 18:30:55,2026-09-01,2,Cancelled,Website,TP5OFF,5,69800.3
298,307,73,,2026-08-14 12:34:27,2026-09-10,6,Confirmed,Instagram,,0,155010.0
299,311,16,,2025-04-16 21:52:25,2025-05-14,3,Completed,Website,,0,32778.0
300,312,79,,2026-08-02 16:41:46,2026-10-19,3,Confirmed,Website,,0,29076.0
301,313,60,,2024-12-23 00:53:54,2025-02-16,4,Completed,Mobile App,TP10OFF,10,46458.0
302,314,95,7724.0,2025-11-09 07:25:37,2025-11-17,4,Completed,Website,,0,29240.0
303,314,63,5365.0,2026-07-09 21:50:42,2026-08-01,4,Completed,Website,,0,67904.0
304,315,69,,2026-07-17 19:16:30,2027-01-07,4,Confirmed,Website,,0,94640.0
305,316,75,,2026-09-06 07:27:32,2026-11-18,5,Confirmed,Instagram,,0,108510.0
306,317,61,11896.0,2026-07-07 16:35:47,2026-09-23,5,Pending,Mobile App,,0,95275.0
307,317,61,,2024-02-20 21:27:04,2024-02-28,6,Completed,Mobile App,,0,114330.0
308,318,70,9072.0,2026-07-07 13:27:04,2026-07-17,3,Completed,Mobile App,,0,42972.0
309,322,96,,2026-08-13 06:16:57,2027-01-02,3,Confirmed,Mobile App,TP5OFF,5,62161.35
310,322,58,3400.0,2026-06-16 13:49:58,2026-09-28,4,Confirmed,Website,,0,48644.0
311,322,54,,2026-07-21 11:49:17,2026-11-13,2,Confirmed,Website,,0,23432.0
312,323,43,,2026-03-18 13:37:30,2026-04-14,3,Completed,Mobile App,TP10OFF,10,30210.3
313,324,71,,2024-12-28 14:57:59,2025-02-23,3,Cancelled,Referral Link,,0,18045.0
314,327,59,,2026-08-03 09:03:37,2026-09-28,3,Confirmed,Referral Link,TP10OFF,10,54232.2
315,331,7,,2023-10-24 19:41:37,2023-12-01,4,Cancelled,Mobile App,,0,52276.0
316,333,56,8105.0,2024-10-26 08:25:48,2024-12-01,3,Cancelled,Website,TP5OFF,5,47948.4
317,334,47,,2025-07-10 11:48:05,2025-07-21,3,Cancelled,Mobile App,,0,90990.0
318,334,27,,2026-07-13 22:32:35,2026-09-13,3,Confirmed,Mobile App,,0,20088.0
319,335,54,,2025-08-13 11:40:45,2025-08-24,3,Completed,Referral Link,,0,35148.0
320,336,85,,2026-08-15 10:20:00,2026-12-04,3,Confirmed,Website,,0,25632.0
321,337,34,10901.0,2026-06-10 19:56:41,2026-09-24,4,Confirmed,Referral Link,TP15OFF,15,33636.2
322,338,63,49.0,2026-07-04 04:24:04,2026-12-09,2,Cancelled,Referral Link,,0,33952.0
323,340,27,2302.0,2025-08-16 00:55:03,2025-10-12,5,Completed,Mobile App,TP10OFF,10,30132.0
324,344,16,13130.0,2024-02-04 02:32:19,2024-03-27,3,Completed,Website,TP15OFF,15,27861.3
325,344,25,,2026-08-27 04:12:31,2026-09-22,2,Confirmed,Website,,0,23706.0
326,345,57,,2026-06-25 17:27:59,2026-08-17,5,Completed,Website,TP15OFF,15,99199.25
327,345,61,8620.0,2026-08-27 08:30:29,2026-10-13,5,Cancelled,Website,,0,95275.0
328,346,27,7849.0,2024-08-20 17:46:46,2024-09-24,5,Completed,Mobile App,,0,33480.0
329,346,30,,2026-06-13 02:30:14,2026-08-18,4,Completed,Website,,0,36144.0
330,346,66,,2024-08-31 02:11:10,2024-09-21,6,Completed,Instagram,,0,186636.0
331,346,29,,2026-08-07 13:24:05,2026-10-01,3,Pending,Mobile App,TP5OFF,5,86286.6
332,348,97,,2026-07-14 03:21:07,2026-11-07,4,Confirmed,Mobile App,,0,67836.0
333,349,79,3091.0,2026-03-29 09:20:20,2026-04-11,3,Completed,Instagram,TP5OFF,5,27622.2
334,349,62,,2026-08-04 18:48:00,2026-09-26,1,Confirmed,Mobile App,,0,18687.0
335,349,96,10256.0,2025-07-20 18:25:19,2025-08-09,4,Completed,Referral Link,,0,87244.0
336,349,79,,2025-08-18 15:26:56,2025-10-08,5,Cancelled,Mobile App,,0,48460.0
337,349,4,,2024-09-26 13:43:56,2024-10-01,2,Completed,Website,,0,16906.0
338,349,94,7077.0,2026-07-27 21:06:32,2026-09-29,4,Cancelled,Website,,0,49284.0
339,350,63,5781.0,2026-07-15 21:31:07,2026-08-21,5,Completed,Mobile App,TP5OFF,5,80636.0
340,351,96,9029.0,2026-08-18 00:34:52,2026-09-10,5,Pending,Mobile App,,0,109055.0
341,352,73,,2026-06-18 10:40:33,2026-07-24,6,Completed,Mobile App,,0,155010.0
342,354,2,10543.0,2026-06-08 23:40:31,2026-10-26,3,Confirmed,Website,,0,99189.0
343,354,59,,2026-07-09 22:46:04,2026-10-09,4,Confirmed,Mobile App,,0,80344.0
344,354,43,14588.0,2024-12-31 12:32:54,2025-02-02,5,Completed,Website,TP20OFF,20,44756.0
345,355,26,1420.0,2026-07-22 23:45:51,2026-09-23,3,Confirmed,Referral Link,,0,77871.0
346,356,19,,2026-08-14 03:07:30,2026-12-19,4,Pending,Referral Link,,0,35348.0
347,357,50,,2025-05-10 03:55:18,2025-06-17,2,Completed,Mobile App,,0,39034.0
348,358,47,13018.0,2025-01-07 03:38:53,2025-01-12,3,Cancelled,Mobile App,,0,90990.0
349,358,6,3866.0,2026-07-15 17:58:52,2026-08-28,3,Completed,Referral Link,,0,26469.0
350,359,19,,2024-02-03 17:04:10,2024-02-24,2,Completed,Website,TP10OFF,10,15906.6
351,359,97,12353.0,2026-05-25 13:11:05,2026-07-17,5,Completed,Website,TP5OFF,5,80555.25
352,360,40,,2026-03-11 11:47:12,2026-04-15,2,Completed,Mobile App,TP5OFF,5,62983.1
353,360,48,,2026-08-21 22:41:10,2026-12-08,2,Confirmed,Instagram,TP10OFF,10,14472.0
354,360,97,,2026-06-21 23:49:05,2026-11-03,3,Confirmed,Instagram,TP5OFF,5,48333.15
355,360,24,14267.0,2024-01-24 22:00:42,2024-03-16,5,Completed,Website,,0,47945.0
356,360,12,6568.0,2024-02-02 22:36:40,2024-04-01,2,Completed,Instagram,TP15OFF,15,17593.3
357,360,89,,2026-06-05 12:02:52,2026-08-01,5,Completed,Website,TP5OFF,5,39463.0
358,362,21,,2025-03-22 19:21:06,2025-05-13,4,Completed,Website,TP5OFF,5,28154.2
359,364,82,14750.0,2026-03-05 07:29:02,2026-04-25,2,Completed,Website,TP10OFF,10,17722.8
360,365,1,3105.0,2026-07-21 22:59:18,2026-11-19,2,Confirmed,Mobile App,,0,21974.0
361,370,73,,2026-08-25 14:05:15,2026-12-22,3,Confirmed,Mobile App,TP20OFF,20,62004.0
362,371,64,,2026-08-13 18:09:53,2026-09-01,4,Cancelled,Mobile App,,0,64772.0
363,372,19,,2024-02-17 00:54:37,2024-04-03,4,Completed,Instagram,,0,35348.0
364,373,54,,2026-08-11 10:04:20,2026-09-19,3,Confirmed,Instagram,,0,35148.0
365,374,87,2008.0,2024-02-14 23:44:39,2024-02-23,5,Completed,Mobile App,,0,108850.0
366,375,88,7403.0,2026-06-26 03:20:34,2026-08-07,3,Cancelled,Website,,0,24333.0
367,379,9,,2026-07-26 23:07:06,2026-12-20,5,Pending,Instagram,TP15OFF,15,42653.0
368,379,40,,2026-07-05 20:17:59,2026-11-21,1,Confirmed,Instagram,,0,33149.0
369,379,80,,2026-06-29 08:09:11,2026-07-23,2,Cancelled,Mobile App,TP10OFF,10,11550.6
370,379,35,,2026-08-14 02:50:10,2026-08-31,2,Completed,Website,TP15OFF,15,52705.1
371,379,43,,2026-06-13 21:19:52,2026-08-22,4,Completed,Website,,0,44756.0
372,381,44,6280.0,2026-06-12 15:51:03,2026-12-02,3,Confirmed,Mobile App,,0,20070.0
373,383,27,8711.0,2026-08-28 12:28:00,2026-11-15,3,Confirmed,Mobile App,TP5OFF,5,19083.6
374,383,81,7591.0,2026-08-27 06:49:50,2026-12-09,5,Pending,Website,,0,126385.0
375,384,1,,2024-09-24 08:22:47,2024-11-11,3,Cancelled,Mobile App,,0,32961.0
376,384,82,9338.0,2025-06-19 09:20:22,2025-07-18,3,Completed,Website,,0,29538.0
377,385,19,,2026-08-21 22:10:29,2027-01-17,1,Confirmed,Website,,0,8837.0
378,385,28,4200.0,2026-01-20 05:55:46,2026-02-12,1,Completed,Website,,0,9355.0
379,387,1,4685.0,2026-06-09 04:56:51,2026-09-09,1,Confirmed,Website,,0,10987.0
380,387,70,9961.0,2026-09-01 07:42:20,2027-01-10,2,Confirmed,Mobile App,,0,28648.0
381,388,3,,2026-08-23 02:11:29,2027-01-19,2,Confirmed,Website,,0,13042.0
382,389,61,,2026-06-12 04:00:52,2026-08-24,3,Completed,Mobile App,,0,57165.0
383,391,64,13482.0,2026-08-30 11:32:37,2026-10-16,2,Confirmed,Referral Link,TP5OFF,5,30766.7
384,392,91,11951.0,2026-08-04 17:15:34,2027-01-08,3,Confirmed,Referral Link,,0,38862.0
385,392,54,10692.0,2026-08-23 20:52:25,2026-10-17,2,Confirmed,Mobile App,,0,23432.0
386,394,14,4190.0,2025-12-29 11:34:00,2026-02-23,2,Completed,Website,TP5OFF,5,72585.7
387,395,46,,2024-07-22 08:58:22,2024-08-17,2,Cancelled,Mobile App,TP5OFF,5,57841.7
388,395,74,7189.0,2024-06-16 19:20:33,2024-06-23,3,Completed,Website,,0,32523.0
389,395,64,11762.0,2026-07-27 23:17:28,2026-10-06,3,Confirmed,Mobile App,,0,48579.0
390,395,8,14859.0,2024-01-07 16:37:32,2024-03-01,2,Cancelled,Mobile App,,0,69516.0
391,398,68,,2026-02-28 12:08:14,2026-04-27,4,Completed,Mobile App,TP15OFF,15,78676.0
392,401,58,11460.0,2026-08-01 17:34:45,2026-12-16,5,Cancelled,Website,TP5OFF,5,57764.75
393,402,57,,2026-07-24 07:53:27,2026-12-05,5,Cancelled,Mobile App,,0,116705.0
394,402,68,,2026-01-23 17:28:25,2026-02-22,3,Completed,Mobile App,TP5OFF,5,65949.0
395,402,61,11808.0,2026-07-06 10:16:58,2026-08-01,6,Completed,Mobile App,,0,114330.0
396,402,75,,2026-08-24 16:15:09,2026-11-03,5,Pending,Mobile App,TP15OFF,15,92233.5
397,402,66,5029.0,2026-06-26 01:15:21,2026-07-10,4,Completed,Mobile App,TP10OFF,10,111981.6
398,403,93,,2026-07-13 23:19:17,2026-11-04,4,Cancelled,Instagram,,0,71920.0
399,403,87,,2026-08-03 10:03:08,2026-09-29,6,Confirmed,Mobile App,TP15OFF,15,111027.0
400,404,82,13721.0,2026-08-02 02:45:00,2026-09-02,2,Completed,Website,,0,19692.0
401,405,21,10379.0,2026-08-17 14:08:45,2027-02-11,2,Pending,Mobile App,,0,14818.0
402,405,3,7605.0,2026-08-31 13:58:41,2026-11-07,4,Confirmed,Referral Link,,0,26084.0
403,406,56,1190.0,2025-02-09 11:03:06,2025-03-03,2,Cancelled,Mobile App,TP20OFF,20,26918.4
404,407,23,,2026-07-08 05:06:35,2026-08-06,4,Cancelled,Mobile App,,0,155924.0
405,410,60,,2025-04-06 20:48:16,2025-04-14,2,Completed,Mobile App,TP15OFF,15,21938.5
406,411,54,14108.0,2025-08-22 09:39:44,2025-09-07,4,Completed,Website,TP20OFF,20,37491.2
407,413,61,,2026-06-17 08:53:51,2026-11-12,5,Confirmed,Instagram,,0,95275.0
408,415,14,14145.0,2026-06-12 10:21:44,2026-11-06,4,Confirmed,Website,,0,152812.0
409,417,63,,2026-04-07 19:48:29,2026-04-29,3,Completed,Website,,0,50928.0
410,418,93,,2026-08-24 05:20:04,2026-10-22,3,Confirmed,Website,,0,53940.0
411,418,87,,2026-07-18 00:14:00,2026-08-30,4,Completed,Referral Link,,0,87080.0
412,419,94,,2025-03-26 19:10:25,2025-04-19,3,Completed,Mobile App,,0,36963.0
413,419,28,,2026-06-19 11:56:21,2026-11-11,4,Confirmed,Website,TP5OFF,5,35549.0
414,420,43,11033.0,2023-11-16 12:51:21,2023-12-11,2,Completed,Website,,0,22378.0
415,420,83,,2026-07-31 13:06:34,2026-11-14,4,Confirmed,Mobile App,,0,38304.0
416,421,85,5555.0,2025-06-29 05:08:08,2025-07-19,3,Completed,Referral Link,TP15OFF,15,21787.2
417,422,71,513.0,2026-07-17 12:53:02,2026-09-12,3,Confirmed,Mobile App,,0,18045.0
418,422,62,,2026-07-21 07:26:39,2026-12-09,1,Pending,Mobile App,,0,18687.0
419,425,13,,2026-07-09 18:10:19,2026-07-21,3,Completed,Mobile App,,0,32322.0
420,428,70,2539.0,2024-04-02 16:01:54,2024-05-20,4,Completed,Referral Link,,0,57296.0
421,429,41,,2026-08-05 10:15:23,2027-02-01,2,Confirmed,Mobile App,TP15OFF,15,83011.0
422,430,25,,2026-08-08 10:55:13,2026-12-20,1,Confirmed,Website,,0,11853.0
423,432,88,9155.0,2025-06-29 15:07:33,2025-07-28,2,Completed,Instagram,,0,16222.0
424,433,19,10361.0,2025-11-20 11:36:04,2025-12-01,4,Cancelled,Instagram,TP15OFF,15,30045.8
425,434,51,,2025-09-06 10:29:46,2025-09-20,2,Cancelled,Mobile App,,0,73474.0
426,435,61,1311.0,2024-04-20 23:40:57,2024-06-09,4,Completed,Mobile App,TP10OFF,10,68598.0
427,436,61,5171.0,2026-09-02 10:24:13,2026-11-06,6,Confirmed,Mobile App,,0,114330.0
428,437,61,11992.0,2026-07-11 06:09:22,2026-07-21,4,Completed,Website,,0,76220.0
429,437,73,13908.0,2025-02-24 01:33:44,2025-03-07,5,Completed,Mobile App,,0,129175.0
430,437,61,5004.0,2026-09-02 05:42:14,2027-01-25,5,Confirmed,Instagram,,0,95275.0
431,438,60,9626.0,2024-03-10 09:38:53,2024-03-31,5,Completed,Mobile App,,0,64525.0
432,438,8,,2026-07-23 08:03:16,2027-01-08,4,Cancelled,Instagram,,0,139032.0
433,439,42,9945.0,2026-07-17 12:39:05,2026-08-11,4,Completed,Website,,0,154868.0
434,439,47,10758.0,2025-03-30 22:00:47,2025-04-17,4,Completed,Mobile App,,0,121320.0
435,441,77,,2026-04-30 17:09:32,2026-05-07,5,Completed,Website,,0,99705.0
436,444,69,,2024-04-03 10:18:37,2024-05-30,6,Completed,Mobile App,TP5OFF,5,134862.0
437,445,23,,2023-09-29 07:01:38,2023-10-25,4,Completed,Website,TP15OFF,15,132535.4
438,445,68,9792.0,2025-01-20 06:29:21,2025-02-18,3,Completed,Mobile App,,0,69420.0
439,446,40,,2024-02-29 00:08:53,2024-03-13,2,Cancelled,Website,TP5OFF,5,62983.1
440,448,85,,2026-08-31 00:25:22,2026-12-23,5,Pending,Referral Link,,0,42720.0
441,449,16,8165.0,2025-01-03 01:33:16,2025-01-17,2,Completed,Website,,0,21852.0
442,450,74,11923.0,2024-01-14 09:43:53,2024-02-20,4,Completed,Instagram,,0,43364.0
443,451,59,,2024-02-03 15:55:40,2024-02-25,3,Completed,Mobile App,,0,60258.0
444,452,30,11805.0,2026-08-29 08:53:42,2027-02-23,3,Pending,Mobile App,,0,27108.0
445,452,3,,2026-07-22 03:39:05,2027-01-10,3,Confirmed,Instagram,,0,19563.0
446,454,41,9644.0,2024-09-11 14:49:04,2024-10-30,2,Completed,Website,,0,97660.0
447,455,61,1120.0,2026-04-14 19:49:28,2026-04-22,5,Completed,Mobile App,TP10OFF,10,85747.5
448,455,66,,2024-11-23 04:12:05,2024-12-21,5,Completed,Website,,0,155530.0
449,457,51,,2026-08-15 19:58:28,2026-12-27,2,Pending,Mobile App,,0,73474.0
450,459,68,4891.0,2024-04-01 02:32:46,2024-04-26,5,Completed,Website,,0,115700.0
451,461,54,,2024-01-12 20:37:00,2024-01-30,4,Completed,Mobile App,,0,46864.0
452,462,94,,2025-07-26 08:49:00,2025-08-03,5,Completed,Website,TP15OFF,15,52364.25
453,462,85,,2026-08-18 06:12:15,2026-10-19,4,Confirmed,Referral Link,TP5OFF,5,32467.2
454,463,90,,2025-09-06 21:43:17,2025-10-11,6,Completed,Mobile App,TP10OFF,10,112125.6
455,463,37,,2026-07-17 19:45:31,2026-11-08,3,Pending,Instagram,TP15OFF,15,96239.55
456,467,70,14720.0,2026-07-11 11:19:39,2026-10-07,4,Confirmed,Website,,0,57296.0
457,468,61,1869.0,2025-05-25 04:28:41,2025-07-10,3,Cancelled,Instagram,,0,57165.0
458,470,57,,2026-07-02 23:50:28,2026-09-28,4,Confirmed,Website,,0,93364.0
459,470,78,,2024-03-28 11:04:30,2024-05-05,6,Completed,Mobile App,TP20OFF,20,96835.2
460,470,23,,2025-06-21 20:36:37,2025-06-26,3,Cancelled,Website,TP5OFF,5,111095.85
461,470,37,,2026-07-13 00:16:01,2026-12-09,3,Confirmed,Website,TP5OFF,5,107561.85
462,470,2,6503.0,2026-08-15 23:33:59,2026-11-22,3,Confirmed,Website,,0,99189.0
463,470,48,375.0,2026-06-27 15:35:04,2026-07-31,3,Completed,Mobile App,TP5OFF,5,22914.0
464,471,83,774.0,2024-03-28 21:27:10,2024-05-14,4,Completed,Mobile App,,0,38304.0
465,472,68,,2026-01-27 19:21:17,2026-02-09,4,Completed,Mobile App,,0,92560.0
466,474,76,,2023-10-22 14:10:31,2023-11-13,5,Completed,Website,TP15OFF,15,65632.75
467,476,52,4675.0,2026-06-25 01:22:08,2026-11-27,3,Confirmed,Instagram,TP10OFF,10,82887.3
468,477,59,13024.0,2026-07-11 11:28:57,2026-12-04,3,Cancelled,Website,TP5OFF,5,57245.1
469,477,66,12938.0,2026-07-22 14:58:55,2026-12-31,6,Confirmed,Mobile App,,0,186636.0
470,479,25,,2025-09-30 03:57:54,2025-10-09,2,Completed,Mobile App,TP5OFF,5,22520.7
471,479,58,8286.0,2026-07-12 07:14:18,2026-12-20,5,Cancelled,Website,,0,60805.0
472,480,79,,2026-09-01 22:00:50,2026-10-28,5,Confirmed,Website,,0,48460.0
473,481,59,,2024-09-24 09:42:03,2024-10-15,5,Completed,Website,TP5OFF,5,95408.5
474,481,5,,2026-09-05 06:36:03,2027-02-13,4,Confirmed,Website,,0,162620.0
475,481,17,,2026-02-07 17:07:04,2026-03-31,2,Completed,Website,,0,81124.0
476,481,9,,2025-01-22 14:48:32,2025-02-02,4,Completed,Referral Link,,0,40144.0
477,481,93,2203.0,2026-08-22 05:39:46,2026-11-30,3,Confirmed,Mobile App,,0,53940.0
478,482,6,10515.0,2025-06-25 00:20:25,2025-08-21,5,Cancelled,Website,TP20OFF,20,35292.0
479,484,11,,2026-07-19 18:03:08,2027-01-03,4,Pending,Mobile App,TP15OFF,15,96335.6
480,484,32,,2026-04-11 02:18:28,2026-04-27,4,Completed,Website,,0,103852.0
481,484,77,9570.0,2026-06-22 08:32:40,2026-12-12,3,Confirmed,Mobile App,,0,59823.0
482,484,33,,2026-06-26 16:43:12,2026-08-14,3,Completed,Website,TP10OFF,10,29897.1
483,487,79,8192.0,2023-10-07 12:06:08,2023-12-04,2,Completed,Mobile App,TP15OFF,15,16476.4
484,488,2,,2026-08-14 02:49:15,2026-10-25,2,Confirmed,Mobile App,,0,66126.0
485,490,2,7844.0,2026-06-20 17:24:36,2026-07-02,4,Completed,Mobile App,,0,132252.0
486,490,15,3952.0,2026-04-12 00:14:12,2026-06-04,3,Completed,Website,,0,31401.0
487,490,14,,2024-09-13 12:26:57,2024-10-18,4,Completed,Mobile App,TP5OFF,5,145171.4
488,490,66,,2026-05-20 15:01:19,2026-06-05,6,Completed,Mobile App,TP5OFF,5,177304.2
489,492,58,12327.0,2026-07-10 20:20:43,2026-10-24,3,Confirmed,Website,,0,36483.0
490,492,87,,2026-08-11 05:12:54,2026-11-03,6,Confirmed,Website,TP15OFF,15,111027.0
491,493,54,1497.0,2024-05-05 11:25:25,2024-06-20,4,Completed,Mobile App,,0,46864.0
492,494,90,,2026-01-26 02:27:06,2026-01-31,4,Completed,Website,,0,83056.0
493,496,57,9969.0,2026-08-27 15:30:11,2027-02-09,4,Cancelled,Mobile App,TP5OFF,5,88695.8
494,497,60,,2026-07-14 03:22:26,2026-09-04,3,Completed,Referral Link,TP5OFF,5,36779.25
495,497,93,,2026-08-14 15:18:43,2026-12-28,3,Confirmed,Mobile App,,0,53940.0
496,498,80,,2025-04-27 16:19:09,2025-06-07,5,Completed,Website,TP10OFF,10,28876.5
497,499,66,,2024-04-10 08:42:28,2024-05-20,5,Cancelled,Mobile App,,0,155530.0
498,501,65,14863.0,2026-06-13 22:33:35,2026-10-14,5,Confirmed,Mobile App,,0,87690.0
499,503,62,,2024-06-15 02:13:25,2024-06-21,1,Completed,Mobile App,,0,18687.0
500,504,34,10565.0,2026-08-15 09:53:40,2026-12-25,4,Cancelled,Mobile App,TP10OFF,10,35614.8
501,504,79,,2026-08-17 08:24:48,2026-09-17,4,Confirmed,Website,,0,38768.0
502,506,37,7804.0,2025-11-05 13:09:41,2025-12-25,3,Completed,Website,TP5OFF,5,107561.85
503,508,62,,2026-06-23 03:15:26,2026-09-15,5,Confirmed,Instagram,,0,93435.0
504,510,85,,2026-07-08 03:29:14,2026-08-24,3,Completed,Mobile App,,0,25632.0
505,510,34,,2026-08-16 11:28:33,2026-08-29,5,Completed,Website,,0,49465.0
506,514,75,,2026-08-22 17:19:08,2026-10-03,6,Confirmed,Website,TP20OFF,20,104169.6
507,515,7,,2026-08-23 13:50:19,2027-01-15,3,Pending,Instagram,TP10OFF,10,35286.3
508,515,49,,2024-04-02 18:03:06,2024-05-01,5,Completed,Instagram,,0,58030.0
509,519,65,8155.0,2024-12-21 16:40:25,2025-01-24,4,Completed,Mobile App,,0,70152.0
510,520,91,1509.0,2024-01-14 23:23:33,2024-02-07,4,Completed,Mobile App,,0,51816.0
511,522,41,,2026-08-21 19:58:45,2027-01-26,2,Confirmed,Website,,0,97660.0
512,522,5,,2026-08-27 22:37:09,2026-12-17,4,Confirmed,Website,,0,162620.0
513,525,63,,2026-06-29 17:30:00,2026-11-28,4,Confirmed,Website,,0,67904.0
514,525,21,,2026-07-25 11:00:33,2026-12-17,3,Confirmed,Website,,0,22227.0
515,525,15,11250.0,2026-08-16 13:59:20,2026-10-25,4,Confirmed,Instagram,,0,41868.0
516,525,12,,2026-08-31 00:58:33,2027-02-14,5,Cancelled,Mobile App,TP5OFF,5,49157.75
517,526,92,13305.0,2026-07-07 03:00:26,2026-09-30,3,Confirmed,Mobile App,,0,22221.0
518,528,85,,2026-08-19 10:54:47,2027-01-27,2,Pending,Website,,0,17088.0
519,528,96,,2026-07-21 03:49:50,2027-01-12,1,Confirmed,Mobile App,,0,21811.0
520,529,29,13427.0,2026-08-17 00:50:40,2026-09-30,4,Confirmed,Mobile App,TP5OFF,5,115048.8
521,530,82,,2026-08-29 16:03:51,2026-09-13,3,Confirmed,Website,,0,29538.0
522,530,7,10968.0,2026-07-06 18:56:05,2026-09-23,4,Pending,Referral Link,,0,52276.0
523,530,88,10514.0,2026-07-19 14:13:53,2027-01-02,2,Cancelled,Website,,0,16222.0
524,530,79,,2024-09-20 07:37:53,2024-10-27,3,Completed,Website,,0,29076.0
525,530,63,9238.0,2026-06-21 02:01:52,2026-10-30,4,Pending,Website,TP10OFF,10,61113.6
526,530,44,,2023-11-19 17:48:54,2023-12-18,4,Completed,Website,TP15OFF,15,22746.0
527,531,40,,2026-08-29 13:50:37,2026-10-23,1,Confirmed,Website,TP10OFF,10,29834.1
528,531,43,3087.0,2024-12-21 15:32:46,2025-01-19,2,Completed,Mobile App,TP10OFF,10,20140.2
529,534,37,,2026-08-16 10:04:27,2026-10-10,3,Cancelled,Mobile App,,0,113223.0
530,535,40,14608.0,2024-04-13 06:49:15,2024-05-31,2,Completed,Mobile App,TP20OFF,20,53038.4
531,537,43,8167.0,2026-07-28 09:47:41,2026-10-27,2,Confirmed,Website,,0,22378.0
532,537,50,,2026-07-23 20:15:51,2027-01-10,2,Confirmed,Website,,0,39034.0
533,539,26,,2023-12-30 14:13:29,2024-01-22,2,Completed,Website,,0,51914.0
534,540,56,661.0,2026-08-08 06:46:38,2026-11-24,3,Confirmed,Referral Link,,0,50472.0
535,544,56,,2025-10-17 23:00:20,2025-12-03,4,Completed,Instagram,,0,67296.0
536,544,93,10419.0,2026-08-30 21:50:41,2026-10-05,3,Confirmed,Mobile App,TP15OFF,15,45849.0
537,544,20,7919.0,2026-06-18 11:10:08,2026-08-17,4,Completed,Website,TP5OFF,5,139099.0
538,544,87,5806.0,2026-04-19 09:35:58,2026-05-12,4,Cancelled,Mobile App,TP15OFF,15,74018.0
539,546,66,10101.0,2025-06-13 14:28:10,2025-07-16,5,Cancelled,Mobile App,,0,155530.0
540,546,73,,2024-11-21 10:20:20,2024-12-05,3,Completed,Website,,0,77505.0
541,547,79,13285.0,2024-01-23 11:36:15,2024-02-21,2,Completed,Referral Link,,0,19384.0
542,547,70,,2026-06-20 16:36:26,2026-11-02,5,Pending,Mobile App,TP5OFF,5,68039.0
543,547,56,13360.0,2026-08-14 15:06:11,2026-12-30,1,Pending,Website,TP10OFF,10,15141.6
544,547,97,6023.0,2023-10-29 10:26:34,2023-12-04,2,Completed,Referral Link,TP20OFF,20,27134.4
545,549,34,5847.0,2026-07-15 20:11:28,2027-01-11,5,Confirmed,Website,TP5OFF,5,46991.75
546,549,63,1882.0,2024-05-08 16:58:07,2024-06-19,3,Completed,Instagram,,0,50928.0
547,549,85,443.0,2024-04-12 05:04:43,2024-05-10,2,Completed,Mobile App,,0,17088.0
548,549,44,13185.0,2026-07-10 18:53:54,2026-11-17,3,Cancelled,Website,,0,20070.0
549,552,91,,2026-08-06 12:47:01,2026-11-13,2,Confirmed,Instagram,TP5OFF,5,24612.6
550,553,59,987.0,2026-06-16 14:57:22,2026-08-12,6,Completed,Website,TP5OFF,5,114490.2
551,554,97,,2026-08-27 11:29:43,2026-10-29,5,Confirmed,Mobile App,TP10OFF,10,76315.5
552,554,67,,2026-08-22 16:11:42,2026-12-24,2,Confirmed,Instagram,TP5OFF,5,31785.1
553,555,68,1457.0,2026-08-16 05:34:42,2026-12-21,4,Pending,Mobile App,,0,92560.0
554,555,52,,2024-03-16 09:26:43,2024-04-08,4,Cancelled,Mobile App,,0,122796.0
555,555,64,,2025-01-04 22:34:41,2025-01-30,3,Completed,Mobile App,,0,48579.0
556,555,20,1989.0,2026-08-11 09:57:43,2026-10-15,2,Confirmed,Referral Link,,0,73210.0
557,557,51,14873.0,2024-08-07 02:53:18,2024-08-19,2,Completed,Website,,0,73474.0
558,558,73,11425.0,2026-07-22 16:35:08,2026-10-31,6,Confirmed,Website,,0,155010.0
559,559,86,,2026-06-18 07:41:47,2026-09-13,2,Pending,Mobile App,,0,15312.0
560,559,95,1712.0,2024-12-08 04:30:19,2025-01-17,2,Completed,Mobile App,,0,14620.0
561,560,38,,2026-08-31 12:31:17,2027-02-18,4,Confirmed,Instagram,TP5OFF,5,30525.4
562,561,59,,2026-07-04 16:55:22,2026-11-10,6,Confirmed,Website,TP5OFF,5,114490.2
563,562,20,,2024-01-28 17:55:39,2024-02-18,4,Completed,Referral Link,,0,146420.0
564,562,93,,2025-01-31 23:16:11,2025-03-17,5,Cancelled,Website,,0,89900.0
565,563,13,11820.0,2023-09-09 00:11:09,2023-09-27,1,Completed,Instagram,TP5OFF,5,10235.3
566,564,46,,2026-06-27 22:12:44,2026-10-14,2,Confirmed,Website,,0,60886.0
567,565,3,,2023-12-16 23:20:23,2024-02-08,3,Completed,Mobile App,TP10OFF,10,17606.7
568,566,77,13705.0,2026-06-21 06:22:49,2026-09-28,6,Cancelled,Referral Link,,0,119646.0
569,568,35,5457.0,2024-07-08 16:51:43,2024-07-23,2,Completed,Mobile App,TP15OFF,15,52705.1
570,568,95,,2026-08-15 09:00:19,2026-11-19,3,Pending,Mobile App,TP10OFF,10,19737.0
571,572,62,,2026-06-15 19:16:48,2026-08-09,2,Completed,Website,,0,37374.0
572,576,70,3609.0,2025-12-20 17:24:09,2026-01-06,2,Cancelled,Website,TP20OFF,20,22918.4
573,577,57,2323.0,2025-07-29 13:55:39,2025-09-21,6,Completed,Mobile App,,0,140046.0
574,578,1,3855.0,2026-08-06 13:45:21,2026-11-26,4,Confirmed,Website,,0,43948.0
575,580,54,,2025-06-24 13:57:48,2025-07-04,5,Completed,Mobile App,,0,58580.0
576,582,70,,2026-06-25 05:18:23,2026-09-26,2,Confirmed,Website,,0,28648.0
577,583,24,1767.0,2023-09-13 10:57:54,2023-11-09,3,Completed,Mobile App,,0,28767.0
578,584,59,8088.0,2026-07-28 10:44:57,2027-01-11,4,Cancelled,Website,,0,80344.0
579,586,15,,2026-07-11 20:36:19,2026-08-26,4,Completed,Instagram,TP10OFF,10,37681.2
580,587,20,10691.0,2026-06-08 22:54:55,2026-10-31,4,Confirmed,Website,,0,146420.0
581,588,70,11751.0,2026-08-11 02:26:23,2026-09-21,4,Confirmed,Website,,0,57296.0
582,588,89,4647.0,2026-08-06 14:06:31,2026-12-31,4,Confirmed,Website,,0,33232.0
583,588,72,14424.0,2026-02-24 09:13:23,2026-03-28,2,Completed,Referral Link,,0,22234.0
584,588,74,,2026-08-20 23:50:51,2026-10-14,3,Confirmed,Website,,0,32523.0
585,589,23,,2026-07-03 10:36:54,2026-09-13,3,Confirmed,Mobile App,,0,116943.0
586,590,33,12702.0,2025-12-03 05:29:28,2025-12-31,5,Completed,Website,,0,55365.0
587,590,18,,2024-08-12 10:20:37,2024-09-21,3,Completed,Mobile App,TP5OFF,5,17704.2
588,590,32,,2026-06-12 11:07:53,2026-11-21,4,Confirmed,Website,,0,103852.0
589,591,43,,2026-09-01 12:03:08,2027-01-29,4,Pending,Instagram,,0,44756.0
590,594,13,11494.0,2025-06-07 01:21:04,2025-07-31,3,Completed,Mobile App,,0,32322.0
591,595,71,,2024-09-20 07:03:39,2024-09-25,4,Completed,Referral Link,,0,24060.0
592,595,18,3685.0,2026-09-04 13:01:40,2026-12-26,3,Confirmed,Referral Link,,0,18636.0
593,600,79,,2026-06-13 08:29:18,2026-08-10,2,Completed,Website,,0,19384.0
594,601,37,13712.0,2026-06-13 18:25:46,2026-07-12,2,Completed,Website,,0,75482.0
595,604,88,3077.0,2025-06-28 09:18:38,2025-07-17,2,Completed,Website,TP15OFF,15,13788.7
596,604,28,,2025-02-16 19:29:12,2025-03-29,3,Completed,Mobile App,,0,28065.0
597,605,20,9377.0,2026-08-17 18:44:52,2026-12-22,2,Confirmed,Referral Link,TP5OFF,5,69549.5
598,607,1,,2023-12-04 16:10:26,2024-01-15,3,Cancelled,Website,TP10OFF,10,29664.9
599,609,61,,2024-07-30 12:20:24,2024-09-27,3,Completed,Instagram,TP5OFF,5,54306.75
600,610,98,9630.0,2025-08-10 08:08:09,2025-09-05,2,Completed,Instagram,TP15OFF,15,26108.6
601,614,19,14665.0,2024-06-20 08:57:35,2024-06-27,4,Completed,Mobile App,,0,35348.0
602,615,68,,2026-06-10 23:55:20,2026-07-14,4,Completed,Website,,0,92560.0
603,615,68,,2026-06-19 01:48:20,2026-07-21,5,Cancelled,Website,,0,115700.0
604,615,75,11632.0,2024-09-21 03:55:24,2024-11-05,4,Completed,Website,,0,86808.0
605,615,59,11952.0,2026-06-25 08:21:55,2026-12-05,4,Confirmed,Referral Link,TP10OFF,10,72309.6
606,616,54,14576.0,2025-08-23 19:05:47,2025-09-26,5,Completed,Website,,0,58580.0
607,617,73,1975.0,2026-08-08 23:47:03,2026-12-01,4,Pending,Website,TP20OFF,20,82672.0
608,617,59,,2025-07-12 16:21:55,2025-08-02,5,Completed,Mobile App,,0,100430.0
609,618,62,12158.0,2026-08-26 11:37:33,2027-02-17,1,Confirmed,Instagram,,0,18687.0
610,619,32,12756.0,2026-07-24 07:57:30,2027-01-06,2,Confirmed,Mobile App,,0,51926.0
611,624,22,,2026-08-28 18:11:45,2027-01-26,2,Confirmed,Website,TP10OFF,10,16313.4
612,625,19,10129.0,2025-03-04 06:17:09,2025-05-02,3,Completed,Mobile App,TP5OFF,5,25185.45
613,625,22,2243.0,2024-07-11 07:09:50,2024-08-28,2,Cancelled,Website,,0,18126.0
614,625,82,3970.0,2026-07-28 08:49:11,2026-08-24,3,Completed,Mobile App,,0,29538.0
615,625,16,13147.0,2026-06-10 02:07:58,2026-07-12,1,Cancelled,Website,TP10OFF,10,9833.4
616,626,54,13524.0,2025-08-27 19:06:23,2025-10-02,2,Completed,Website,,0,23432.0
617,626,74,11354.0,2025-12-06 17:36:48,2026-01-31,1,Completed,Mobile App,TP15OFF,15,9214.85
618,627,3,13025.0,2026-07-08 16:15:01,2026-10-18,2,Confirmed,Referral Link,,0,13042.0
619,627,27,2737.0,2024-10-09 19:54:20,2024-10-31,5,Completed,Instagram,,0,33480.0
620,627,11,,2025-04-27 03:31:30,2025-05-17,2,Completed,Website,TP5OFF,5,53834.6
621,628,32,,2026-06-26 00:01:42,2026-07-16,2,Completed,Instagram,,0,51926.0
622,629,73,,2026-09-04 02:04:23,2026-12-19,5,Confirmed,Mobile App,,0,129175.0
623,631,10,8614.0,2024-10-22 05:42:13,2024-11-07,3,Completed,Website,,0,28416.0
624,631,1,6452.0,2026-06-28 13:34:29,2026-09-30,1,Pending,Website,,0,10987.0
625,632,18,,2026-08-14 23:15:13,2027-01-15,4,Confirmed,Website,,0,24848.0
626,634,2,3507.0,2025-05-05 18:05:36,2025-05-17,2,Completed,Website,,0,66126.0
627,635,6,,2026-07-17 06:30:34,2026-11-13,5,Pending,Website,TP15OFF,15,37497.75
628,635,18,13491.0,2025-01-04 17:35:45,2025-02-10,3,Completed,Mobile App,,0,18636.0
629,635,33,,2026-07-26 23:54:04,2027-01-15,2,Confirmed,Mobile App,,0,22146.0
630,635,53,8068.0,2024-02-21 21:31:37,2024-03-09,5,Completed,Mobile App,,0,57685.0
631,635,38,,2026-06-15 08:14:34,2026-12-09,2,Confirmed,Referral Link,TP10OFF,10,14459.4
632,636,80,,2023-12-29 09:18:26,2024-01-11,5,Cancelled,Website,TP20OFF,20,25668.0
633,637,16,,2026-04-03 02:33:41,2026-05-06,3,Completed,Website,TP5OFF,5,31139.1
634,638,24,5281.0,2025-02-27 03:21:07,2025-04-08,2,Completed,Website,TP5OFF,5,18219.1
635,639,74,,2025-02-21 01:57:18,2025-03-31,2,Completed,Website,,0,21682.0
636,640,44,8539.0,2023-10-19 11:45:16,2023-12-02,4,Completed,Mobile App,,0,26760.0
637,640,62,14312.0,2024-03-28 03:36:01,2024-05-06,5,Completed,Mobile App,,0,93435.0
638,642,87,,2025-03-07 05:27:54,2025-04-09,4,Completed,Mobile App,,0,87080.0
639,643,38,,2026-07-05 16:43:52,2026-09-08,4,Cancelled,Website,TP5OFF,5,30525.4
640,643,23,,2026-07-29 02:34:38,2027-01-24,4,Confirmed,Instagram,,0,155924.0
641,644,89,7155.0,2025-09-05 03:13:38,2025-10-20,5,Completed,Mobile App,TP5OFF,5,39463.0
642,646,64,,2026-07-27 13:32:13,2026-08-19,5,Cancelled,Website,,0,80965.0
643,646,17,,2026-07-10 22:39:42,2026-09-07,2,Confirmed,Referral Link,,0,81124.0
644,647,61,6190.0,2026-08-21 13:21:03,2026-12-27,4,Confirmed,Referral Link,,0,76220.0
645,647,61,,2026-07-23 16:25:08,2026-09-14,6,Confirmed,Website,,0,114330.0
646,647,75,10789.0,2026-08-24 06:21:28,2026-10-03,6,Confirmed,Website,,0,130212.0
647,647,66,10487.0,2026-07-22 07:14:46,2026-09-22,4,Confirmed,Instagram,TP5OFF,5,118202.8
648,647,73,,2026-09-01 08:57:45,2026-10-15,6,Confirmed,Website,,0,155010.0
649,648,66,,2026-08-17 07:06:39,2026-09-30,5,Confirmed,Mobile App,TP5OFF,5,147753.5
650,648,75,8783.0,2026-07-20 00:42:21,2026-11-26,4,Cancelled,Website,TP20OFF,20,69446.4
651,651,17,127.0,2026-09-02 14:31:12,2026-11-14,2,Confirmed,Website,,0,81124.0
652,652,29,,2023-09-07 14:43:15,2023-10-11,4,Completed,Mobile App,,0,121104.0
653,653,52,,2025-06-05 17:51:46,2025-06-24,4,Completed,Instagram,,0,122796.0
654,655,1,5465.0,2024-09-07 03:19:53,2024-10-14,1,Cancelled,Instagram,TP10OFF,10,9888.3
655,655,70,,2026-06-23 11:51:56,2026-10-06,5,Confirmed,Website,,0,71620.0
656,655,39,3432.0,2026-08-02 13:43:22,2026-10-03,2,Pending,Mobile App,,0,14356.0
657,655,54,,2026-07-10 06:45:55,2026-10-22,3,Pending,Website,TP10OFF,10,31633.2
658,655,70,11773.0,2026-07-03 01:42:01,2026-07-22,2,Completed,Mobile App,,0,28648.0
659,656,77,1386.0,2026-06-17 16:13:36,2026-07-06,4,Completed,Mobile App,TP5OFF,5,75775.8
660,657,57,4760.0,2026-06-24 19:58:53,2026-11-05,6,Confirmed,Website,TP15OFF,15,119039.1
661,658,47,6610.0,2025-07-14 03:01:28,2025-07-27,3,Completed,Referral Link,,0,90990.0
662,659,88,7800.0,2026-05-13 19:48:47,2026-06-30,5,Completed,Mobile App,,0,40555.0
663,659,94,,2026-07-23 11:15:29,2026-12-19,4,Confirmed,Instagram,TP15OFF,15,41891.4
664,660,24,,2026-07-31 17:57:58,2027-01-03,5,Confirmed,Mobile App,,0,47945.0
665,660,48,,2026-06-16 17:31:43,2026-08-08,4,Completed,Mobile App,,0,32160.0
666,660,9,14674.0,2024-07-19 09:25:13,2024-07-26,4,Completed,Mobile App,TP5OFF,5,38136.8
667,660,33,,2026-06-25 20:40:13,2026-12-06,5,Confirmed,Website,TP10OFF,10,49828.5
668,660,48,7856.0,2025-02-28 05:30:07,2025-04-21,3,Completed,Mobile App,TP15OFF,15,20502.0
669,661,34,14372.0,2025-06-09 18:20:02,2025-06-18,2,Completed,Mobile App,,0,19786.0
670,662,10,11382.0,2025-09-30 08:01:33,2025-11-19,2,Completed,Mobile App,,0,18944.0
671,665,62,,2024-08-14 08:34:46,2024-08-25,4,Completed,Mobile App,TP20OFF,20,59798.4
672,668,4,,2026-08-14 08:37:31,2026-10-07,4,Confirmed,Mobile App,,0,33812.0
673,668,54,,2026-07-18 03:40:45,2027-01-08,2,Confirmed,Mobile App,,0,23432.0
674,669,61,7779.0,2023-11-10 09:18:32,2024-01-09,3,Completed,Website,TP10OFF,10,51448.5
675,672,85,,2023-09-13 00:14:50,2023-11-06,2,Completed,Mobile App,,0,17088.0
676,672,34,9268.0,2025-12-09 16:02:10,2025-12-19,2,Completed,Website,,0,19786.0
677,676,44,,2026-06-30 01:43:07,2026-11-04,4,Confirmed,Website,TP10OFF,10,24084.0
678,676,94,,2026-06-20 11:43:20,2026-12-07,5,Confirmed,Mobile App,,0,61605.0
679,676,88,,2026-08-14 01:34:17,2026-09-15,2,Cancelled,Mobile App,,0,16222.0
680,678,97,14055.0,2026-07-03 03:39:56,2026-10-28,4,Confirmed,Mobile App,TP5OFF,5,64444.2
681,680,11,,2025-01-20 23:43:39,2025-02-12,4,Cancelled,Website,TP5OFF,5,107669.2
682,681,41,,2026-07-26 18:03:07,2026-12-05,2,Confirmed,Website,TP5OFF,5,92777.0
683,682,28,,2026-02-02 00:13:12,2026-03-10,1,Completed,Mobile App,TP15OFF,15,7951.75
684,682,25,13435.0,2025-10-05 08:43:54,2025-11-17,4,Completed,Mobile App,,0,47412.0
685,684,39,9744.0,2026-08-25 19:44:26,2026-11-07,5,Pending,Mobile App,,0,35890.0
686,685,8,8588.0,2025-11-03 16:41:33,2025-12-30,2,Completed,Mobile App,TP10OFF,10,62564.4
687,686,13,,2026-08-21 17:44:26,2027-01-05,3,Confirmed,Website,,0,32322.0
688,690,60,,2026-08-12 01:31:12,2026-11-14,1,Cancelled,Mobile App,,0,12905.0
689,690,46,,2025-09-19 16:57:21,2025-10-27,2,Completed,Instagram,TP15OFF,15,51753.1
690,690,64,,2026-06-16 22:13:05,2026-12-01,3,Confirmed,Website,,0,48579.0
691,690,14,9395.0,2023-11-10 11:27:20,2023-12-28,4,Completed,Referral Link,,0,152812.0
692,690,32,,2026-01-02 15:12:59,2026-02-04,3,Completed,Referral Link,TP15OFF,15,66205.65
693,690,2,,2026-08-31 14:31:42,2026-12-23,2,Pending,Mobile App,TP20OFF,20,52900.8
694,692,19,,2025-03-28 12:30:34,2025-04-21,4,Completed,Mobile App,TP10OFF,10,31813.2
695,692,96,3065.0,2026-06-23 17:01:58,2026-10-01,2,Confirmed,Mobile App,,0,43622.0
696,693,43,14972.0,2026-03-26 03:57:59,2026-05-25,3,Completed,Website,,0,33567.0
697,693,53,6200.0,2026-06-20 02:51:21,2026-09-22,5,Confirmed,Mobile App,TP10OFF,10,51916.5
698,693,27,,2024-11-25 17:38:38,2025-01-15,3,Completed,Website,TP10OFF,10,18079.2
699,693,92,,2026-07-22 17:00:19,2026-10-14,5,Confirmed,Website,TP20OFF,20,29628.0
700,693,27,,2026-06-21 23:46:26,2026-09-05,2,Completed,Website,,0,13392.0
701,695,39,,2025-05-08 20:57:59,2025-07-03,4,Completed,Website,,0,28712.0
702,695,25,,2026-07-22 07:19:59,2026-10-14,1,Confirmed,Website,TP5OFF,5,11260.35
703,696,63,,2024-04-19 11:16:58,2024-05-09,3,Completed,Website,,0,50928.0
704,696,25,,2025-03-28 00:37:43,2025-05-22,2,Completed,Mobile App,TP10OFF,10,21335.4
705,702,97,,2026-07-22 03:45:33,2026-10-29,5,Pending,Website,TP10OFF,10,76315.5
706,703,17,5824.0,2025-01-29 09:19:32,2025-03-13,3,Cancelled,Mobile App,,0,121686.0
707,703,93,,2026-07-02 08:12:07,2026-10-14,5,Confirmed,Instagram,,0,89900.0
708,703,31,,2025-10-19 07:56:24,2025-11-30,2,Completed,Instagram,,0,80496.0
709,705,25,3275.0,2025-01-31 19:05:52,2025-03-09,2,Completed,Referral Link,,0,23706.0
710,705,70,,2025-05-11 15:03:14,2025-07-04,5,Cancelled,Instagram,,0,71620.0
711,705,25,4641.0,2026-03-06 12:16:22,2026-04-21,1,Completed,Website,,0,11853.0
712,705,54,,2024-03-30 16:07:07,2024-05-02,2,Completed,Instagram,,0,23432.0
713,708,85,12048.0,2026-06-26 03:08:33,2026-07-15,4,Completed,Website,,0,34176.0
714,708,4,8113.0,2026-04-16 20:08:15,2026-05-24,3,Completed,Mobile App,,0,25359.0
715,708,10,11196.0,2026-07-10 06:55:39,2026-09-01,1,Completed,Instagram,,0,9472.0
716,709,18,14241.0,2024-09-19 19:00:05,2024-09-26,2,Cancelled,Website,TP5OFF,5,11802.8
717,710,17,,2026-06-22 23:15:19,2026-09-07,2,Pending,Mobile App,TP5OFF,5,77067.8
718,712,6,4412.0,2026-08-18 00:08:15,2026-10-09,3,Pending,Referral Link,TP15OFF,15,22498.65
719,714,80,5499.0,2026-07-22 18:46:23,2026-08-03,3,Cancelled,Instagram,TP10OFF,10,17325.9
720,716,68,1779.0,2023-12-15 22:06:27,2024-01-08,6,Completed,Mobile App,,0,138840.0
721,717,53,7552.0,2026-06-26 06:06:47,2026-10-03,4,Pending,Mobile App,,0,46148.0
722,718,18,,2024-11-12 22:02:03,2024-12-08,2,Completed,Mobile App,,0,12424.0
723,720,82,,2024-01-09 13:27:04,2024-02-02,5,Completed,Website,,0,49230.0
724,720,10,,2026-06-24 15:40:43,2026-10-22,2,Confirmed,Website,,0,18944.0
725,721,96,11274.0,2026-07-18 23:40:09,2026-10-17,5,Confirmed,Website,,0,109055.0
726,724,19,,2026-09-03 14:24:50,2026-12-08,2,Confirmed,Website,,0,17674.0
727,725,59,,2026-07-08 11:04:38,2026-09-22,6,Confirmed,Mobile App,,0,120516.0
728,726,57,7276.0,2026-08-02 20:21:12,2026-09-05,5,Completed,Referral Link,,0,116705.0
729,726,77,7980.0,2025-12-01 06:27:25,2025-12-30,3,Completed,Referral Link,,0,59823.0
730,727,67,,2026-08-03 01:57:06,2026-11-10,4,Confirmed,Website,,0,66916.0
731,729,27,4992.0,2023-11-03 20:24:30,2023-12-19,5,Completed,Referral Link,,0,33480.0
732,731,85,,2026-08-14 19:54:57,2026-08-24,3,Completed,Referral Link,,0,25632.0
733,732,52,,2026-07-21 07:09:53,2026-09-29,2,Pending,Website,,0,61398.0
734,734,68,,2026-06-29 23:34:17,2026-11-06,5,Confirmed,Website,,0,115700.0
735,734,73,,2026-08-09 17:15:10,2026-12-25,3,Confirmed,Mobile App,TP10OFF,10,69754.5
736,735,68,,2025-10-30 11:48:44,2025-11-04,5,Cancelled,Referral Link,TP5OFF,5,109915.0
737,737,73,,2026-08-29 19:36:57,2026-11-25,3,Confirmed,Website,TP10OFF,10,69754.5
738,737,61,14077.0,2026-05-12 08:43:02,2026-06-11,4,Completed,Website,TP5OFF,5,72409.0
739,738,87,2456.0,2026-06-11 21:45:38,2026-07-26,3,Completed,Website,,0,65310.0
740,739,25,,2026-06-27 20:35:37,2026-09-29,3,Confirmed,Website,TP20OFF,20,28447.2
741,743,22,1769.0,2026-06-21 21:30:31,2026-10-18,1,Confirmed,Mobile App,,0,9063.0
742,744,54,,2026-06-26 08:11:20,2026-10-20,4,Cancelled,Website,,0,46864.0
743,746,3,4183.0,2026-07-01 19:15:01,2026-10-13,3,Confirmed,Mobile App,TP10OFF,10,17606.7
744,746,43,,2026-07-14 00:17:23,2026-08-18,5,Completed,Website,,0,55945.0
745,749,93,,2026-07-07 03:49:28,2026-10-17,6,Pending,Website,TP5OFF,5,102486.0
746,749,59,9560.0,2026-07-04 10:16:01,2026-10-05,3,Pending,Website,TP5OFF,5,57245.1
747,751,10,,2026-08-11 05:45:52,2026-09-30,2,Pending,Website,,0,18944.0
748,753,91,11408.0,2025-12-19 12:42:31,2026-01-16,4,Completed,Instagram,,0,51816.0
749,754,1,11320.0,2026-07-06 06:08:59,2026-08-12,2,Completed,Website,,0,21974.0
750,754,82,14837.0,2025-03-01 04:09:11,2025-03-29,4,Completed,Website,,0,39384.0
751,755,37,,2024-08-31 16:24:10,2024-10-25,3,Completed,Referral Link,,0,113223.0
752,756,62,,2025-02-27 18:20:11,2025-04-22,2,Completed,Referral Link,TP10OFF,10,33636.6
753,757,88,7399.0,2025-02-03 16:10:39,2025-03-09,4,Completed,Website,TP5OFF,5,30821.8
754,761,75,7419.0,2024-10-21 03:59:06,2024-12-08,6,Completed,Website,TP5OFF,5,123701.4
755,763,77,,2024-09-13 14:59:37,2024-11-11,5,Completed,Website,TP10OFF,10,89734.5
756,764,4,,2026-07-24 06:25:10,2026-11-23,3,Confirmed,Mobile App,TP5OFF,5,24091.05
757,765,68,4229.0,2026-04-13 09:32:20,2026-04-29,4,Completed,Website,,0,92560.0
758,765,68,,2026-06-29 21:18:02,2026-08-19,4,Completed,Website,TP5OFF,5,87932.0
759,766,57,5144.0,2025-08-30 01:58:45,2025-09-11,6,Cancelled,Mobile App,,0,140046.0
760,766,15,4686.0,2026-09-04 17:25:14,2027-01-09,3,Confirmed,Website,,0,31401.0
761,768,23,,2026-06-19 16:14:09,2026-11-01,2,Confirmed,Website,TP10OFF,10,70165.8
762,769,72,,2026-08-18 22:18:11,2026-11-29,4,Confirmed,Referral Link,TP5OFF,5,42244.6
763,770,95,2401.0,2026-06-13 11:07:06,2026-12-03,3,Confirmed,Website,,0,21930.0
764,770,24,10058.0,2025-01-29 05:01:19,2025-03-26,2,Completed,Mobile App,,0,19178.0
765,770,15,1545.0,2025-11-04 02:43:31,2025-11-23,5,Completed,Website,TP15OFF,15,44484.75
766,771,91,14291.0,2025-01-26 02:07:39,2025-02-17,2,Cancelled,Instagram,,0,25908.0
767,771,39,,2023-10-12 01:19:55,2023-11-02,3,Completed,Website,,0,21534.0
768,772,65,,2026-08-20 14:37:01,2026-10-18,5,Cancelled,Mobile App,TP10OFF,10,78921.0
769,772,67,14852.0,2026-08-02 23:57:51,2026-11-08,1,Confirmed,Website,TP20OFF,20,13383.2
770,773,60,6581.0,2024-04-10 06:21:40,2024-05-19,4,Cancelled,Referral Link,,0,51620.0
771,775,61,,2025-01-05 06:53:51,2025-03-06,6,Cancelled,Website,,0,114330.0
772,776,1,,2026-06-25 14:55:43,2026-08-19,3,Completed,Mobile App,TP15OFF,15,28016.85
773,777,75,6223.0,2024-05-17 08:07:55,2024-05-29,3,Completed,Mobile App,,0,65106.0
774,781,47,13437.0,2026-07-24 01:35:44,2026-10-29,3,Pending,Website,,0,90990.0
775,782,82,,2026-06-24 11:47:56,2026-07-07,2,Completed,Referral Link,,0,19692.0
776,782,85,6692.0,2024-03-09 08:47:54,2024-05-06,2,Completed,Instagram,,0,17088.0
777,782,82,1282.0,2026-08-03 12:02:24,2026-11-11,4,Pending,Mobile App,,0,39384.0
778,782,49,14342.0,2026-06-15 13:59:51,2026-09-11,5,Confirmed,Website,,0,58030.0
779,783,39,,2026-03-12 17:05:36,2026-04-20,3,Completed,Website,,0,21534.0
780,784,27,,2026-07-22 04:15:41,2026-08-09,5,Completed,Mobile App,,0,33480.0
781,785,44,,2024-02-12 01:06:07,2024-04-04,2,Completed,Website,,0,13380.0
782,785,22,,2026-08-20 02:04:10,2027-01-03,3,Confirmed,Website,,0,27189.0
783,785,94,7532.0,2026-04-10 07:44:24,2026-05-08,5,Completed,Website,,0,61605.0
784,786,59,,2023-10-09 19:13:53,2023-10-14,4,Completed,Mobile App,,0,80344.0
785,787,66,,2026-05-29 05:53:23,2026-07-08,4,Cancelled,Website,,0,124424.0
786,787,98,10567.0,2026-06-08 23:56:56,2026-10-10,3,Pending,Mobile App,,0,46074.0
787,787,17,2210.0,2025-07-18 06:26:38,2025-09-08,2,Completed,Instagram,,0,81124.0
788,787,17,11469.0,2026-08-04 21:26:05,2026-09-20,2,Confirmed,Website,,0,81124.0
789,787,87,5292.0,2025-09-20 08:49:13,2025-10-25,5,Completed,Mobile App,,0,108850.0
790,787,48,,2026-07-06 21:21:52,2026-08-03,2,Completed,Website,,0,16080.0
791,788,30,,2026-05-08 09:52:28,2026-06-08,3,Completed,Website,TP5OFF,5,25752.6
792,789,78,,2026-08-09 02:19:59,2026-09-08,6,Pending,Website,,0,121044.0
793,790,61,3941.0,2024-10-20 01:23:44,2024-11-21,4,Completed,Website,TP15OFF,15,64787.0
794,790,75,,2026-07-04 18:55:17,2026-10-08,3,Confirmed,Website,TP10OFF,10,58595.4
795,791,16,1750.0,2026-07-10 14:42:53,2026-09-28,4,Confirmed,Website,TP10OFF,10,39333.6
796,792,31,2126.0,2026-08-07 19:34:58,2026-08-17,2,Completed,Instagram,,0,80496.0
797,793,27,11873.0,2026-06-26 07:12:55,2026-07-14,4,Completed,Website,,0,26784.0
798,793,38,,2026-08-15 20:13:13,2026-08-27,3,Completed,Website,,0,24099.0
799,793,29,14835.0,2026-06-17 06:26:19,2026-08-19,2,Completed,Instagram,,0,60552.0
800,793,18,4367.0,2024-01-14 23:21:04,2024-01-20,5,Completed,Website,TP5OFF,5,29507.0
801,793,38,,2026-07-14 17:19:59,2026-08-22,2,Completed,Mobile App,,0,16066.0
802,793,43,5241.0,2026-06-18 04:46:10,2026-09-10,3,Confirmed,Website,,0,33567.0
803,796,10,9466.0,2024-01-05 22:47:18,2024-02-12,4,Completed,Website,TP10OFF,10,34099.2
804,796,16,,2026-07-01 10:45:59,2026-09-29,4,Cancelled,Website,,0,43704.0
805,797,47,,2026-08-25 17:38:47,2026-11-09,3,Confirmed,Referral Link,,0,90990.0
806,797,2,,2026-06-30 12:30:45,2026-12-18,2,Confirmed,Instagram,TP5OFF,5,62819.7
807,797,3,,2025-12-15 05:48:58,2026-01-14,3,Completed,Website,,0,19563.0
808,797,2,,2026-06-19 14:51:43,2026-07-26,2,Completed,Mobile App,TP5OFF,5,62819.7
809,798,33,,2026-06-24 07:47:53,2026-07-06,2,Cancelled,Website,,0,22146.0
810,802,80,9638.0,2025-01-11 13:52:46,2025-01-23,3,Completed,Website,,0,19251.0
811,802,34,7130.0,2026-08-05 11:45:34,2027-01-21,5,Confirmed,Website,,0,49465.0
812,804,6,,2024-08-31 15:53:56,2024-09-07,2,Completed,Instagram,,0,17646.0
813,804,26,,2024-01-06 07:07:05,2024-01-13,2,Completed,Mobile App,,0,51914.0
814,805,22,13399.0,2024-08-06 06:09:10,2024-09-21,2,Completed,Website,,0,18126.0
815,805,39,,2026-07-31 19:17:22,2026-10-04,3,Confirmed,Website,,0,21534.0
816,806,7,,2026-06-30 21:23:36,2026-11-24,1,Confirmed,Mobile App,,0,13069.0
817,807,97,,2026-07-13 13:05:54,2026-11-13,5,Pending,Instagram,TP5OFF,5,80555.25
818,807,67,,2024-04-29 14:35:40,2024-05-12,2,Completed,Website,TP5OFF,5,31785.1
819,809,40,5065.0,2024-07-29 22:15:38,2024-08-26,2,Completed,Mobile App,,0,66298.0
820,813,24,,2026-01-02 01:59:48,2026-03-02,5,Completed,Mobile App,,0,47945.0
821,813,93,13450.0,2025-08-12 11:26:23,2025-09-04,6,Completed,Website,,0,107880.0
822,814,56,,2023-12-10 20:03:23,2024-01-21,4,Completed,Website,,0,67296.0
823,815,61,14310.0,2024-03-12 23:57:54,2024-04-13,4,Completed,Website,,0,76220.0
824,816,67,12455.0,2026-08-11 09:53:15,2027-01-24,3,Confirmed,Mobile App,,0,50187.0
825,817,58,,2026-08-12 09:52:10,2026-12-29,5,Cancelled,Mobile App,,0,60805.0
826,818,82,9492.0,2026-07-22 13:09:55,2026-12-06,2,Confirmed,Mobile App,TP5OFF,5,18707.4
827,818,85,4348.0,2024-09-03 05:54:04,2024-10-14,4,Completed,Website,,0,34176.0
828,819,75,,2026-07-08 15:02:58,2026-12-17,4,Pending,Website,,0,86808.0
829,823,66,4537.0,2024-08-31 12:32:24,2024-09-30,4,Completed,Website,TP10OFF,10,111981.6
830,824,79,,2025-01-28 07:20:33,2025-02-25,5,Cancelled,Website,TP15OFF,15,41191.0
831,826,32,,2026-07-04 16:10:03,2026-09-27,2,Confirmed,Website,,0,51926.0
832,828,84,,2024-02-02 12:19:44,2024-04-01,4,Completed,Referral Link,TP20OFF,20,69638.4
833,829,62,12003.0,2025-06-01 19:14:45,2025-07-26,1,Completed,Mobile App,TP15OFF,15,15883.95
834,829,97,3627.0,2025-07-22 01:42:03,2025-08-23,3,Completed,Referral Link,TP10OFF,10,45789.3
835,830,75,,2025-12-25 22:11:26,2026-02-13,4,Completed,Instagram,,0,86808.0
836,830,75,3159.0,2024-01-29 06:39:44,2024-03-19,4,Completed,Website,TP15OFF,15,73786.8
837,832,44,,2025-07-23 21:57:01,2025-09-13,3,Completed,Instagram,,0,20070.0
838,834,13,11341.0,2026-06-30 06:55:09,2026-07-22,4,Completed,Mobile App,,0,43096.0
839,835,95,,2026-09-04 16:08:08,2026-09-20,2,Confirmed,Website,TP5OFF,5,13889.0
840,836,22,,2024-05-23 19:25:12,2024-07-14,3,Completed,Mobile App,,0,27189.0
841,836,19,2427.0,2026-07-11 08:40:01,2026-08-13,1,Completed,Website,,0,8837.0
842,838,59,,2026-08-08 03:38:01,2026-12-21,4,Confirmed,Website,,0,80344.0
843,838,48,14129.0,2026-07-22 03:34:42,2026-09-20,5,Confirmed,Mobile App,,0,40200.0
844,839,75,,2026-07-08 12:47:41,2026-11-17,6,Confirmed,Referral Link,,0,130212.0
845,839,77,360.0,2026-09-04 00:52:23,2026-12-22,3,Confirmed,Instagram,,0,59823.0
846,840,72,,2024-03-27 14:22:32,2024-05-02,3,Completed,Mobile App,,0,33351.0
847,845,66,,2026-07-04 22:11:29,2026-10-15,4,Confirmed,Website,,0,124424.0
848,845,57,,2024-09-23 09:22:41,2024-10-21,4,Completed,Mobile App,,0,93364.0
849,845,68,,2026-06-08 17:15:33,2026-09-11,5,Cancelled,Referral Link,,0,115700.0
850,845,66,,2026-08-29 05:32:05,2026-10-08,5,Pending,Mobile App,,0,155530.0
851,845,66,,2026-08-30 19:08:20,2027-02-23,3,Confirmed,Website,,0,93318.0
852,845,61,567.0,2026-07-17 04:11:23,2026-09-13,3,Confirmed,Mobile App,,0,57165.0
853,847,12,,2026-09-02 05:57:23,2027-02-24,4,Confirmed,Website,,0,41396.0
854,848,25,,2024-06-03 07:09:17,2024-08-01,1,Completed,Mobile App,TP5OFF,5,11260.35
855,849,75,12134.0,2026-09-06 11:42:00,2026-09-28,6,Cancelled,Website,TP5OFF,5,123701.4
856,851,71,12795.0,2026-06-22 01:01:01,2026-12-08,5,Confirmed,Referral Link,TP10OFF,10,27067.5
857,851,38,,2026-07-08 11:50:40,2026-08-25,3,Cancelled,Mobile App,TP20OFF,20,19279.2
858,852,9,9022.0,2026-07-06 23:28:32,2026-11-16,5,Confirmed,Mobile App,TP20OFF,20,40144.0
859,852,35,,2026-08-07 12:51:34,2026-09-06,1,Completed,Website,,0,31003.0
860,858,98,4264.0,2026-08-06 01:15:16,2026-10-09,3,Confirmed,Website,,0,46074.0
861,859,39,1153.0,2025-03-02 17:15:01,2025-03-26,2,Completed,Mobile App,,0,14356.0
862,860,69,,2026-06-25 21:33:38,2026-10-02,4,Cancelled,Website,TP15OFF,15,80444.0
863,862,3,,2024-12-29 12:15:46,2025-02-25,5,Completed,Website,,0,32605.0
864,863,9,3284.0,2026-07-31 06:07:53,2026-12-13,2,Pending,Mobile App,,0,20072.0
865,863,48,10947.0,2026-01-07 20:32:10,2026-01-21,5,Completed,Instagram,,0,40200.0
866,866,55,,2026-08-05 06:17:33,2026-12-19,2,Confirmed,Mobile App,,0,48250.0
867,867,44,,2026-07-29 16:33:17,2026-12-24,2,Confirmed,Website,,0,13380.0
868,870,78,6219.0,2024-08-24 19:02:26,2024-09-03,6,Completed,Instagram,,0,121044.0
869,871,57,12775.0,2023-10-26 11:59:19,2023-12-13,4,Completed,Website,TP5OFF,5,88695.8
870,873,18,,2025-12-28 22:06:21,2026-02-12,4,Completed,Mobile App,TP5OFF,5,23605.6
871,873,81,,2026-06-03 01:48:33,2026-07-27,5,Completed,Website,,0,126385.0
872,874,78,,2026-06-22 13:37:43,2026-10-31,5,Confirmed,Mobile App,,0,100870.0
873,874,24,6624.0,2024-09-01 05:36:41,2024-09-24,3,Cancelled,Website,,0,28767.0
874,875,20,,2026-06-23 01:29:37,2026-12-16,2,Confirmed,Mobile App,,0,73210.0
875,875,64,,2026-08-10 13:32:27,2027-01-22,3,Confirmed,Instagram,,0,48579.0
876,876,17,3678.0,2025-09-19 00:35:18,2025-10-16,3,Completed,Website,,0,121686.0
877,877,44,,2026-06-23 19:45:43,2026-12-13,3,Confirmed,Website,,0,20070.0
878,879,37,8728.0,2026-07-05 14:57:23,2026-09-05,2,Completed,Mobile App,,0,75482.0
879,880,4,11586.0,2023-10-24 09:56:23,2023-11-26,4,Completed,Mobile App,,0,33812.0
880,883,57,11057.0,2024-05-04 04:33:00,2024-06-10,4,Completed,Referral Link,,0,93364.0
881,883,59,,2026-08-22 23:16:12,2026-09-28,4,Confirmed,Website,,0,80344.0
882,883,66,,2026-08-17 22:14:36,2026-10-24,5,Pending,Website,,0,155530.0
883,883,61,,2026-01-08 15:38:07,2026-02-14,4,Completed,Instagram,TP5OFF,5,72409.0
884,883,59,,2025-08-10 20:42:23,2025-08-21,5,Completed,Referral Link,,0,100430.0
885,887,19,,2026-08-29 23:22:05,2027-02-10,2,Confirmed,Website,,0,17674.0
886,889,64,,2026-07-08 22:49:01,2026-10-31,5,Pending,Website,,0,80965.0
887,889,67,1874.0,2024-02-22 18:29:53,2024-03-01,3,Completed,Mobile App,,0,50187.0
888,890,13,,2026-07-24 10:37:16,2026-12-10,4,Confirmed,Mobile App,,0,43096.0
889,891,52,,2026-07-29 17:41:50,2026-09-28,3,Confirmed,Mobile App,TP15OFF,15,78282.45
890,892,61,3938.0,2025-10-17 15:47:50,2025-12-12,5,Completed,Website,,0,95275.0
891,894,18,14577.0,2026-06-12 10:26:17,2026-11-02,3,Confirmed,Website,TP10OFF,10,16772.4
892,894,87,,2026-03-01 10:37:55,2026-04-23,4,Completed,Mobile App,TP10OFF,10,78372.0
893,894,20,,2026-07-17 13:47:47,2026-10-26,2,Confirmed,Instagram,,0,73210.0
894,896,61,8211.0,2026-06-25 23:28:14,2026-10-19,3,Confirmed,Instagram,TP5OFF,5,54306.75
895,900,16,,2025-08-12 09:24:15,2025-08-19,3,Completed,Website,TP5OFF,5,31139.1
896,901,84,13610.0,2024-09-25 15:14:28,2024-11-03,4,Completed,Instagram,,0,87048.0
897,901,76,10210.0,2024-07-14 06:14:55,2024-08-03,2,Completed,Mobile App,TP15OFF,15,26253.1
898,902,52,,2024-04-06 13:00:37,2024-05-20,3,Completed,Website,TP10OFF,10,82887.3
899,902,52,,2024-07-31 13:05:06,2024-08-18,2,Completed,Referral Link,,0,61398.0
900,903,11,5940.0,2026-06-10 08:33:38,2026-11-27,4,Pending,Referral Link,,0,113336.0
901,904,47,12423.0,2025-10-01 13:15:08,2025-11-08,2,Cancelled,Mobile App,TP5OFF,5,57627.0
902,904,43,435.0,2026-08-03 11:18:37,2026-10-14,2,Confirmed,Website,,0,22378.0
903,906,16,12589.0,2024-01-28 14:11:29,2024-03-12,3,Completed,Website,,0,32778.0
904,909,69,,2024-11-19 14:31:10,2024-12-20,5,Cancelled,Referral Link,,0,118300.0
905,910,41,5677.0,2026-08-07 09:58:47,2027-02-01,2,Confirmed,Website,TP15OFF,15,83011.0
906,911,45,6590.0,2025-03-03 02:08:43,2025-04-10,1,Completed,Mobile App,,0,33809.0
907,912,59,,2026-07-01 15:24:18,2026-12-26,6,Confirmed,Website,,0,120516.0
908,913,28,,2026-08-26 08:29:01,2026-10-12,1,Confirmed,Website,,0,9355.0
909,914,33,,2026-07-19 05:55:30,2026-09-16,5,Confirmed,Mobile App,TP5OFF,5,52596.75
910,915,36,3832.0,2026-08-19 04:15:35,2026-12-21,2,Pending,Website,,0,86226.0
911,917,63,3769.0,2026-07-18 20:03:31,2026-08-18,3,Completed,Website,,0,50928.0
912,918,90,,2026-06-27 21:38:09,2026-12-11,3,Confirmed,Website,,0,62292.0
913,919,64,5172.0,2025-09-14 08:47:27,2025-09-26,4,Completed,Website,,0,64772.0
914,924,98,808.0,2024-06-19 00:03:42,2024-07-06,5,Completed,Website,,0,76790.0
915,924,77,10130.0,2026-07-17 14:04:23,2026-11-29,3,Confirmed,Website,TP10OFF,10,53840.7
916,924,15,,2026-08-24 20:53:00,2026-11-15,4,Confirmed,Mobile App,TP5OFF,5,39774.6
917,924,73,8641.0,2026-07-06 17:21:19,2026-11-10,4,Confirmed,Website,,0,103340.0
918,925,94,6281.0,2026-07-09 18:14:48,2026-09-01,5,Completed,Referral Link,,0,61605.0
919,926,54,,2026-07-15 13:37:13,2026-10-30,5,Confirmed,Mobile App,,0,58580.0
920,929,45,936.0,2026-06-11 01:44:29,2026-11-17,2,Confirmed,Mobile App,TP5OFF,5,64237.1
921,929,48,,2024-03-16 19:04:19,2024-05-05,3,Completed,Instagram,,0,24120.0
922,930,28,,2026-06-18 17:28:41,2026-11-17,1,Confirmed,Mobile App,,0,9355.0
923,931,90,,2024-03-21 11:24:19,2024-05-03,4,Completed,Mobile App,,0,83056.0
924,931,18,,2025-12-12 14:17:37,2026-01-06,3,Completed,Mobile App,,0,18636.0
925,931,73,,2026-07-29 13:01:01,2026-11-27,5,Confirmed,Referral Link,TP20OFF,20,103340.0
926,931,33,,2026-02-27 18:45:11,2026-04-05,3,Completed,Website,,0,33219.0
927,931,77,9787.0,2025-05-07 07:11:30,2025-06-03,3,Completed,Website,TP15OFF,15,50849.55
928,931,87,,2026-02-26 05:20:40,2026-04-27,5,Completed,Mobile App,,0,108850.0
929,934,70,5297.0,2025-03-19 03:09:29,2025-04-25,2,Completed,Website,,0,28648.0
930,936,53,10279.0,2023-12-08 05:10:57,2024-01-07,4,Completed,Mobile App,,0,46148.0
931,936,29,,2025-12-09 17:50:06,2025-12-28,3,Completed,Mobile App,,0,90828.0
932,938,94,,2026-08-26 20:50:30,2026-10-13,4,Cancelled,Referral Link,,0,49284.0
933,939,11,,2025-01-07 19:05:26,2025-02-27,2,Completed,Instagram,,0,56668.0
934,940,94,7115.0,2026-07-28 03:22:51,2026-12-28,4,Confirmed,Instagram,,0,49284.0
935,941,18,,2026-06-10 12:33:55,2026-08-10,4,Completed,Website,TP5OFF,5,23605.6
936,944,63,,2024-02-02 07:02:56,2024-02-20,2,Completed,Referral Link,TP20OFF,20,27161.6
937,946,17,13597.0,2024-04-25 05:24:53,2024-05-31,4,Cancelled,Website,TP5OFF,5,154135.6
938,947,81,3535.0,2025-02-11 08:40:06,2025-02-19,6,Completed,Website,,0,151662.0
939,950,4,2545.0,2026-06-25 02:16:50,2026-08-16,1,Completed,Mobile App,,0,8453.0
940,951,21,,2026-08-13 04:22:47,2026-12-12,2,Confirmed,Website,,0,14818.0
941,952,8,,2026-07-09 18:13:06,2026-12-17,4,Confirmed,Referral Link,TP5OFF,5,132080.4
942,955,10,,2026-07-27 15:01:25,2026-08-12,3,Cancelled,Website,TP15OFF,15,24153.6
943,955,91,1884.0,2025-09-09 17:26:18,2025-09-24,5,Completed,Instagram,,0,64770.0
944,956,79,,2023-12-22 13:12:00,2024-01-16,4,Completed,Mobile App,,0,38768.0
945,958,27,7793.0,2026-08-14 13:02:29,2026-10-23,3,Cancelled,Mobile App,,0,20088.0
946,958,77,,2024-07-25 02:23:18,2024-09-13,6,Cancelled,Instagram,TP10OFF,10,107681.4
947,959,15,5608.0,2026-09-05 07:05:26,2027-01-26,2,Confirmed,Mobile App,,0,20934.0
948,960,61,2530.0,2026-08-11 10:24:04,2026-12-03,5,Confirmed,Referral Link,,0,95275.0
949,960,77,,2025-07-29 15:32:59,2025-09-13,4,Completed,Website,TP15OFF,15,67799.4
950,961,45,,2026-06-25 03:22:09,2026-08-24,1,Completed,Mobile App,,0,33809.0
951,963,45,,2026-08-15 23:03:58,2026-09-06,2,Completed,Website,,0,67618.0
952,963,86,9830.0,2026-07-29 08:06:44,2026-11-08,4,Confirmed,Mobile App,TP10OFF,10,27561.6
953,963,27,,2026-07-29 13:55:40,2026-11-07,3,Confirmed,Website,,0,20088.0
954,963,86,10121.0,2023-12-17 14:08:38,2023-12-22,3,Completed,Mobile App,,0,22968.0
955,963,71,14385.0,2026-09-03 20:21:17,2027-02-03,3,Pending,Mobile App,,0,18045.0
956,965,70,6520.0,2025-05-27 19:08:18,2025-06-07,5,Completed,Website,TP5OFF,5,68039.0
957,966,48,7180.0,2026-08-29 12:23:25,2026-10-12,4,Confirmed,Mobile App,TP10OFF,10,28944.0
958,966,6,,2026-07-17 13:15:57,2026-10-27,3,Pending,Website,TP15OFF,15,22498.65
959,968,27,7150.0,2026-06-21 23:19:47,2026-08-08,4,Completed,Mobile App,,0,26784.0
960,969,54,8652.0,2026-06-25 00:22:35,2026-07-30,3,Completed,Referral Link,,0,35148.0
961,970,32,,2026-07-08 23:29:32,2026-10-06,2,Confirmed,Referral Link,TP5OFF,5,49329.7
962,971,7,7766.0,2026-07-27 21:56:33,2027-01-18,1,Cancelled,Website,TP20OFF,20,10455.2
963,971,25,,2026-06-11 06:36:49,2026-11-06,1,Cancelled,Website,,0,11853.0
964,973,3,1944.0,2025-09-15 04:15:00,2025-10-28,4,Completed,Mobile App,,0,26084.0
965,973,80,14690.0,2024-01-06 03:10:16,2024-02-21,5,Completed,Website,,0,32085.0
966,974,10,,2026-05-03 23:54:59,2026-06-19,1,Completed,Referral Link,,0,9472.0
967,979,1,3132.0,2025-05-17 08:11:15,2025-06-27,3,Completed,Mobile App,TP10OFF,10,29664.9
968,981,29,,2026-08-07 10:41:04,2026-11-11,4,Confirmed,Referral Link,TP10OFF,10,108993.6
969,982,97,875.0,2026-08-14 19:20:07,2027-01-21,3,Confirmed,Website,,0,50877.0
970,983,14,,2025-10-06 15:24:14,2025-11-06,2,Completed,Instagram,,0,76406.0
971,984,37,4001.0,2026-03-27 17:39:22,2026-05-13,2,Completed,Website,,0,75482.0
972,986,96,,2026-09-01 04:13:48,2026-12-31,5,Confirmed,Website,,0,109055.0
973,989,7,12093.0,2025-10-25 15:49:50,2025-12-07,3,Completed,Mobile App,TP5OFF,5,37246.65
974,990,39,,2025-09-08 13:09:14,2025-10-24,5,Completed,Website,,0,35890.0
975,992,87,12804.0,2026-08-05 00:04:55,2026-12-06,3,Confirmed,Mobile App,,0,65310.0
976,995,58,8983.0,2026-06-16 05:50:05,2026-11-23,3,Confirmed,Website,,0,36483.0
977,997,91,7939.0,2024-01-03 17:40:54,2024-02-28,3,Completed,Website,,0,38862.0
978,997,97,12116.0,2026-08-29 00:49:44,2026-12-10,4,Pending,Website,,0,67836.0
979,1001,22,12680.0,2025-07-20 23:20:20,2025-09-07,4,Completed,Referral Link,,0,36252.0
980,1002,44,1275.0,2026-06-28 01:36:55,2026-12-10,2,Confirmed,Instagram,TP10OFF,10,12042.0
981,1004,10,,2026-08-20 17:36:33,2026-09-13,3,Confirmed,Mobile App,,0,28416.0
982,1004,54,,2026-08-07 06:30:05,2027-01-29,4,Confirmed,Website,,0,46864.0
983,1006,66,,2025-09-02 19:58:53,2025-09-09,5,Completed,Mobile App,,0,155530.0
984,1006,75,13289.0,2025-12-17 18:24:39,2026-01-28,6,Completed,Mobile App,,0,130212.0
985,1007,39,,2024-07-02 07:37:38,2024-07-16,3,Completed,Website,TP15OFF,15,18303.9
986,1008,28,2861.0,2023-09-30 12:58:20,2023-10-17,2,Completed,Website,,0,18710.0
987,1008,16,,2026-08-28 08:29:29,2026-10-16,2,Confirmed,Website,,0,21852.0
988,1010,34,963.0,2024-07-27 23:17:41,2024-08-16,2,Completed,Referral Link,,0,19786.0
989,1010,79,5903.0,2026-08-24 19:12:33,2027-02-14,2,Pending,Referral Link,,0,19384.0
990,1012,47,7372.0,2026-07-20 14:24:54,2026-11-27,2,Confirmed,Referral Link,TP10OFF,10,54594.0
991,1013,77,1906.0,2026-07-11 22:26:23,2026-12-15,3,Confirmed,Website,TP10OFF,10,53840.7
992,1013,26,14631.0,2026-08-22 15:47:32,2026-10-13,4,Confirmed,Website,,0,103828.0
993,1014,12,6094.0,2024-01-10 01:18:06,2024-01-30,2,Completed,Mobile App,,0,20698.0
994,1015,73,425.0,2024-09-19 18:54:37,2024-10-26,6,Completed,Mobile App,TP15OFF,15,131758.5
995,1017,66,,2025-01-15 10:21:42,2025-02-04,5,Completed,Mobile App,TP10OFF,10,139977.0
996,1019,32,,2023-12-29 06:04:50,2024-01-22,2,Cancelled,Website,,0,51926.0
997,1020,75,,2026-08-31 15:03:09,2026-12-12,3,Confirmed,Website,,0,65106.0
998,1023,56,7617.0,2026-06-19 03:25:56,2026-07-04,2,Completed,Mobile App,TP5OFF,5,31965.6
999,1023,64,,2026-01-24 11:18:33,2026-02-12,2,Completed,Mobile App,,0,32386.0
1000,1025,84,11392.0,2026-06-21 01:55:55,2026-11-23,3,Confirmed,Mobile App,TP15OFF,15,55493.1
1001,1026,39,13572.0,2024-10-31 18:25:48,2024-11-30,2,Cancelled,Mobile App,,0,14356.0
1002,1026,34,1657.0,2026-08-30 14:14:02,2026-10-11,5,Confirmed,Mobile App,,0,49465.0
1003,1027,10,14053.0,2026-06-18 09:46:31,2026-07-05,1,Completed,Instagram,TP10OFF,10,8524.8
1004,1028,3,,2024-04-08 15:53:58,2024-04-25,4,Cancelled,Mobile App,,0,26084.0
1005,1028,43,,2026-07-09 09:36:55,2026-08-09,2,Completed,Mobile App,,0,22378.0
1006,1029,43,,2026-03-05 06:52:15,2026-03-30,2,Completed,Website,,0,22378.0
1007,1033,96,,2024-07-05 19:34:42,2024-08-03,4,Completed,Website,TP5OFF,5,82881.8
1008,1034,11,1096.0,2026-07-16 22:57:51,2026-11-25,4,Confirmed,Mobile App,,0,113336.0
1009,1034,78,,2025-01-11 15:30:00,2025-02-17,3,Cancelled,Mobile App,,0,60522.0
1010,1034,21,,2026-06-25 16:28:17,2026-08-09,5,Completed,Website,,0,37045.0
1011,1034,37,10019.0,2026-08-07 02:20:51,2026-10-05,3,Confirmed,Mobile App,TP10OFF,10,101900.7
1012,1034,17,,2024-05-13 21:55:23,2024-07-12,3,Cancelled,Referral Link,TP15OFF,15,103433.1
1013,1034,9,,2026-06-13 15:52:26,2026-10-10,3,Cancelled,Mobile App,,0,30108.0
1014,1035,36,,2026-07-29 05:00:14,2026-11-15,2,Confirmed,Mobile App,TP20OFF,20,68980.8
1015,1035,52,13350.0,2023-09-17 07:06:16,2023-10-02,3,Completed,Mobile App,,0,92097.0
1016,1036,16,,2026-07-28 09:52:10,2026-09-16,4,Confirmed,Website,,0,43704.0
1017,1037,25,,2026-07-09 08:32:05,2026-10-10,2,Confirmed,Mobile App,TP5OFF,5,22520.7
1018,1038,65,,2026-06-18 06:55:55,2026-11-25,4,Confirmed,Mobile App,TP20OFF,20,56121.6
1019,1039,2,,2026-03-15 15:42:03,2026-05-04,2,Completed,Website,TP15OFF,15,56207.1
1020,1041,6,,2024-12-21 21:21:55,2025-01-31,3,Completed,Website,TP10OFF,10,23822.1
1021,1044,87,,2024-12-04 23:13:04,2024-12-10,6,Completed,Website,TP15OFF,15,111027.0
1022,1045,32,1503.0,2026-06-14 22:05:30,2026-07-28,4,Completed,Website,,0,103852.0
1023,1046,44,,2024-09-26 08:15:38,2024-11-18,2,Completed,Mobile App,,0,13380.0
1024,1048,30,,2025-09-03 20:39:34,2025-10-18,3,Completed,Website,TP10OFF,10,24397.2
1025,1049,26,,2026-08-05 11:01:26,2026-08-15,4,Completed,Mobile App,TP5OFF,5,98636.6
1026,1050,25,,2026-07-31 18:19:12,2026-10-27,1,Confirmed,Mobile App,TP5OFF,5,11260.35
1027,1050,4,,2026-06-08 17:52:00,2026-09-04,3,Completed,Website,,0,25359.0
1028,1052,59,,2024-11-22 04:13:25,2025-01-20,4,Completed,Mobile App,,0,80344.0
1029,1055,81,,2024-04-23 00:05:26,2024-04-28,4,Completed,Mobile App,TP10OFF,10,90997.2
1030,1056,85,,2026-08-29 04:22:23,2027-02-17,2,Confirmed,Website,,0,17088.0
1031,1060,87,,2025-11-04 00:06:54,2025-12-16,5,Completed,Mobile App,,0,108850.0
1032,1060,56,7477.0,2025-06-05 15:40:11,2025-07-09,1,Completed,Mobile App,,0,16824.0
1033,1061,15,,2025-06-27 06:30:17,2025-08-18,4,Completed,Website,TP5OFF,5,39774.6
1034,1061,29,,2026-07-02 19:22:32,2026-11-24,4,Cancelled,Mobile App,,0,121104.0
1035,1062,15,2015.0,2026-08-03 03:04:57,2026-11-26,2,Confirmed,Website,TP10OFF,10,18840.6
1036,1063,28,3749.0,2026-06-12 01:28:49,2026-07-08,2,Completed,Mobile App,,0,18710.0
1037,1064,22,,2026-06-17 03:45:34,2026-10-09,3,Pending,Mobile App,TP5OFF,5,25829.55
1038,1067,94,11709.0,2026-08-29 05:46:54,2026-11-13,4,Confirmed,Mobile App,,0,49284.0
1039,1067,65,13925.0,2026-09-03 05:56:14,2027-02-13,3,Cancelled,Website,,0,52614.0
1040,1067,54,9429.0,2026-07-01 09:28:41,2026-07-21,2,Completed,Referral Link,,0,23432.0
1041,1067,44,,2024-06-26 05:07:28,2024-07-11,2,Completed,Instagram,,0,13380.0
1042,1068,11,2480.0,2026-08-25 06:46:40,2027-01-25,2,Confirmed,Mobile App,,0,56668.0
1043,1069,7,,2025-04-16 07:04:41,2025-05-01,1,Completed,Website,TP5OFF,5,12415.55
1044,1069,16,,2026-08-09 00:53:15,2026-12-12,4,Confirmed,Website,TP10OFF,10,39333.6
1045,1069,13,1804.0,2025-12-17 21:05:23,2026-02-14,4,Completed,Instagram,TP5OFF,5,40941.2
1046,1069,85,7274.0,2023-11-23 10:53:43,2024-01-03,3,Completed,Website,,0,25632.0
1047,1070,49,,2026-06-21 12:18:04,2026-11-06,2,Confirmed,Website,TP10OFF,10,20890.8
1048,1071,15,,2025-10-11 21:58:18,2025-11-05,4,Cancelled,Mobile App,,0,41868.0
1049,1071,26,,2026-08-18 07:17:00,2026-11-30,3,Confirmed,Mobile App,,0,77871.0
1050,1072,10,,2023-09-18 09:44:57,2023-10-20,3,Completed,Mobile App,TP5OFF,5,26995.2
1051,1073,33,7706.0,2026-02-27 00:31:46,2026-04-09,2,Completed,Website,TP5OFF,5,21038.7
1052,1076,13,13150.0,2026-08-04 13:17:36,2026-10-10,4,Cancelled,Mobile App,,0,43096.0
1053,1077,49,11786.0,2026-08-06 12:05:55,2026-11-04,3,Confirmed,Website,TP5OFF,5,33077.1
1054,1078,39,,2026-08-28 09:38:38,2026-11-24,2,Confirmed,Mobile App,,0,14356.0
1055,1079,6,,2025-11-27 04:03:21,2025-12-02,5,Cancelled,Instagram,TP15OFF,15,37497.75
1056,1081,26,,2023-11-08 07:45:56,2023-12-23,2,Cancelled,Website,TP10OFF,10,46722.6
1057,1082,17,9523.0,2026-03-31 14:05:44,2026-04-22,4,Completed,Mobile App,,0,162248.0
1058,1082,17,12817.0,2026-08-15 01:33:19,2027-01-12,4,Confirmed,Website,TP15OFF,15,137910.8
1059,1083,62,,2026-07-16 11:05:19,2026-08-30,3,Completed,Website,TP15OFF,15,47651.85
1060,1083,34,3502.0,2025-11-14 00:57:40,2025-12-08,2,Completed,Mobile App,TP15OFF,15,16818.1
1061,1084,19,8196.0,2026-03-26 04:44:19,2026-05-02,2,Completed,Website,TP5OFF,5,16790.3
1062,1084,96,9944.0,2026-08-02 02:28:27,2026-09-26,3,Confirmed,Mobile App,TP5OFF,5,62161.35
1063,1087,22,8061.0,2026-07-03 18:28:47,2026-11-23,4,Pending,Instagram,,0,36252.0
1064,1088,16,1892.0,2024-03-09 09:21:36,2024-04-29,4,Completed,Instagram,,0,43704.0
1065,1089,13,,2025-06-10 03:11:17,2025-06-23,1,Completed,Instagram,,0,10774.0
1066,1089,96,1429.0,2026-06-19 23:39:48,2026-08-22,2,Cancelled,Instagram,,0,43622.0
1067,1089,82,,2024-10-27 11:31:50,2024-11-21,3,Cancelled,Website,,0,29538.0
1068,1089,13,,2024-12-20 11:06:11,2025-02-08,2,Cancelled,Mobile App,TP5OFF,5,20470.6
1069,1089,34,3391.0,2026-06-24 05:48:43,2026-08-15,2,Completed,Mobile App,,0,19786.0
1070,1089,4,11270.0,2025-11-22 20:37:26,2026-01-13,1,Completed,Mobile App,TP15OFF,15,7185.05
1071,1092,27,,2026-07-12 08:09:17,2026-10-18,5,Confirmed,Mobile App,,0,33480.0
1072,1093,76,5754.0,2026-07-03 12:09:13,2026-10-05,1,Confirmed,Website,TP15OFF,15,13126.55
1073,1094,32,10187.0,2026-06-14 04:55:07,2026-10-13,4,Confirmed,Mobile App,,0,103852.0
1074,1094,90,8299.0,2026-08-21 18:46:00,2026-09-16,4,Confirmed,Mobile App,,0,83056.0
1075,1095,22,751.0,2026-06-18 05:34:15,2026-10-08,1,Confirmed,Referral Link,,0,9063.0
1076,1097,10,,2026-06-26 17:47:39,2026-11-23,3,Confirmed,Website,,0,28416.0
1077,1099,76,2458.0,2026-07-06 08:37:31,2026-12-30,4,Confirmed,Website,,0,61772.0
1078,1102,10,,2026-07-26 07:34:32,2027-01-06,1,Confirmed,Mobile App,TP10OFF,10,8524.8
1079,1104,22,,2026-07-24 16:16:02,2026-11-09,3,Confirmed,Website,TP5OFF,5,25829.55
1080,1106,86,,2024-04-01 23:11:53,2024-04-26,2,Completed,Website,,0,15312.0
1081,1106,58,,2026-06-08 17:10:04,2026-07-06,2,Completed,Referral Link,,0,24322.0
1082,1107,39,104.0,2026-07-15 20:15:14,2026-08-07,3,Completed,Website,,0,21534.0
1083,1109,34,,2026-04-15 03:12:50,2026-04-29,5,Completed,Mobile App,TP10OFF,10,44518.5
1084,1110,38,10620.0,2024-05-13 01:01:19,2024-07-01,5,Completed,Website,,0,40165.0
1085,1112,42,,2024-11-30 23:09:10,2025-01-07,2,Completed,Website,TP10OFF,10,69690.6
1086,1112,69,,2026-06-28 15:11:52,2026-12-17,6,Confirmed,Referral Link,,0,141960.0
1087,1112,87,,2025-10-19 13:49:05,2025-11-28,5,Completed,Mobile App,,0,108850.0
1088,1114,94,7336.0,2026-07-12 00:28:36,2026-07-24,3,Completed,Website,TP5OFF,5,35114.85
1089,1114,63,,2026-06-24 18:27:17,2026-12-13,2,Confirmed,Mobile App,,0,33952.0
1090,1118,54,,2026-07-15 15:08:50,2026-12-21,4,Pending,Mobile App,TP15OFF,15,39834.4
1091,1121,3,,2026-06-14 13:02:16,2026-08-07,2,Completed,Mobile App,,0,13042.0
1092,1124,73,3085.0,2024-01-26 11:41:04,2024-03-05,4,Completed,Mobile App,,0,103340.0
1093,1124,59,,2026-06-25 17:10:54,2026-12-04,4,Confirmed,Mobile App,TP15OFF,15,68292.4
1094,1124,73,,2026-06-15 12:24:54,2026-07-13,4,Cancelled,Website,,0,103340.0
1095,1124,61,,2026-06-17 04:29:07,2026-09-29,5,Confirmed,Website,,0,95275.0
1096,1124,68,,2026-08-11 01:37:45,2026-09-26,3,Confirmed,Mobile App,,0,69420.0
1097,1124,77,11136.0,2026-08-22 00:45:08,2027-02-14,6,Confirmed,Mobile App,,0,119646.0
1098,1125,22,,2024-03-28 03:52:32,2024-04-17,3,Completed,Mobile App,,0,27189.0
1099,1125,13,4960.0,2026-08-18 17:28:28,2026-10-24,4,Confirmed,Mobile App,TP5OFF,5,40941.2
1100,1125,13,8599.0,2023-11-27 08:10:53,2023-12-31,1,Completed,Website,,0,10774.0
1101,1127,80,2935.0,2026-07-11 20:46:13,2026-11-02,3,Confirmed,Website,TP15OFF,15,16363.35
1102,1127,34,12632.0,2026-06-21 19:06:17,2026-10-05,2,Confirmed,Website,TP15OFF,15,16818.1
1103,1127,10,13622.0,2026-08-09 22:20:42,2026-08-20,1,Completed,Website,,0,9472.0
1104,1127,63,4290.0,2026-09-03 14:32:28,2027-02-16,2,Pending,Mobile App,TP5OFF,5,32254.4
1105,1127,70,,2024-09-02 00:58:15,2024-10-30,3,Completed,Website,,0,42972.0
1106,1128,33,3354.0,2026-08-11 14:46:26,2026-12-24,4,Confirmed,Referral Link,,0,44292.0
1107,1129,26,,2026-07-11 16:41:07,2026-08-24,4,Completed,Website,,0,103828.0
1108,1129,93,,2025-03-28 01:17:28,2025-05-26,3,Completed,Mobile App,TP5OFF,5,51243.0
1109,1132,2,,2026-03-05 02:24:07,2026-03-13,4,Cancelled,Website,TP5OFF,5,125639.4
1110,1133,75,1641.0,2026-07-23 22:36:13,2027-01-19,6,Confirmed,Website,TP10OFF,10,117190.8
1111,1134,68,6286.0,2026-03-03 11:15:19,2026-04-25,3,Completed,Mobile App,TP5OFF,5,65949.0
1112,1135,69,2514.0,2025-03-02 10:21:49,2025-04-20,6,Completed,Mobile App,TP10OFF,10,127764.0
1113,1138,58,4463.0,2026-08-15 00:16:22,2027-01-29,3,Confirmed,Mobile App,,0,36483.0
1114,1140,24,3593.0,2026-02-26 13:30:52,2026-03-24,4,Cancelled,Website,,0,38356.0
1115,1140,71,,2025-07-23 15:24:28,2025-08-14,2,Completed,Website,,0,12030.0
1116,1140,71,,2026-08-05 09:35:07,2027-01-21,4,Confirmed,Mobile App,TP5OFF,5,22857.0
1117,1141,70,,2026-08-08 11:08:28,2026-08-29,2,Completed,Instagram,,0,28648.0
1118,1142,97,8891.0,2025-05-12 03:30:05,2025-06-14,2,Completed,Website,,0,33918.0
1119,1144,88,12308.0,2026-07-14 08:23:25,2026-12-08,4,Confirmed,Mobile App,,0,32444.0
1120,1145,89,11222.0,2026-08-14 20:45:32,2026-10-13,2,Cancelled,Referral Link,TP5OFF,5,15785.2
1121,1146,75,,2026-08-10 13:18:43,2026-10-29,6,Confirmed,Instagram,,0,130212.0
1122,1147,88,5790.0,2026-08-02 02:19:48,2026-11-06,2,Confirmed,Referral Link,TP15OFF,15,13788.7
1123,1149,44,14848.0,2026-08-21 01:09:21,2026-09-03,5,Completed,Website,,0,33450.0
1124,1151,32,,2026-07-16 22:24:39,2026-10-29,3,Confirmed,Referral Link,,0,77889.0
1125,1151,78,12973.0,2026-02-20 15:43:31,2026-03-21,5,Completed,Website,,0,100870.0
1126,1152,96,,2026-07-15 12:35:44,2026-11-07,1,Confirmed,Website,,0,21811.0
1127,1153,8,,2024-08-23 23:57:15,2024-09-18,3,Completed,Website,,0,104274.0
1128,1153,74,,2026-06-26 02:07:44,2026-08-04,4,Cancelled,Mobile App,,0,43364.0
1129,1153,74,,2024-10-08 23:58:07,2024-10-14,4,Completed,Website,,0,43364.0
1130,1153,51,,2026-06-21 02:43:45,2026-07-22,2,Completed,Website,TP10OFF,10,66126.6
1131,1153,14,,2026-07-27 11:33:44,2026-12-31,4,Confirmed,Website,TP10OFF,10,137530.8
1132,1153,17,13110.0,2026-06-15 14:17:39,2026-07-26,3,Completed,Referral Link,TP10OFF,10,109517.4
1133,1154,10,,2024-06-01 15:25:22,2024-07-31,4,Completed,Website,,0,37888.0
1134,1154,79,5498.0,2026-07-22 07:36:41,2026-08-25,5,Completed,Instagram,,0,48460.0
1135,1155,9,13811.0,2026-07-02 17:39:57,2026-09-24,3,Confirmed,Referral Link,TP15OFF,15,25591.8
1136,1156,52,14462.0,2026-08-24 04:47:03,2026-12-25,3,Pending,Website,TP15OFF,15,78282.45
1137,1156,64,,2026-02-23 09:54:20,2026-03-19,4,Completed,Website,,0,64772.0
1138,1157,66,,2026-07-05 14:25:32,2026-10-28,3,Confirmed,Website,,0,93318.0
1139,1157,73,,2026-04-26 08:49:03,2026-05-07,3,Completed,Mobile App,,0,77505.0
1140,1159,5,1598.0,2026-07-17 03:25:24,2026-11-21,4,Confirmed,Mobile App,,0,162620.0
1141,1159,36,2115.0,2026-06-20 18:58:56,2026-09-26,2,Confirmed,Mobile App,TP20OFF,20,68980.8
1142,1159,69,,2026-07-10 18:03:45,2026-08-01,3,Completed,Mobile App,TP10OFF,10,63882.0
1143,1160,34,,2026-08-22 10:38:54,2026-12-20,3,Cancelled,Mobile App,,0,29679.0
1144,1160,82,,2026-08-23 02:42:19,2026-10-22,5,Pending,Mobile App,,0,49230.0
1145,1160,10,1855.0,2023-12-07 18:51:07,2023-12-22,4,Cancelled,Referral Link,,0,37888.0
1146,1161,5,,2026-07-22 09:14:40,2026-08-24,4,Completed,Website,TP5OFF,5,154489.0
1147,1162,72,,2025-11-19 22:09:06,2025-12-19,4,Completed,Instagram,TP5OFF,5,42244.6
1148,1163,18,,2026-07-03 20:27:16,2026-11-27,2,Confirmed,Mobile App,,0,12424.0
1149,1164,34,,2023-12-26 14:03:32,2024-01-28,2,Completed,Referral Link,,0,19786.0
1150,1164,34,,2026-05-15 22:26:58,2026-07-12,4,Completed,Website,TP5OFF,5,37593.4
1151,1166,58,3370.0,2026-07-27 10:10:14,2027-01-14,3,Confirmed,Instagram,TP15OFF,15,31010.55
1152,1167,19,2985.0,2026-08-24 12:07:45,2027-01-02,4,Confirmed,Website,,0,35348.0
1153,1167,28,,2026-06-19 16:09:28,2026-07-24,3,Completed,Website,TP20OFF,20,22452.0
1154,1168,54,6371.0,2025-06-29 04:01:46,2025-08-13,5,Cancelled,Website,TP5OFF,5,55651.0
1155,1168,70,,2025-11-20 06:15:00,2025-11-29,3,Completed,Website,TP5OFF,5,40823.4
1156,1169,82,9161.0,2025-11-26 22:59:06,2025-12-14,4,Completed,Mobile App,,0,39384.0
1157,1170,7,,2026-01-17 00:07:09,2026-01-25,1,Completed,Website,TP15OFF,15,11108.65
1158,1171,11,9654.0,2026-07-23 06:14:45,2026-10-19,2,Confirmed,Mobile App,,0,56668.0
1159,1171,20,2006.0,2026-08-10 15:13:06,2026-12-13,3,Pending,Website,,0,109815.0
1160,1171,74,1207.0,2025-12-20 21:47:37,2026-02-01,5,Completed,Mobile App,TP5OFF,5,51494.75
1161,1171,31,,2026-06-18 00:43:29,2026-11-25,2,Confirmed,Mobile App,,0,80496.0
1162,1171,64,,2026-08-22 08:03:31,2027-02-09,2,Confirmed,Website,,0,32386.0
1163,1172,73,,2026-08-04 22:03:15,2027-01-03,5,Confirmed,Website,,0,129175.0
1164,1172,77,9222.0,2025-08-04 08:33:06,2025-09-18,4,Cancelled,Mobile App,TP20OFF,20,63811.2
1165,1174,92,11537.0,2026-06-13 08:25:55,2026-08-22,4,Completed,Mobile App,,0,29628.0
1166,1174,21,14586.0,2026-07-21 10:46:24,2026-08-23,2,Completed,Referral Link,TP10OFF,10,13336.2
1167,1175,20,3230.0,2026-06-24 10:42:28,2026-07-25,2,Completed,Website,,0,73210.0
1168,1175,29,7932.0,2026-08-02 16:46:04,2027-01-19,3,Confirmed,Website,TP5OFF,5,86286.6
1169,1176,21,6197.0,2024-06-02 16:42:14,2024-07-10,5,Completed,Referral Link,TP5OFF,5,35192.75
1170,1181,21,7608.0,2026-06-24 13:42:28,2026-12-17,4,Confirmed,Mobile App,TP5OFF,5,28154.2
1171,1183,57,,2026-06-11 12:53:04,2026-09-27,3,Confirmed,Instagram,TP5OFF,5,66521.85
1172,1184,83,,2026-07-08 06:46:50,2026-09-17,2,Confirmed,Website,TP10OFF,10,17236.8
1173,1185,1,,2025-09-02 13:49:53,2025-09-22,3,Completed,Mobile App,,0,32961.0
1174,1187,95,5503.0,2026-08-18 02:08:30,2026-10-06,2,Confirmed,Mobile App,,0,14620.0
1175,1187,60,3397.0,2024-02-08 14:03:51,2024-02-23,3,Completed,Website,,0,38715.0
1176,1187,91,14737.0,2026-01-12 07:38:24,2026-02-17,2,Cancelled,Website,TP5OFF,5,24612.6
1177,1187,34,,2024-11-09 00:26:35,2024-12-26,2,Completed,Website,TP10OFF,10,17807.4
1178,1188,64,10547.0,2025-09-30 19:26:34,2025-11-10,4,Completed,Website,,0,64772.0
1179,1189,92,,2026-06-24 01:28:16,2026-12-12,4,Pending,Mobile App,,0,29628.0
1180,1191,11,,2026-06-26 03:00:17,2026-09-17,3,Confirmed,Mobile App,,0,85002.0
1181,1191,52,2908.0,2026-06-19 23:21:22,2026-09-04,4,Completed,Mobile App,,0,122796.0
1182,1194,91,4252.0,2026-08-07 15:52:01,2026-11-04,3,Cancelled,Website,,0,38862.0
1183,1194,85,6584.0,2026-06-17 10:54:31,2026-11-05,5,Confirmed,Website,,0,42720.0
1184,1194,4,,2026-07-17 03:49:44,2026-10-06,4,Confirmed,Website,,0,33812.0
1185,1194,96,7522.0,2026-07-20 09:59:43,2026-08-28,2,Completed,Referral Link,TP5OFF,5,41440.9
1186,1194,82,8209.0,2026-07-20 02:13:57,2026-08-08,2,Completed,Instagram,TP5OFF,5,18707.4
1187,1194,13,,2024-09-02 02:24:47,2024-10-27,3,Completed,Mobile App,TP5OFF,5,30705.9
1188,1195,19,9348.0,2026-08-24 22:11:35,2026-09-12,3,Pending,Website,,0,26511.0
1189,1195,74,,2025-03-21 06:27:04,2025-05-05,4,Completed,Instagram,,0,43364.0
1190,1196,24,,2026-09-03 13:53:38,2026-12-09,3,Confirmed,Website,,0,28767.0
1191,1200,28,,2026-07-06 10:16:59,2026-08-02,4,Completed,Website,,0,37420.0
1192,1201,47,10277.0,2026-06-19 02:25:21,2026-08-13,3,Completed,Website,,0,90990.0
1193,1202,70,10313.0,2026-08-07 14:05:37,2026-09-06,3,Cancelled,Website,TP5OFF,5,40823.4
1194,1205,51,8017.0,2024-06-24 12:59:21,2024-08-13,2,Completed,Website,TP10OFF,10,66126.6
1195,1206,81,7625.0,2026-06-25 03:37:06,2026-09-06,5,Completed,Website,,0,126385.0
1196,1209,5,6164.0,2026-07-23 01:41:08,2026-08-05,2,Cancelled,Website,,0,81310.0
1197,1209,68,,2026-07-27 12:44:24,2026-10-04,4,Confirmed,Mobile App,,0,92560.0
1198,1211,24,5080.0,2026-07-06 20:34:59,2026-10-15,5,Confirmed,Mobile App,,0,47945.0
1199,1212,9,,2026-06-16 11:49:41,2026-09-30,4,Cancelled,Website,,0,40144.0
1200,1213,3,8032.0,2026-08-19 14:20:40,2026-10-23,2,Confirmed,Website,,0,13042.0
1201,1213,30,14113.0,2026-07-06 01:06:20,2026-09-26,3,Cancelled,Mobile App,,0,27108.0
1202,1214,75,,2024-04-13 17:39:00,2024-04-19,5,Completed,Website,,0,108510.0
1203,1215,65,,2026-06-16 16:28:32,2026-11-15,1,Confirmed,Mobile App,,0,17538.0
1204,1215,41,,2025-03-13 02:19:37,2025-04-25,2,Cancelled,Website,,0,97660.0
1205,1216,40,6606.0,2026-03-15 14:20:09,2026-03-23,2,Completed,Mobile App,,0,66298.0
1206,1217,6,,2025-03-29 18:18:01,2025-04-17,3,Completed,Website,,0,26469.0
1207,1217,9,,2023-12-31 02:07:30,2024-02-04,4,Completed,Mobile App,TP5OFF,5,38136.8
1208,1219,60,,2024-12-07 23:17:49,2024-12-29,4,Completed,Mobile App,,0,51620.0
1209,1220,54,,2026-08-15 22:41:39,2027-01-27,2,Confirmed,Website,,0,23432.0
1210,1220,4,,2024-02-28 05:51:16,2024-04-02,4,Completed,Instagram,,0,33812.0
1211,1224,52,,2026-01-30 04:57:31,2026-02-16,2,Cancelled,Mobile App,,0,61398.0
1212,1225,7,,2026-08-15 21:53:55,2026-12-14,2,Cancelled,Mobile App,,0,26138.0
1213,1226,11,,2026-06-28 19:28:04,2026-10-25,4,Pending,Website,TP5OFF,5,107669.2
1214,1226,53,7481.0,2026-05-16 21:47:22,2026-05-21,5,Completed,Referral Link,,0,57685.0
1215,1227,47,7606.0,2026-08-17 09:58:41,2026-08-27,4,Completed,Referral Link,,0,121320.0
1216,1228,90,,2024-12-19 04:21:29,2025-02-10,6,Completed,Mobile App,TP10OFF,10,112125.6
1217,1229,4,8795.0,2026-05-04 02:36:09,2026-06-27,4,Completed,Instagram,,0,33812.0
1218,1229,28,1758.0,2025-04-17 11:40:24,2025-06-02,1,Completed,Mobile App,TP5OFF,5,8887.25
1219,1232,30,942.0,2025-06-06 19:34:56,2025-06-16,4,Completed,Website,,0,36144.0
1220,1232,86,8541.0,2024-01-03 11:24:31,2024-02-06,4,Cancelled,Website,,0,30624.0
1221,1234,29,11224.0,2026-09-03 20:28:55,2026-12-12,4,Confirmed,Mobile App,,0,121104.0
1222,1236,44,,2026-06-17 13:46:10,2026-10-13,3,Confirmed,Mobile App,TP5OFF,5,19066.5
1223,1237,51,,2026-06-11 08:30:51,2026-06-28,2,Completed,Website,,0,73474.0
1224,1237,84,6153.0,2026-09-03 01:05:49,2027-01-14,5,Pending,Mobile App,TP10OFF,10,97929.0
1225,1237,84,,2025-05-11 22:04:44,2025-06-07,5,Completed,Mobile App,,0,108810.0
1226,1237,64,,2026-08-27 16:59:20,2026-10-01,5,Pending,Website,,0,80965.0
1227,1238,87,,2023-09-17 01:17:37,2023-11-04,3,Completed,Mobile App,TP10OFF,10,58779.0
1228,1239,75,1305.0,2026-05-30 23:15:27,2026-06-17,6,Completed,Website,,0,130212.0
1229,1241,48,,2026-07-31 13:55:15,2026-08-29,5,Completed,Mobile App,TP15OFF,15,34170.0
1230,1241,27,,2026-07-01 11:41:07,2026-09-16,2,Cancelled,Website,,0,13392.0
1231,1244,28,,2024-03-18 02:37:33,2024-05-11,2,Cancelled,Mobile App,,0,18710.0
1232,1245,90,,2024-08-31 04:14:23,2024-10-18,6,Completed,Mobile App,TP10OFF,10,112125.6
1233,1246,96,,2026-07-01 16:36:53,2026-08-19,5,Completed,Mobile App,TP5OFF,5,103602.25
1234,1247,15,9160.0,2026-06-14 10:03:33,2026-11-20,4,Confirmed,Mobile App,TP20OFF,20,33494.4
1235,1247,71,,2023-09-30 02:35:34,2023-10-25,4,Cancelled,Website,TP20OFF,20,19248.0
1236,1248,91,,2026-07-12 11:40:14,2026-10-21,4,Confirmed,Mobile App,TP5OFF,5,49225.2
1237,1249,37,7376.0,2026-06-24 21:33:48,2026-11-25,3,Pending,Website,,0,113223.0
1238,1250,16,2802.0,2026-03-26 02:24:02,2026-05-02,1,Completed,Website,,0,10926.0
1239,1251,37,,2026-07-12 14:16:56,2026-11-04,4,Confirmed,Referral Link,TP5OFF,5,143415.8
1240,1251,18,,2023-12-04 17:09:30,2024-01-29,3,Completed,Mobile App,TP20OFF,20,14908.8
1241,1253,65,1933.0,2026-09-04 03:58:38,2027-02-10,2,Confirmed,Mobile App,,0,35076.0
1242,1253,74,13467.0,2026-08-14 23:32:03,2026-10-16,2,Confirmed,Website,,0,21682.0
1243,1254,75,8605.0,2025-05-17 21:22:58,2025-05-25,6,Completed,Mobile App,,0,130212.0
1244,1254,61,,2026-06-21 03:01:43,2026-08-14,6,Completed,Referral Link,TP5OFF,5,108613.5
1245,1255,94,3594.0,2026-08-09 15:57:06,2026-11-01,4,Confirmed,Website,TP10OFF,10,44355.6
1246,1255,79,,2026-07-26 10:38:22,2026-09-28,3,Confirmed,Mobile App,,0,29076.0
1247,1255,79,13299.0,2025-04-02 11:43:58,2025-05-09,3,Completed,Mobile App,,0,29076.0
1248,1255,88,,2026-08-27 06:25:31,2026-12-05,2,Confirmed,Mobile App,,0,16222.0
1249,1255,91,13478.0,2026-06-18 23:24:40,2026-07-15,4,Completed,Website,,0,51816.0
1250,1255,44,2910.0,2026-06-21 17:04:58,2026-10-08,4,Confirmed,Instagram,,0,26760.0
1251,1256,34,12965.0,2026-09-06 01:02:27,2027-02-01,5,Confirmed,Mobile App,,0,49465.0
1252,1259,1,,2026-08-19 06:10:34,2026-10-01,2,Pending,Website,TP10OFF,10,19776.6
1253,1259,71,11291.0,2026-06-09 17:49:18,2026-06-22,5,Completed,Mobile App,,0,30075.0
1254,1260,21,,2026-07-30 01:21:25,2026-10-14,5,Confirmed,Website,,0,37045.0
1255,1260,30,13508.0,2026-07-21 00:06:02,2026-10-02,5,Confirmed,Website,,0,45180.0
1256,1261,87,1400.0,2024-09-23 00:08:14,2024-10-13,4,Completed,Website,,0,87080.0
1257,1261,2,1016.0,2024-09-09 14:34:45,2024-10-23,2,Completed,Referral Link,TP10OFF,10,59513.4
1258,1263,87,,2026-08-17 12:02:05,2027-02-01,6,Confirmed,Website,TP15OFF,15,111027.0
1259,1267,84,388.0,2026-06-17 05:17:43,2026-10-08,6,Confirmed,Referral Link,TP15OFF,15,110986.2
1260,1268,25,1631.0,2025-02-14 12:42:20,2025-03-07,1,Completed,Mobile App,,0,11853.0
1261,1269,14,3246.0,2026-09-04 02:17:44,2026-10-31,4,Confirmed,Mobile App,,0,152812.0
1262,1273,62,4889.0,2024-05-09 23:50:15,2024-07-08,4,Completed,Referral Link,,0,74748.0
1263,1274,39,,2026-07-13 03:31:17,2026-08-13,4,Completed,Website,,0,28712.0
1264,1275,19,,2026-06-10 07:41:17,2026-07-06,4,Completed,Website,,0,35348.0
1265,1277,23,5601.0,2026-06-11 06:31:05,2026-07-31,2,Completed,Website,TP20OFF,20,62369.6
1266,1279,1,1332.0,2023-09-18 14:05:24,2023-10-21,3,Completed,Website,,0,32961.0
1267,1281,42,5455.0,2025-07-16 20:45:54,2025-08-19,2,Completed,Website,TP10OFF,10,69690.6
1268,1283,68,9300.0,2025-02-25 04:22:59,2025-03-07,4,Completed,Website,,0,92560.0
1269,1284,81,12717.0,2024-09-20 10:28:38,2024-11-05,3,Completed,Website,,0,75831.0
1270,1284,66,,2023-10-10 10:17:24,2023-11-21,4,Cancelled,Mobile App,TP5OFF,5,118202.8
1271,1284,26,,2025-04-21 20:27:42,2025-05-14,4,Completed,Mobile App,TP5OFF,5,98636.6
1272,1284,37,,2026-06-19 22:11:04,2026-07-17,4,Completed,Website,,0,150964.0
1273,1286,8,,2026-07-10 21:29:53,2026-10-31,4,Confirmed,Website,,0,139032.0
1274,1286,67,,2026-06-12 21:05:39,2026-11-16,4,Cancelled,Mobile App,TP10OFF,10,60224.4
1275,1289,62,2054.0,2026-08-02 06:54:09,2027-01-02,4,Confirmed,Website,,0,74748.0
1276,1293,77,5099.0,2026-06-26 02:07:14,2026-09-07,4,Pending,Website,TP10OFF,10,71787.6
1277,1294,5,,2026-07-15 21:43:31,2026-09-26,2,Confirmed,Mobile App,,0,81310.0
1278,1294,64,8051.0,2024-04-06 01:36:30,2024-04-21,4,Completed,Website,TP5OFF,5,61533.4
1279,1294,65,,2026-06-22 02:11:51,2026-10-19,5,Confirmed,Mobile App,,0,87690.0
1280,1294,93,13470.0,2024-12-06 22:09:37,2025-01-22,5,Completed,Website,,0,89900.0
1281,1294,64,,2024-09-11 19:38:11,2024-10-01,5,Completed,Website,TP10OFF,10,72868.5
1282,1295,95,,2026-08-04 17:51:01,2027-01-21,2,Confirmed,Website,TP10OFF,10,13158.0
1283,1295,67,9150.0,2024-01-29 11:14:07,2024-03-24,3,Completed,Mobile App,TP15OFF,15,42658.95
1284,1297,77,13560.0,2026-08-29 00:33:01,2026-10-16,5,Confirmed,Website,,0,99705.0
1285,1301,44,,2024-09-20 22:08:36,2024-09-26,3,Completed,Website,,0,20070.0
1286,1301,16,,2026-07-04 15:56:09,2026-07-17,3,Cancelled,Referral Link,,0,32778.0
1287,1302,41,,2024-06-30 10:47:07,2024-08-02,2,Completed,Website,,0,97660.0
1288,1303,61,,2026-06-17 11:17:25,2026-07-19,5,Completed,Website,,0,95275.0
1289,1304,66,10859.0,2026-08-07 09:42:27,2026-11-09,4,Confirmed,Mobile App,TP10OFF,10,111981.6
1290,1305,83,108.0,2025-12-29 04:22:34,2026-02-08,4,Cancelled,Referral Link,TP15OFF,15,32558.4
1291,1305,85,,2026-07-01 17:26:17,2026-11-26,3,Confirmed,Mobile App,,0,25632.0
1292,1306,49,,2023-10-11 11:03:01,2023-11-03,2,Completed,Mobile App,,0,23212.0
1293,1307,77,,2026-07-22 16:49:46,2026-11-19,5,Confirmed,Mobile App,TP10OFF,10,89734.5
1294,1309,57,,2025-05-05 09:07:50,2025-05-14,4,Completed,Instagram,,0,93364.0
1295,1310,50,10987.0,2026-08-27 07:36:23,2026-10-03,2,Confirmed,Website,,0,39034.0
1296,1310,15,3486.0,2025-10-17 15:07:05,2025-11-17,3,Completed,Instagram,TP5OFF,5,29830.95
1297,1310,92,6903.0,2024-11-18 16:16:14,2024-12-10,3,Cancelled,Website,TP5OFF,5,21109.95
1298,1311,44,,2025-03-18 08:54:05,2025-04-25,5,Completed,Mobile App,TP5OFF,5,31777.5
1299,1314,67,,2026-06-29 20:07:33,2026-09-28,5,Cancelled,Mobile App,,0,83645.0
1300,1314,70,,2026-08-31 10:31:46,2027-01-09,2,Confirmed,Mobile App,,0,28648.0
1301,1315,73,14359.0,2026-07-08 12:31:37,2026-09-23,4,Confirmed,Website,,0,103340.0
1302,1317,3,,2026-07-02 16:17:57,2026-10-23,2,Confirmed,Mobile App,,0,13042.0
1303,1319,21,,2026-08-07 06:49:27,2026-11-09,3,Cancelled,Referral Link,TP5OFF,5,21115.65
1304,1319,29,,2024-01-11 16:40:49,2024-01-26,3,Cancelled,Website,TP15OFF,15,77203.8
1305,1321,57,8776.0,2026-07-08 16:42:05,2026-10-29,4,Confirmed,Website,TP10OFF,10,84027.6
1306,1323,9,,2026-08-20 15:46:16,2027-02-06,3,Confirmed,Mobile App,,0,30108.0
1307,1325,30,,2026-08-25 04:51:15,2027-02-16,4,Confirmed,Website,,0,36144.0
1308,1328,22,11718.0,2026-06-16 13:50:55,2026-07-02,1,Completed,Website,,0,9063.0
1309,1328,70,,2026-08-07 21:18:48,2026-10-04,5,Confirmed,Website,,0,71620.0
1310,1330,47,11577.0,2025-07-13 23:46:14,2025-07-18,2,Completed,Mobile App,,0,60660.0
1311,1332,76,,2024-02-05 12:22:51,2024-03-25,3,Completed,Mobile App,,0,46329.0
1312,1332,46,,2026-07-26 18:20:28,2026-12-01,2,Confirmed,Website,,0,60886.0
1313,1336,54,11855.0,2025-04-22 11:35:21,2025-06-06,3,Cancelled,Referral Link,,0,35148.0
1314,1336,49,1283.0,2025-02-18 18:40:56,2025-03-06,2,Cancelled,Website,TP5OFF,5,22051.4
1315,1337,1,,2026-06-24 21:38:13,2026-08-15,1,Completed,Mobile App,,0,10987.0
1316,1337,34,,2026-07-15 14:20:39,2026-10-29,2,Confirmed,Mobile App,,0,19786.0
1317,1340,70,14954.0,2026-08-02 23:41:39,2027-01-09,4,Confirmed,Instagram,,0,57296.0
1318,1342,97,7055.0,2026-02-02 11:04:34,2026-03-03,2,Cancelled,Mobile App,,0,33918.0
1319,1343,94,3529.0,2026-06-26 16:27:16,2026-07-22,3,Completed,Instagram,TP5OFF,5,35114.85
1320,1344,94,1948.0,2026-02-18 04:49:08,2026-02-25,2,Completed,Referral Link,,0,24642.0
1321,1344,22,14245.0,2023-10-28 13:39:31,2023-11-24,2,Completed,Website,,0,18126.0
1322,1346,44,6159.0,2026-06-29 18:47:04,2026-11-21,2,Confirmed,Mobile App,TP5OFF,5,12711.0
1323,1346,25,,2023-11-26 02:36:51,2023-12-02,3,Completed,Mobile App,TP15OFF,15,30225.15
1324,1347,93,,2026-07-24 01:53:30,2026-09-28,5,Pending,Website,TP10OFF,10,80910.0
1325,1347,42,,2025-05-14 21:24:02,2025-06-14,4,Completed,Website,TP5OFF,5,147124.6
1326,1348,20,,2026-08-08 13:43:07,2026-10-22,3,Confirmed,Mobile App,TP10OFF,10,98833.5
1327,1349,12,,2026-07-09 00:20:06,2026-08-18,4,Cancelled,Instagram,,0,41396.0
1328,1350,55,,2026-07-21 12:02:42,2026-08-03,2,Cancelled,Website,TP10OFF,10,43425.0
1329,1350,27,6325.0,2026-06-14 02:27:19,2026-09-26,4,Pending,Website,,0,26784.0
1330,1350,21,14231.0,2023-11-18 06:11:57,2023-12-14,4,Completed,Website,,0,29636.0
1331,1350,55,,2024-10-29 22:05:37,2024-12-07,2,Completed,Mobile App,TP10OFF,10,43425.0
1332,1351,73,,2026-07-26 20:36:42,2026-11-02,4,Confirmed,Website,,0,103340.0
1333,1352,94,8766.0,2025-03-09 08:51:53,2025-04-09,4,Completed,Instagram,TP5OFF,5,46819.8
1334,1352,19,9021.0,2026-06-23 07:00:36,2026-12-10,3,Cancelled,Website,,0,26511.0
1335,1353,94,,2026-07-07 23:07:58,2026-12-30,2,Confirmed,Website,,0,24642.0
1336,1354,35,14802.0,2023-10-04 13:23:45,2023-10-22,1,Completed,Website,TP15OFF,15,26352.55
1337,1357,1,,2024-08-30 10:36:01,2024-10-24,3,Completed,Website,,0,32961.0
1338,1358,12,6393.0,2026-07-29 01:06:09,2026-10-09,2,Confirmed,Website,,0,20698.0
1339,1359,30,6580.0,2026-06-14 19:56:43,2026-08-27,5,Cancelled,Website,TP20OFF,20,36144.0
1340,1360,57,,2025-01-25 16:28:13,2025-02-03,6,Completed,Referral Link,,0,140046.0
1341,1361,25,13757.0,2026-02-26 21:23:31,2026-04-27,2,Completed,Website,TP5OFF,5,22520.7
1342,1362,21,,2026-03-22 02:50:51,2026-04-05,5,Completed,Referral Link,TP15OFF,15,31488.25
1343,1362,42,,2025-09-01 15:04:46,2025-10-14,4,Completed,Mobile App,,0,154868.0
1344,1366,80,4112.0,2026-07-27 19:15:53,2026-12-17,4,Confirmed,Mobile App,,0,25668.0
1345,1367,13,,2026-09-04 11:05:56,2026-10-14,4,Pending,Website,,0,43096.0
1346,1367,85,,2025-07-27 08:12:22,2025-08-27,2,Completed,Website,TP20OFF,20,13670.4
1347,1370,91,,2026-08-28 06:26:14,2026-11-26,4,Confirmed,Mobile App,,0,51816.0
1348,1371,52,,2026-06-26 17:47:58,2026-09-23,3,Confirmed,Website,,0,92097.0
1349,1376,39,,2023-11-05 16:14:54,2023-11-22,4,Completed,Mobile App,TP5OFF,5,27276.4
1350,1377,13,,2026-08-24 01:38:22,2026-09-26,4,Confirmed,Mobile App,,0,43096.0
1351,1378,79,,2024-07-25 22:46:37,2024-07-30,3,Completed,Referral Link,,0,29076.0
1352,1379,49,,2025-10-04 18:58:03,2025-10-22,5,Completed,Website,TP20OFF,20,46424.0
1353,1379,58,5453.0,2026-07-21 17:10:47,2026-11-19,5,Confirmed,Instagram,TP15OFF,15,51684.25
1354,1380,28,13962.0,2024-01-05 22:34:46,2024-01-12,2,Completed,Mobile App,,0,18710.0
1355,1380,10,6535.0,2026-08-06 07:17:50,2026-11-14,1,Confirmed,Mobile App,TP10OFF,10,8524.8
1356,1380,97,,2026-09-06 01:49:49,2026-11-19,5,Confirmed,Mobile App,TP15OFF,15,72075.75
1357,1381,58,11809.0,2026-06-23 06:43:20,2026-10-03,5,Confirmed,Website,TP15OFF,15,51684.25
1358,1381,81,,2025-04-02 01:22:34,2025-05-11,4,Completed,Website,TP5OFF,5,96052.6
1359,1385,69,7517.0,2026-01-06 10:32:18,2026-01-15,5,Completed,Website,,0,118300.0
1360,1390,86,12482.0,2025-07-07 05:47:31,2025-09-05,2,Completed,Website,,0,15312.0
1361,1390,45,3172.0,2026-08-30 08:17:24,2026-10-07,1,Confirmed,Referral Link,,0,33809.0
1362,1391,49,14227.0,2025-08-16 15:11:19,2025-10-01,3,Completed,Website,,0,34818.0
1363,1391,39,3406.0,2026-07-24 06:50:37,2027-01-13,5,Pending,Instagram,TP5OFF,5,34095.5
1364,1393,86,,2025-07-25 03:52:49,2025-08-22,2,Completed,Mobile App,,0,15312.0
1365,1395,21,,2025-02-05 20:13:52,2025-02-16,3,Completed,Referral Link,TP10OFF,10,20004.3
1366,1399,7,10599.0,2026-07-27 02:42:31,2026-11-25,1,Confirmed,Website,TP5OFF,5,12415.55
1367,1400,7,,2024-08-01 16:59:22,2024-08-09,1,Completed,Mobile App,,0,13069.0
1368,1401,87,4919.0,2026-06-29 11:33:55,2026-08-02,6,Completed,Website,,0,130620.0
1369,1404,30,4503.0,2026-06-12 10:34:19,2026-09-18,3,Confirmed,Mobile App,TP10OFF,10,24397.2
1370,1404,27,753.0,2026-06-22 23:27:07,2026-12-16,2,Confirmed,Mobile App,,0,13392.0
1371,1404,42,3466.0,2026-08-20 03:07:46,2026-09-18,2,Confirmed,Website,TP20OFF,20,61947.2
1372,1404,69,,2025-04-06 18:43:14,2025-04-27,3,Completed,Website,,0,70980.0
1373,1407,64,,2026-03-06 19:58:51,2026-03-17,2,Completed,Website,,0,32386.0
1374,1407,29,,2026-07-27 15:49:30,2026-09-03,4,Completed,Website,TP10OFF,10,108993.6
1375,1408,51,,2026-05-19 21:04:50,2026-07-03,2,Completed,Website,,0,73474.0
1376,1409,25,1539.0,2025-05-29 22:17:50,2025-06-04,2,Completed,Website,,0,23706.0
1377,1414,66,7059.0,2024-06-13 12:06:22,2024-07-06,6,Completed,Website,,0,186636.0
1378,1414,73,1848.0,2026-07-30 08:08:48,2026-09-11,6,Confirmed,Mobile App,TP15OFF,15,131758.5
1379,1415,44,2661.0,2024-06-02 20:26:18,2024-07-13,5,Completed,Website,TP20OFF,20,26760.0
1380,1416,5,7850.0,2023-09-08 20:44:33,2023-09-14,2,Completed,Website,,0,81310.0
1381,1416,8,11965.0,2026-06-30 08:56:36,2026-07-24,3,Cancelled,Website,,0,104274.0
1382,1419,38,1540.0,2025-10-05 05:18:36,2025-11-18,5,Completed,Referral Link,TP15OFF,15,34140.25
1383,1420,68,,2024-05-01 15:59:17,2024-05-26,4,Completed,Instagram,TP5OFF,5,87932.0
1384,1420,77,3646.0,2026-07-05 09:00:31,2026-12-29,4,Pending,Website,,0,79764.0
1385,1422,69,12997.0,2026-08-06 19:18:06,2026-11-03,3,Confirmed,Mobile App,,0,70980.0
1386,1424,39,11023.0,2026-07-23 07:42:19,2026-10-28,2,Confirmed,Instagram,,0,14356.0
1387,1426,82,,2024-01-17 14:47:03,2024-02-10,2,Completed,Website,,0,19692.0
1388,1427,47,4388.0,2025-03-30 08:55:44,2025-04-12,3,Completed,Mobile App,,0,90990.0
1389,1428,51,,2026-08-26 13:28:00,2026-10-10,2,Confirmed,Website,TP5OFF,5,69800.3
1390,1430,2,,2026-06-18 07:52:07,2026-08-27,2,Cancelled,Mobile App,,0,66126.0
1391,1431,51,,2025-05-11 06:24:31,2025-06-15,2,Completed,Website,,0,73474.0
1392,1432,9,,2026-03-21 01:52:56,2026-05-01,3,Completed,Mobile App,TP15OFF,15,25591.8
1393,1434,44,,2023-12-09 01:50:54,2023-12-25,2,Cancelled,Mobile App,,0,13380.0
1394,1434,28,,2025-06-24 14:54:29,2025-07-12,3,Completed,Referral Link,,0,28065.0
1395,1435,75,,2026-08-05 18:16:20,2027-01-13,6,Confirmed,Mobile App,,0,130212.0
1396,1436,92,9780.0,2024-05-12 03:38:18,2024-06-06,2,Completed,Mobile App,,0,14814.0
1397,1437,50,,2026-06-21 17:55:31,2026-11-05,2,Pending,Website,,0,39034.0
1398,1438,77,11323.0,2026-08-22 03:25:02,2027-01-13,4,Cancelled,Mobile App,,0,79764.0
1399,1440,66,,2026-08-16 05:37:54,2026-10-29,4,Confirmed,Website,TP10OFF,10,111981.6
1400,1441,80,,2024-03-29 03:03:27,2024-04-22,3,Completed,Website,TP10OFF,10,17325.9
1401,1443,47,,2026-09-04 12:40:53,2026-11-06,3,Confirmed,Website,,0,90990.0
1402,1443,15,6321.0,2026-08-05 19:56:31,2026-12-03,4,Confirmed,Mobile App,,0,41868.0
1403,1444,14,,2023-12-18 01:06:26,2024-01-08,2,Cancelled,Mobile App,TP10OFF,10,68765.4
1404,1444,11,,2026-08-17 22:38:22,2026-11-23,3,Confirmed,Website,TP10OFF,10,76501.8
1405,1444,8,,2024-08-10 11:48:37,2024-09-20,2,Completed,Mobile App,,0,69516.0
1406,1445,13,8860.0,2026-08-19 03:00:17,2026-12-23,2,Confirmed,Mobile App,,0,21548.0
1407,1446,3,9496.0,2026-06-23 01:40:01,2026-10-25,4,Confirmed,Mobile App,,0,26084.0
1408,1449,97,,2025-12-30 23:06:55,2026-01-19,4,Completed,Website,,0,67836.0
1409,1450,66,14038.0,2025-07-01 23:00:19,2025-07-29,5,Cancelled,Mobile App,,0,155530.0
1410,1450,73,9679.0,2024-08-08 21:52:54,2024-09-14,3,Completed,Mobile App,TP5OFF,5,73629.75
1411,1450,73,1645.0,2026-08-19 19:13:53,2026-11-23,3,Confirmed,Instagram,TP10OFF,10,69754.5
1412,1450,73,4772.0,2025-04-26 09:41:50,2025-06-25,5,Completed,Referral Link,,0,129175.0
1413,1451,96,,2024-12-29 20:35:41,2025-02-04,2,Completed,Referral Link,,0,43622.0
1414,1452,75,,2023-09-07 18:00:18,2023-10-21,4,Completed,Website,,0,86808.0
1415,1453,10,4464.0,2026-08-22 00:13:57,2027-02-11,1,Cancelled,Mobile App,TP20OFF,20,7577.6
1416,1454,14,12088.0,2025-10-31 04:30:07,2025-11-12,2,Completed,Referral Link,,0,76406.0
1417,1455,12,10624.0,2025-09-27 08:41:56,2025-10-03,2,Completed,Website,TP10OFF,10,18628.2
1418,1455,66,,2026-08-27 04:37:22,2027-02-16,3,Confirmed,Website,TP5OFF,5,88652.1
1419,1455,21,,2026-07-06 05:04:58,2026-09-06,4,Completed,Website,TP15OFF,15,25190.6
1420,1455,12,10257.0,2026-07-14 21:35:08,2026-11-24,2,Pending,Mobile App,,0,20698.0
1421,1455,87,,2026-06-09 08:31:08,2026-10-16,3,Confirmed,Mobile App,TP10OFF,10,58779.0
1422,1459,54,5312.0,2026-07-12 23:07:16,2026-08-18,4,Completed,Referral Link,,0,46864.0
1423,1460,79,,2026-07-05 22:43:05,2026-09-11,4,Confirmed,Referral Link,,0,38768.0
1424,1462,54,,2026-08-21 19:17:00,2026-11-17,5,Confirmed,Referral Link,,0,58580.0
1425,1462,19,,2024-03-25 20:09:30,2024-05-10,3,Completed,Mobile App,,0,26511.0
1426,1463,75,6934.0,2026-07-30 01:18:36,2027-01-09,5,Confirmed,Mobile App,,0,108510.0
1427,1464,28,,2026-08-08 20:48:05,2026-10-07,1,Confirmed,Website,,0,9355.0
1428,1465,29,13079.0,2026-06-28 09:37:49,2026-08-18,3,Completed,Mobile App,TP15OFF,15,77203.8
1429,1465,6,,2026-07-23 13:48:59,2026-10-17,3,Confirmed,Referral Link,,0,26469.0
1430,1466,12,3328.0,2026-08-12 00:38:32,2026-12-05,2,Confirmed,Website,,0,20698.0
1431,1467,84,,2025-07-09 23:58:36,2025-08-01,5,Completed,Referral Link,,0,108810.0
1432,1469,28,7021.0,2025-07-15 03:44:04,2025-08-10,3,Completed,Mobile App,,0,28065.0
1433,1472,18,,2024-11-30 14:14:57,2024-12-19,3,Cancelled,Mobile App,TP5OFF,5,17704.2
1434,1475,77,,2026-09-03 09:04:38,2026-10-05,3,Pending,Website,,0,59823.0
1435,1476,43,,2026-07-01 05:07:21,2026-07-12,5,Completed,Website,,0,55945.0
1436,1476,18,,2026-07-11 12:02:08,2026-09-25,5,Confirmed,Website,TP20OFF,20,24848.0
1437,1479,49,4497.0,2024-03-31 12:55:05,2024-04-29,2,Cancelled,Mobile App,TP10OFF,10,20890.8
1438,1480,37,9930.0,2025-07-01 18:39:56,2025-07-23,4,Cancelled,Website,,0,150964.0
1439,1481,96,,2026-07-15 07:31:23,2026-09-30,2,Confirmed,Mobile App,,0,43622.0
1440,1482,11,,2026-06-23 15:03:33,2026-10-16,4,Confirmed,Mobile App,,0,113336.0
1441,1485,66,,2026-06-21 12:13:58,2026-12-12,6,Confirmed,Mobile App,,0,186636.0
1442,1485,66,14149.0,2026-08-05 19:52:14,2026-12-26,4,Pending,Mobile App,,0,124424.0
1443,1485,59,6019.0,2025-10-28 00:09:20,2025-11-14,3,Completed,Website,TP10OFF,10,54232.2
1444,1485,73,8568.0,2026-08-26 02:17:59,2026-10-21,3,Cancelled,Mobile App,TP20OFF,20,62004.0
1445,1485,59,,2026-07-31 20:40:50,2027-01-11,6,Confirmed,Website,,0,120516.0
1446,1485,57,,2026-08-30 01:43:44,2026-12-24,6,Confirmed,Mobile App,,0,140046.0
1447,1486,60,,2024-10-28 21:32:59,2024-12-08,2,Completed,Mobile App,TP5OFF,5,24519.5
1448,1486,11,,2026-08-29 10:32:41,2026-09-09,3,Confirmed,Website,,0,85002.0
1449,1487,19,3782.0,2026-08-18 02:46:29,2026-10-06,3,Confirmed,Website,TP15OFF,15,22534.35
1450,1489,63,,2026-07-09 01:34:17,2026-08-23,5,Completed,Instagram,,0,84880.0
1451,1490,87,8601.0,2026-07-22 04:22:41,2026-10-16,5,Confirmed,Instagram,,0,108850.0
1452,1490,6,,2024-02-23 18:29:20,2024-03-01,3,Completed,Referral Link,TP20OFF,20,21175.2
1453,1495,12,,2024-08-26 01:11:42,2024-10-24,2,Completed,Website,,0,20698.0
1454,1496,13,,2026-06-18 10:08:14,2026-08-05,1,Completed,Instagram,,0,10774.0
1455,1497,8,,2023-09-11 15:36:09,2023-10-02,2,Completed,Mobile App,,0,69516.0
1456,1498,42,,2026-09-03 00:01:02,2027-02-28,4,Confirmed,Website,,0,154868.0
1457,1499,19,11464.0,2026-07-08 04:13:34,2026-09-15,4,Confirmed,Website,TP5OFF,5,33580.6
1458,1500,53,,2026-06-12 11:10:29,2026-10-07,2,Pending,Website,,0,23074.0
1459,1501,4,,2026-07-01 18:14:35,2026-08-30,1,Completed,Website,TP15OFF,15,7185.05
1460,1501,25,,2026-01-26 19:35:49,2026-02-28,1,Cancelled,Mobile App,,0,11853.0
1461,1503,9,,2026-09-03 07:06:04,2026-12-30,2,Confirmed,Instagram,TP10OFF,10,18064.8
1462,1504,54,,2026-07-01 21:55:54,2026-12-19,4,Confirmed,Website,,0,46864.0
1463,1504,91,,2026-07-29 23:23:41,2026-08-13,3,Completed,Website,,0,38862.0
1464,1504,49,,2026-06-28 02:49:45,2026-07-21,3,Completed,Website,,0,34818.0
1465,1504,96,430.0,2025-06-20 14:18:18,2025-07-15,2,Completed,Website,,0,43622.0
1466,1504,13,,2026-08-30 21:01:22,2026-11-07,3,Cancelled,Mobile App,,0,32322.0
1467,1506,29,,2026-06-20 07:39:08,2026-10-22,3,Cancelled,Instagram,,0,90828.0
1468,1506,18,,2024-11-18 02:17:45,2024-11-26,4,Completed,Mobile App,,0,24848.0
1469,1507,60,7013.0,2026-08-09 11:27:10,2026-12-09,5,Confirmed,Website,,0,64525.0
1470,1511,75,,2026-07-11 04:44:08,2026-08-14,3,Completed,Mobile App,,0,65106.0
1471,1511,9,,2026-06-25 07:01:16,2026-08-01,4,Completed,Website,,0,40144.0
1472,1511,26,,2026-08-05 06:01:03,2026-10-30,2,Confirmed,Website,TP15OFF,15,44126.9
1473,1511,12,,2026-07-06 10:22:23,2026-09-28,4,Confirmed,Referral Link,,0,41396.0
1474,1511,3,3048.0,2026-08-07 04:40:03,2027-01-25,3,Cancelled,Instagram,,0,19563.0
1475,1511,73,8092.0,2026-07-07 18:53:37,2026-11-22,5,Cancelled,Mobile App,,0,129175.0
1476,1514,49,773.0,2026-07-24 05:34:58,2026-08-28,5,Completed,Website,,0,58030.0
1477,1515,75,,2026-08-23 02:39:53,2027-01-02,6,Pending,Mobile App,,0,130212.0
1478,1519,61,2189.0,2023-09-17 03:09:55,2023-11-13,6,Completed,Website,,0,114330.0
1479,1520,26,,2026-08-15 22:36:15,2027-01-15,4,Confirmed,Mobile App,TP20OFF,20,83062.4
1480,1522,26,,2026-06-14 09:50:44,2026-11-20,2,Confirmed,Instagram,,0,51914.0
1481,1522,2,,2024-03-02 01:23:09,2024-04-03,4,Completed,Website,TP15OFF,15,112414.2
1482,1525,51,11184.0,2026-07-24 03:05:52,2026-10-04,2,Confirmed,Website,TP15OFF,15,62452.9
1483,1526,62,,2026-07-20 04:26:06,2026-09-24,3,Confirmed,Referral Link,,0,56061.0
1484,1527,44,876.0,2026-08-23 06:56:51,2027-01-26,4,Confirmed,Instagram,,0,26760.0
1485,1528,16,10284.0,2026-08-23 03:02:21,2026-12-11,2,Confirmed,Website,,0,21852.0
1486,1529,91,,2024-01-18 16:13:27,2024-02-24,5,Completed,Mobile App,TP5OFF,5,61531.5
1487,1529,79,,2024-02-16 15:56:13,2024-03-09,5,Completed,Mobile App,TP15OFF,15,41191.0
1488,1529,82,7280.0,2024-10-18 05:14:19,2024-12-07,2,Completed,Mobile App,TP10OFF,10,17722.8
1489,1529,7,,2026-06-15 00:01:58,2026-08-09,4,Completed,Mobile App,TP5OFF,5,49662.2
1490,1530,49,423.0,2026-06-16 15:17:26,2026-08-02,5,Completed,Mobile App,,0,58030.0
1491,1530,82,,2026-04-30 09:50:46,2026-06-27,3,Completed,Instagram,TP5OFF,5,28061.1
1492,1531,4,,2026-07-29 19:03:56,2026-11-28,1,Confirmed,Website,,0,8453.0
1493,1532,2,,2026-07-28 12:47:56,2026-08-18,4,Cancelled,Instagram,TP20OFF,20,105801.6
1494,1533,66,9039.0,2026-01-13 12:31:33,2026-02-23,5,Cancelled,Website,,0,155530.0
1495,1535,68,6713.0,2026-07-29 21:15:02,2027-01-22,4,Confirmed,Mobile App,,0,92560.0
1496,1535,18,14198.0,2026-08-24 20:06:04,2027-02-02,5,Confirmed,Website,TP20OFF,20,24848.0
1497,1536,68,10997.0,2026-06-12 04:17:20,2026-08-16,4,Completed,Mobile App,TP10OFF,10,83304.0
1498,1536,66,,2026-08-22 23:20:35,2026-11-29,3,Confirmed,Website,,0,93318.0
1499,1536,61,,2026-07-03 03:19:22,2026-09-15,3,Cancelled,Mobile App,,0,57165.0
1500,1536,68,8968.0,2026-08-20 01:29:17,2026-09-01,3,Completed,Mobile App,,0,69420.0
1501,1536,57,,2026-06-27 12:07:03,2026-11-14,6,Confirmed,Instagram,TP10OFF,10,126041.4
1502,1536,57,4384.0,2026-07-10 09:48:24,2026-08-11,4,Completed,Instagram,TP5OFF,5,88695.8
1503,1537,42,13936.0,2026-08-20 15:54:32,2026-12-23,3,Confirmed,Mobile App,,0,116151.0
1504,1537,78,5517.0,2026-01-08 12:41:45,2026-01-22,3,Completed,Instagram,,0,60522.0
1505,1538,11,,2026-07-29 12:26:57,2026-10-10,2,Pending,Mobile App,TP5OFF,5,53834.6
1506,1539,85,9008.0,2024-05-23 10:13:12,2024-07-04,2,Cancelled,Website,,0,17088.0
1507,1540,91,1738.0,2024-05-19 21:56:07,2024-06-24,2,Completed,Mobile App,,0,25908.0
1508,1541,79,,2026-08-27 11:12:38,2026-10-25,3,Confirmed,Mobile App,TP15OFF,15,24714.6
1509,1542,84,,2026-07-20 03:27:23,2027-01-03,5,Confirmed,Mobile App,,0,108810.0
1510,1544,79,7601.0,2025-09-01 08:46:44,2025-09-22,5,Cancelled,Website,TP5OFF,5,46037.0
1511,1547,92,4679.0,2025-07-12 01:02:17,2025-09-02,3,Completed,Website,,0,22221.0
1512,1548,80,336.0,2026-09-03 11:40:00,2026-10-25,2,Confirmed,Website,,0,12834.0
1513,1550,29,11753.0,2026-07-25 05:31:24,2026-12-01,4,Confirmed,Instagram,TP15OFF,15,102938.4
1514,1550,18,5981.0,2026-08-29 12:04:28,2026-11-24,2,Confirmed,Website,,0,12424.0
1515,1551,81,,2026-08-02 22:08:43,2027-01-23,5,Confirmed,Instagram,TP10OFF,10,113746.5
1516,1556,74,14530.0,2026-07-23 03:12:34,2026-10-15,1,Confirmed,Website,,0,10841.0
1517,1556,65,,2026-08-06 16:41:00,2026-08-22,2,Completed,Mobile App,,0,35076.0
1518,1557,58,,2026-02-08 01:29:08,2026-03-14,5,Completed,Website,TP15OFF,15,51684.25
1519,1559,40,,2026-07-30 21:07:37,2026-12-09,2,Pending,Instagram,,0,66298.0
1520,1560,70,12591.0,2025-07-23 03:01:32,2025-08-29,2,Cancelled,Instagram,TP10OFF,10,25783.2
1521,1561,59,,2024-10-03 11:54:12,2024-10-22,4,Completed,Referral Link,,0,80344.0
1522,1562,76,10249.0,2023-11-23 18:05:24,2024-01-05,5,Completed,Website,,0,77215.0
1523,1562,93,2070.0,2026-07-25 01:47:49,2026-11-21,4,Confirmed,Website,,0,71920.0
1524,1563,5,,2026-08-11 23:44:22,2027-01-04,3,Confirmed,Website,TP5OFF,5,115866.75
1525,1564,22,,2026-07-11 15:04:04,2026-10-01,4,Confirmed,Mobile App,TP5OFF,5,34439.4
1526,1565,67,4473.0,2026-06-18 00:31:05,2026-11-02,4,Confirmed,Mobile App,,0,66916.0
1527,1566,86,,2023-12-27 16:37:50,2024-01-09,4,Completed,Website,,0,30624.0
1528,1566,40,,2025-10-19 23:57:39,2025-10-28,2,Cancelled,Website,,0,66298.0
1529,1566,33,11755.0,2026-06-26 06:21:11,2026-07-12,4,Completed,Website,,0,44292.0
1530,1566,18,12996.0,2026-09-05 05:45:01,2026-10-29,3,Pending,Mobile App,TP15OFF,15,15840.6
1531,1567,19,,2026-08-25 20:59:55,2027-01-09,3,Confirmed,Mobile App,,0,26511.0
1532,1571,49,10216.0,2025-09-24 20:08:22,2025-11-01,3,Completed,Mobile App,,0,34818.0
1533,1571,85,,2026-07-05 06:21:09,2026-07-17,3,Completed,Instagram,,0,25632.0
1534,1577,91,4287.0,2024-11-26 16:50:33,2024-12-10,4,Completed,Instagram,TP10OFF,10,46634.4
1535,1577,7,1401.0,2024-03-14 12:03:17,2024-03-30,3,Completed,Website,,0,39207.0
1536,1579,61,9224.0,2025-10-21 16:30:29,2025-12-20,6,Completed,Website,,0,114330.0
1537,1579,77,,2025-05-29 17:51:01,2025-07-13,4,Completed,Website,,0,79764.0
1538,1581,71,8578.0,2024-10-01 23:52:08,2024-10-13,3,Cancelled,Instagram,TP20OFF,20,14436.0
1539,1581,67,5117.0,2026-07-22 14:59:25,2027-01-10,4,Confirmed,Website,TP10OFF,10,60224.4
1540,1581,70,,2026-03-01 17:10:59,2026-03-10,5,Completed,Referral Link,,0,71620.0
1541,1581,34,3748.0,2026-09-01 07:14:02,2027-01-11,5,Confirmed,Website,,0,49465.0
1542,1581,97,,2025-02-21 21:23:11,2025-03-16,5,Completed,Website,,0,84795.0
1543,1582,55,,2025-07-29 01:34:16,2025-09-14,2,Completed,Referral Link,,0,48250.0
1544,1584,3,556.0,2024-08-12 09:20:03,2024-09-27,4,Completed,Referral Link,,0,26084.0
1545,1586,32,12516.0,2026-08-04 05:07:12,2026-09-28,2,Confirmed,Website,,0,51926.0
1546,1587,22,10124.0,2024-12-19 22:04:12,2024-12-27,3,Completed,Website,TP5OFF,5,25829.55
1547,1587,4,,2026-09-06 13:47:59,2026-12-07,3,Confirmed,Instagram,,0,25359.0
1548,1588,75,6078.0,2025-05-18 11:34:19,2025-06-01,5,Cancelled,Mobile App,,0,108510.0
1549,1588,73,,2026-06-22 14:29:27,2026-11-28,5,Confirmed,Mobile App,TP10OFF,10,116257.5
1550,1590,61,2822.0,2024-11-06 04:23:53,2024-12-31,4,Completed,Website,TP15OFF,15,64787.0
1551,1591,34,,2026-08-04 19:21:23,2026-11-24,2,Confirmed,Mobile App,,0,19786.0
1552,1592,47,12217.0,2026-09-04 18:35:05,2027-01-02,3,Confirmed,Website,TP20OFF,20,72792.0
1553,1593,56,1475.0,2026-06-23 05:59:11,2026-10-03,1,Pending,Mobile App,TP15OFF,15,14300.4
1554,1595,75,14213.0,2023-11-04 01:34:05,2023-11-11,5,Completed,Website,,0,108510.0
1555,1595,66,2653.0,2023-09-17 20:31:18,2023-11-04,5,Completed,Website,,0,155530.0
1556,1596,71,,2026-07-10 08:43:25,2026-07-23,4,Completed,Referral Link,TP5OFF,5,22857.0
1557,1599,77,8239.0,2026-07-12 18:17:02,2026-11-27,5,Confirmed,Instagram,,0,99705.0
1558,1600,93,4733.0,2024-09-22 04:18:36,2024-10-29,4,Cancelled,Mobile App,,0,71920.0
1559,1600,81,12273.0,2023-11-08 00:06:01,2023-11-26,3,Completed,Website,TP5OFF,5,72039.45
1560,1601,88,,2026-07-27 12:22:24,2026-10-20,4,Pending,Mobile App,,0,32444.0
1561,1604,89,,2025-09-13 23:32:38,2025-10-27,5,Cancelled,Mobile App,,0,41540.0
1562,1606,96,772.0,2026-08-04 13:36:37,2026-08-24,5,Completed,Mobile App,,0,109055.0
1563,1606,34,5069.0,2026-08-10 04:17:37,2027-01-14,3,Confirmed,Website,,0,29679.0
1564,1606,62,,2025-07-30 07:31:44,2025-08-11,2,Completed,Mobile App,,0,37374.0
1565,1606,94,,2026-07-05 04:41:34,2026-12-28,4,Cancelled,Instagram,,0,49284.0
1566,1607,42,13036.0,2026-07-10 19:21:12,2026-12-29,3,Pending,Referral Link,,0,116151.0
1567,1607,43,,2026-07-31 19:53:52,2026-11-28,5,Confirmed,Website,,0,55945.0
1568,1609,8,,2026-08-23 12:12:55,2026-11-30,3,Confirmed,Website,,0,104274.0
1569,1610,34,10951.0,2025-01-08 09:21:20,2025-02-02,5,Completed,Mobile App,,0,49465.0
1570,1613,41,6225.0,2026-07-18 09:20:24,2026-07-29,2,Completed,Website,,0,97660.0
1571,1614,88,10942.0,2023-12-25 09:21:31,2024-01-06,3,Completed,Mobile App,,0,24333.0
1572,1617,10,13243.0,2023-10-30 03:35:01,2023-11-22,2,Completed,Website,,0,18944.0
1573,1617,10,,2026-08-31 12:21:55,2027-02-11,2,Confirmed,Website,,0,18944.0
1574,1618,7,8584.0,2026-08-18 17:58:54,2026-09-28,1,Pending,Website,TP5OFF,5,12415.55
1575,1620,52,3442.0,2026-08-16 08:33:38,2027-02-05,2,Confirmed,Website,,0,61398.0
1576,1621,80,585.0,2024-12-19 15:15:51,2025-02-06,5,Completed,Website,TP10OFF,10,28876.5
1577,1621,50,613.0,2026-06-09 13:01:03,2026-12-02,1,Confirmed,Mobile App,,0,19517.0
1578,1623,89,1627.0,2026-07-16 19:46:18,2026-09-09,5,Pending,Mobile App,TP15OFF,15,35309.0
1579,1625,24,13888.0,2026-07-10 20:46:00,2026-09-14,3,Confirmed,Website,,0,28767.0
1580,1625,43,,2026-08-01 02:05:53,2026-09-19,2,Confirmed,Instagram,,0,22378.0
1581,1628,31,14797.0,2026-03-30 16:16:22,2026-04-29,2,Completed,Mobile App,TP10OFF,10,72446.4
1582,1631,60,13409.0,2026-03-20 13:12:25,2026-05-18,5,Completed,Mobile App,TP10OFF,10,58072.5
1583,1632,37,,2024-06-14 01:02:30,2024-07-24,2,Completed,Website,,0,75482.0
1584,1632,12,12979.0,2025-11-25 02:11:10,2025-12-08,2,Completed,Website,,0,20698.0
1585,1632,87,14047.0,2026-07-27 07:36:30,2026-08-31,4,Completed,Website,TP5OFF,5,82726.0
1586,1632,52,,2025-10-21 19:50:03,2025-12-05,2,Completed,Instagram,,0,61398.0
1587,1632,57,12232.0,2024-04-15 10:49:33,2024-05-16,3,Completed,Instagram,,0,70023.0
1588,1634,78,7395.0,2025-05-11 18:20:59,2025-06-21,4,Completed,Instagram,,0,80696.0
1589,1636,22,12758.0,2025-05-23 04:09:10,2025-06-04,3,Completed,Website,,0,27189.0
1590,1637,4,,2025-01-08 14:05:07,2025-01-16,2,Completed,Website,,0,16906.0
1591,1638,21,,2026-07-14 15:21:04,2026-10-13,3,Confirmed,Website,,0,22227.0
1592,1638,86,,2025-02-26 22:47:41,2025-03-29,4,Completed,Mobile App,,0,30624.0
1593,1639,3,3681.0,2025-01-05 10:10:19,2025-01-19,5,Completed,Mobile App,TP5OFF,5,30974.75
1594,1640,67,,2024-01-30 17:29:52,2024-03-13,3,Completed,Mobile App,,0,50187.0
1595,1642,88,493.0,2026-07-19 06:31:49,2026-10-20,3,Confirmed,Referral Link,,0,24333.0
1596,1647,13,,2026-06-12 00:02:20,2026-09-21,3,Confirmed,Instagram,TP10OFF,10,29089.8
1597,1648,25,,2026-06-16 05:59:47,2026-11-18,3,Confirmed,Website,,0,35559.0
1598,1656,4,395.0,2026-08-03 09:27:41,2027-01-07,2,Confirmed,Website,TP15OFF,15,14370.1
1599,1657,91,,2025-11-05 13:45:20,2025-11-27,2,Completed,Referral Link,,0,25908.0
1600,1657,92,,2026-08-20 04:56:46,2026-09-05,3,Cancelled,Website,TP15OFF,15,18887.85
1601,1657,16,13101.0,2025-08-14 12:45:44,2025-09-21,2,Completed,Mobile App,,0,21852.0
1602,1657,96,,2026-07-30 12:45:15,2026-10-19,2,Cancelled,Website,,0,43622.0
1603,1660,7,,2026-07-09 01:46:10,2026-09-19,3,Confirmed,Website,,0,39207.0
1604,1661,49,1338.0,2025-08-18 22:05:25,2025-08-31,5,Completed,Mobile App,,0,58030.0
1605,1662,84,,2026-04-26 16:46:13,2026-05-10,6,Cancelled,Instagram,,0,130572.0
1606,1663,68,,2026-09-02 11:54:51,2027-02-18,6,Confirmed,Website,,0,138840.0
1607,1664,3,,2026-08-31 19:18:38,2027-02-15,5,Pending,Mobile App,,0,32605.0
1608,1665,64,13887.0,2023-10-12 03:48:07,2023-10-23,3,Cancelled,Referral Link,,0,48579.0
1609,1667,20,,2026-07-08 16:03:50,2026-08-31,2,Completed,Website,TP5OFF,5,69549.5
1610,1668,49,,2026-01-30 05:55:46,2026-02-21,3,Cancelled,Website,,0,34818.0
1611,1668,70,,2026-07-02 01:42:20,2026-12-05,4,Confirmed,Website,,0,57296.0
1612,1668,1,11745.0,2025-12-06 02:40:53,2026-02-03,4,Completed,Mobile App,,0,43948.0
1613,1668,62,,2026-08-16 09:58:20,2027-02-03,4,Confirmed,Website,TP5OFF,5,71010.6
1614,1668,60,,2025-02-07 12:08:46,2025-02-23,1,Completed,Website,,0,12905.0
1615,1669,2,,2026-06-15 11:55:46,2026-08-28,4,Completed,Mobile App,TP5OFF,5,125639.4
1616,1670,87,,2026-07-01 18:07:22,2026-12-06,6,Confirmed,Mobile App,TP15OFF,15,111027.0
1617,1670,17,976.0,2026-08-02 14:00:57,2026-12-16,3,Confirmed,Website,,0,121686.0
1618,1670,65,3826.0,2023-11-16 05:20:11,2024-01-14,4,Completed,Website,,0,70152.0
1619,1670,56,,2026-08-10 15:28:22,2026-09-25,5,Cancelled,Mobile App,,0,84120.0
1620,1670,2,11837.0,2025-02-25 02:55:05,2025-04-15,4,Cancelled,Mobile App,,0,132252.0
1621,1671,17,,2026-08-23 04:56:31,2027-02-02,2,Confirmed,Mobile App,,0,81124.0
1622,1672,60,,2026-07-18 19:49:35,2026-10-10,1,Pending,Mobile App,TP5OFF,5,12259.75
1623,1676,96,13744.0,2026-06-24 03:19:36,2026-08-26,1,Completed,Mobile App,,0,21811.0
1624,1680,92,11426.0,2026-07-16 12:19:54,2026-09-25,2,Confirmed,Mobile App,TP20OFF,20,11851.2
1625,1682,70,4371.0,2026-07-15 08:16:45,2026-07-25,4,Completed,Website,,0,57296.0
1626,1682,65,2924.0,2024-01-15 01:51:28,2024-02-29,3,Completed,Website,,0,52614.0
1627,1682,72,,2026-07-14 21:12:15,2026-12-17,2,Confirmed,Website,,0,22234.0
1628,1682,58,,2026-07-01 10:01:51,2026-09-01,5,Completed,Website,TP5OFF,5,57764.75
1629,1682,70,,2026-06-28 01:53:30,2026-08-31,2,Cancelled,Mobile App,TP5OFF,5,27215.6
1630,1683,70,9856.0,2023-10-27 01:00:41,2023-11-09,3,Completed,Website,,0,42972.0
1631,1683,62,8768.0,2024-03-16 06:21:24,2024-04-21,4,Completed,Instagram,,0,74748.0
1632,1684,67,,2026-07-19 06:17:31,2027-01-05,5,Confirmed,Website,,0,83645.0
1633,1685,66,,2023-11-11 14:29:44,2023-12-16,4,Cancelled,Mobile App,TP10OFF,10,111981.6
1634,1686,90,,2026-07-05 09:18:37,2026-09-01,4,Completed,Mobile App,TP5OFF,5,78903.2
1635,1686,69,,2026-03-14 14:34:07,2026-03-24,6,Completed,Website,TP10OFF,10,127764.0
1636,1686,38,,2025-06-17 09:21:46,2025-08-08,4,Completed,Mobile App,,0,32132.0
1637,1686,48,7643.0,2026-07-21 08:02:07,2026-12-08,4,Confirmed,Mobile App,,0,32160.0
1638,1686,87,4037.0,2024-08-22 05:23:03,2024-09-12,4,Completed,Website,,0,87080.0
1639,1686,52,10021.0,2024-06-10 01:33:36,2024-07-01,2,Completed,Website,,0,61398.0
1640,1687,23,9094.0,2023-10-03 02:35:05,2023-11-13,2,Completed,Mobile App,TP10OFF,10,70165.8
1641,1687,72,2628.0,2026-07-14 11:16:12,2026-10-15,4,Cancelled,Instagram,,0,44468.0
1642,1689,39,,2026-07-10 19:13:16,2026-10-26,4,Confirmed,Website,TP5OFF,5,27276.4
1643,1690,22,7995.0,2026-08-09 20:56:51,2026-09-26,4,Cancelled,Website,TP20OFF,20,29001.6
1644,1690,95,,2026-09-02 15:33:08,2026-12-19,3,Confirmed,Website,TP5OFF,5,20833.5
1645,1693,59,,2026-08-22 13:33:01,2026-12-02,3,Confirmed,Website,,0,60258.0
1646,1693,32,,2026-07-07 13:37:37,2026-08-09,4,Completed,Mobile App,,0,103852.0
1647,1694,28,,2026-08-04 08:56:09,2026-10-08,2,Confirmed,Mobile App,,0,18710.0
1648,1694,10,,2026-07-11 11:57:10,2026-10-09,3,Cancelled,Website,,0,28416.0
1649,1694,79,,2026-06-12 20:03:29,2026-08-29,2,Completed,Website,,0,19384.0
1650,1694,72,,2025-06-04 01:55:16,2025-07-16,1,Completed,Website,,0,11117.0
1651,1695,74,6485.0,2026-06-20 05:40:11,2026-12-13,4,Pending,Website,,0,43364.0
1652,1695,69,,2024-09-23 00:04:51,2024-11-21,6,Completed,Website,TP5OFF,5,134862.0
1653,1695,76,6690.0,2026-06-26 11:10:12,2026-11-28,2,Confirmed,Mobile App,TP15OFF,15,26253.1
1654,1695,65,,2026-09-03 23:37:16,2026-10-11,3,Confirmed,Website,,0,52614.0
1655,1695,46,,2026-08-19 08:17:07,2026-12-22,2,Cancelled,Website,,0,60886.0
1656,1695,31,,2026-08-31 17:06:31,2026-12-24,2,Confirmed,Mobile App,TP5OFF,5,76471.2
1657,1697,88,,2024-10-13 14:01:52,2024-11-01,4,Completed,Mobile App,TP5OFF,5,30821.8
1658,1697,34,,2026-01-13 00:04:15,2026-03-04,4,Completed,Referral Link,TP10OFF,10,35614.8
1659,1697,13,,2025-11-13 09:31:07,2026-01-02,3,Completed,Mobile App,,0,32322.0
1660,1697,22,,2023-11-06 07:06:17,2023-12-01,3,Completed,Mobile App,TP10OFF,10,24470.1
1661,1700,84,,2024-05-01 07:52:47,2024-06-11,6,Cancelled,Website,,0,130572.0
1662,1701,34,878.0,2024-01-30 17:08:12,2024-02-08,3,Completed,Website,,0,29679.0
1663,1708,8,3545.0,2025-03-18 09:14:02,2025-03-23,4,Completed,Mobile App,TP10OFF,10,125128.8
1664,1708,21,,2024-11-14 00:42:35,2025-01-08,4,Completed,Mobile App,,0,29636.0
1665,1713,34,12648.0,2026-07-31 03:49:06,2026-09-22,2,Pending,Website,TP10OFF,10,17807.4
1666,1713,76,,2024-12-30 23:47:02,2025-02-04,1,Completed,Website,TP10OFF,10,13898.7
1667,1713,80,11347.0,2026-08-03 02:14:57,2026-10-25,5,Confirmed,Mobile App,TP5OFF,5,30480.75
1668,1714,42,,2026-07-14 20:16:18,2026-11-23,2,Confirmed,Website,TP15OFF,15,65818.9
1669,1718,8,,2026-04-22 14:53:02,2026-05-23,2,Completed,Website,,0,69516.0
1670,1719,90,14945.0,2025-01-05 12:39:53,2025-02-01,5,Completed,Website,,0,103820.0
1671,1721,77,,2024-12-23 06:35:41,2024-12-28,4,Completed,Mobile App,,0,79764.0
1672,1722,34,1718.0,2026-09-02 10:26:07,2026-10-12,3,Confirmed,Website,,0,29679.0
1673,1723,67,,2026-08-01 04:42:13,2026-12-15,3,Confirmed,Website,,0,50187.0
1674,1723,42,,2026-08-18 14:49:03,2026-11-19,3,Cancelled,Website,,0,116151.0
1675,1724,58,,2026-07-18 22:31:17,2026-09-15,1,Pending,Mobile App,,0,12161.0
1676,1725,62,12402.0,2026-06-20 07:02:52,2026-09-06,5,Completed,Instagram,,0,93435.0
1677,1726,87,,2025-02-17 16:55:40,2025-04-07,5,Completed,Website,,0,108850.0
1678,1726,98,7263.0,2026-08-13 09:46:37,2026-12-10,4,Confirmed,Mobile App,,0,61432.0
1679,1726,69,,2025-01-09 08:21:56,2025-02-18,3,Completed,Website,,0,70980.0
1680,1727,29,,2026-01-22 04:28:24,2026-02-16,2,Completed,Website,,0,60552.0
1681,1727,77,2969.0,2026-08-27 12:46:03,2026-09-07,4,Confirmed,Mobile App,,0,79764.0
1682,1727,87,7324.0,2026-07-23 14:14:47,2026-10-20,6,Confirmed,Website,TP10OFF,10,117558.0
1683,1727,81,4.0,2025-12-09 18:17:52,2026-02-03,5,Completed,Website,,0,126385.0
1684,1727,42,,2023-10-11 00:55:29,2023-11-10,3,Completed,Mobile App,TP10OFF,10,104535.9
1685,1728,19,,2025-02-12 19:46:29,2025-04-13,2,Completed,Mobile App,TP20OFF,20,14139.2
1686,1728,49,,2026-07-24 17:58:52,2026-08-20,2,Completed,Mobile App,,0,23212.0
1687,1729,29,5844.0,2025-03-09 15:04:54,2025-04-20,2,Completed,Mobile App,TP5OFF,5,57524.4
1688,1730,24,14552.0,2026-07-29 17:27:20,2026-09-29,4,Confirmed,Mobile App,,0,38356.0
1689,1731,73,,2026-06-27 04:19:06,2026-07-18,5,Completed,Website,,0,129175.0
1690,1732,34,,2023-11-13 14:28:59,2023-12-28,5,Completed,Referral Link,,0,49465.0
1691,1732,70,8071.0,2025-07-04 02:00:19,2025-08-05,2,Completed,Mobile App,,0,28648.0
1692,1733,91,,2025-02-18 06:51:55,2025-03-03,5,Completed,Website,,0,64770.0
1693,1734,77,631.0,2024-08-31 05:16:24,2024-10-19,6,Completed,Referral Link,TP10OFF,10,107681.4
1694,1735,88,,2026-09-01 16:14:19,2027-01-30,3,Confirmed,Mobile App,,0,24333.0
1695,1737,88,,2023-11-18 02:10:50,2023-12-21,3,Completed,Mobile App,,0,24333.0
1696,1738,74,12407.0,2026-02-04 05:21:00,2026-04-02,3,Completed,Mobile App,TP15OFF,15,27644.55
1697,1739,95,11913.0,2026-09-03 16:38:37,2027-02-03,3,Confirmed,Mobile App,,0,21930.0
1698,1739,27,,2026-06-24 10:38:27,2026-07-23,4,Completed,Mobile App,,0,26784.0
1699,1739,15,10046.0,2026-08-31 00:54:01,2026-10-21,4,Confirmed,Mobile App,,0,41868.0
1700,1739,83,,2026-07-30 06:16:47,2026-12-19,2,Confirmed,Referral Link,,0,19152.0
1701,1739,89,,2025-05-12 08:35:25,2025-05-22,4,Completed,Mobile App,,0,33232.0
1702,1739,40,2570.0,2025-03-06 23:43:11,2025-03-25,2,Completed,Website,,0,66298.0
1703,1741,30,,2024-05-03 17:27:48,2024-06-09,3,Completed,Instagram,TP20OFF,20,21686.4
1704,1742,74,,2026-06-22 16:53:15,2026-08-27,3,Completed,Website,,0,32523.0
1705,1743,1,,2025-11-17 10:39:17,2025-12-02,2,Completed,Mobile App,,0,21974.0
1706,1745,57,,2024-03-08 13:37:12,2024-05-01,6,Completed,Website,,0,140046.0
1707,1749,34,,2026-07-11 23:19:11,2026-08-13,2,Completed,Website,TP5OFF,5,18796.7
1708,1749,1,,2026-08-25 23:38:59,2026-09-29,3,Confirmed,Mobile App,,0,32961.0
1709,1749,94,,2026-06-25 09:13:05,2026-07-29,5,Completed,Referral Link,TP20OFF,20,49284.0
1710,1749,7,7156.0,2026-06-28 04:21:34,2026-12-15,4,Confirmed,Website,,0,52276.0
1711,1750,36,14517.0,2026-06-07 08:59:49,2026-07-28,2,Completed,Mobile App,TP5OFF,5,81914.7
1712,1750,72,11419.0,2026-06-09 07:14:43,2026-07-23,3,Cancelled,Website,,0,33351.0
1713,1750,32,9714.0,2026-02-21 07:35:30,2026-03-09,3,Completed,Mobile App,,0,77889.0
1714,1750,26,770.0,2026-01-27 08:46:29,2026-03-17,2,Completed,Website,TP5OFF,5,49318.3
1715,1750,51,1802.0,2024-08-25 07:01:12,2024-10-15,2,Completed,Website,,0,73474.0
1716,1750,74,10564.0,2026-02-11 08:23:13,2026-02-27,2,Completed,Website,,0,21682.0
1717,1751,57,3449.0,2023-11-23 01:08:45,2023-12-31,6,Completed,Website,TP15OFF,15,119039.1
1718,1751,75,439.0,2026-08-12 22:49:14,2027-01-14,5,Confirmed,Mobile App,TP20OFF,20,86808.0
1719,1754,10,,2025-08-14 22:15:28,2025-09-10,1,Cancelled,Referral Link,,0,9472.0
1720,1757,70,,2026-07-10 19:01:21,2026-09-04,4,Completed,Website,TP5OFF,5,54431.2
1721,1758,84,8175.0,2023-09-09 21:35:53,2023-09-20,3,Cancelled,Referral Link,,0,65286.0
1722,1761,77,11366.0,2026-06-09 13:15:01,2026-09-02,6,Cancelled,Website,TP10OFF,10,107681.4
1723,1762,62,,2024-01-09 04:33:57,2024-01-22,2,Completed,Website,,0,37374.0
1724,1763,11,12638.0,2026-07-02 16:27:01,2026-10-21,4,Pending,Mobile App,TP5OFF,5,107669.2
1725,1763,2,2300.0,2025-09-04 04:16:52,2025-09-23,2,Completed,Mobile App,,0,66126.0
1726,1764,22,,2026-08-03 23:00:51,2026-12-26,2,Confirmed,Mobile App,,0,18126.0
1727,1765,16,,2026-08-03 08:09:00,2026-09-11,2,Confirmed,Mobile App,,0,21852.0
1728,1767,8,,2025-09-01 02:16:28,2025-10-16,3,Completed,Mobile App,TP5OFF,5,99060.3
1729,1768,14,,2024-06-18 05:06:06,2024-07-02,4,Completed,Website,,0,152812.0
1730,1768,47,,2026-07-28 14:09:31,2026-11-07,3,Confirmed,Mobile App,,0,90990.0
1731,1770,54,11967.0,2025-10-14 07:03:23,2025-10-23,4,Completed,Mobile App,,0,46864.0
1732,1770,62,14151.0,2026-07-10 20:07:07,2026-08-27,2,Completed,Website,TP5OFF,5,35505.3
1733,1771,13,4159.0,2025-01-16 13:46:18,2025-02-24,2,Completed,Website,,0,21548.0
1734,1771,39,,2026-08-14 10:28:23,2026-12-15,4,Confirmed,Website,,0,28712.0
1735,1772,22,,2026-09-04 19:54:32,2027-01-06,1,Confirmed,Referral Link,,0,9063.0
1736,1773,69,,2025-07-14 00:38:30,2025-08-20,3,Completed,Website,,0,70980.0
1737,1773,26,3477.0,2026-08-14 17:09:09,2027-02-08,2,Confirmed,Website,,0,51914.0
1738,1774,68,,2026-06-29 14:38:25,2026-10-28,5,Confirmed,Website,,0,115700.0
1739,1774,57,11117.0,2026-07-31 22:47:53,2026-09-17,4,Confirmed,Website,,0,93364.0
1740,1774,57,3512.0,2026-08-28 06:51:44,2026-12-14,3,Confirmed,Referral Link,,0,70023.0
1741,1775,73,5397.0,2023-11-08 05:53:31,2023-12-11,4,Completed,Website,,0,103340.0
1742,1775,59,11906.0,2023-10-11 23:06:56,2023-11-29,3,Completed,Website,,0,60258.0
1743,1776,7,3974.0,2024-11-05 10:15:45,2024-11-23,1,Completed,Website,TP5OFF,5,12415.55
1744,1777,69,,2026-06-18 05:13:14,2026-10-26,6,Cancelled,Mobile App,,0,141960.0
1745,1779,32,,2025-05-16 06:40:13,2025-07-03,3,Completed,Instagram,TP15OFF,15,66205.65
1746,1781,48,5149.0,2026-08-31 19:05:41,2026-12-12,2,Confirmed,Instagram,,0,16080.0
1747,1781,9,,2026-06-20 14:34:43,2026-08-31,3,Cancelled,Mobile App,TP10OFF,10,27097.2
1748,1783,38,,2024-12-02 12:36:04,2024-12-08,2,Completed,Mobile App,,0,16066.0
1749,1785,15,,2026-06-09 02:14:32,2026-06-29,2,Cancelled,Website,,0,20934.0
1750,1787,87,,2026-06-19 07:17:47,2026-11-13,6,Confirmed,Referral Link,,0,130620.0
1751,1791,10,,2026-08-19 14:39:17,2027-01-23,2,Confirmed,Mobile App,,0,18944.0
1752,1792,15,1983.0,2025-12-03 06:47:44,2025-12-22,3,Completed,Website,TP5OFF,5,29830.95
1753,1793,17,10637.0,2024-07-21 04:32:39,2024-08-27,2,Cancelled,Instagram,TP5OFF,5,77067.8
1754,1793,8,14322.0,2026-08-18 02:16:11,2026-12-21,4,Pending,Mobile App,TP5OFF,5,132080.4
1755,1795,29,7082.0,2026-07-08 13:58:04,2026-11-26,2,Confirmed,Website,,0,60552.0
1756,1797,16,,2024-04-22 22:48:44,2024-06-17,4,Completed,Mobile App,,0,43704.0
1757,1797,97,,2025-05-16 12:50:41,2025-06-21,3,Completed,Website,,0,50877.0
1758,1799,61,,2026-05-21 11:42:54,2026-07-14,4,Completed,Mobile App,,0,76220.0
1759,1799,57,9474.0,2025-02-06 05:10:25,2025-03-21,4,Cancelled,Website,,0,93364.0
1760,1799,66,8743.0,2026-07-27 20:43:53,2026-08-12,3,Completed,Website,,0,93318.0
1761,1799,68,14543.0,2026-08-27 17:05:45,2026-10-29,5,Confirmed,Instagram,TP5OFF,5,109915.0
1762,1799,59,8903.0,2025-08-09 18:57:09,2025-09-29,6,Completed,Website,,0,120516.0
1763,1801,72,,2026-06-29 22:37:11,2026-10-14,4,Pending,Website,,0,44468.0
1764,1803,75,,2026-08-10 02:41:08,2027-01-30,4,Confirmed,Website,,0,86808.0
1765,1804,76,,2026-08-19 08:33:51,2026-10-06,4,Confirmed,Referral Link,,0,61772.0
1766,1804,54,12391.0,2026-08-18 20:03:39,2026-10-07,4,Confirmed,Mobile App,,0,46864.0
1767,1805,27,,2026-06-11 03:07:03,2026-09-20,4,Confirmed,Website,,0,26784.0
1768,1806,66,6789.0,2024-05-07 10:31:51,2024-05-16,4,Completed,Website,TP10OFF,10,111981.6
1769,1809,93,,2025-10-13 13:59:43,2025-11-24,3,Completed,Website,TP20OFF,20,43152.0
1770,1811,49,9032.0,2026-05-19 17:20:51,2026-07-10,3,Cancelled,Mobile App,,0,34818.0
1771,1812,33,,2026-07-04 19:28:37,2026-10-06,2,Pending,Mobile App,,0,22146.0
1772,1813,84,,2026-01-15 18:40:40,2026-03-01,6,Completed,Mobile App,,0,130572.0
1773,1814,10,,2026-06-19 21:20:45,2026-10-10,4,Confirmed,Mobile App,,0,37888.0
1774,1815,38,400.0,2026-08-19 16:15:13,2026-09-07,2,Confirmed,Website,,0,16066.0
1775,1817,76,,2026-06-23 22:13:47,2026-11-19,1,Confirmed,Website,TP5OFF,5,14670.85
1776,1818,24,,2026-03-21 00:25:13,2026-05-12,2,Completed,Website,,0,19178.0
1777,1819,68,,2026-06-18 06:32:45,2026-07-27,3,Completed,Website,,0,69420.0
1778,1819,59,11265.0,2024-07-06 01:17:24,2024-08-14,4,Completed,Mobile App,,0,80344.0
1779,1820,66,,2026-08-22 04:50:01,2026-11-29,5,Cancelled,Mobile App,,0,155530.0
1780,1824,75,,2024-04-29 18:06:43,2024-05-12,3,Completed,Mobile App,,0,65106.0
1781,1827,20,,2026-06-11 11:45:38,2026-07-18,3,Completed,Mobile App,,0,109815.0
1782,1828,79,,2026-08-28 14:10:19,2026-11-21,4,Confirmed,Website,,0,38768.0
1783,1830,59,,2026-06-26 06:58:34,2026-11-05,4,Confirmed,Mobile App,TP15OFF,15,68292.4
1784,1833,46,12159.0,2026-06-16 17:06:02,2026-11-27,2,Confirmed,Referral Link,TP5OFF,5,57841.7
1785,1834,44,,2026-07-03 04:14:01,2026-12-20,2,Confirmed,Instagram,TP5OFF,5,12711.0
1786,1837,4,,2026-07-27 13:03:19,2026-11-05,3,Confirmed,Website,,0,25359.0
1787,1838,13,,2024-06-18 03:29:06,2024-07-09,1,Completed,Website,,0,10774.0
1788,1838,49,,2026-07-29 05:45:04,2026-11-11,3,Confirmed,Mobile App,,0,34818.0
1789,1840,19,14666.0,2024-08-03 23:25:30,2024-09-27,1,Cancelled,Website,,0,8837.0
1790,1841,78,,2026-07-13 01:43:44,2026-10-04,5,Confirmed,Website,TP20OFF,20,80696.0
1791,1844,4,1854.0,2026-08-19 17:07:55,2027-01-11,1,Confirmed,Mobile App,,0,8453.0
1792,1846,83,10933.0,2024-03-06 19:02:00,2024-03-21,4,Completed,Mobile App,,0,38304.0
1793,1847,81,5912.0,2026-09-01 18:53:02,2026-11-29,3,Confirmed,Referral Link,,0,75831.0
1794,1850,90,,2026-02-15 04:01:37,2026-03-05,6,Completed,Mobile App,TP10OFF,10,112125.6
1795,1851,83,,2026-08-30 04:32:12,2027-02-19,4,Confirmed,Mobile App,TP10OFF,10,34473.6
1796,1854,83,417.0,2025-07-21 04:12:30,2025-09-07,3,Completed,Mobile App,,0,28728.0
1797,1854,12,,2026-07-05 06:40:00,2026-12-10,5,Cancelled,Website,,0,51745.0
1798,1855,32,,2025-05-21 19:15:32,2025-05-28,3,Cancelled,Mobile App,,0,77889.0
1799,1856,6,,2026-08-20 20:20:55,2027-01-02,5,Confirmed,Mobile App,,0,44115.0
1800,1857,91,14036.0,2026-04-13 18:51:52,2026-05-04,2,Completed,Website,,0,25908.0
1801,1858,3,,2026-06-12 23:15:21,2026-07-25,3,Completed,Referral Link,,0,19563.0
1802,1858,50,6429.0,2024-07-29 02:23:25,2024-08-29,1,Completed,Website,TP15OFF,15,16589.45
1803,1859,21,,2025-01-04 05:14:09,2025-02-02,5,Completed,Mobile App,TP10OFF,10,33340.5
1804,1861,37,9020.0,2025-03-30 15:36:27,2025-04-12,3,Completed,Instagram,TP5OFF,5,107561.85
1805,1868,13,7282.0,2025-02-24 02:48:55,2025-03-24,4,Cancelled,Website,,0,43096.0
1806,1869,48,,2025-08-27 05:52:46,2025-10-15,2,Completed,Referral Link,,0,16080.0
1807,1870,60,,2025-12-19 18:19:33,2026-02-14,1,Completed,Mobile App,,0,12905.0
1808,1870,54,,2025-01-18 21:59:12,2025-02-24,4,Completed,Mobile App,,0,46864.0
1809,1870,94,7781.0,2025-12-30 17:12:17,2026-02-10,2,Completed,Website,,0,24642.0
1810,1870,76,,2025-06-22 16:29:53,2025-07-20,2,Completed,Mobile App,,0,30886.0
1811,1870,54,3222.0,2024-08-31 07:10:02,2024-09-28,4,Completed,Website,,0,46864.0
1812,1870,60,,2026-04-02 22:34:08,2026-05-17,1,Cancelled,Mobile App,,0,12905.0
1813,1871,18,,2024-11-18 07:25:42,2024-12-08,5,Cancelled,Instagram,,0,31060.0
1814,1873,52,3737.0,2026-08-10 01:20:13,2027-01-21,4,Confirmed,Website,,0,122796.0
1815,1874,78,,2025-12-05 15:43:59,2026-01-01,3,Completed,Instagram,TP15OFF,15,51443.7
1816,1876,13,,2026-06-15 20:26:07,2026-12-11,1,Confirmed,Mobile App,,0,10774.0
1817,1879,92,3909.0,2026-08-29 10:10:53,2026-09-27,3,Pending,Website,,0,22221.0
1818,1880,93,12833.0,2025-11-11 16:32:41,2025-11-27,5,Completed,Website,TP10OFF,10,80910.0
1819,1880,66,12231.0,2026-06-18 13:36:13,2026-09-06,3,Completed,Website,TP10OFF,10,83986.2
1820,1880,6,11591.0,2026-07-16 10:52:17,2026-08-01,5,Completed,Mobile App,,0,44115.0
1821,1880,75,8328.0,2026-08-27 13:42:25,2026-12-13,6,Confirmed,Website,,0,130212.0
1822,1880,6,,2026-06-25 23:30:28,2026-07-18,3,Completed,Referral Link,,0,26469.0
1823,1880,53,,2026-04-18 16:37:50,2026-05-20,5,Cancelled,Website,,0,57685.0
1824,1881,97,,2026-09-03 09:17:25,2027-02-01,2,Pending,Mobile App,,0,33918.0
1825,1881,44,,2026-06-20 08:18:01,2026-12-16,4,Confirmed,Website,,0,26760.0
1826,1882,70,,2025-07-18 16:24:02,2025-08-14,3,Completed,Mobile App,,0,42972.0
1827,1882,10,,2024-07-17 21:42:14,2024-07-28,3,Completed,Website,,0,28416.0
1828,1883,1,8380.0,2026-03-27 14:33:05,2026-04-28,2,Completed,Mobile App,TP15OFF,15,18677.9
1829,1885,81,,2024-11-26 10:30:50,2024-12-08,3,Cancelled,Mobile App,,0,75831.0
1830,1886,88,3940.0,2024-05-09 23:11:31,2024-05-20,4,Completed,Website,,0,32444.0
1831,1888,12,10935.0,2026-08-01 03:01:03,2026-11-09,5,Confirmed,Website,,0,51745.0
1832,1889,55,8404.0,2026-07-23 01:02:16,2026-11-02,1,Confirmed,Instagram,TP10OFF,10,21712.5
1833,1890,2,,2026-08-13 18:25:41,2026-11-02,3,Confirmed,Website,TP10OFF,10,89270.1
1834,1892,20,,2025-05-28 16:01:02,2025-06-02,2,Completed,Website,,0,73210.0
1835,1893,10,5895.0,2025-08-21 19:14:19,2025-09-09,2,Completed,Mobile App,,0,18944.0
1836,1893,34,,2026-06-13 08:48:24,2026-11-24,5,Confirmed,Website,,0,49465.0
1837,1896,73,2138.0,2025-12-15 17:21:17,2026-02-05,3,Completed,Mobile App,,0,77505.0
1838,1897,59,,2024-03-21 00:04:48,2024-04-08,6,Completed,Instagram,,0,120516.0
1839,1898,79,,2026-07-09 15:37:44,2027-01-03,5,Confirmed,Mobile App,TP10OFF,10,43614.0
1840,1900,17,,2026-07-16 08:13:36,2026-12-31,2,Confirmed,Website,TP15OFF,15,68955.4
1841,1902,93,5850.0,2025-11-23 09:59:33,2025-11-29,6,Completed,Website,TP5OFF,5,102486.0
1842,1902,2,7668.0,2026-06-29 16:57:40,2026-08-18,3,Completed,Mobile App,TP5OFF,5,94229.55
1843,1903,34,12716.0,2024-08-25 19:39:45,2024-09-09,5,Cancelled,Website,TP10OFF,10,44518.5
1844,1906,96,3750.0,2024-09-25 19:22:13,2024-11-24,3,Completed,Website,,0,65433.0
1845,1910,11,,2026-09-06 11:50:11,2026-09-28,2,Pending,Website,TP10OFF,10,51001.2
1846,1913,70,9315.0,2026-07-18 06:11:15,2026-11-23,5,Pending,Mobile App,,0,71620.0
1847,1913,16,382.0,2026-06-18 07:05:19,2026-06-28,3,Completed,Mobile App,,0,32778.0
1848,1916,50,591.0,2026-06-21 03:11:00,2026-07-30,2,Completed,Mobile App,TP15OFF,15,33178.9
1849,1916,3,11868.0,2026-08-05 02:35:56,2026-12-15,5,Cancelled,Mobile App,,0,32605.0
1850,1919,61,,2026-07-18 04:39:20,2026-11-10,5,Pending,Website,,0,95275.0
1851,1921,82,,2023-09-13 13:42:51,2023-10-10,2,Completed,Mobile App,TP15OFF,15,16738.2
1852,1923,50,,2023-12-30 03:36:59,2024-01-30,1,Cancelled,Mobile App,,0,19517.0
1853,1930,59,,2026-09-01 03:09:26,2026-11-03,5,Confirmed,Website,TP10OFF,10,90387.0
1854,1931,38,,2026-07-21 08:18:25,2026-11-04,2,Confirmed,Mobile App,,0,16066.0
1855,1933,10,11588.0,2026-08-07 09:07:00,2027-01-26,3,Confirmed,Website,,0,28416.0
1856,1933,96,9382.0,2026-06-15 21:05:48,2026-09-03,4,Cancelled,Website,,0,87244.0
1857,1934,61,12571.0,2025-04-27 12:33:52,2025-06-21,5,Completed,Mobile App,TP5OFF,5,90511.25
1858,1935,68,3919.0,2026-06-29 06:45:44,2026-10-10,3,Confirmed,Mobile App,,0,69420.0
1859,1936,6,3882.0,2023-10-31 02:29:31,2023-12-20,4,Completed,Instagram,,0,35292.0
1860,1938,52,6250.0,2026-06-10 22:34:55,2026-10-11,3,Cancelled,Referral Link,TP10OFF,10,82887.3
1861,1938,43,,2025-07-17 05:43:06,2025-08-26,5,Completed,Mobile App,,0,55945.0
1862,1940,19,2999.0,2026-08-24 23:38:43,2026-10-10,4,Pending,Website,TP20OFF,20,28278.4
1863,1940,28,1269.0,2026-08-11 17:47:57,2027-01-01,4,Confirmed,Mobile App,,0,37420.0
1864,1944,38,,2025-04-08 22:03:14,2025-05-19,4,Cancelled,Website,,0,32132.0
1865,1945,78,13262.0,2026-08-20 01:27:29,2026-10-11,3,Confirmed,Mobile App,,0,60522.0
1866,1945,21,,2025-08-13 06:24:22,2025-08-26,3,Completed,Referral Link,TP15OFF,15,18892.95
1867,1946,81,,2024-12-03 20:52:39,2024-12-28,5,Completed,Mobile App,TP5OFF,5,120065.75
1868,1946,81,,2026-08-02 21:49:01,2026-09-27,6,Confirmed,Mobile App,,0,151662.0
1869,1949,35,,2024-07-22 21:41:06,2024-08-22,2,Completed,Website,TP10OFF,10,55805.4
1870,1949,35,8483.0,2026-06-26 06:50:43,2026-07-02,2,Cancelled,Mobile App,,0,62006.0
1871,1951,28,,2026-08-07 12:13:57,2026-09-25,3,Pending,Mobile App,,0,28065.0
1872,1952,4,8874.0,2024-06-08 01:51:27,2024-07-29,2,Cancelled,Mobile App,,0,16906.0
1873,1953,52,,2026-07-22 14:35:37,2026-11-26,2,Pending,Instagram,,0,61398.0
1874,1954,61,,2025-05-04 12:26:49,2025-05-10,4,Completed,Mobile App,,0,76220.0
1875,1954,68,,2026-05-29 13:50:55,2026-07-09,4,Completed,Mobile App,TP5OFF,5,87932.0
1876,1955,57,8221.0,2025-12-19 06:23:12,2026-02-04,4,Completed,Mobile App,,0,93364.0
1877,1955,57,6810.0,2024-09-28 20:57:03,2024-11-04,4,Completed,Mobile App,,0,93364.0
1878,1955,68,,2026-07-24 03:19:48,2026-08-21,4,Cancelled,Mobile App,,0,92560.0
1879,1955,75,11367.0,2026-06-08 07:37:21,2026-06-23,6,Completed,Website,,0,130212.0
1880,1955,57,13043.0,2026-06-23 14:46:36,2026-09-18,4,Confirmed,Mobile App,,0,93364.0
1881,1959,54,,2026-06-28 08:47:56,2026-07-23,4,Completed,Website,TP10OFF,10,42177.6
1882,1960,86,,2026-06-15 22:42:23,2026-07-14,5,Completed,Website,TP5OFF,5,36366.0
1883,1960,7,,2026-08-30 19:16:54,2026-12-14,4,Confirmed,Instagram,,0,52276.0
1884,1961,22,8757.0,2025-01-11 18:49:36,2025-01-26,2,Cancelled,Instagram,,0,18126.0
1885,1961,79,,2026-08-04 14:32:01,2026-12-20,4,Pending,Mobile App,,0,38768.0
1886,1963,4,,2023-12-05 01:00:19,2023-12-19,4,Completed,Instagram,,0,33812.0
1887,1964,36,3007.0,2024-10-07 07:56:40,2024-12-02,2,Cancelled,Instagram,TP5OFF,5,81914.7
1888,1965,3,2022.0,2024-07-10 02:26:28,2024-07-21,3,Completed,Instagram,,0,19563.0
1889,1966,10,,2025-12-01 12:13:46,2026-01-29,3,Completed,Website,TP10OFF,10,25574.4
1890,1967,65,1827.0,2025-09-01 21:03:43,2025-09-20,1,Completed,Instagram,,0,17538.0
1891,1968,43,7316.0,2026-07-15 20:06:39,2026-10-29,2,Confirmed,Instagram,,0,22378.0
1892,1969,25,4524.0,2026-06-25 20:27:29,2026-09-15,1,Cancelled,Mobile App,,0,11853.0
1893,1969,82,14110.0,2023-11-07 06:16:36,2023-12-02,5,Completed,Referral Link,,0,49230.0
1894,1970,85,14150.0,2026-06-26 06:52:20,2026-08-01,3,Cancelled,Website,,0,25632.0
1895,1970,85,12881.0,2025-05-30 15:40:57,2025-07-06,4,Completed,Mobile App,,0,34176.0
1896,1970,96,,2023-12-30 23:29:16,2024-02-21,4,Completed,Mobile App,TP20OFF,20,69795.2
1897,1970,96,11630.0,2026-08-19 21:30:17,2026-09-01,3,Cancelled,Website,,0,65433.0
1898,1970,54,,2026-08-10 02:02:36,2026-11-07,2,Pending,Mobile App,TP5OFF,5,22260.4
1899,1970,94,13733.0,2026-09-04 03:36:29,2026-11-04,3,Confirmed,Mobile App,TP10OFF,10,33266.7
1900,1971,81,,2026-07-02 17:12:14,2026-08-29,6,Completed,Instagram,,0,151662.0
1901,1972,73,11434.0,2026-03-06 13:33:30,2026-04-29,4,Completed,Mobile App,TP5OFF,5,98173.0
1902,1973,63,,2026-07-28 13:45:43,2026-12-20,5,Confirmed,Website,TP15OFF,15,72148.0
1903,1974,65,,2026-07-08 03:16:39,2026-08-13,5,Completed,Website,,0,87690.0
1904,1974,25,8003.0,2024-04-28 03:20:12,2024-05-31,2,Completed,Mobile App,,0,23706.0
1905,1975,32,,2024-08-15 07:44:50,2024-10-12,4,Completed,Mobile App,,0,103852.0
1906,1977,51,,2026-06-30 09:08:08,2026-08-08,2,Completed,Mobile App,TP20OFF,20,58779.2
1907,1978,37,,2026-06-22 02:49:16,2026-08-12,3,Completed,Website,,0,113223.0
1908,1979,71,,2026-06-13 11:18:39,2026-12-10,5,Confirmed,Mobile App,TP5OFF,5,28571.25
1909,1979,10,45.0,2026-06-10 19:26:55,2026-09-15,4,Confirmed,Instagram,,0,37888.0
1910,1980,23,357.0,2026-08-11 05:05:31,2026-12-29,3,Pending,Instagram,,0,116943.0
1911,1981,98,3416.0,2025-12-07 06:56:44,2025-12-17,5,Completed,Website,,0,76790.0
1912,1982,4,,2026-07-05 22:18:38,2026-09-04,4,Completed,Mobile App,TP5OFF,5,32121.4
1913,1984,1,1430.0,2026-07-31 08:10:32,2026-10-03,1,Confirmed,Mobile App,TP15OFF,15,9338.95
1914,1985,73,,2023-10-07 16:42:26,2023-11-30,3,Completed,Referral Link,TP5OFF,5,73629.75
1915,1985,78,12265.0,2026-07-17 07:39:07,2026-08-14,6,Completed,Mobile App,,0,121044.0
1916,1986,10,7406.0,2026-07-04 08:07:01,2026-09-08,3,Pending,Website,,0,28416.0
1917,1987,48,5867.0,2026-07-07 06:54:15,2026-11-18,3,Confirmed,Instagram,TP5OFF,5,22914.0
1918,1987,32,6440.0,2026-08-19 01:21:52,2026-11-23,4,Pending,Website,,0,103852.0
1919,1991,3,,2024-05-05 03:02:46,2024-05-19,4,Completed,Mobile App,TP15OFF,15,22171.4
1920,1991,43,,2026-08-18 21:29:37,2027-02-08,5,Pending,Mobile App,,0,55945.0
1921,1993,80,,2026-07-24 14:34:42,2027-01-02,5,Cancelled,Mobile App,TP20OFF,20,25668.0
1922,1995,41,6670.0,2024-07-25 09:54:48,2024-09-02,2,Completed,Website,,0,97660.0
1923,1996,7,,2026-06-09 07:21:07,2026-10-02,3,Confirmed,Website,,0,39207.0
1924,1997,75,11991.0,2026-08-10 12:30:42,2026-09-30,4,Confirmed,Mobile App,TP5OFF,5,82467.6
1925,1998,87,12352.0,2025-10-24 12:38:34,2025-10-29,4,Completed,Website,TP20OFF,20,69664.0
1926,1999,7,,2025-10-30 14:46:01,2025-12-19,2,Completed,Instagram,,0,26138.0
1927,2001,6,,2026-06-21 15:35:58,2026-10-30,4,Confirmed,Website,,0,35292.0
1928,2002,35,2177.0,2026-07-30 19:51:49,2026-12-27,2,Confirmed,Mobile App,,0,62006.0
1929,2002,30,,2026-06-19 21:14:18,2026-08-20,4,Completed,Website,TP10OFF,10,32529.6
1930,2004,98,14672.0,2026-08-29 05:48:14,2026-11-01,5,Confirmed,Website,TP20OFF,20,61432.0
1931,2005,26,13460.0,2026-07-22 09:45:54,2026-12-24,2,Cancelled,Mobile App,TP10OFF,10,46722.6
1932,2006,4,,2026-06-17 18:18:18,2026-11-21,2,Confirmed,Website,TP5OFF,5,16060.7
1933,2009,88,,2026-07-26 14:17:05,2026-09-15,2,Confirmed,Mobile App,,0,16222.0
1934,2010,56,,2026-01-08 02:32:55,2026-01-29,3,Cancelled,Instagram,,0,50472.0
1935,2011,44,,2026-08-21 12:48:50,2026-12-27,2,Confirmed,Referral Link,,0,13380.0
1936,2012,91,,2024-04-18 10:16:48,2024-05-21,4,Cancelled,Website,TP10OFF,10,46634.4
1937,2013,49,11038.0,2026-07-01 15:42:02,2026-12-10,3,Confirmed,Instagram,TP15OFF,15,29595.3
1938,2015,5,5442.0,2025-04-28 18:32:46,2025-06-02,2,Cancelled,Website,TP5OFF,5,77244.5
1939,2016,18,,2025-08-01 22:32:45,2025-09-25,2,Completed,Website,,0,12424.0
1940,2017,97,,2025-05-01 13:54:10,2025-05-26,5,Completed,Website,,0,84795.0
1941,2019,68,5570.0,2026-05-10 02:49:41,2026-06-02,3,Completed,Referral Link,,0,69420.0
1942,2019,61,,2025-01-12 20:02:24,2025-03-08,6,Completed,Mobile App,,0,114330.0
1943,2020,72,2961.0,2024-01-20 22:42:31,2024-02-25,4,Completed,Mobile App,,0,44468.0
1944,2020,80,,2025-01-16 23:07:14,2025-02-26,5,Completed,Mobile App,,0,32085.0
1945,2021,44,,2026-06-13 10:13:23,2026-07-26,3,Completed,Mobile App,TP5OFF,5,19066.5
1946,2024,53,14698.0,2026-07-26 06:23:19,2026-09-07,3,Confirmed,Website,,0,34611.0
1947,2024,12,11017.0,2026-06-12 13:29:42,2026-09-06,4,Completed,Mobile App,,0,41396.0
1948,2024,64,,2025-01-19 18:00:33,2025-03-11,2,Cancelled,Website,,0,32386.0
1949,2025,54,14927.0,2026-06-15 09:00:51,2026-09-18,2,Pending,Instagram,,0,23432.0
1950,2026,81,10685.0,2026-06-24 02:48:35,2026-08-23,6,Completed,Mobile App,,0,151662.0
1951,2027,45,6796.0,2026-08-11 12:27:23,2026-11-23,2,Confirmed,Referral Link,,0,67618.0
1952,2029,98,,2026-07-28 18:09:23,2026-10-18,2,Pending,Website,,0,30716.0
1953,2029,42,13216.0,2026-07-20 10:02:05,2026-08-22,4,Completed,Mobile App,,0,154868.0
1954,2029,17,,2024-09-17 20:07:24,2024-11-11,2,Completed,Mobile App,,0,81124.0
1955,2029,47,14219.0,2024-09-07 00:58:49,2024-11-02,2,Completed,Website,,0,60660.0
1956,2029,11,2548.0,2026-06-12 16:53:34,2026-11-04,3,Cancelled,Website,TP5OFF,5,80751.9
1957,2031,89,,2026-07-01 05:44:29,2026-11-22,3,Cancelled,Website,,0,24924.0
1958,2032,43,,2026-02-17 04:55:03,2026-03-16,5,Cancelled,Referral Link,,0,55945.0
1959,2034,66,,2026-08-03 06:02:02,2026-11-02,6,Confirmed,Website,TP10OFF,10,167972.4
1960,2035,97,,2026-06-13 12:17:32,2026-08-11,3,Completed,Mobile App,,0,50877.0
1961,2035,83,12684.0,2025-08-01 17:39:41,2025-09-25,5,Completed,Mobile App,,0,47880.0
1962,2036,1,,2026-06-11 14:50:04,2026-08-06,3,Completed,Mobile App,,0,32961.0
1963,2039,77,,2024-12-23 11:01:03,2025-01-25,5,Completed,Website,TP5OFF,5,94719.75
1964,2043,97,4893.0,2026-08-06 16:39:37,2026-11-04,4,Pending,Mobile App,,0,67836.0
1965,2043,91,,2024-01-04 01:31:41,2024-02-22,3,Completed,Instagram,,0,38862.0
1966,2044,91,6918.0,2024-12-18 01:59:52,2025-01-18,4,Completed,Website,,0,51816.0
1967,2044,79,,2026-07-24 21:34:04,2027-01-16,2,Confirmed,Mobile App,TP5OFF,5,18414.8
1968,2045,29,,2026-07-11 16:35:49,2026-12-26,3,Cancelled,Website,TP5OFF,5,86286.6
1969,2046,22,6483.0,2024-08-29 09:30:19,2024-09-15,4,Completed,Mobile App,,0,36252.0
1970,2047,54,,2024-11-11 10:51:56,2025-01-06,4,Completed,Website,,0,46864.0
1971,2048,31,8938.0,2026-06-10 11:11:50,2026-09-25,2,Confirmed,Mobile App,,0,80496.0
1972,2048,52,8011.0,2026-05-25 17:39:23,2026-06-26,3,Completed,Mobile App,TP5OFF,5,87492.15
1973,2050,21,5795.0,2026-07-28 13:46:43,2026-11-15,4,Confirmed,Website,,0,29636.0
1974,2051,69,3134.0,2025-01-04 11:15:51,2025-01-13,6,Completed,Website,TP15OFF,15,120666.0
1975,2051,72,,2026-07-19 15:26:39,2026-12-01,4,Confirmed,Website,,0,44468.0
1976,2052,87,,2026-07-25 13:56:39,2026-10-16,3,Pending,Mobile App,,0,65310.0
1977,2053,49,4206.0,2026-07-14 02:56:49,2026-11-30,4,Pending,Mobile App,TP15OFF,15,39460.4
1978,2055,97,,2026-07-14 11:28:01,2026-09-04,2,Completed,Referral Link,TP15OFF,15,28830.3
1979,2055,25,,2023-10-13 23:07:54,2023-11-22,2,Cancelled,Mobile App,,0,23706.0
1980,2057,77,10701.0,2026-07-20 08:56:50,2026-12-11,4,Confirmed,Website,,0,79764.0
1981,2058,90,4556.0,2026-07-12 17:39:14,2026-09-01,4,Completed,Instagram,,0,83056.0
1982,2059,88,,2025-12-01 11:35:54,2025-12-09,4,Completed,Mobile App,TP5OFF,5,30821.8
1983,2061,80,7571.0,2025-04-15 05:39:51,2025-05-20,5,Completed,Website,,0,32085.0
1984,2062,4,8038.0,2026-07-21 11:23:57,2026-08-13,1,Completed,Website,TP5OFF,5,8030.35
1985,2065,43,,2026-08-21 07:22:42,2026-09-13,3,Confirmed,Referral Link,,0,33567.0
1986,2065,2,,2026-07-07 12:53:31,2026-11-13,2,Confirmed,Website,TP15OFF,15,56207.1
1987,2066,33,14474.0,2026-01-04 17:55:24,2026-01-19,2,Completed,Website,TP10OFF,10,19931.4
1988,2067,32,3897.0,2026-07-04 04:28:57,2026-10-26,3,Confirmed,Mobile App,,0,77889.0
1989,2068,17,,2026-08-30 17:09:17,2026-12-13,4,Cancelled,Website,,0,162248.0
1990,2071,54,278.0,2026-06-21 20:17:19,2026-10-20,3,Confirmed,Website,TP5OFF,5,33390.6
1991,2074,80,,2026-08-04 01:41:15,2026-12-09,5,Confirmed,Website,,0,32085.0
1992,2075,94,13885.0,2026-06-19 12:54:51,2026-10-19,2,Confirmed,Website,,0,24642.0
1993,2076,65,,2026-02-07 09:39:52,2026-03-05,1,Completed,Mobile App,,0,17538.0
1994,2077,44,,2026-07-17 09:26:28,2026-12-12,5,Confirmed,Website,,0,33450.0
1995,2078,28,7703.0,2026-06-17 07:34:26,2026-11-03,3,Pending,Website,,0,28065.0
1996,2079,26,,2026-08-26 02:53:11,2026-09-29,4,Confirmed,Website,,0,103828.0
1997,2079,76,,2026-06-25 20:29:00,2026-07-19,3,Completed,Website,,0,46329.0
1998,2079,46,2765.0,2026-06-30 18:36:14,2026-12-08,2,Confirmed,Mobile App,,0,60886.0
1999,2079,74,12642.0,2024-02-19 00:58:14,2024-03-14,5,Completed,Website,TP15OFF,15,46074.25
2000,2079,76,7398.0,2024-11-11 10:54:51,2024-12-06,4,Completed,Referral Link,,0,61772.0
2001,2079,37,5446.0,2026-06-20 00:19:05,2026-07-09,3,Completed,Website,TP15OFF,15,96239.55
2002,2080,70,,2026-07-19 19:37:36,2026-08-02,3,Completed,Mobile App,TP15OFF,15,36526.2
2003,2080,56,,2025-08-07 10:41:20,2025-09-25,5,Completed,Website,,0,84120.0
2004,2081,98,,2024-06-18 15:18:07,2024-07-07,4,Completed,Website,,0,61432.0
2005,2083,10,,2026-07-11 13:22:13,2026-07-25,2,Completed,Website,,0,18944.0
2006,2085,11,10349.0,2026-08-11 05:29:42,2026-09-15,2,Confirmed,Website,,0,56668.0
2007,2085,64,,2024-09-28 01:00:51,2024-11-08,2,Completed,Instagram,TP15OFF,15,27528.1
2008,2088,2,,2025-04-06 09:31:42,2025-05-11,4,Completed,Website,TP5OFF,5,125639.4
2009,2088,81,,2025-11-09 23:58:36,2025-11-16,3,Completed,Mobile App,,0,75831.0
2010,2088,23,,2026-06-16 00:20:27,2026-07-25,3,Completed,Instagram,TP10OFF,10,105248.7
2011,2089,57,,2026-06-06 15:57:46,2026-07-17,6,Completed,Mobile App,TP5OFF,5,133043.7
2012,2090,1,,2026-08-21 23:09:50,2027-01-26,4,Confirmed,Mobile App,,0,43948.0
2013,2091,17,13595.0,2024-06-28 21:12:53,2024-08-11,2,Completed,Website,TP5OFF,5,77067.8
2014,2092,69,,2024-04-30 08:14:54,2024-06-10,3,Cancelled,Website,TP15OFF,15,60333.0
2015,2094,9,,2025-05-11 16:56:11,2025-07-05,4,Completed,Website,,0,40144.0
2016,2094,97,,2026-08-24 21:11:04,2026-12-30,2,Pending,Website,TP5OFF,5,32222.1
2017,2094,18,5175.0,2026-09-01 17:02:11,2027-02-22,4,Confirmed,Mobile App,TP10OFF,10,22363.2
2018,2095,24,3358.0,2024-03-31 00:13:27,2024-05-14,3,Completed,Website,,0,28767.0
2019,2096,32,,2026-07-01 03:35:25,2026-08-10,4,Cancelled,Referral Link,,0,103852.0
2020,2097,65,14209.0,2025-12-17 16:52:24,2026-02-04,5,Completed,Mobile App,,0,87690.0
2021,2097,62,,2025-07-04 19:11:43,2025-07-20,3,Cancelled,Mobile App,TP5OFF,5,53257.95
2022,2097,88,,2026-09-04 01:09:08,2027-02-26,5,Pending,Website,,0,40555.0
2023,2097,58,,2026-04-11 10:24:25,2026-04-16,3,Completed,Mobile App,,0,36483.0
2024,2097,22,,2026-07-16 22:19:30,2026-09-22,2,Confirmed,Mobile App,TP5OFF,5,17219.7
2025,2097,82,14346.0,2025-08-21 05:09:43,2025-09-06,2,Completed,Referral Link,TP5OFF,5,18707.4
2026,2099,27,,2024-02-27 12:29:33,2024-03-22,5,Completed,Referral Link,TP15OFF,15,28458.0
2027,2099,48,2619.0,2024-02-27 07:36:37,2024-04-10,2,Completed,Website,,0,16080.0
2028,2100,4,9275.0,2026-08-26 23:44:55,2026-10-02,2,Confirmed,Referral Link,,0,16906.0
2029,2101,81,,2024-11-30 18:45:05,2025-01-13,4,Completed,Website,TP15OFF,15,85941.8
2030,2101,26,,2026-07-08 17:12:41,2026-07-22,3,Cancelled,Website,TP15OFF,15,66190.35
2031,2107,57,,2024-12-10 20:39:15,2025-01-20,4,Completed,Website,,0,93364.0
2032,2110,16,,2026-06-22 05:49:29,2026-07-07,2,Completed,Website,,0,21852.0
2033,2111,58,,2026-08-21 07:29:02,2026-11-30,5,Confirmed,Mobile App,,0,60805.0
2034,2111,51,6384.0,2025-01-25 18:39:28,2025-03-03,2,Completed,Mobile App,TP10OFF,10,66126.6
2035,2111,65,,2026-06-14 16:28:37,2026-08-19,2,Completed,Mobile App,,0,35076.0
2036,2112,7,,2026-07-08 18:36:08,2027-01-04,1,Confirmed,Referral Link,,0,13069.0
2037,2112,67,11086.0,2026-06-26 07:18:25,2026-08-29,5,Completed,Instagram,,0,83645.0
2038,2114,40,,2026-07-03 15:09:12,2026-09-12,2,Confirmed,Website,,0,66298.0
2039,2114,95,13220.0,2024-02-21 06:35:58,2024-03-16,5,Completed,Website,TP5OFF,5,34722.5
2040,2115,40,,2026-07-26 09:45:17,2026-12-02,1,Confirmed,Website,TP15OFF,15,28176.65
2041,2116,62,12199.0,2026-07-27 19:57:49,2026-11-01,1,Confirmed,Mobile App,,0,18687.0
2042,2116,4,550.0,2026-07-20 22:18:20,2026-09-15,1,Confirmed,Website,TP10OFF,10,7607.7
2043,2117,42,10430.0,2024-12-08 15:06:21,2024-12-14,2,Completed,Website,,0,77434.0
2044,2118,11,6781.0,2024-12-18 05:21:43,2025-01-27,3,Completed,Mobile App,,0,85002.0
2045,2118,47,7133.0,2026-06-09 19:09:26,2026-07-05,2,Completed,Website,,0,60660.0
2046,2122,63,2662.0,2026-08-29 01:14:35,2026-11-15,2,Confirmed,Website,,0,33952.0
2047,2122,15,,2026-02-06 06:37:32,2026-03-31,3,Completed,Website,TP5OFF,5,29830.95
2048,2124,22,,2024-01-19 18:32:10,2024-03-03,2,Completed,Website,,0,18126.0
2049,2128,22,,2026-06-18 07:55:56,2026-10-21,1,Cancelled,Website,,0,9063.0
2050,2129,39,,2026-08-08 05:03:19,2026-10-03,2,Pending,Mobile App,TP10OFF,10,12920.4
2051,2129,4,,2024-02-09 00:04:37,2024-03-12,3,Completed,Mobile App,TP5OFF,5,24091.05
2052,2131,45,,2026-04-07 17:10:10,2026-04-30,1,Completed,Website,,0,33809.0
2053,2132,39,1211.0,2024-12-17 11:43:08,2025-01-03,4,Completed,Instagram,TP5OFF,5,27276.4
2054,2134,95,,2024-04-21 17:19:40,2024-05-24,2,Completed,Mobile App,TP10OFF,10,13158.0
2055,2136,28,568.0,2024-08-03 08:21:22,2024-10-01,3,Completed,Website,,0,28065.0
2056,2139,87,,2026-06-17 21:46:59,2026-11-09,6,Confirmed,Mobile App,,0,130620.0
2057,2140,12,7096.0,2024-01-12 09:50:29,2024-02-07,3,Completed,Mobile App,TP15OFF,15,26389.95
2058,2141,90,,2026-08-28 03:57:34,2026-12-06,3,Confirmed,Instagram,,0,62292.0
2059,2141,41,,2024-05-09 14:08:43,2024-05-29,2,Completed,Website,TP20OFF,20,78128.0
2060,2143,6,,2026-08-24 15:39:13,2026-12-16,5,Confirmed,Instagram,TP5OFF,5,41909.25
2061,2143,12,921.0,2026-06-11 18:38:09,2026-07-31,5,Completed,Referral Link,,0,51745.0
2062,2144,53,,2024-08-24 23:45:19,2024-08-31,4,Completed,Website,,0,46148.0
2063,2144,12,7864.0,2025-11-03 18:28:13,2025-11-19,2,Completed,Website,,0,20698.0
2064,2145,75,7341.0,2026-09-02 03:06:35,2026-12-23,6,Confirmed,Website,,0,130212.0
2065,2150,29,,2024-11-01 06:45:28,2024-12-03,3,Cancelled,Mobile App,TP15OFF,15,77203.8
2066,2151,43,,2026-08-14 17:32:16,2026-08-26,2,Completed,Mobile App,,0,22378.0
2067,2151,29,5633.0,2025-02-02 20:54:50,2025-03-10,3,Completed,Website,,0,90828.0
2068,2151,87,,2024-03-10 14:17:32,2024-03-24,6,Completed,Website,,0,130620.0
2069,2152,70,3183.0,2026-06-27 23:09:16,2026-08-14,3,Completed,Referral Link,,0,42972.0
2070,2154,19,5382.0,2026-07-31 02:23:13,2026-08-30,4,Completed,Website,,0,35348.0
2071,2154,62,,2025-12-18 04:20:54,2026-02-08,3,Completed,Website,,0,56061.0
2072,2157,18,10214.0,2026-07-07 18:27:13,2026-09-20,2,Confirmed,Mobile App,,0,12424.0
2073,2159,14,1525.0,2026-07-09 13:04:05,2026-12-08,4,Confirmed,Mobile App,,0,152812.0
2074,2159,37,2030.0,2025-06-29 22:36:45,2025-07-08,2,Cancelled,Mobile App,TP10OFF,10,67933.8
2075,2160,73,,2026-07-15 08:43:27,2026-09-23,6,Confirmed,Instagram,,0,155010.0
2076,2161,64,,2024-02-21 16:42:02,2024-03-03,4,Completed,Instagram,,0,64772.0
2077,2161,52,6794.0,2026-07-31 07:56:00,2026-10-24,3,Pending,Referral Link,,0,92097.0
2078,2162,54,,2026-08-29 01:15:51,2026-12-29,4,Confirmed,Referral Link,TP5OFF,5,44520.8
2079,2162,7,11279.0,2026-07-13 18:13:24,2026-11-24,3,Cancelled,Website,TP5OFF,5,37246.65
2080,2163,17,2702.0,2026-08-28 12:30:42,2027-01-20,3,Confirmed,Mobile App,,0,121686.0
2081,2165,48,2899.0,2023-09-13 11:31:14,2023-10-25,5,Completed,Referral Link,,0,40200.0
2082,2168,4,,2026-07-03 10:44:49,2026-12-27,4,Confirmed,Instagram,,0,33812.0
2083,2169,97,,2026-08-22 21:51:26,2027-01-26,4,Confirmed,Referral Link,,0,67836.0
2084,2170,32,,2024-04-14 15:57:21,2024-05-31,3,Completed,Mobile App,,0,77889.0
2085,2170,61,,2026-08-31 01:57:04,2026-09-22,6,Confirmed,Website,TP10OFF,10,102897.0
2086,2171,25,,2026-03-02 15:40:28,2026-04-26,3,Cancelled,Website,,0,35559.0
2087,2171,34,,2023-12-26 20:11:10,2024-01-22,2,Completed,Instagram,TP10OFF,10,17807.4
2088,2173,54,7319.0,2026-08-15 22:36:23,2026-12-21,3,Cancelled,Website,,0,35148.0
2089,2176,10,,2025-01-31 12:56:01,2025-02-09,2,Completed,Website,,0,18944.0
2090,2178,57,12794.0,2023-10-17 00:35:44,2023-11-03,6,Completed,Website,,0,140046.0
2091,2180,20,,2026-06-22 22:16:04,2026-09-09,4,Pending,Website,TP10OFF,10,131778.0
2092,2182,75,,2024-03-29 12:39:23,2024-05-04,3,Completed,Mobile App,TP15OFF,15,55340.1
2093,2182,73,,2024-08-02 10:26:58,2024-08-14,6,Completed,Referral Link,,0,155010.0
2094,2183,82,,2024-06-24 17:19:42,2024-07-16,2,Completed,Instagram,,0,19692.0
2095,2185,65,5671.0,2023-11-02 15:54:15,2024-01-01,5,Cancelled,Mobile App,,0,87690.0
2096,2186,18,7574.0,2026-08-23 05:45:19,2026-10-03,3,Confirmed,Website,TP5OFF,5,17704.2
2097,2188,30,7226.0,2026-08-05 19:22:56,2026-08-20,2,Cancelled,Mobile App,,0,18072.0
2098,2188,69,3773.0,2025-02-09 10:56:36,2025-03-17,3,Completed,Website,,0,70980.0
2099,2190,68,,2024-10-05 13:08:18,2024-11-23,4,Completed,Website,,0,92560.0
2100,2191,32,,2024-05-18 18:55:27,2024-06-07,2,Cancelled,Website,,0,51926.0
2101,2192,53,,2026-07-01 05:16:05,2026-07-20,2,Cancelled,Mobile App,,0,23074.0
2102,2193,44,12480.0,2026-07-15 04:17:06,2026-12-24,5,Pending,Mobile App,,0,33450.0
2103,2195,85,4861.0,2024-06-06 18:58:49,2024-07-29,5,Completed,Mobile App,,0,42720.0
2104,2195,79,,2026-06-20 14:36:56,2026-12-13,3,Confirmed,Website,TP5OFF,5,27622.2
2105,2195,44,,2025-08-05 11:36:33,2025-09-08,4,Completed,Mobile App,TP10OFF,10,24084.0
2106,2195,39,,2026-08-25 07:12:21,2027-02-18,3,Confirmed,Referral Link,TP10OFF,10,19380.6
2107,2195,28,,2026-08-19 15:12:16,2026-10-09,4,Cancelled,Mobile App,,0,37420.0
2108,2195,39,8687.0,2026-08-16 12:43:34,2026-10-14,5,Cancelled,Website,,0,35890.0
2109,2196,61,3894.0,2025-08-28 15:03:10,2025-09-14,6,Completed,Website,,0,114330.0
2110,2197,68,13949.0,2026-08-26 10:14:33,2026-09-12,6,Confirmed,Instagram,,0,138840.0
2111,2198,4,,2024-05-22 17:54:57,2024-06-10,4,Completed,Website,,0,33812.0
2112,2199,12,8670.0,2024-04-04 11:14:27,2024-04-11,3,Completed,Instagram,,0,31047.0
2113,2199,14,,2026-08-18 01:50:23,2026-10-06,3,Confirmed,Website,,0,114609.0
2114,2202,60,1172.0,2026-01-15 23:04:13,2026-03-11,3,Cancelled,Website,,0,38715.0
2115,2202,64,,2026-07-12 22:37:03,2026-12-28,3,Cancelled,Instagram,,0,48579.0
2116,2203,43,3805.0,2026-08-23 17:54:56,2027-01-13,2,Confirmed,Website,,0,22378.0
2117,2204,36,2881.0,2026-04-11 02:34:48,2026-04-28,2,Completed,Website,,0,86226.0
2118,2204,78,,2026-07-27 16:00:27,2027-01-19,6,Confirmed,Website,TP15OFF,15,102887.4
2119,2207,71,,2026-06-12 07:23:55,2026-08-22,4,Completed,Instagram,,0,24060.0
2120,2208,97,1495.0,2026-08-10 11:38:29,2027-01-06,5,Confirmed,Website,,0,84795.0
2121,2208,18,,2023-12-01 17:18:37,2023-12-09,2,Completed,Website,,0,12424.0
2122,2208,43,,2025-04-21 18:33:38,2025-04-30,3,Cancelled,Website,,0,33567.0
2123,2208,71,975.0,2025-09-01 09:43:41,2025-09-19,5,Completed,Website,,0,30075.0
2124,2208,30,2767.0,2026-07-30 19:41:25,2026-12-06,4,Confirmed,Mobile App,,0,36144.0
2125,2211,82,,2026-04-08 11:22:50,2026-05-14,4,Cancelled,Mobile App,,0,39384.0
2126,2211,62,10931.0,2026-01-22 18:24:27,2026-03-06,1,Completed,Website,,0,18687.0
2127,2211,25,14728.0,2026-07-25 23:10:28,2026-08-25,4,Completed,Website,,0,47412.0
2128,2211,85,,2024-12-06 11:34:50,2025-01-31,5,Completed,Website,,0,42720.0
2129,2212,64,11229.0,2025-08-28 16:47:55,2025-10-04,2,Completed,Mobile App,TP10OFF,10,29147.4
2130,2212,29,,2026-01-01 12:57:26,2026-02-14,2,Completed,Website,,0,60552.0
2131,2213,96,,2026-04-27 04:02:52,2026-05-16,3,Completed,Mobile App,,0,65433.0
2132,2214,62,8750.0,2026-07-18 19:57:31,2026-10-07,2,Confirmed,Mobile App,,0,37374.0
2133,2214,54,6587.0,2026-07-02 17:05:30,2026-10-10,4,Pending,Mobile App,TP5OFF,5,44520.8
2134,2216,70,9522.0,2026-06-24 15:21:57,2026-08-12,3,Completed,Mobile App,,0,42972.0
2135,2216,25,6314.0,2025-09-05 10:36:49,2025-10-22,1,Cancelled,Website,,0,11853.0
2136,2219,59,,2026-07-03 02:54:03,2026-08-23,3,Completed,Website,TP5OFF,5,57245.1
2137,2220,13,,2023-09-30 01:47:25,2023-10-26,1,Completed,Mobile App,,0,10774.0
2138,2221,86,,2024-06-15 02:46:18,2024-07-11,5,Completed,Website,,0,38280.0
2139,2223,57,3455.0,2026-08-02 22:21:22,2026-11-07,3,Pending,Website,,0,70023.0
2140,2223,61,8264.0,2026-08-29 06:20:00,2027-01-29,3,Confirmed,Mobile App,,0,57165.0
2141,2225,4,,2025-04-11 10:49:23,2025-04-23,3,Completed,Mobile App,,0,25359.0
2142,2229,49,8317.0,2026-07-12 15:05:05,2026-11-21,5,Confirmed,Referral Link,TP10OFF,10,52227.0
2143,2229,96,,2026-07-27 04:31:59,2026-10-24,1,Confirmed,Mobile App,,0,21811.0
2144,2229,16,10677.0,2026-07-15 05:24:18,2026-10-20,3,Confirmed,Referral Link,TP5OFF,5,31139.1
2145,2229,54,,2026-06-26 22:28:53,2026-10-12,3,Cancelled,Website,,0,35148.0
2146,2229,88,,2026-07-30 20:31:23,2026-12-16,3,Confirmed,Mobile App,,0,24333.0
2147,2231,49,,2026-07-01 09:17:29,2026-10-11,3,Confirmed,Website,,0,34818.0
2148,2232,14,,2026-08-31 07:09:41,2026-11-01,3,Confirmed,Mobile App,,0,114609.0
2149,2234,72,7204.0,2026-06-08 18:26:11,2026-07-23,4,Completed,Mobile App,,0,44468.0
2150,2235,36,,2026-02-20 06:51:51,2026-03-31,2,Cancelled,Instagram,TP10OFF,10,77603.4
2151,2236,25,4301.0,2026-06-12 12:48:02,2026-07-27,3,Completed,Website,,0,35559.0
2152,2236,89,,2026-08-03 22:17:33,2026-12-09,4,Confirmed,Website,,0,33232.0
2153,2237,94,7006.0,2026-06-23 15:05:08,2026-11-13,4,Confirmed,Instagram,TP5OFF,5,46819.8
2154,2239,8,4361.0,2026-07-03 22:10:25,2026-12-01,3,Confirmed,Referral Link,TP20OFF,20,83419.2
2155,2239,64,,2026-08-25 04:35:26,2027-02-04,4,Confirmed,Mobile App,,0,64772.0
2156,2239,37,2446.0,2024-11-11 16:43:05,2024-12-11,3,Completed,Mobile App,,0,113223.0
2157,2239,17,1664.0,2023-11-08 15:28:31,2023-11-19,4,Completed,Mobile App,,0,162248.0
2158,2239,81,,2026-08-03 04:35:29,2027-01-08,6,Confirmed,Website,,0,151662.0
2159,2239,65,1289.0,2026-07-26 03:26:34,2026-11-11,5,Cancelled,Mobile App,,0,87690.0
2160,2241,16,8954.0,2024-01-26 01:47:26,2024-03-06,3,Completed,Referral Link,TP20OFF,20,26222.4
2161,2241,34,4610.0,2023-12-05 11:12:24,2024-01-29,2,Completed,Website,,0,19786.0
2162,2241,25,4443.0,2026-08-22 17:01:04,2026-10-18,2,Confirmed,Website,,0,23706.0
2163,2243,32,,2026-07-01 15:28:46,2026-07-20,3,Completed,Website,TP5OFF,5,73994.55
2164,2244,41,,2026-07-15 19:10:06,2026-10-15,2,Confirmed,Website,TP20OFF,20,78128.0
2165,2244,52,9641.0,2026-07-16 22:16:35,2026-08-30,3,Cancelled,Mobile App,,0,92097.0
2166,2245,49,11869.0,2026-02-12 23:57:12,2026-03-29,4,Completed,Mobile App,,0,46424.0
2167,2246,96,9099.0,2025-05-21 10:15:58,2025-06-06,1,Cancelled,Mobile App,TP5OFF,5,20720.45
2168,2246,70,14163.0,2026-07-10 16:46:06,2026-10-13,2,Confirmed,Mobile App,TP20OFF,20,22918.4
2169,2246,70,1199.0,2025-06-29 19:31:31,2025-07-15,4,Completed,Instagram,TP15OFF,15,48701.6
2170,2246,39,8630.0,2026-06-30 09:08:16,2026-07-20,2,Completed,Mobile App,,0,14356.0
2171,2246,13,13747.0,2025-07-04 22:24:25,2025-08-05,3,Completed,Website,,0,32322.0
2172,2247,66,8528.0,2024-04-15 18:44:31,2024-06-14,5,Cancelled,Referral Link,TP5OFF,5,147753.5
2173,2248,56,,2025-11-09 10:03:56,2025-11-20,2,Completed,Mobile App,,0,33648.0
2174,2249,21,152.0,2026-07-23 22:58:58,2026-12-26,5,Confirmed,Mobile App,TP15OFF,15,31488.25
2175,2250,2,,2026-07-22 00:47:36,2026-12-01,3,Cancelled,Mobile App,TP5OFF,5,94229.55
2176,2254,68,,2026-06-19 00:15:57,2026-09-21,5,Confirmed,Website,,0,115700.0
2177,2254,27,6719.0,2026-08-03 10:45:31,2026-08-30,3,Completed,Mobile App,,0,20088.0
2178,2256,28,,2024-05-31 22:56:03,2024-06-22,2,Completed,Website,TP10OFF,10,16839.0
2179,2256,94,13440.0,2026-08-09 07:49:27,2026-10-13,5,Confirmed,Referral Link,,0,61605.0
2180,2256,1,8080.0,2026-07-05 10:47:04,2026-09-17,3,Confirmed,Website,,0,32961.0
2181,2257,66,,2026-07-14 22:52:44,2026-08-02,5,Completed,Mobile App,TP15OFF,15,132200.5
2182,2258,42,9959.0,2026-08-12 13:16:14,2027-02-08,4,Confirmed,Mobile App,,0,154868.0
2183,2258,42,,2026-08-09 06:17:35,2027-02-02,3,Confirmed,Website,TP5OFF,5,110343.45
2184,2260,4,5645.0,2026-07-04 00:18:55,2026-08-19,2,Completed,Instagram,,0,16906.0
2185,2261,5,14468.0,2026-07-18 12:47:12,2026-08-18,4,Cancelled,Website,,0,162620.0
2186,2262,29,7808.0,2023-11-14 02:35:23,2024-01-06,2,Completed,Instagram,,0,60552.0
2187,2263,73,,2026-07-05 06:34:11,2026-11-12,5,Confirmed,Website,TP5OFF,5,122716.25
2188,2264,44,10893.0,2026-08-16 20:59:39,2027-01-20,3,Pending,Website,TP10OFF,10,18063.0
2189,2265,73,3166.0,2025-08-29 15:29:37,2025-09-26,6,Completed,Instagram,TP15OFF,15,131758.5
2190,2265,59,,2023-12-13 04:49:37,2024-01-15,3,Completed,Instagram,TP10OFF,10,54232.2
2191,2266,16,8178.0,2024-03-06 06:22:47,2024-04-07,4,Cancelled,Website,,0,43704.0
2192,2266,85,438.0,2026-07-31 06:06:29,2026-10-27,4,Pending,Mobile App,,0,34176.0
2193,2268,24,,2025-07-27 11:34:11,2025-08-23,3,Completed,Website,,0,28767.0
2194,2269,96,,2026-07-22 16:57:31,2026-11-20,1,Confirmed,Website,,0,21811.0
2195,2270,87,12057.0,2026-08-04 13:56:08,2026-11-06,5,Confirmed,Website,,0,108850.0
2196,2272,34,,2026-06-21 14:00:09,2026-08-23,3,Cancelled,Website,,0,29679.0
2197,2274,98,14343.0,2025-06-03 04:51:48,2025-06-23,4,Completed,Website,,0,61432.0
2198,2274,26,,2026-06-26 06:21:40,2026-08-18,4,Cancelled,Mobile App,,0,103828.0
2199,2275,4,11813.0,2026-04-11 17:21:33,2026-06-06,1,Completed,Website,TP5OFF,5,8030.35
2200,2276,22,,2026-08-14 09:57:36,2026-12-14,4,Confirmed,Website,,0,36252.0
2201,2281,89,11022.0,2026-06-12 14:33:10,2026-10-01,4,Confirmed,Website,TP5OFF,5,31570.4
2202,2283,70,9494.0,2026-08-09 02:38:08,2026-12-15,2,Cancelled,Website,TP5OFF,5,27215.6
2203,2284,62,5288.0,2025-01-23 19:54:45,2025-03-09,5,Completed,Website,TP10OFF,10,84091.5
2204,2285,4,1380.0,2026-08-08 05:02:45,2026-12-06,3,Pending,Website,,0,25359.0
2205,2286,25,,2026-08-22 01:22:03,2026-09-30,3,Confirmed,Instagram,,0,35559.0
2206,2286,4,,2026-06-29 11:49:18,2026-08-26,1,Completed,Mobile App,TP15OFF,15,7185.05
2207,2286,34,,2025-10-08 12:52:35,2025-11-25,3,Cancelled,Website,,0,29679.0
2208,2286,82,,2026-06-25 10:54:54,2026-11-17,2,Confirmed,Mobile App,,0,19692.0
2209,2286,16,,2026-07-29 00:38:12,2026-12-03,3,Cancelled,Mobile App,,0,32778.0
2210,2286,62,,2025-06-05 23:32:35,2025-06-17,2,Completed,Mobile App,,0,37374.0
2211,2287,46,,2026-08-05 00:51:41,2026-10-10,2,Confirmed,Referral Link,,0,60886.0
2212,2288,1,,2026-07-04 12:01:19,2026-09-26,1,Confirmed,Instagram,,0,10987.0
2213,2289,80,,2026-07-05 19:40:37,2026-09-19,3,Confirmed,Mobile App,,0,19251.0
2214,2291,90,,2024-01-24 16:38:17,2024-03-19,3,Completed,Instagram,TP5OFF,5,59177.4
2215,2293,33,,2026-01-01 08:27:59,2026-02-17,3,Completed,Website,TP5OFF,5,31558.05
2216,2293,33,,2025-06-22 01:14:44,2025-08-21,5,Completed,Referral Link,TP10OFF,10,49828.5
2217,2296,1,,2024-02-15 16:08:52,2024-04-10,2,Completed,Mobile App,TP5OFF,5,20875.3
2218,2297,54,10034.0,2026-06-20 23:21:35,2026-07-03,4,Completed,Website,TP20OFF,20,37491.2
2219,2299,88,13462.0,2026-09-01 20:49:01,2027-01-02,2,Confirmed,Referral Link,TP15OFF,15,13788.7
2220,2300,28,,2024-03-02 11:12:41,2024-03-23,4,Completed,Mobile App,,0,37420.0
2221,2302,61,2732.0,2026-05-03 21:35:11,2026-06-21,4,Completed,Website,,0,76220.0
2222,2303,4,5998.0,2025-06-28 22:51:17,2025-07-19,3,Completed,Mobile App,TP10OFF,10,22823.1
2223,2304,26,,2023-10-19 14:31:44,2023-11-09,3,Completed,Website,TP5OFF,5,73977.45
2224,2308,15,4944.0,2026-09-01 23:21:03,2027-02-14,2,Confirmed,Mobile App,,0,20934.0
2225,2308,84,11763.0,2026-04-30 23:38:14,2026-05-11,6,Completed,Website,,0,130572.0
2226,2313,29,,2026-03-06 17:51:22,2026-04-06,2,Completed,Mobile App,,0,60552.0
2227,2313,47,8486.0,2026-08-30 17:06:33,2027-02-14,2,Confirmed,Website,,0,60660.0
2228,2314,54,6244.0,2025-07-11 20:48:11,2025-08-26,2,Cancelled,Referral Link,,0,23432.0
2229,2316,59,7136.0,2026-07-29 07:28:46,2026-12-15,4,Confirmed,Website,,0,80344.0
2230,2317,94,13693.0,2026-08-02 21:08:22,2026-08-29,5,Cancelled,Website,TP15OFF,15,52364.25
2231,2318,38,8357.0,2026-07-30 06:31:22,2027-01-01,3,Confirmed,Mobile App,,0,24099.0
2232,2319,75,8066.0,2025-06-06 08:37:42,2025-07-23,6,Completed,Mobile App,TP15OFF,15,110680.2
2233,2320,1,11723.0,2025-03-26 02:18:56,2025-05-15,2,Completed,Mobile App,,0,21974.0
2234,2320,22,7558.0,2026-07-03 19:46:54,2026-12-13,4,Confirmed,Instagram,,0,36252.0
2235,2320,7,5314.0,2026-08-17 18:35:20,2026-09-18,3,Confirmed,Instagram,,0,39207.0
2236,2320,13,,2026-07-22 13:42:22,2026-09-25,3,Confirmed,Mobile App,TP10OFF,10,29089.8
2237,2321,84,,2025-12-14 21:37:19,2026-01-29,5,Completed,Website,TP5OFF,5,103369.5
2238,2323,38,,2026-04-21 02:55:09,2026-06-05,5,Completed,Mobile App,,0,40165.0
2239,2323,6,7429.0,2026-01-25 12:20:12,2026-03-18,4,Completed,Instagram,,0,35292.0
2240,2323,53,7869.0,2025-10-26 06:04:00,2025-11-01,4,Completed,Website,TP5OFF,5,43840.6
2241,2323,21,10869.0,2026-08-23 01:28:16,2027-01-03,2,Confirmed,Mobile App,,0,14818.0
2242,2323,18,13947.0,2026-06-22 19:31:00,2026-07-06,4,Completed,Instagram,,0,24848.0
2243,2324,28,,2026-07-06 06:28:09,2026-11-12,2,Pending,Mobile App,,0,18710.0
2244,2324,22,,2025-02-26 20:43:52,2025-03-03,2,Completed,Website,TP20OFF,20,14500.8
2245,2324,96,,2026-05-29 07:43:18,2026-07-23,4,Completed,Mobile App,,0,87244.0
2246,2324,44,,2026-06-11 00:11:21,2026-07-25,4,Completed,Website,TP5OFF,5,25422.0
2247,2324,96,,2025-08-23 19:15:59,2025-09-05,3,Completed,Mobile App,,0,65433.0
2248,2327,21,2877.0,2026-07-30 13:32:53,2026-12-15,4,Confirmed,Mobile App,TP15OFF,15,25190.6
2249,2328,87,5801.0,2026-06-18 08:38:31,2026-09-20,6,Confirmed,Website,,0,130620.0
2250,2329,65,14263.0,2025-05-15 18:01:02,2025-06-18,1,Completed,Website,TP5OFF,5,16661.1
2251,2330,19,,2026-06-11 22:19:59,2026-09-26,3,Confirmed,Website,,0,26511.0
2252,2330,95,8573.0,2026-08-24 22:31:18,2027-02-07,5,Confirmed,Mobile App,TP5OFF,5,34722.5
2253,2332,20,,2023-12-30 09:21:27,2024-02-13,4,Completed,Mobile App,,0,146420.0
2254,2334,92,,2026-07-07 11:48:01,2026-11-22,3,Confirmed,Website,,0,22221.0
2255,2335,21,14681.0,2024-04-02 17:00:23,2024-05-19,5,Completed,Mobile App,,0,37045.0
2256,2336,76,,2026-07-04 21:17:08,2026-12-31,4,Pending,Mobile App,,0,61772.0
2257,2337,90,,2026-03-28 08:19:43,2026-04-29,4,Cancelled,Mobile App,TP15OFF,15,70597.6
2258,2337,69,,2023-12-01 09:53:55,2023-12-20,3,Completed,Referral Link,TP5OFF,5,67431.0
2259,2338,20,,2024-02-27 23:42:00,2024-04-04,3,Completed,Website,,0,109815.0
2260,2338,38,,2025-02-10 01:20:31,2025-03-22,3,Completed,Instagram,,0,24099.0
2261,2341,27,2297.0,2026-06-18 11:59:00,2026-10-16,5,Pending,Website,TP10OFF,10,30132.0
2262,2342,16,,2025-08-25 08:24:09,2025-09-25,4,Completed,Website,,0,43704.0
2263,2345,24,7851.0,2026-07-29 19:42:30,2026-09-19,5,Confirmed,Referral Link,TP10OFF,10,43150.5
2264,2347,34,4496.0,2026-07-19 02:34:52,2027-01-12,4,Pending,Instagram,,0,39572.0
2265,2349,66,8517.0,2026-06-10 15:13:08,2026-11-26,5,Confirmed,Website,,0,155530.0
2266,2351,91,,2026-08-13 03:20:43,2026-10-21,2,Confirmed,Website,,0,25908.0
2267,2351,62,13837.0,2026-08-08 17:12:37,2026-08-20,2,Completed,Website,,0,37374.0
2268,2356,62,242.0,2026-08-27 05:54:58,2026-11-22,1,Confirmed,Mobile App,,0,18687.0
2269,2357,51,8549.0,2023-12-26 22:01:48,2024-01-16,2,Completed,Website,,0,73474.0
2270,2360,70,,2024-08-31 08:51:21,2024-09-24,3,Completed,Instagram,TP5OFF,5,40823.4
2271,2360,10,,2026-07-21 19:49:00,2026-09-21,3,Pending,Website,,0,28416.0
2272,2361,86,,2024-03-28 12:02:22,2024-05-01,5,Completed,Mobile App,,0,38280.0
2273,2363,68,,2026-07-26 02:27:09,2026-08-22,5,Completed,Website,TP10OFF,10,104130.0
2274,2364,70,,2024-01-25 18:59:37,2024-02-12,3,Completed,Mobile App,,0,42972.0
2275,2365,18,1144.0,2026-06-22 19:11:05,2026-07-04,4,Cancelled,Website,,0,24848.0
2276,2366,22,4746.0,2026-08-15 19:16:05,2027-02-04,3,Confirmed,Mobile App,,0,27189.0
2277,2366,28,,2023-11-22 17:43:23,2023-12-06,1,Completed,Mobile App,TP10OFF,10,8419.5
2278,2367,38,12799.0,2025-03-15 18:16:51,2025-05-04,2,Completed,Instagram,TP5OFF,5,15262.7
2279,2367,40,,2025-06-20 00:39:42,2025-07-05,1,Completed,Referral Link,TP5OFF,5,31491.55
2280,2367,83,,2026-06-22 11:08:21,2026-09-28,5,Confirmed,Website,,0,47880.0
2281,2367,83,,2026-06-09 00:00:58,2026-07-07,4,Completed,Mobile App,,0,38304.0
2282,2367,50,4790.0,2026-07-14 13:32:28,2026-09-12,1,Confirmed,Mobile App,TP10OFF,10,17565.3
2283,2368,15,11292.0,2024-10-15 01:48:39,2024-11-26,2,Completed,Instagram,,0,20934.0
2284,2368,59,,2025-02-26 12:18:06,2025-03-24,6,Completed,Website,,0,120516.0
2285,2369,14,,2024-09-15 02:12:02,2024-10-22,3,Completed,Website,TP5OFF,5,108878.55
2286,2370,10,,2025-04-01 16:18:44,2025-04-13,1,Completed,Mobile App,,0,9472.0
2287,2370,54,11706.0,2026-06-13 20:38:20,2026-12-01,3,Confirmed,Mobile App,,0,35148.0
2288,2371,92,7997.0,2024-07-18 03:16:05,2024-08-01,4,Completed,Mobile App,TP5OFF,5,28146.6
2289,2376,58,,2025-10-25 15:10:56,2025-12-17,2,Completed,Mobile App,TP5OFF,5,23105.9
2290,2377,64,,2026-07-17 06:11:02,2026-11-02,5,Pending,Website,,0,80965.0
2291,2377,38,,2026-08-07 23:45:18,2027-01-08,5,Confirmed,Mobile App,TP10OFF,10,36148.5
2292,2378,44,12209.0,2026-08-03 01:55:46,2026-08-30,5,Cancelled,Instagram,,0,33450.0
2293,2379,91,,2025-12-15 05:40:36,2025-12-28,4,Completed,Website,,0,51816.0
2294,2380,60,6633.0,2026-08-12 16:46:24,2026-11-30,2,Confirmed,Website,,0,25810.0
2295,2380,10,,2024-01-20 11:46:37,2024-03-07,4,Completed,Instagram,TP10OFF,10,34099.2
2296,2381,85,4655.0,2025-09-04 11:12:21,2025-10-14,3,Completed,Website,,0,25632.0
2297,2383,76,,2026-07-30 20:31:22,2026-09-07,2,Confirmed,Website,,0,30886.0
2298,2385,96,4820.0,2026-06-15 16:41:48,2026-12-08,2,Pending,Website,,0,43622.0
2299,2385,70,,2026-02-18 01:38:05,2026-04-15,2,Completed,Website,TP5OFF,5,27215.6
2300,2385,88,,2024-06-26 17:55:35,2024-08-06,4,Completed,Website,,0,32444.0
2301,2385,85,10217.0,2026-06-17 22:32:30,2026-07-08,5,Completed,Mobile App,TP5OFF,5,40584.0
2302,2385,49,,2026-07-13 08:33:59,2026-11-06,4,Confirmed,Website,,0,46424.0
2303,2385,34,,2023-09-18 09:07:34,2023-10-02,2,Completed,Website,,0,19786.0
2304,2388,46,,2026-05-30 16:08:10,2026-07-11,2,Completed,Referral Link,,0,60886.0
2305,2388,17,,2026-06-15 03:15:57,2026-09-11,2,Confirmed,Website,,0,81124.0
2306,2389,1,14756.0,2026-06-16 20:18:48,2026-08-31,1,Completed,Website,,0,10987.0
2307,2389,10,5975.0,2025-07-21 20:52:52,2025-08-19,3,Cancelled,Website,,0,28416.0
2308,2391,82,,2026-06-15 11:29:51,2026-11-27,2,Confirmed,Website,,0,19692.0
2309,2393,37,9248.0,2026-08-04 00:30:34,2027-01-19,4,Confirmed,Referral Link,,0,150964.0
2310,2394,44,,2026-06-13 23:56:17,2026-11-09,4,Confirmed,Referral Link,,0,26760.0
2311,2395,89,1323.0,2026-06-18 15:43:27,2026-08-23,5,Cancelled,Referral Link,TP15OFF,15,35309.0
2312,2396,33,,2026-05-14 09:00:52,2026-06-06,2,Completed,Website,,0,22146.0
2313,2396,89,6679.0,2026-08-18 18:37:50,2026-09-20,2,Cancelled,Mobile App,,0,16616.0
2314,2397,93,,2024-11-14 22:24:29,2024-12-05,4,Completed,Mobile App,,0,71920.0
2315,2397,36,5849.0,2026-06-09 01:30:27,2026-08-28,2,Completed,Mobile App,,0,86226.0
2316,2398,8,,2026-07-30 23:49:26,2027-01-10,3,Cancelled,Website,TP5OFF,5,99060.3
2317,2399,73,7921.0,2026-02-09 16:12:15,2026-02-28,4,Cancelled,Referral Link,,0,103340.0
2318,2400,13,12561.0,2026-08-18 04:16:00,2026-12-06,4,Pending,Mobile App,TP20OFF,20,34476.8
2319,2402,25,,2025-09-03 05:46:48,2025-10-09,1,Cancelled,Instagram,TP5OFF,5,11260.35
2320,2404,21,14365.0,2026-07-18 18:17:18,2027-01-05,2,Confirmed,Mobile App,,0,14818.0
2321,2404,6,2094.0,2026-07-19 22:01:55,2026-12-04,5,Confirmed,Referral Link,TP10OFF,10,39703.5
2322,2405,16,7568.0,2026-07-01 23:52:42,2026-09-06,2,Completed,Referral Link,,0,21852.0
2323,2405,39,,2026-04-29 21:02:37,2026-05-13,2,Completed,Website,,0,14356.0
2324,2406,66,10907.0,2026-06-28 20:42:34,2026-10-22,5,Confirmed,Referral Link,,0,155530.0
2325,2408,33,8672.0,2024-09-24 22:22:30,2024-11-18,3,Completed,Referral Link,,0,33219.0
2326,2409,56,,2026-08-02 01:45:47,2026-09-25,5,Confirmed,Mobile App,TP15OFF,15,71502.0
2327,2412,39,,2024-06-26 05:56:07,2024-07-27,4,Completed,Website,TP10OFF,10,25840.8
2328,2413,15,,2026-09-05 17:17:34,2027-01-15,5,Cancelled,Website,TP10OFF,10,47101.5
2329,2414,10,13720.0,2026-07-10 21:55:21,2026-10-30,3,Confirmed,Mobile App,TP15OFF,15,24153.6
2330,2418,36,6980.0,2024-10-09 02:55:53,2024-11-19,2,Completed,Website,TP15OFF,15,73292.1
2331,2418,98,961.0,2024-07-15 13:21:23,2024-07-29,4,Completed,Mobile App,TP10OFF,10,55288.8
2332,2419,59,,2025-07-30 17:37:40,2025-08-10,6,Completed,Website,,0,120516.0
2333,2420,66,,2026-02-23 19:33:55,2026-03-16,3,Completed,Mobile App,,0,93318.0
2334,2422,1,8581.0,2026-08-04 02:39:30,2026-08-18,2,Completed,Website,,0,21974.0
2335,2424,57,,2023-09-14 20:31:04,2023-11-13,3,Completed,Mobile App,,0,70023.0
2336,2426,73,9650.0,2025-03-18 16:12:46,2025-05-03,6,Completed,Instagram,TP5OFF,5,147259.5
2337,2426,59,,2025-06-30 04:15:59,2025-07-05,5,Completed,Mobile App,TP5OFF,5,95408.5
2338,2427,97,,2026-07-06 17:48:03,2026-07-21,2,Completed,Website,,0,33918.0
2339,2428,79,,2026-06-26 14:09:49,2026-12-23,4,Confirmed,Website,,0,38768.0
2340,2431,16,,2026-07-14 16:44:39,2026-10-11,3,Confirmed,Website,TP10OFF,10,29500.2
2341,2432,23,12403.0,2026-02-05 18:52:53,2026-03-05,2,Completed,Mobile App,TP10OFF,10,70165.8
2342,2433,69,,2026-06-30 16:23:00,2026-12-09,4,Confirmed,Instagram,,0,94640.0
2343,2434,86,5845.0,2026-08-01 12:15:20,2026-12-30,2,Confirmed,Mobile App,TP10OFF,10,13780.8
2344,2434,56,14388.0,2026-06-17 12:47:06,2026-12-02,3,Confirmed,Mobile App,TP15OFF,15,42901.2
2345,2435,81,9812.0,2024-09-21 10:14:15,2024-11-10,3,Completed,Mobile App,,0,75831.0
2346,2436,13,,2026-01-23 05:23:35,2026-03-20,4,Completed,Mobile App,TP5OFF,5,40941.2
2347,2438,51,,2026-06-27 10:09:26,2026-10-29,2,Confirmed,Mobile App,,0,73474.0
2348,2438,56,,2026-08-27 15:40:12,2026-11-18,1,Confirmed,Website,,0,16824.0
2349,2440,36,,2025-12-11 03:16:19,2026-02-06,2,Completed,Website,TP10OFF,10,77603.4
2350,2441,89,,2026-07-23 10:07:12,2026-12-09,3,Confirmed,Website,TP15OFF,15,21185.4
2351,2442,15,1450.0,2025-02-03 18:45:15,2025-03-17,2,Cancelled,Mobile App,TP5OFF,5,19887.3
2352,2442,71,14973.0,2026-08-06 22:28:44,2027-01-12,2,Pending,Instagram,TP5OFF,5,11428.5
2353,2445,48,2157.0,2026-06-09 09:28:34,2026-07-05,3,Cancelled,Website,,0,24120.0
2354,2447,66,,2026-08-22 22:47:02,2026-11-12,4,Pending,Instagram,,0,124424.0
2355,2448,68,13432.0,2026-06-29 16:43:45,2026-08-26,4,Completed,Mobile App,,0,92560.0
2356,2448,59,7458.0,2026-06-21 13:50:07,2026-10-17,5,Confirmed,Website,TP10OFF,10,90387.0
2357,2448,17,,2024-12-21 09:46:42,2025-01-13,4,Completed,Website,,0,162248.0
2358,2448,15,6383.0,2026-08-03 09:14:11,2026-11-14,4,Confirmed,Website,TP10OFF,10,37681.2
2359,2448,11,,2023-09-12 14:10:25,2023-10-05,4,Completed,Website,,0,113336.0
2360,2449,54,,2024-11-18 15:20:37,2024-11-25,5,Completed,Website,TP5OFF,5,55651.0
2361,2450,27,4475.0,2026-08-25 09:54:03,2026-11-22,5,Confirmed,Website,,0,33480.0
2362,2450,84,3637.0,2025-11-05 18:29:49,2025-12-13,5,Completed,Mobile App,,0,108810.0
2363,2451,79,2205.0,2026-07-25 16:04:17,2026-12-12,4,Pending,Website,,0,38768.0
2364,2454,77,,2024-12-01 18:18:37,2024-12-25,5,Completed,Website,,0,99705.0
2365,2454,59,8931.0,2025-01-28 02:05:02,2025-03-02,5,Completed,Website,,0,100430.0
2366,2456,90,7759.0,2024-01-09 19:02:07,2024-02-26,3,Completed,Mobile App,,0,62292.0
2367,2457,77,12509.0,2026-07-11 04:52:59,2026-07-24,4,Completed,Mobile App,,0,79764.0
2368,2458,5,4594.0,2026-06-30 06:22:43,2026-10-23,3,Confirmed,Instagram,,0,121965.0
2369,2459,56,2441.0,2026-08-31 11:54:48,2026-11-25,4,Cancelled,Website,,0,67296.0
2370,2460,8,,2024-02-15 11:14:40,2024-03-05,2,Completed,Referral Link,TP5OFF,5,66040.2
2371,2462,87,4883.0,2026-08-28 21:33:43,2026-10-07,6,Confirmed,Mobile App,TP5OFF,5,124089.0
2372,2463,18,,2026-06-15 01:36:54,2026-07-30,5,Cancelled,Mobile App,,0,31060.0
2373,2463,23,8967.0,2025-07-20 20:07:05,2025-09-15,2,Completed,Mobile App,,0,77962.0
2374,2464,27,,2026-08-04 02:39:16,2026-09-01,3,Completed,Referral Link,TP10OFF,10,18079.2
2375,2465,15,,2025-11-26 16:23:18,2026-01-12,3,Completed,Mobile App,,0,31401.0
2376,2467,37,,2025-09-07 08:36:18,2025-10-30,4,Completed,Website,,0,150964.0
2377,2468,91,,2026-08-06 07:47:46,2027-02-02,2,Pending,Website,TP5OFF,5,24612.6
2378,2468,88,,2026-06-24 12:42:08,2026-11-12,3,Confirmed,Website,TP20OFF,20,19466.4
2379,2469,59,2287.0,2024-03-29 03:11:58,2024-04-17,3,Completed,Website,TP5OFF,5,57245.1
2380,2470,28,,2026-07-05 08:19:48,2026-11-05,2,Confirmed,Website,,0,18710.0
2381,2472,33,,2026-06-09 00:36:42,2026-11-15,3,Confirmed,Website,,0,33219.0
2382,2472,21,,2026-04-17 14:29:27,2026-06-09,4,Completed,Website,,0,29636.0
2383,2473,71,,2025-10-12 15:16:26,2025-11-04,4,Cancelled,Website,,0,24060.0
2384,2474,25,9940.0,2026-05-02 05:10:34,2026-05-28,3,Completed,Website,TP5OFF,5,33781.05
2385,2479,91,,2026-06-21 00:30:23,2026-11-02,3,Confirmed,Mobile App,,0,38862.0
2386,2480,90,,2026-06-15 16:52:55,2026-07-10,3,Completed,Mobile App,,0,62292.0
2387,2483,91,6333.0,2025-01-28 17:34:34,2025-03-17,2,Completed,Website,,0,25908.0
2388,2484,97,7234.0,2025-06-01 12:08:14,2025-06-29,4,Completed,Mobile App,,0,67836.0
2389,2485,46,555.0,2026-06-27 18:47:30,2026-09-05,2,Completed,Referral Link,,0,60886.0
2390,2485,47,,2024-03-20 19:04:05,2024-03-27,4,Completed,Mobile App,TP5OFF,5,115254.0
2391,2486,65,,2024-03-28 15:15:11,2024-04-21,5,Cancelled,Website,TP15OFF,15,74536.5
2392,2488,91,495.0,2026-07-04 09:04:00,2026-08-05,2,Completed,Mobile App,TP5OFF,5,24612.6
2393,2489,65,,2026-06-18 19:31:34,2026-11-19,5,Pending,Website,,0,87690.0
2394,2491,77,6726.0,2025-08-04 09:27:28,2025-09-16,6,Completed,Referral Link,,0,119646.0
2395,2492,74,,2025-01-28 03:14:35,2025-02-25,4,Completed,Mobile App,,0,43364.0
2396,2492,91,,2023-12-08 17:44:11,2024-01-06,4,Completed,Website,,0,51816.0
2397,2492,39,,2026-07-23 20:00:45,2026-12-15,3,Confirmed,Website,,0,21534.0
2398,2492,80,,2024-09-24 16:32:50,2024-10-23,3,Completed,Website,TP10OFF,10,17325.9
2399,2493,15,,2026-03-26 11:12:53,2026-05-20,4,Completed,Website,,0,41868.0
2400,2493,68,,2026-07-29 08:54:49,2026-09-17,6,Confirmed,Mobile App,,0,138840.0
2401,2494,92,,2026-07-26 14:45:23,2027-01-07,4,Confirmed,Website,,0,29628.0
2402,2495,73,,2023-10-02 06:07:19,2023-10-29,3,Completed,Website,,0,77505.0
2403,2496,42,,2025-07-24 10:14:26,2025-09-06,4,Cancelled,Referral Link,TP5OFF,5,147124.6
2404,2496,98,853.0,2026-06-13 15:33:54,2026-08-08,4,Completed,Instagram,TP10OFF,10,55288.8
2405,2497,66,1760.0,2026-08-07 17:28:47,2026-10-14,3,Confirmed,Instagram,TP10OFF,10,83986.2
2406,2497,29,2579.0,2026-07-03 13:10:57,2026-07-20,2,Completed,Website,TP15OFF,15,51469.2
2407,2497,32,,2025-01-04 22:40:46,2025-02-22,4,Cancelled,Website,,0,103852.0
2408,2498,91,,2025-08-10 13:42:30,2025-09-30,5,Cancelled,Instagram,,0,64770.0
2409,2498,4,,2023-11-02 04:16:37,2023-12-09,1,Completed,Website,,0,8453.0
2410,2499,26,,2024-08-11 07:36:38,2024-08-29,2,Completed,Website,TP15OFF,15,44126.9
2411,2501,79,13200.0,2024-02-10 19:49:19,2024-02-23,4,Completed,Mobile App,,0,38768.0
2412,2501,70,,2026-07-01 13:57:46,2026-12-14,3,Confirmed,Website,TP5OFF,5,40823.4
2413,2503,21,,2026-07-31 03:10:17,2026-09-01,4,Completed,Website,,0,29636.0
2414,2506,72,1685.0,2026-08-08 01:53:29,2026-11-30,2,Confirmed,Website,TP5OFF,5,21122.3
2415,2507,57,11499.0,2025-02-28 07:37:41,2025-04-06,6,Completed,Referral Link,TP10OFF,10,126041.4
2416,2508,80,14842.0,2026-07-21 14:47:43,2026-08-30,2,Completed,Website,TP15OFF,15,10908.9
2417,2509,57,10887.0,2026-06-09 22:55:57,2026-09-05,6,Completed,Mobile App,TP10OFF,10,126041.4
2418,2512,22,,2026-07-04 08:26:43,2026-09-15,4,Confirmed,Mobile App,TP5OFF,5,34439.4
2419,2513,97,,2024-11-27 13:01:17,2025-01-11,2,Completed,Mobile App,,0,33918.0
2420,2514,79,7514.0,2026-07-27 00:01:37,2027-01-18,5,Confirmed,Website,TP5OFF,5,46037.0
2421,2515,39,,2026-06-25 19:09:39,2026-09-22,3,Pending,Website,,0,21534.0
2422,2516,80,,2025-01-30 22:59:21,2025-02-08,2,Completed,Mobile App,,0,12834.0
2423,2517,97,,2024-11-30 20:28:54,2024-12-10,3,Completed,Website,,0,50877.0
2424,2517,92,6309.0,2026-07-25 16:25:06,2027-01-08,4,Confirmed,Referral Link,,0,29628.0
2425,2518,33,,2026-07-01 14:51:08,2026-07-20,4,Completed,Website,TP20OFF,20,35433.6
2426,2521,93,,2026-06-25 20:05:17,2026-11-01,4,Pending,Website,,0,71920.0
2427,2522,25,,2026-08-28 20:04:14,2027-01-21,3,Confirmed,Website,TP10OFF,10,32003.1
2428,2522,62,6020.0,2026-07-17 23:05:28,2026-12-31,2,Confirmed,Mobile App,,0,37374.0
2429,2523,71,12187.0,2026-07-24 20:34:28,2026-09-09,3,Confirmed,Mobile App,TP5OFF,5,17142.75
2430,2524,10,8557.0,2026-07-24 04:42:33,2026-09-14,4,Confirmed,Mobile App,,0,37888.0
2431,2524,16,9109.0,2026-07-05 18:32:36,2026-11-29,2,Confirmed,Website,,0,21852.0
2432,2525,45,,2026-08-25 06:47:10,2026-11-23,1,Confirmed,Referral Link,,0,33809.0
2433,2525,92,2950.0,2026-06-21 04:56:53,2026-07-31,2,Completed,Mobile App,,0,14814.0
2434,2525,95,201.0,2025-04-23 01:58:35,2025-06-13,4,Completed,Instagram,,0,29240.0
2435,2525,24,,2026-09-02 08:50:19,2026-09-19,4,Confirmed,Referral Link,TP5OFF,5,36438.2
2436,2527,92,6945.0,2026-07-01 19:45:52,2026-07-11,2,Completed,Referral Link,,0,14814.0
2437,2530,59,14647.0,2025-07-25 23:50:46,2025-09-17,4,Completed,Mobile App,,0,80344.0
2438,2530,73,14791.0,2026-07-06 10:41:11,2026-11-08,3,Confirmed,Website,TP15OFF,15,65879.25
2439,2531,68,,2025-10-03 00:38:22,2025-11-05,6,Completed,Website,,0,138840.0
2440,2532,69,6785.0,2026-07-05 16:30:45,2026-07-28,3,Completed,Mobile App,,0,70980.0
2441,2532,98,4022.0,2026-07-27 08:08:28,2026-10-23,3,Confirmed,Website,,0,46074.0
2442,2533,24,,2026-07-11 13:00:08,2027-01-06,5,Confirmed,Referral Link,TP10OFF,10,43150.5
2443,2533,42,,2026-08-18 05:52:07,2026-10-04,3,Confirmed,Website,TP10OFF,10,104535.9
2444,2534,10,,2024-11-29 19:23:27,2024-12-25,4,Cancelled,Website,,0,37888.0
2445,2534,19,,2025-08-08 03:28:05,2025-09-24,1,Completed,Website,,0,8837.0
2446,2536,39,,2026-06-20 22:27:32,2026-11-12,2,Confirmed,Mobile App,,0,14356.0
2447,2537,73,,2026-08-27 17:08:04,2026-11-20,5,Confirmed,Website,,0,129175.0
2448,2540,1,,2026-03-04 01:54:14,2026-03-23,3,Completed,Mobile App,,0,32961.0
2449,2540,22,8856.0,2026-08-16 22:53:50,2026-12-27,3,Confirmed,Website,,0,27189.0
2450,2541,49,,2026-08-10 08:37:45,2026-10-25,3,Pending,Mobile App,,0,34818.0
2451,2542,21,9157.0,2026-07-05 04:13:12,2026-11-18,5,Confirmed,Mobile App,TP15OFF,15,31488.25
2452,2544,82,,2026-08-11 23:57:04,2026-09-20,2,Cancelled,Website,TP20OFF,20,15753.6
2453,2544,19,,2026-08-31 05:21:11,2026-09-28,1,Confirmed,Mobile App,,0,8837.0
2454,2545,47,,2025-07-23 09:55:02,2025-07-30,4,Completed,Mobile App,TP5OFF,5,115254.0
2455,2545,30,6826.0,2026-08-13 03:29:33,2026-11-02,3,Cancelled,Website,TP10OFF,10,24397.2
2456,2546,59,4119.0,2026-07-05 12:41:39,2027-01-01,4,Pending,Website,,0,80344.0
2457,2548,74,9770.0,2025-08-23 21:12:12,2025-09-16,5,Completed,Website,,0,54205.0
2458,2550,41,,2024-07-29 08:15:44,2024-09-16,2,Cancelled,Website,,0,97660.0
2459,2551,41,,2025-05-28 08:52:25,2025-07-04,2,Completed,Mobile App,,0,97660.0
2460,2552,78,,2024-12-16 12:40:23,2025-01-26,6,Cancelled,Website,TP5OFF,5,114991.8
2461,2552,53,13999.0,2026-06-23 02:25:01,2026-08-15,3,Completed,Mobile App,TP5OFF,5,32880.45
2462,2555,56,9267.0,2026-07-25 08:20:08,2026-11-04,1,Confirmed,Website,TP10OFF,10,15141.6
2463,2555,93,,2026-07-19 16:48:24,2026-10-24,5,Cancelled,Website,,0,89900.0
2464,2556,22,,2026-08-20 17:23:48,2026-08-31,1,Completed,Instagram,,0,9063.0
2465,2557,22,6238.0,2026-06-14 02:09:15,2026-06-24,3,Completed,Website,,0,27189.0
2466,2558,69,,2024-01-27 18:23:34,2024-03-12,5,Completed,Mobile App,,0,118300.0
2467,2559,43,5822.0,2026-06-29 09:40:46,2026-11-07,2,Confirmed,Website,,0,22378.0
2468,2559,18,7581.0,2026-08-02 18:25:11,2026-09-24,5,Confirmed,Mobile App,,0,31060.0
2469,2560,74,,2026-08-05 17:23:40,2026-08-25,4,Completed,Mobile App,TP10OFF,10,39027.6
2470,2560,26,10489.0,2025-09-29 07:13:30,2025-10-06,2,Cancelled,Instagram,,0,51914.0
2471,2560,41,14987.0,2026-06-16 08:44:28,2026-11-05,2,Confirmed,Mobile App,,0,97660.0
2472,2560,31,,2026-08-09 05:32:45,2027-01-13,2,Confirmed,Instagram,,0,80496.0
2473,2560,42,3716.0,2024-06-29 08:52:16,2024-08-16,3,Completed,Website,TP10OFF,10,104535.9
2474,2560,42,,2026-06-25 23:47:51,2026-11-16,3,Confirmed,Website,,0,116151.0
2475,2561,18,,2026-06-27 19:15:04,2026-11-12,5,Pending,Website,TP5OFF,5,29507.0
2476,2561,53,10338.0,2026-06-23 20:43:47,2026-12-12,3,Pending,Website,,0,34611.0
2477,2562,34,,2025-11-12 06:40:58,2025-11-23,3,Cancelled,Referral Link,TP10OFF,10,26711.1
2478,2566,90,,2025-10-30 01:13:55,2025-12-07,3,Completed,Website,,0,62292.0
2479,2568,2,,2025-03-17 03:12:46,2025-05-14,2,Completed,Website,TP5OFF,5,62819.7
2480,2568,81,,2026-07-05 09:06:02,2026-10-16,4,Pending,Mobile App,,0,101108.0
2481,2569,82,,2023-11-29 23:00:33,2023-12-19,3,Completed,Instagram,,0,29538.0
2482,2569,19,943.0,2026-06-27 11:35:57,2026-09-26,1,Cancelled,Website,,0,8837.0
2483,2571,88,10317.0,2026-08-16 23:58:00,2026-09-05,2,Completed,Website,,0,16222.0
2484,2571,13,,2025-04-20 03:57:37,2025-05-07,2,Completed,Website,,0,21548.0
2485,2572,3,4044.0,2026-03-26 09:02:38,2026-04-21,4,Completed,Mobile App,TP5OFF,5,24779.8
2486,2573,66,,2023-10-23 10:56:18,2023-11-18,5,Completed,Mobile App,,0,155530.0
2487,2574,30,,2026-07-01 04:08:14,2026-11-23,3,Cancelled,Referral Link,,0,27108.0
2488,2574,48,,2025-02-03 23:21:46,2025-02-19,4,Completed,Mobile App,,0,32160.0
2489,2574,97,,2024-11-24 18:52:28,2024-11-30,3,Completed,Mobile App,,0,50877.0
2490,2574,21,9408.0,2026-08-23 20:56:22,2026-09-05,2,Cancelled,Mobile App,,0,14818.0
2491,2574,30,5348.0,2026-07-16 20:58:41,2027-01-02,5,Cancelled,Website,TP10OFF,10,40662.0
2492,2574,95,14162.0,2024-08-03 04:05:40,2024-09-01,2,Completed,Mobile App,TP10OFF,10,13158.0
2493,2575,11,12995.0,2026-08-20 09:03:07,2026-11-16,2,Confirmed,Mobile App,,0,56668.0
2494,2576,81,,2024-01-27 06:48:21,2024-03-18,3,Completed,Instagram,TP15OFF,15,64456.35
2495,2577,14,,2026-01-09 19:23:43,2026-01-14,4,Completed,Mobile App,TP10OFF,10,137530.8
2496,2579,49,5818.0,2026-07-22 14:31:25,2026-09-01,2,Completed,Website,TP15OFF,15,19730.2
2497,2581,52,,2026-08-14 20:49:14,2026-12-07,2,Confirmed,Referral Link,TP15OFF,15,52188.3
2498,2582,13,,2026-08-29 09:08:11,2026-09-09,4,Confirmed,Mobile App,TP10OFF,10,38786.4
2499,2585,75,,2026-08-22 18:56:33,2026-10-08,3,Confirmed,Mobile App,,0,65106.0
2500,2586,84,,2026-06-11 21:37:58,2026-12-01,5,Cancelled,Mobile App,TP5OFF,5,103369.5
2501,2587,84,3061.0,2026-07-04 21:27:59,2026-08-17,3,Completed,Website,TP15OFF,15,55493.1
2502,2588,58,8471.0,2026-08-06 17:46:34,2026-11-30,4,Confirmed,Mobile App,TP20OFF,20,38915.2
2503,2589,76,,2026-07-04 08:23:59,2026-08-30,4,Completed,Mobile App,TP20OFF,20,49417.6
2504,2590,87,4965.0,2026-08-28 07:13:10,2026-11-13,4,Cancelled,Website,TP10OFF,10,78372.0
2505,2591,19,6143.0,2026-08-31 22:47:17,2027-01-06,1,Cancelled,Website,,0,8837.0
2506,2593,66,,2023-11-28 07:11:55,2024-01-20,4,Completed,Website,,0,124424.0
2507,2594,31,,2023-11-16 12:14:12,2023-12-04,2,Completed,Mobile App,,0,80496.0
2508,2594,26,,2026-06-15 03:49:54,2026-08-20,3,Completed,Mobile App,,0,77871.0
2509,2597,37,,2025-04-28 08:35:28,2025-06-17,4,Completed,Website,,0,150964.0
2510,2599,60,,2026-06-27 02:59:32,2026-09-17,4,Cancelled,Referral Link,,0,51620.0
2511,2599,60,,2025-04-17 22:53:57,2025-04-23,2,Completed,Website,,0,25810.0
2512,2599,2,,2026-06-20 12:09:06,2026-08-07,2,Cancelled,Website,,0,66126.0
2513,2599,20,,2026-08-16 13:46:35,2026-08-28,3,Completed,Website,TP5OFF,5,104324.25
2514,2602,23,,2024-09-18 01:02:19,2024-10-20,2,Completed,Website,,0,77962.0
2515,2602,47,167.0,2023-10-13 06:20:04,2023-12-06,4,Completed,Mobile App,,0,121320.0
2516,2603,93,11699.0,2026-08-23 08:08:12,2026-12-17,4,Confirmed,Website,TP5OFF,5,68324.0
2517,2604,66,,2026-08-20 01:55:13,2027-01-10,4,Confirmed,Website,,0,124424.0
2518,2604,73,9929.0,2025-10-25 18:58:14,2025-11-15,3,Cancelled,Mobile App,,0,77505.0
2519,2604,66,,2026-08-18 14:44:34,2026-12-20,6,Confirmed,Website,,0,186636.0
2520,2605,73,,2024-06-23 11:50:32,2024-07-01,3,Completed,Website,TP10OFF,10,69754.5
2521,2607,23,3592.0,2026-01-18 13:38:01,2026-03-12,2,Completed,Website,,0,77962.0
2522,2613,93,,2026-06-12 15:07:12,2026-09-15,4,Confirmed,Instagram,TP10OFF,10,64728.0
2523,2613,61,,2025-05-08 13:39:57,2025-06-03,5,Completed,Website,,0,95275.0
2524,2614,37,,2026-07-02 03:36:04,2026-12-09,4,Confirmed,Website,,0,150964.0
2525,2615,22,,2026-06-29 09:57:07,2026-08-11,3,Completed,Website,TP10OFF,10,24470.1
2526,2615,85,,2025-01-29 00:05:27,2025-02-13,4,Completed,Mobile App,,0,34176.0
2527,2616,3,6388.0,2025-12-11 07:06:36,2026-01-03,3,Cancelled,Website,TP10OFF,10,17606.7
2528,2616,30,,2026-02-13 20:35:39,2026-03-14,5,Completed,Website,TP10OFF,10,40662.0
2529,2617,96,9197.0,2023-11-12 01:16:49,2023-12-18,1,Completed,Instagram,,0,21811.0
2530,2621,48,,2024-09-29 00:50:49,2024-10-24,3,Completed,Website,,0,24120.0
2531,2622,24,1511.0,2026-07-21 09:13:42,2026-09-28,4,Pending,Instagram,,0,38356.0
2532,2622,53,,2024-11-08 07:00:33,2024-11-17,3,Completed,Mobile App,,0,34611.0
2533,2623,5,3216.0,2026-07-29 19:50:56,2026-11-25,3,Confirmed,Referral Link,,0,121965.0
2534,2623,14,12500.0,2024-03-22 06:05:45,2024-04-27,2,Completed,Mobile App,,0,76406.0
2535,2624,54,,2025-11-30 08:51:12,2025-12-11,2,Cancelled,Website,,0,23432.0
2536,2624,82,4839.0,2026-08-06 14:05:05,2026-10-20,5,Confirmed,Website,TP5OFF,5,46768.5
2537,2625,59,,2026-06-10 09:50:29,2026-07-24,6,Cancelled,Mobile App,TP5OFF,5,114490.2
2538,2626,88,,2026-08-09 09:37:29,2026-10-07,3,Confirmed,Website,TP5OFF,5,23116.35
2539,2626,10,,2023-11-01 13:17:42,2023-12-30,3,Completed,Website,,0,28416.0
2540,2627,61,,2026-06-17 21:12:20,2026-08-26,6,Completed,Instagram,TP5OFF,5,108613.5
2541,2630,94,9256.0,2026-07-24 19:01:38,2026-09-08,5,Pending,Website,,0,61605.0
2542,2630,49,6341.0,2026-04-08 08:05:45,2026-05-05,2,Cancelled,Website,TP10OFF,10,20890.8
2543,2631,45,,2026-01-19 03:37:38,2026-02-20,2,Completed,Website,,0,67618.0
2544,2631,43,,2026-04-20 00:25:09,2026-06-16,3,Completed,Website,TP20OFF,20,26853.6
2545,2632,65,,2026-08-17 00:42:41,2026-10-18,2,Confirmed,Mobile App,,0,35076.0
2546,2632,79,10095.0,2026-07-08 20:12:49,2026-11-29,5,Pending,Mobile App,TP10OFF,10,43614.0
2547,2636,76,3583.0,2024-05-22 20:50:37,2024-05-30,5,Completed,Mobile App,TP10OFF,10,69493.5
2548,2636,2,972.0,2024-01-04 10:41:25,2024-02-16,4,Completed,Website,,0,132252.0
2549,2637,24,2261.0,2026-07-03 11:04:10,2026-08-23,3,Completed,Mobile App,,0,28767.0
2550,2638,3,,2026-08-20 08:06:07,2026-10-25,5,Confirmed,Mobile App,,0,32605.0
2551,2643,18,,2026-07-19 12:08:57,2026-12-09,4,Confirmed,Mobile App,,0,24848.0
2552,2643,38,260.0,2026-08-25 07:32:07,2027-01-06,2,Confirmed,Mobile App,,0,16066.0
2553,2644,16,,2026-08-17 05:23:55,2026-10-19,3,Confirmed,Website,,0,32778.0
2554,2645,83,,2026-07-24 13:22:53,2026-12-07,4,Confirmed,Website,,0,38304.0
2555,2645,21,,2026-06-09 01:13:44,2026-10-19,3,Cancelled,Referral Link,TP5OFF,5,21115.65
2556,2647,11,6749.0,2026-08-10 20:57:29,2026-12-30,2,Pending,Website,,0,56668.0
2557,2648,38,,2026-07-28 01:03:36,2027-01-08,4,Confirmed,Instagram,TP15OFF,15,27312.2
2558,2648,92,8370.0,2026-07-03 10:47:17,2026-08-04,4,Completed,Mobile App,,0,29628.0
2559,2649,4,,2023-12-16 08:59:40,2024-01-20,1,Completed,Website,,0,8453.0
2560,2650,79,14645.0,2026-07-01 00:58:17,2026-09-22,3,Confirmed,Website,,0,29076.0
2561,2651,57,14718.0,2026-07-19 03:48:47,2026-12-03,4,Confirmed,Referral Link,TP10OFF,10,84027.6
2562,2652,29,,2026-06-30 12:32:14,2026-07-30,3,Completed,Website,TP5OFF,5,86286.6
2563,2654,30,,2026-08-19 08:25:00,2026-11-06,3,Confirmed,Website,TP5OFF,5,25752.6
2564,2655,57,10473.0,2024-11-18 10:56:01,2025-01-16,6,Completed,Website,TP5OFF,5,133043.7
2565,2655,68,,2026-07-20 17:13:27,2026-12-01,3,Confirmed,Website,,0,69420.0
2566,2658,59,,2026-05-17 08:06:36,2026-06-04,6,Completed,Website,,0,120516.0
2567,2659,73,11302.0,2025-12-26 20:39:56,2026-01-25,6,Completed,Mobile App,,0,155010.0
2568,2660,57,,2026-08-06 23:22:07,2026-10-24,5,Confirmed,Mobile App,TP15OFF,15,99199.25
2569,2660,57,,2026-08-16 18:15:55,2027-01-04,6,Confirmed,Mobile App,,0,140046.0
2570,2661,72,,2026-09-01 16:39:49,2027-01-02,3,Confirmed,Website,,0,33351.0
2571,2661,95,11076.0,2024-06-21 04:27:59,2024-07-30,3,Completed,Website,,0,21930.0
2572,2661,25,,2023-10-22 13:03:41,2023-11-30,1,Completed,Website,,0,11853.0
2573,2661,60,,2025-12-12 22:46:24,2026-01-01,4,Completed,Mobile App,,0,51620.0
2574,2661,96,,2026-06-22 08:03:00,2026-12-05,4,Confirmed,Mobile App,,0,87244.0
2575,2663,25,,2026-06-20 00:28:51,2026-09-01,4,Cancelled,Website,,0,47412.0
2576,2664,40,9188.0,2026-06-27 09:07:29,2026-07-14,1,Completed,Referral Link,,0,33149.0
2577,2667,92,,2024-08-23 10:24:06,2024-09-20,2,Completed,Website,,0,14814.0
2578,2667,83,,2026-08-12 05:28:14,2026-10-26,4,Confirmed,Website,,0,38304.0
2579,2670,80,6116.0,2026-08-06 12:55:34,2026-11-30,4,Confirmed,Website,TP10OFF,10,23101.2
2580,2670,24,,2026-03-31 12:54:51,2026-05-17,3,Completed,Mobile App,TP15OFF,15,24451.95
2581,2671,88,,2026-07-09 19:04:22,2026-10-13,3,Confirmed,Website,,0,24333.0
2582,2672,91,1668.0,2026-08-14 21:56:06,2026-11-27,4,Confirmed,Instagram,TP5OFF,5,49225.2
2583,2673,16,,2026-06-14 09:32:15,2026-09-13,1,Confirmed,Instagram,,0,10926.0
2584,2676,47,10757.0,2024-10-17 23:31:09,2024-11-26,3,Completed,Website,,0,90990.0
2585,2677,49,13632.0,2026-08-07 16:00:26,2026-09-18,3,Confirmed,Mobile App,,0,34818.0
2586,2679,3,,2026-06-20 21:40:24,2026-07-27,4,Completed,Website,,0,26084.0
2587,2680,53,3758.0,2026-08-14 13:49:02,2026-11-24,4,Confirmed,Website,,0,46148.0
2588,2684,4,4618.0,2025-07-19 12:18:46,2025-09-10,3,Completed,Mobile App,TP15OFF,15,21555.15
2589,2686,57,969.0,2026-07-26 02:16:08,2026-09-01,3,Cancelled,Mobile App,TP5OFF,5,66521.85
2590,2688,61,,2023-09-15 11:53:49,2023-09-25,6,Completed,Website,,0,114330.0
2591,2688,61,2141.0,2026-08-23 15:34:22,2026-09-10,3,Confirmed,Instagram,,0,57165.0
2592,2689,28,13502.0,2026-06-22 20:42:19,2026-09-02,3,Completed,Mobile App,TP5OFF,5,26661.75
2593,2689,70,14741.0,2025-03-07 23:16:55,2025-03-31,5,Completed,Website,TP5OFF,5,68039.0
2594,2689,79,,2026-08-16 00:17:34,2026-08-27,2,Cancelled,Website,TP5OFF,5,18414.8
2595,2689,54,14604.0,2026-06-21 16:17:21,2026-09-28,4,Confirmed,Website,,0,46864.0
2596,2690,80,,2026-08-05 07:01:54,2027-01-31,2,Confirmed,Mobile App,,0,12834.0
2597,2692,61,,2026-07-15 11:39:44,2026-11-25,3,Confirmed,Instagram,,0,57165.0
2598,2693,49,,2026-08-06 15:12:48,2026-12-30,2,Pending,Referral Link,,0,23212.0
2599,2696,68,1142.0,2024-02-22 06:19:39,2024-03-20,5,Completed,Website,,0,115700.0
2600,2700,59,,2026-08-13 01:09:46,2027-02-02,6,Cancelled,Mobile App,,0,120516.0
2601,2704,17,2633.0,2026-07-20 13:34:34,2026-11-22,2,Cancelled,Mobile App,,0,81124.0
2602,2704,48,9760.0,2023-12-05 15:31:28,2024-01-26,3,Completed,Website,TP5OFF,5,22914.0
2603,2705,18,12099.0,2024-07-21 04:24:12,2024-09-04,4,Completed,Website,,0,24848.0
2604,2706,67,,2026-06-23 23:12:01,2026-07-15,5,Completed,Mobile App,,0,83645.0
2605,2708,88,,2026-08-31 22:01:24,2027-01-13,3,Cancelled,Website,TP15OFF,15,20683.05
2606,2711,12,932.0,2026-07-01 03:50:40,2026-08-31,2,Completed,Referral Link,TP15OFF,15,17593.3
2607,2712,93,,2026-06-27 13:22:57,2026-07-18,4,Cancelled,Website,,0,71920.0
2608,2712,26,12786.0,2026-08-12 12:07:38,2026-11-30,2,Confirmed,Website,,0,51914.0
2609,2712,51,10368.0,2025-02-09 11:10:28,2025-03-19,2,Completed,Mobile App,TP5OFF,5,69800.3
2610,2713,64,6627.0,2024-04-12 09:31:10,2024-05-21,2,Completed,Mobile App,,0,32386.0
2611,2715,83,,2026-06-29 12:57:49,2026-07-18,5,Completed,Instagram,TP5OFF,5,45486.0
2612,2719,28,185.0,2026-06-11 02:12:06,2026-11-10,4,Cancelled,Website,,0,37420.0
2613,2719,91,,2026-06-18 17:26:45,2026-07-17,3,Completed,Mobile App,,0,38862.0
2614,2719,28,,2026-07-26 01:37:03,2026-10-21,1,Pending,Referral Link,,0,9355.0
2615,2719,96,6998.0,2026-06-21 03:43:14,2026-07-08,5,Cancelled,Website,,0,109055.0
2616,2720,38,4780.0,2026-08-08 07:31:34,2026-11-24,4,Confirmed,Website,TP10OFF,10,28918.8
2617,2720,48,13637.0,2023-10-28 07:59:56,2023-12-21,3,Cancelled,Mobile App,,0,24120.0
2618,2721,81,,2026-05-18 10:04:42,2026-06-24,3,Completed,Website,TP10OFF,10,68247.9
2619,2722,7,,2026-07-19 23:37:31,2026-11-02,4,Pending,Mobile App,TP5OFF,5,49662.2
2620,2724,19,,2026-06-13 00:25:10,2026-08-13,2,Cancelled,Website,,0,17674.0
2621,2724,94,3733.0,2026-08-12 23:08:04,2026-10-17,4,Pending,Referral Link,,0,49284.0
2622,2726,82,,2026-06-25 01:36:49,2026-07-19,3,Cancelled,Mobile App,TP5OFF,5,28061.1
2623,2728,96,,2026-07-21 05:18:50,2026-10-18,4,Confirmed,Referral Link,TP15OFF,15,74157.4
2624,2730,40,,2026-09-04 15:26:01,2026-10-06,2,Confirmed,Mobile App,,0,66298.0
2625,2730,40,11432.0,2025-10-29 05:50:31,2025-12-24,2,Cancelled,Website,,0,66298.0
2626,2730,30,9938.0,2025-06-30 20:13:42,2025-07-24,5,Completed,Mobile App,,0,45180.0
2627,2731,14,2922.0,2024-02-03 13:00:44,2024-02-27,3,Completed,Mobile App,TP15OFF,15,97417.65
2628,2731,21,,2026-08-27 16:06:03,2026-11-21,4,Cancelled,Instagram,TP5OFF,5,28154.2
2629,2734,87,3607.0,2026-06-23 11:05:57,2026-12-10,6,Confirmed,Referral Link,TP5OFF,5,124089.0
2630,2736,82,8334.0,2026-08-15 15:48:16,2026-10-13,5,Confirmed,Instagram,TP5OFF,5,46768.5
2631,2739,26,6742.0,2025-11-10 06:13:29,2025-11-23,3,Completed,Website,TP10OFF,10,70083.9
2632,2739,64,8698.0,2026-03-02 09:32:28,2026-03-10,5,Completed,Website,,0,80965.0
2633,2740,84,13275.0,2023-12-08 15:20:30,2024-01-10,4,Cancelled,Mobile App,TP20OFF,20,69638.4
2634,2741,85,9516.0,2026-08-18 07:47:58,2026-11-15,3,Confirmed,Mobile App,TP5OFF,5,24350.4
2635,2742,2,,2026-08-24 00:46:53,2026-11-22,2,Confirmed,Website,,0,66126.0
2636,2743,56,4682.0,2024-07-24 10:45:55,2024-09-13,4,Cancelled,Mobile App,,0,67296.0
2637,2744,69,,2026-05-25 12:28:47,2026-05-30,3,Completed,Referral Link,,0,70980.0
2638,2748,52,,2026-07-12 22:53:00,2026-08-24,3,Completed,Referral Link,TP10OFF,10,82887.3
2639,2748,84,,2026-08-18 09:28:53,2027-01-03,3,Cancelled,Mobile App,,0,65286.0
2640,2749,1,1756.0,2026-06-20 10:45:05,2026-11-12,2,Confirmed,Website,,0,21974.0
2641,2750,49,,2026-08-29 10:06:49,2027-02-13,3,Confirmed,Mobile App,,0,34818.0
2642,2751,39,,2026-07-03 20:03:34,2026-09-20,4,Confirmed,Website,,0,28712.0
2643,2751,7,,2026-07-18 04:33:12,2026-08-06,1,Completed,Mobile App,,0,13069.0
2644,2752,58,,2026-08-05 08:28:51,2026-09-05,2,Completed,Website,,0,24322.0
2645,2752,47,10568.0,2026-08-09 12:28:20,2027-02-02,4,Confirmed,Website,,0,121320.0
2646,2755,28,,2026-04-15 11:01:26,2026-05-22,1,Completed,Referral Link,TP15OFF,15,7951.75
2647,2757,20,,2026-08-15 20:11:57,2027-01-09,3,Confirmed,Website,TP10OFF,10,98833.5
2648,2757,90,12479.0,2026-07-31 05:30:24,2026-08-26,4,Completed,Referral Link,,0,83056.0
2649,2759,24,3450.0,2026-08-12 01:41:20,2027-01-06,2,Confirmed,Website,,0,19178.0
2650,2760,43,7007.0,2025-09-08 14:53:05,2025-10-18,4,Cancelled,Website,,0,44756.0
2651,2760,33,,2026-06-28 06:21:30,2026-10-04,3,Confirmed,Website,TP15OFF,15,28236.15
2652,2763,8,,2026-08-28 17:58:43,2026-10-21,3,Confirmed,Website,,0,104274.0
2653,2766,11,12691.0,2026-07-15 19:58:38,2026-12-29,2,Pending,Website,,0,56668.0
2654,2767,69,,2026-09-05 10:26:50,2026-11-13,6,Confirmed,Mobile App,TP15OFF,15,120666.0
2655,2770,92,,2026-07-02 10:46:18,2026-12-28,3,Confirmed,Website,,0,22221.0
2656,2775,33,4013.0,2024-01-02 04:30:20,2024-02-03,4,Completed,Mobile App,,0,44292.0
2657,2776,34,,2026-06-26 07:51:39,2026-08-08,2,Completed,Mobile App,,0,19786.0
2658,2776,10,3247.0,2026-07-28 18:21:50,2026-11-19,3,Confirmed,Website,,0,28416.0
2659,2776,79,,2026-07-17 05:41:32,2026-12-20,4,Confirmed,Mobile App,TP5OFF,5,36829.6
2660,2777,88,,2026-01-16 22:58:49,2026-03-05,3,Cancelled,Website,,0,24333.0
2661,2779,29,,2026-01-25 14:47:18,2026-02-26,3,Completed,Referral Link,,0,90828.0
2662,2784,96,,2026-07-25 11:00:34,2026-11-04,3,Confirmed,Mobile App,,0,65433.0
2663,2785,90,3016.0,2026-06-06 07:30:29,2026-07-07,6,Cancelled,Mobile App,,0,124584.0
2664,2786,9,1566.0,2026-08-02 22:10:08,2026-09-12,3,Confirmed,Referral Link,,0,30108.0
2665,2788,65,11607.0,2026-06-16 09:28:04,2026-09-16,5,Confirmed,Mobile App,,0,87690.0
2666,2796,13,,2026-07-30 13:29:25,2026-08-23,1,Completed,Website,TP5OFF,5,10235.3
2667,2796,58,8837.0,2026-07-16 07:48:22,2026-09-27,2,Confirmed,Mobile App,,0,24322.0
2668,2797,40,8481.0,2026-08-31 02:09:27,2026-11-01,1,Confirmed,Website,,0,33149.0
2669,2798,41,,2026-08-19 17:00:11,2026-12-08,2,Confirmed,Referral Link,,0,97660.0
2670,2798,78,,2026-04-29 08:41:37,2026-06-20,3,Completed,Website,TP10OFF,10,54469.8
2671,2799,14,,2024-04-28 23:07:35,2024-06-12,3,Completed,Website,,0,114609.0
2672,2801,74,5840.0,2026-01-12 06:43:41,2026-01-24,3,Completed,Website,TP5OFF,5,30896.85
2673,2802,84,,2026-05-26 19:24:42,2026-07-04,6,Completed,Referral Link,,0,130572.0
2674,2805,49,52.0,2025-09-24 03:36:50,2025-10-30,4,Completed,Website,TP10OFF,10,41781.6
2675,2809,54,8638.0,2026-07-01 11:17:48,2026-07-13,2,Completed,Referral Link,,0,23432.0
2676,2811,52,13324.0,2026-07-21 07:04:48,2026-12-05,2,Confirmed,Mobile App,,0,61398.0
2677,2811,37,8064.0,2026-02-26 08:45:16,2026-03-03,2,Completed,Website,,0,75482.0
2678,2814,61,,2026-08-25 19:59:57,2027-02-01,3,Pending,Website,,0,57165.0
2679,2815,42,13905.0,2026-03-30 01:24:14,2026-04-19,2,Completed,Instagram,,0,77434.0
2680,2819,37,,2025-03-04 11:01:31,2025-04-22,2,Completed,Website,,0,75482.0
2681,2820,42,,2024-07-06 17:22:13,2024-08-06,2,Completed,Website,,0,77434.0
2682,2821,31,,2025-06-19 07:45:07,2025-08-15,2,Cancelled,Mobile App,,0,80496.0
2683,2823,82,12595.0,2026-03-20 11:09:16,2026-05-16,3,Completed,Website,,0,29538.0
2684,2823,62,12376.0,2026-08-20 16:39:42,2027-02-13,5,Pending,Mobile App,TP20OFF,20,74748.0
2685,2825,1,,2026-07-14 00:36:31,2026-11-12,4,Confirmed,Mobile App,TP10OFF,10,39553.2
2686,2828,7,11336.0,2026-08-16 12:38:43,2026-09-04,2,Completed,Website,TP5OFF,5,24831.1
2687,2828,85,3827.0,2026-06-24 15:02:08,2026-11-21,3,Confirmed,Mobile App,,0,25632.0
2688,2830,72,6480.0,2024-12-30 02:33:00,2025-02-25,3,Cancelled,Mobile App,,0,33351.0
2689,2830,11,,2026-08-06 07:07:41,2026-11-08,3,Confirmed,Mobile App,TP15OFF,15,72251.7
2690,2833,31,867.0,2026-08-18 16:34:52,2027-01-30,2,Cancelled,Mobile App,,0,80496.0
2691,2834,38,1816.0,2026-06-24 06:45:43,2026-11-19,4,Confirmed,Mobile App,TP15OFF,15,27312.2
2692,2836,28,10655.0,2024-07-21 10:50:00,2024-08-17,3,Completed,Mobile App,,0,28065.0
2693,2840,43,12430.0,2025-02-15 17:08:33,2025-02-27,3,Completed,Referral Link,,0,33567.0
2694,2840,80,,2025-03-20 19:55:23,2025-04-08,4,Completed,Website,TP5OFF,5,24384.6
2695,2840,92,3812.0,2026-07-16 11:23:18,2026-08-18,2,Completed,Mobile App,,0,14814.0
2696,2840,71,,2026-08-19 17:19:04,2026-12-13,4,Pending,Website,TP5OFF,5,22857.0
2697,2840,6,,2024-05-31 21:23:20,2024-06-11,2,Completed,Website,TP15OFF,15,14999.1
2698,2842,17,792.0,2025-07-12 04:08:07,2025-09-07,2,Completed,Mobile App,,0,81124.0
2699,2845,73,,2026-06-17 19:35:50,2026-09-06,5,Completed,Website,,0,129175.0
2700,2848,1,2825.0,2025-10-23 01:40:19,2025-12-04,4,Completed,Website,TP5OFF,5,41750.6
2701,2849,16,7001.0,2026-09-01 22:38:22,2026-10-06,1,Confirmed,Mobile App,,0,10926.0
2702,2851,42,,2025-10-11 14:41:37,2025-12-01,2,Completed,Referral Link,TP5OFF,5,73562.3
2703,2853,72,7452.0,2026-08-06 01:49:32,2026-11-27,1,Confirmed,Referral Link,,0,11117.0
2704,2854,75,,2026-07-16 03:26:04,2026-11-26,4,Confirmed,Instagram,TP20OFF,20,69446.4
2705,2856,85,,2024-01-31 09:23:30,2024-02-06,4,Completed,Referral Link,TP15OFF,15,29049.6
2706,2857,49,5789.0,2025-04-12 06:50:43,2025-05-22,5,Cancelled,Mobile App,,0,58030.0
2707,2857,70,,2026-08-11 04:33:21,2026-10-28,5,Confirmed,Mobile App,,0,71620.0
2708,2859,20,1998.0,2026-07-17 12:39:12,2026-09-08,3,Confirmed,Mobile App,,0,109815.0
2709,2860,87,13248.0,2024-08-10 02:27:47,2024-09-15,6,Cancelled,Instagram,,0,130620.0
2710,2865,57,,2026-08-17 19:47:19,2027-01-07,4,Confirmed,Mobile App,,0,93364.0
2711,2866,48,,2025-11-08 01:20:57,2025-11-26,2,Completed,Mobile App,,0,16080.0
2712,2866,3,3258.0,2024-01-19 21:18:53,2024-02-13,5,Completed,Mobile App,,0,32605.0
2713,2867,3,,2026-08-10 13:32:06,2026-10-07,3,Confirmed,Website,,0,19563.0
2714,2868,4,,2024-02-22 11:51:00,2024-04-19,2,Completed,Mobile App,,0,16906.0
2715,2868,1,6928.0,2026-07-30 23:13:50,2026-12-30,3,Confirmed,Mobile App,TP10OFF,10,29664.9
2716,2869,18,11475.0,2026-07-08 08:46:37,2026-08-15,2,Completed,Mobile App,TP20OFF,20,9939.2
2717,2870,23,,2026-01-31 13:12:34,2026-02-11,3,Completed,Website,TP10OFF,10,105248.7
2718,2870,67,,2023-09-26 01:00:03,2023-11-25,1,Completed,Website,TP5OFF,5,15892.55
2719,2872,80,5086.0,2026-06-30 15:44:49,2026-08-04,4,Completed,Instagram,,0,25668.0
2720,2873,81,,2025-04-29 04:28:03,2025-06-24,6,Completed,Mobile App,TP5OFF,5,144078.9
2721,2874,58,,2026-06-24 01:52:34,2026-10-28,5,Confirmed,Mobile App,,0,60805.0
2722,2875,52,4173.0,2026-08-08 05:25:51,2026-09-14,2,Cancelled,Mobile App,,0,61398.0
2723,2875,20,,2026-07-05 18:38:34,2026-07-13,4,Completed,Instagram,,0,146420.0
2724,2877,16,,2026-07-13 13:24:48,2026-11-17,2,Confirmed,Website,TP15OFF,15,18574.2
2725,2878,25,,2026-07-03 02:26:06,2026-12-04,4,Cancelled,Mobile App,TP5OFF,5,45041.4
2726,2878,19,,2026-08-06 12:50:18,2026-09-08,4,Cancelled,Mobile App,TP10OFF,10,31813.2
2727,2879,78,,2024-09-28 04:40:40,2024-11-09,4,Cancelled,Mobile App,,0,80696.0
2728,2881,92,,2023-10-06 01:40:03,2023-11-01,2,Completed,Mobile App,TP5OFF,5,14073.3
2729,2882,93,,2026-06-14 19:33:55,2026-10-15,6,Pending,Mobile App,,0,107880.0
2730,2884,66,,2026-08-10 15:21:54,2026-11-14,4,Confirmed,Mobile App,TP15OFF,15,105760.4
2731,2885,92,4075.0,2026-01-29 21:37:52,2026-03-04,3,Completed,Mobile App,,0,22221.0
2732,2885,18,,2024-01-22 05:46:45,2024-03-22,3,Completed,Referral Link,,0,18636.0
2733,2885,89,14039.0,2024-08-18 11:20:30,2024-09-20,5,Cancelled,Referral Link,TP15OFF,15,35309.0
2734,2887,35,,2026-05-16 15:11:23,2026-07-10,1,Completed,Mobile App,TP10OFF,10,27902.7
2735,2888,91,,2026-06-25 10:49:44,2026-12-17,5,Confirmed,Mobile App,,0,64770.0
2736,2889,21,,2026-06-30 15:45:45,2026-08-22,3,Cancelled,Mobile App,,0,22227.0
2737,2893,89,,2026-07-19 05:09:04,2026-09-23,3,Confirmed,Mobile App,,0,24924.0
2738,2895,32,1068.0,2026-06-27 23:58:11,2026-09-20,3,Confirmed,Mobile App,,0,77889.0
2739,2895,14,1875.0,2024-03-22 16:23:56,2024-04-25,3,Completed,Referral Link,TP5OFF,5,108878.55
2740,2895,47,,2024-10-22 09:21:07,2024-11-30,4,Completed,Website,TP5OFF,5,115254.0
2741,2895,67,,2024-02-25 01:30:27,2024-04-13,3,Completed,Website,,0,50187.0
2742,2895,31,,2024-07-02 11:42:46,2024-07-09,2,Completed,Website,,0,80496.0
2743,2895,84,,2026-08-26 22:01:32,2027-01-03,4,Confirmed,Mobile App,,0,87048.0
2744,2896,6,,2026-08-14 06:22:38,2027-01-20,4,Confirmed,Website,,0,35292.0
2745,2897,29,14237.0,2025-02-03 19:37:10,2025-03-30,4,Completed,Mobile App,TP20OFF,20,96883.2
2746,2897,29,545.0,2026-08-06 06:10:42,2027-01-13,4,Confirmed,Referral Link,TP5OFF,5,115048.8
2747,2898,43,,2026-08-30 07:18:05,2027-01-06,2,Confirmed,Mobile App,,0,22378.0
2748,2900,39,12126.0,2024-04-06 07:03:54,2024-05-14,4,Completed,Website,TP15OFF,15,24405.2
2749,2904,93,,2026-08-22 06:16:23,2026-10-25,3,Confirmed,Website,TP10OFF,10,48546.0
2750,2904,75,2291.0,2023-09-13 18:00:35,2023-10-16,5,Completed,Referral Link,,0,108510.0
2751,2904,27,11584.0,2026-06-16 02:14:58,2026-12-08,4,Confirmed,Website,,0,26784.0
2752,2904,2,,2026-07-10 22:35:59,2026-10-30,2,Confirmed,Website,TP10OFF,10,59513.4
2753,2904,42,6859.0,2026-06-27 23:04:11,2026-12-23,2,Pending,Website,TP15OFF,15,65818.9
2754,2904,9,13351.0,2026-03-29 08:59:55,2026-05-28,2,Completed,Website,,0,20072.0
2755,2907,46,,2024-02-28 21:28:23,2024-04-19,2,Completed,Mobile App,TP10OFF,10,54797.4
2756,2908,80,10439.0,2026-07-16 08:32:55,2026-12-27,2,Confirmed,Mobile App,,0,12834.0
2757,2913,11,,2024-07-04 07:11:04,2024-08-28,3,Completed,Website,TP20OFF,20,68001.6
2758,2914,92,12880.0,2026-05-12 23:10:07,2026-06-17,3,Completed,Mobile App,TP5OFF,5,21109.95
2759,2916,85,12634.0,2024-03-10 07:09:33,2024-04-30,2,Completed,Website,,0,17088.0
2760,2921,66,4289.0,2024-02-12 18:49:59,2024-04-01,5,Cancelled,Website,,0,155530.0
2761,2923,88,6648.0,2025-05-25 00:01:10,2025-07-03,3,Cancelled,Website,,0,24333.0
2762,2923,1,12812.0,2026-06-01 09:53:29,2026-07-06,1,Completed,Mobile App,,0,10987.0
2763,2924,75,1659.0,2026-06-15 00:38:17,2026-11-27,3,Confirmed,Mobile App,TP5OFF,5,61850.7
2764,2925,90,,2024-05-29 07:31:07,2024-06-08,3,Completed,Website,,0,62292.0
2765,2926,59,,2026-09-02 07:41:17,2027-01-28,6,Confirmed,Mobile App,TP10OFF,10,108464.4
2766,2928,7,949.0,2025-08-10 09:51:00,2025-09-29,3,Completed,Website,TP5OFF,5,37246.65
2767,2929,17,,2024-08-21 18:56:35,2024-10-02,3,Completed,Website,TP10OFF,10,109517.4
2768,2929,12,,2026-07-20 23:37:20,2026-10-04,2,Confirmed,Website,,0,20698.0
2769,2929,69,6115.0,2026-08-08 17:18:50,2026-08-24,3,Completed,Website,TP15OFF,15,60333.0
2770,2930,71,,2026-07-12 05:45:36,2026-10-10,3,Confirmed,Mobile App,,0,18045.0
2771,2930,91,,2026-01-11 01:12:39,2026-01-30,2,Completed,Website,TP10OFF,10,23317.2
2772,2932,10,,2024-10-28 12:02:10,2024-11-11,2,Cancelled,Website,TP20OFF,20,15155.2
2773,2935,25,6133.0,2025-08-24 02:04:40,2025-09-15,2,Cancelled,Website,,0,23706.0
2774,2935,39,3311.0,2026-07-27 08:44:01,2026-12-15,2,Pending,Website,TP20OFF,20,11484.8
2775,2936,61,,2026-07-14 20:58:16,2026-10-14,5,Pending,Referral Link,TP10OFF,10,85747.5
2776,2938,84,11450.0,2026-07-13 21:01:32,2026-11-04,4,Confirmed,Mobile App,TP10OFF,10,78343.2
2777,2938,78,5572.0,2026-08-28 02:40:13,2026-10-30,6,Confirmed,Website,TP15OFF,15,102887.4
2778,2939,27,801.0,2025-03-03 07:05:30,2025-04-30,5,Completed,Website,,0,33480.0
2779,2942,75,,2026-07-04 02:44:19,2026-09-22,3,Cancelled,Mobile App,,0,65106.0
2780,2942,77,214.0,2026-08-30 08:14:02,2027-02-19,6,Confirmed,Referral Link,TP20OFF,20,95716.8
2781,2946,67,14378.0,2025-07-04 08:33:16,2025-08-15,2,Completed,Website,TP5OFF,5,31785.1
2782,2946,67,,2026-07-12 10:37:36,2026-10-30,3,Confirmed,Website,TP5OFF,5,47677.65
2783,2947,31,,2025-07-22 22:58:21,2025-09-16,2,Completed,Website,,0,80496.0
2784,2948,62,,2025-04-24 19:05:06,2025-05-26,3,Completed,Website,,0,56061.0
2785,2950,56,,2025-02-06 14:04:18,2025-03-26,4,Completed,Mobile App,,0,67296.0
2786,2952,80,9828.0,2025-09-17 01:16:28,2025-10-30,5,Completed,Website,TP20OFF,20,25668.0
2787,2952,50,6213.0,2026-08-10 05:33:29,2026-12-12,1,Confirmed,Website,TP10OFF,10,17565.3
2788,2953,62,10816.0,2024-06-17 07:46:46,2024-08-05,1,Cancelled,Website,TP5OFF,5,17752.65
2789,2954,19,6724.0,2026-07-22 19:59:08,2026-10-13,4,Confirmed,Website,,0,35348.0
2790,2955,7,1382.0,2026-04-19 09:11:52,2026-06-01,4,Completed,Mobile App,TP5OFF,5,49662.2
2791,2956,45,,2023-11-05 11:45:11,2023-11-15,1,Cancelled,Mobile App,,0,33809.0
2792,2957,12,,2025-05-30 14:38:38,2025-07-17,2,Completed,Instagram,,0,20698.0
2793,2957,77,6862.0,2026-05-21 05:08:00,2026-07-13,3,Completed,Mobile App,,0,59823.0
2794,2957,57,1700.0,2025-12-20 08:12:56,2026-01-20,3,Completed,Mobile App,,0,70023.0
2795,2957,48,8313.0,2024-04-18 07:30:28,2024-05-21,2,Completed,Mobile App,,0,16080.0
2796,2957,18,4907.0,2024-09-10 18:12:28,2024-10-10,2,Cancelled,Mobile App,,0,12424.0
2797,2957,21,,2026-08-16 13:50:08,2026-12-02,2,Confirmed,Referral Link,,0,14818.0
2798,2958,70,,2026-02-16 08:55:29,2026-03-03,4,Completed,Website,,0,57296.0
2799,2959,4,,2026-07-02 14:48:36,2026-08-14,2,Completed,Website,,0,16906.0
2800,2960,53,,2023-10-04 15:46:40,2023-11-15,2,Completed,Mobile App,TP5OFF,5,21920.3
2801,2962,65,,2024-11-20 11:11:56,2024-12-21,3,Completed,Website,,0,52614.0
2802,2963,93,2665.0,2026-06-10 13:57:03,2026-10-05,4,Confirmed,Website,,0,71920.0
2803,2963,24,12525.0,2026-01-23 04:29:25,2026-02-10,3,Completed,Referral Link,,0,28767.0
2804,2964,85,3023.0,2024-11-13 19:05:49,2024-12-15,3,Completed,Instagram,TP5OFF,5,24350.4
2805,2964,10,,2024-01-31 22:50:02,2024-03-10,2,Completed,Website,,0,18944.0
2806,2967,59,6061.0,2023-10-03 08:09:05,2023-10-19,4,Completed,Website,,0,80344.0
2807,2968,28,802.0,2026-08-15 07:50:53,2026-10-22,1,Cancelled,Mobile App,,0,9355.0
2808,2968,71,,2024-05-20 02:13:36,2024-07-06,5,Completed,Instagram,,0,30075.0
2809,2969,28,,2026-07-15 17:57:11,2026-08-31,1,Completed,Mobile App,,0,9355.0
2810,2970,64,11633.0,2026-07-06 23:43:01,2026-08-25,5,Completed,Mobile App,,0,80965.0
2811,2970,58,,2024-06-19 06:18:54,2024-07-11,4,Completed,Website,TP5OFF,5,46211.8
2812,2971,54,4073.0,2026-07-22 00:02:32,2026-11-16,2,Confirmed,Instagram,TP10OFF,10,21088.8
2813,2971,39,,2026-07-31 07:35:05,2026-08-31,2,Completed,Website,,0,14356.0
2814,2972,94,,2026-08-19 13:30:49,2026-12-20,4,Cancelled,Website,,0,49284.0
2815,2972,13,483.0,2026-07-21 16:26:07,2026-09-18,4,Confirmed,Mobile App,,0,43096.0
2816,2974,58,11849.0,2024-10-29 03:14:55,2024-12-26,2,Completed,Referral Link,TP10OFF,10,21889.8
2817,2975,62,,2024-10-18 07:40:35,2024-11-19,2,Completed,Website,TP5OFF,5,35505.3
2818,2976,13,,2026-06-21 10:18:54,2026-09-11,3,Confirmed,Website,,0,32322.0
2819,2976,34,,2026-08-18 21:53:37,2027-01-28,2,Confirmed,Mobile App,TP5OFF,5,18796.7
2820,2976,94,,2024-03-22 22:05:43,2024-05-21,5,Completed,Website,,0,61605.0
2821,2976,54,6498.0,2024-07-25 22:44:10,2024-08-24,3,Cancelled,Website,TP10OFF,10,31633.2
2822,2976,85,,2025-08-29 10:31:34,2025-10-11,2,Cancelled,Referral Link,TP15OFF,15,14524.8
2823,2977,11,,2026-09-02 07:20:15,2026-09-21,4,Pending,Mobile App,TP5OFF,5,107669.2
2824,2977,81,6451.0,2026-06-22 19:52:14,2026-07-02,6,Completed,Instagram,,0,151662.0
2825,2978,85,957.0,2026-06-13 13:54:03,2026-06-23,3,Completed,Website,,0,25632.0
2826,2978,85,4856.0,2026-07-07 05:09:56,2026-07-31,3,Completed,Mobile App,TP20OFF,20,20505.6
2827,2979,77,,2026-06-16 08:19:26,2026-10-18,5,Confirmed,Website,,0,99705.0
2828,2980,4,3336.0,2026-09-05 02:04:57,2027-01-26,1,Confirmed,Mobile App,,0,8453.0
2829,2980,82,2733.0,2026-07-18 21:31:47,2026-12-30,3,Confirmed,Website,,0,29538.0
2830,2985,79,14652.0,2024-08-19 07:22:54,2024-10-02,3,Completed,Website,TP5OFF,5,27622.2
2831,2990,70,3404.0,2024-03-23 12:25:41,2024-05-11,3,Completed,Mobile App,,0,42972.0
2832,2990,44,13416.0,2026-06-21 18:18:58,2026-10-30,3,Confirmed,Website,,0,20070.0
2833,2991,10,,2024-07-13 21:38:43,2024-08-16,4,Completed,Referral Link,,0,37888.0
2834,2993,9,,2025-07-11 07:52:44,2025-08-15,2,Completed,Website,,0,20072.0
2835,2994,90,,2026-07-24 17:57:38,2026-12-07,5,Cancelled,Mobile App,,0,103820.0
2836,2995,48,11344.0,2026-06-06 08:39:28,2026-06-17,2,Completed,Mobile App,,0,16080.0
2837,2996,39,,2026-07-30 22:37:15,2026-10-27,3,Cancelled,Website,TP15OFF,15,18303.9
2838,2996,79,,2024-04-19 08:23:51,2024-05-24,4,Completed,Referral Link,,0,38768.0
2839,2998,34,,2026-08-03 15:54:55,2026-12-09,2,Confirmed,Instagram,,0,19786.0
2840,3000,42,1635.0,2026-07-20 18:20:22,2026-08-29,2,Completed,Mobile App,TP5OFF,5,73562.3
2841,3000,21,,2023-09-11 18:44:11,2023-10-02,5,Completed,Referral Link,,0,37045.0
2842,3004,83,12654.0,2026-07-25 08:42:35,2027-01-18,4,Confirmed,Mobile App,TP20OFF,20,30643.2
2843,3004,63,2600.0,2026-07-15 16:53:24,2026-09-09,3,Confirmed,Website,TP5OFF,5,48381.6
2844,3005,98,,2023-12-30 16:16:30,2024-01-06,4,Completed,Website,TP5OFF,5,58360.4
2845,3008,66,9814.0,2025-03-11 12:21:41,2025-04-07,3,Completed,Mobile App,,0,93318.0
2846,3009,90,13393.0,2023-12-11 04:46:22,2024-01-08,3,Completed,Instagram,,0,62292.0
2847,3010,12,,2024-12-14 02:34:57,2025-01-05,4,Completed,Website,,0,41396.0
2848,3011,75,,2026-08-31 19:52:04,2026-11-26,3,Pending,Website,,0,65106.0
2849,3012,10,,2026-07-01 16:11:45,2026-10-21,4,Confirmed,Website,,0,37888.0
2850,3015,61,,2024-06-13 23:23:52,2024-08-01,6,Cancelled,Instagram,,0,114330.0
2851,3016,49,,2024-11-15 23:30:25,2024-12-20,3,Completed,Website,,0,34818.0
2852,3017,90,2778.0,2023-12-02 02:26:00,2023-12-26,4,Completed,Mobile App,TP5OFF,5,78903.2
2853,3017,90,,2023-12-12 03:14:35,2024-02-09,3,Completed,Website,TP10OFF,10,56062.8
2854,3018,94,3824.0,2026-08-09 06:44:35,2026-08-30,3,Cancelled,Website,,0,36963.0
2855,3019,18,,2026-02-16 01:20:38,2026-03-19,2,Completed,Website,TP20OFF,20,9939.2
2856,3020,96,14137.0,2026-08-07 21:49:30,2026-12-05,4,Confirmed,Instagram,TP10OFF,10,78519.6
2857,3020,13,5647.0,2025-07-06 03:45:26,2025-07-11,1,Completed,Website,TP15OFF,15,9157.9
2858,3021,8,10103.0,2026-06-11 05:00:16,2026-11-22,3,Pending,Website,TP5OFF,5,99060.3
2859,3023,49,8684.0,2026-08-07 05:45:44,2027-01-22,3,Confirmed,Website,,0,34818.0
2860,3024,28,,2026-09-04 13:26:35,2027-01-26,4,Confirmed,Referral Link,,0,37420.0
2861,3024,28,8262.0,2026-07-29 00:15:54,2026-08-25,3,Completed,Website,TP10OFF,10,25258.5
2862,3026,34,,2025-04-19 15:03:39,2025-05-29,4,Completed,Referral Link,,0,39572.0
2863,3026,22,,2026-08-22 08:58:56,2027-01-14,2,Cancelled,Instagram,,0,18126.0
2864,3028,58,,2026-06-16 05:35:10,2026-12-03,5,Confirmed,Website,,0,60805.0
2865,3031,52,9860.0,2026-08-08 23:01:41,2026-09-27,4,Confirmed,Website,,0,122796.0
2866,3033,41,11301.0,2026-02-15 20:35:14,2026-03-31,2,Completed,Website,TP5OFF,5,92777.0
2867,3036,6,14595.0,2026-07-07 13:24:30,2026-12-11,3,Confirmed,Website,,0,26469.0
2868,3037,63,,2023-11-30 11:39:54,2024-01-09,4,Completed,Website,TP10OFF,10,61113.6
2869,3038,54,5931.0,2026-01-11 04:45:47,2026-02-04,2,Completed,Website,TP5OFF,5,22260.4
2870,3039,61,,2026-07-20 10:36:42,2026-12-29,3,Confirmed,Referral Link,,0,57165.0
2871,3040,95,,2026-07-12 16:11:44,2026-08-26,5,Completed,Instagram,,0,36550.0
2872,3042,10,,2026-08-04 17:59:48,2026-09-04,1,Completed,Mobile App,,0,9472.0
2873,3042,88,,2025-12-08 10:59:35,2025-12-24,2,Completed,Mobile App,TP15OFF,15,13788.7
2874,3046,10,,2026-05-03 07:40:06,2026-06-05,3,Completed,Website,,0,28416.0
2875,3046,82,,2026-06-30 07:57:09,2026-07-25,4,Completed,Website,,0,39384.0
2876,3046,7,,2024-11-27 13:39:23,2024-12-28,2,Completed,Website,,0,26138.0
2877,3046,91,10346.0,2025-04-11 01:40:31,2025-05-25,3,Completed,Website,,0,38862.0
2878,3046,62,,2026-02-13 18:26:25,2026-03-16,4,Cancelled,Mobile App,,0,74748.0
2879,3047,67,,2026-08-03 02:26:24,2026-11-12,4,Confirmed,Referral Link,TP15OFF,15,56878.6
2880,3047,58,,2025-03-01 08:55:03,2025-04-19,4,Completed,Mobile App,TP20OFF,20,38915.2
2881,3047,36,,2024-11-22 21:19:41,2024-12-23,2,Completed,Instagram,,0,86226.0
2882,3047,90,,2026-08-04 15:45:51,2027-01-23,4,Confirmed,Website,TP5OFF,5,78903.2
2883,3047,60,,2024-10-17 20:15:57,2024-11-13,4,Completed,Website,TP15OFF,15,43877.0
2884,3047,81,9243.0,2026-08-04 21:25:47,2026-10-05,6,Pending,Instagram,,0,151662.0
2885,3048,88,8763.0,2024-05-08 21:02:12,2024-05-16,3,Completed,Mobile App,,0,24333.0
2886,3050,60,1480.0,2025-03-06 18:46:21,2025-04-22,4,Completed,Mobile App,,0,51620.0
2887,3051,75,,2024-04-23 10:37:33,2024-06-19,3,Completed,Mobile App,,0,65106.0
2888,3052,25,12604.0,2025-03-18 05:45:20,2025-04-30,3,Cancelled,Website,TP5OFF,5,33781.05
2889,3052,19,,2026-07-10 11:16:11,2026-10-15,1,Confirmed,Website,,0,8837.0
2890,3053,86,,2026-07-21 08:24:29,2026-12-04,5,Cancelled,Mobile App,TP5OFF,5,36366.0
2891,3054,32,,2024-04-18 21:47:54,2024-05-25,2,Completed,Referral Link,TP10OFF,10,46733.4
2892,3056,31,,2025-09-16 12:59:16,2025-10-11,2,Cancelled,Instagram,,0,80496.0
2893,3057,79,,2024-07-26 00:11:12,2024-08-19,4,Cancelled,Referral Link,,0,38768.0
2894,3058,66,10800.0,2025-11-19 05:47:58,2025-12-06,4,Completed,Instagram,,0,124424.0
2895,3058,98,1821.0,2025-09-16 00:12:13,2025-11-07,4,Completed,Mobile App,,0,61432.0
2896,3060,44,,2024-07-24 05:17:34,2024-08-11,2,Completed,Website,,0,13380.0
2897,3061,18,14230.0,2025-11-04 00:54:59,2026-01-01,4,Cancelled,Mobile App,,0,24848.0
2898,3065,53,,2026-08-06 22:51:25,2026-09-11,2,Pending,Referral Link,,0,23074.0
2899,3066,54,,2025-09-19 13:31:18,2025-11-12,2,Completed,Instagram,,0,23432.0
2900,3066,88,29.0,2026-06-13 00:08:51,2026-11-15,4,Confirmed,Website,,0,32444.0
2901,3067,5,,2025-04-12 20:54:32,2025-06-04,2,Completed,Mobile App,,0,81310.0
2902,3067,93,,2026-06-24 17:07:32,2026-11-19,4,Confirmed,Referral Link,,0,71920.0
2903,3067,17,,2026-06-24 20:56:18,2026-09-07,3,Confirmed,Website,TP10OFF,10,109517.4
2904,3068,85,2130.0,2025-10-17 13:20:36,2025-11-18,3,Completed,Mobile App,,0,25632.0
2905,3069,75,,2026-08-19 01:08:15,2026-09-06,3,Completed,Mobile App,,0,65106.0
2906,3070,87,677.0,2026-08-26 04:47:09,2026-10-10,3,Cancelled,Website,TP20OFF,20,52248.0
2907,3071,69,8777.0,2025-04-10 19:31:22,2025-05-22,6,Completed,Mobile App,,0,141960.0
2908,3072,89,,2026-07-03 07:38:09,2026-11-12,3,Confirmed,Website,TP10OFF,10,22431.6
2909,3073,59,,2025-06-22 01:01:15,2025-06-30,6,Cancelled,Mobile App,,0,120516.0
2910,3073,68,,2026-06-20 04:29:55,2026-12-12,5,Confirmed,Referral Link,TP10OFF,10,104130.0
2911,3073,73,,2026-08-15 16:25:48,2026-12-23,6,Confirmed,Referral Link,,0,155010.0
2912,3074,85,1367.0,2026-06-21 08:18:07,2026-08-07,2,Cancelled,Website,,0,17088.0
2913,3075,31,10481.0,2026-03-09 13:04:40,2026-04-01,2,Completed,Website,,0,80496.0
2914,3075,93,,2025-08-23 00:05:57,2025-10-19,6,Cancelled,Website,,0,107880.0
2915,3078,1,9203.0,2026-08-15 05:56:43,2027-01-18,4,Confirmed,Website,,0,43948.0
2916,3079,15,10003.0,2026-06-25 23:38:12,2026-09-27,2,Cancelled,Website,,0,20934.0
2917,3079,17,14538.0,2025-04-29 17:21:34,2025-05-13,2,Completed,Referral Link,,0,81124.0
2918,3081,87,13225.0,2024-01-16 15:57:35,2024-02-22,4,Completed,Instagram,TP5OFF,5,82726.0
2919,3082,97,,2026-08-27 12:14:21,2026-10-27,5,Confirmed,Website,,0,84795.0
2920,3082,43,4511.0,2026-07-25 17:56:55,2026-09-13,2,Confirmed,Referral Link,,0,22378.0
2921,3083,22,,2026-06-18 21:55:16,2026-08-10,2,Completed,Instagram,TP10OFF,10,16313.4
2922,3084,82,,2026-06-12 16:18:17,2026-10-14,5,Confirmed,Website,TP10OFF,10,44307.0
2923,3084,7,8362.0,2023-12-12 08:18:11,2024-01-07,4,Cancelled,Referral Link,,0,52276.0
2924,3085,3,13.0,2026-02-11 02:33:46,2026-04-04,3,Completed,Instagram,,0,19563.0
2925,3092,79,,2026-07-20 13:09:43,2026-09-22,5,Confirmed,Referral Link,TP15OFF,15,41191.0
2926,3092,65,,2026-07-29 05:19:16,2026-11-12,5,Confirmed,Website,TP10OFF,10,78921.0
2927,3094,49,,2025-10-08 23:22:59,2025-10-22,3,Completed,Referral Link,,0,34818.0
2928,3095,1,,2026-08-17 23:03:39,2027-02-08,4,Pending,Mobile App,,0,43948.0
2929,3095,49,,2026-07-10 02:28:43,2026-10-29,2,Pending,Referral Link,,0,23212.0
2930,3096,22,11318.0,2026-01-28 07:50:16,2026-02-04,4,Completed,Referral Link,TP10OFF,10,32626.8
2931,3103,51,,2025-11-10 08:27:53,2025-12-26,2,Completed,Mobile App,TP5OFF,5,69800.3
2932,3103,2,2595.0,2026-07-30 00:19:20,2026-11-19,3,Confirmed,Instagram,,0,99189.0
2933,3103,90,,2026-08-13 09:59:27,2026-11-26,5,Confirmed,Website,,0,103820.0
2934,3103,47,8364.0,2023-12-24 17:27:10,2024-01-15,3,Completed,Website,,0,90990.0
2935,3104,4,4003.0,2023-12-23 22:57:54,2024-01-28,2,Completed,Mobile App,,0,16906.0
2936,3105,64,14683.0,2025-03-30 10:49:04,2025-05-24,3,Cancelled,Mobile App,,0,48579.0
2937,3105,38,,2024-05-05 11:30:42,2024-05-22,3,Completed,Website,TP5OFF,5,22894.05
2938,3107,45,9392.0,2026-07-09 09:51:30,2026-08-11,2,Completed,Mobile App,TP10OFF,10,60856.2
2939,3107,92,,2024-12-26 19:08:18,2025-01-05,5,Completed,Website,,0,37035.0
2940,3108,76,14627.0,2024-12-22 17:02:16,2025-01-13,4,Completed,Mobile App,,0,61772.0
2941,3109,49,,2026-06-10 10:24:11,2026-07-31,5,Cancelled,Website,,0,58030.0
2942,3110,38,,2026-06-10 15:40:02,2026-10-06,4,Confirmed,Website,TP10OFF,10,28918.8
2943,3110,55,12070.0,2025-04-04 00:51:46,2025-04-10,1,Completed,Referral Link,TP10OFF,10,21712.5
2944,3112,6,183.0,2026-07-12 09:39:19,2026-12-30,2,Confirmed,Website,TP15OFF,15,14999.1
2945,3115,4,,2026-07-09 14:55:16,2026-08-01,4,Completed,Website,,0,33812.0
2946,3118,58,,2024-06-21 21:28:50,2024-07-14,2,Completed,Mobile App,,0,24322.0
2947,3121,91,7036.0,2026-08-21 18:49:22,2026-09-20,5,Confirmed,Website,,0,64770.0
2948,3121,82,,2026-08-20 00:31:58,2026-09-14,5,Confirmed,Website,TP5OFF,5,46768.5
2949,3122,5,,2026-08-14 17:06:35,2027-01-09,3,Cancelled,Mobile App,TP10OFF,10,109768.5
2950,3122,72,,2026-07-05 21:34:54,2026-07-18,2,Completed,Website,,0,22234.0
2951,3123,77,,2024-10-15 22:54:58,2024-11-12,3,Cancelled,Website,TP10OFF,10,53840.7
2952,3124,75,,2025-10-19 18:24:35,2025-12-14,6,Completed,Mobile App,,0,130212.0
2953,3125,87,2409.0,2024-05-28 23:15:00,2024-07-17,4,Completed,Website,TP5OFF,5,82726.0
2954,3126,92,,2025-05-06 15:15:41,2025-05-21,2,Completed,Referral Link,,0,14814.0
2955,3128,44,2380.0,2025-09-19 14:14:20,2025-10-30,2,Completed,Website,,0,13380.0
2956,3128,44,7089.0,2026-08-31 21:17:12,2026-11-22,4,Confirmed,Website,,0,26760.0
2957,3128,28,1768.0,2026-07-22 19:55:41,2026-12-16,2,Pending,Instagram,,0,18710.0
2958,3128,16,,2026-07-26 17:39:59,2026-10-27,3,Pending,Mobile App,,0,32778.0
2959,3129,91,4504.0,2026-08-14 11:28:57,2026-12-21,2,Cancelled,Mobile App,,0,25908.0
2960,3129,28,5253.0,2026-08-17 09:02:37,2026-12-08,1,Confirmed,Website,,0,9355.0
2961,3130,78,5016.0,2026-08-05 17:57:38,2027-01-17,5,Confirmed,Website,,0,100870.0
2962,3133,84,1428.0,2026-02-24 17:13:57,2026-04-02,5,Completed,Website,TP10OFF,10,97929.0
2963,3136,6,9579.0,2026-07-06 10:08:13,2026-11-01,2,Confirmed,Mobile App,,0,17646.0
2964,3137,34,2882.0,2026-07-07 22:43:33,2026-12-01,2,Confirmed,Instagram,TP5OFF,5,18796.7
2965,3137,39,13443.0,2026-08-14 05:28:07,2026-11-22,5,Confirmed,Mobile App,TP5OFF,5,34095.5
2966,3138,31,,2026-08-08 23:19:10,2026-10-11,2,Confirmed,Website,TP5OFF,5,76471.2
2967,3139,7,,2026-07-24 12:43:47,2026-12-01,2,Pending,Website,,0,26138.0
2968,3139,54,,2024-11-05 21:36:05,2024-12-28,2,Completed,Website,,0,23432.0
2969,3142,46,,2026-08-07 11:53:18,2026-10-28,2,Confirmed,Website,,0,60886.0
2970,3142,2,,2024-09-20 10:25:04,2024-10-14,4,Completed,Website,,0,132252.0
2971,3143,30,14448.0,2026-06-18 10:21:54,2026-11-18,5,Cancelled,Website,,0,45180.0
2972,3143,30,,2025-10-31 18:42:45,2025-11-17,2,Completed,Mobile App,,0,18072.0
2973,3148,11,8845.0,2026-08-12 21:47:13,2026-11-11,2,Cancelled,Website,,0,56668.0
2974,3148,51,5990.0,2026-09-04 20:33:17,2026-12-24,2,Confirmed,Instagram,,0,73474.0
2975,3149,79,,2026-07-23 07:12:43,2026-09-28,5,Confirmed,Mobile App,,0,48460.0
2976,3149,83,,2026-07-07 16:46:12,2026-12-29,3,Pending,Mobile App,,0,28728.0
2977,3149,28,11440.0,2025-01-10 10:32:24,2025-03-03,4,Completed,Mobile App,TP5OFF,5,35549.0
2978,3149,89,8403.0,2024-04-03 18:21:34,2024-04-21,3,Completed,Website,TP10OFF,10,22431.6
2979,3149,19,9513.0,2024-12-03 15:45:27,2024-12-30,3,Completed,Website,,0,26511.0
2980,3153,37,7123.0,2026-08-09 11:37:21,2026-10-21,3,Confirmed,Website,,0,113223.0
2981,3155,11,,2026-09-04 20:00:26,2027-02-04,4,Cancelled,Instagram,,0,113336.0
2982,3156,70,6040.0,2026-06-27 13:20:14,2026-07-16,5,Completed,Mobile App,,0,71620.0
2983,3157,73,,2024-09-14 21:22:16,2024-09-30,3,Completed,Website,,0,77505.0
2984,3158,18,,2026-06-25 15:36:56,2026-09-01,3,Completed,Mobile App,,0,18636.0
2985,3159,87,,2025-08-30 05:48:56,2025-10-18,6,Completed,Website,,0,130620.0
2986,3161,74,7739.0,2025-04-09 17:16:05,2025-06-06,1,Completed,Mobile App,,0,10841.0
2987,3162,28,,2026-07-11 18:27:05,2026-08-20,1,Completed,Website,,0,9355.0
2988,3162,92,,2026-07-07 11:31:09,2026-07-20,3,Completed,Website,,0,22221.0
2989,3164,93,5602.0,2024-12-19 12:18:58,2025-01-29,4,Completed,Website,,0,71920.0
2990,3164,67,8635.0,2024-12-04 22:50:22,2025-01-07,2,Completed,Website,,0,33458.0
2991,3165,80,6830.0,2026-07-19 23:28:40,2026-08-06,2,Completed,Referral Link,,0,12834.0
2992,3168,56,3301.0,2024-03-29 15:41:58,2024-05-02,4,Completed,Referral Link,,0,67296.0
2993,3169,4,,2026-03-16 23:47:35,2026-03-25,2,Completed,Mobile App,,0,16906.0
2994,3169,91,,2026-07-21 03:48:24,2026-11-08,5,Confirmed,Mobile App,,0,64770.0
2995,3169,82,,2026-08-24 11:21:00,2026-10-10,5,Confirmed,Mobile App,TP15OFF,15,41845.5
2996,3169,28,,2026-08-13 17:20:50,2027-01-24,4,Confirmed,Website,,0,37420.0
2997,3169,34,,2025-03-06 01:08:33,2025-03-17,3,Cancelled,Website,TP5OFF,5,28195.05
2998,3173,61,7020.0,2026-07-13 21:27:03,2026-10-22,4,Confirmed,Website,TP15OFF,15,64787.0
2999,3174,13,,2025-03-29 02:53:17,2025-05-16,4,Cancelled,Mobile App,,0,43096.0
3000,3175,93,,2025-07-27 02:55:15,2025-09-20,4,Completed,Website,TP5OFF,5,68324.0
3001,3176,38,,2025-01-01 05:26:28,2025-01-12,4,Completed,Mobile App,TP10OFF,10,28918.8
3002,3177,23,,2024-04-06 03:12:40,2024-04-14,2,Completed,Mobile App,TP10OFF,10,70165.8
3003,3181,50,,2026-08-20 05:43:10,2026-10-23,1,Confirmed,Website,,0,19517.0
3004,3184,14,12252.0,2026-06-29 06:18:50,2026-12-22,3,Confirmed,Website,,0,114609.0
3005,3186,32,,2026-06-20 14:17:23,2026-07-28,4,Completed,Mobile App,,0,103852.0
3006,3189,16,8561.0,2023-10-01 18:01:21,2023-10-11,1,Cancelled,Website,,0,10926.0
3007,3190,39,9136.0,2024-03-02 14:49:38,2024-03-17,3,Completed,Website,,0,21534.0
3008,3192,4,,2026-02-21 12:33:45,2026-03-24,4,Completed,Instagram,TP5OFF,5,32121.4
3009,3195,76,5402.0,2024-09-01 04:21:26,2024-09-25,2,Completed,Website,,0,30886.0
3010,3195,93,,2025-03-08 17:00:54,2025-04-04,3,Completed,Referral Link,TP5OFF,5,51243.0
3011,3195,93,,2026-07-31 19:43:22,2026-08-26,6,Completed,Website,TP15OFF,15,91698.0
3012,3195,69,,2025-01-11 10:04:13,2025-02-12,4,Completed,Website,TP15OFF,15,80444.0
3013,3195,56,9661.0,2026-07-12 12:32:26,2026-12-01,4,Cancelled,Mobile App,,0,67296.0
3014,3196,59,,2024-05-28 17:13:32,2024-06-19,5,Completed,Instagram,,0,100430.0
3015,3197,59,,2026-07-05 11:47:24,2027-01-01,5,Confirmed,Mobile App,TP5OFF,5,95408.5
3016,3197,66,2311.0,2024-05-06 13:40:43,2024-05-25,6,Completed,Website,,0,186636.0
3017,3199,90,,2023-09-08 20:55:41,2023-10-12,3,Cancelled,Referral Link,TP15OFF,15,52948.2
3018,3201,3,1893.0,2026-07-25 04:55:08,2026-09-05,4,Cancelled,Website,,0,26084.0
3019,3201,97,,2026-05-02 08:54:16,2026-06-04,5,Completed,Website,TP5OFF,5,80555.25
3020,3202,46,,2026-07-19 10:05:53,2026-12-13,2,Pending,Referral Link,,0,60886.0
3021,3203,1,7193.0,2024-01-24 02:43:09,2024-02-21,2,Completed,Instagram,,0,21974.0
3022,3203,22,14575.0,2024-11-07 16:25:18,2024-11-26,2,Completed,Mobile App,TP20OFF,20,14500.8
3023,3204,83,,2026-07-28 03:36:09,2026-09-11,5,Confirmed,Mobile App,,0,47880.0
3024,3204,91,2617.0,2026-06-15 01:16:52,2026-09-25,4,Confirmed,Website,TP10OFF,10,46634.4
3025,3204,56,9635.0,2025-09-07 11:24:04,2025-10-16,1,Completed,Referral Link,,0,16824.0
3026,3204,79,13613.0,2026-07-30 15:38:22,2026-12-16,3,Pending,Instagram,,0,29076.0
3027,3206,1,10861.0,2026-05-18 03:19:54,2026-06-11,2,Completed,Mobile App,TP20OFF,20,17579.2
3028,3209,51,5035.0,2026-08-31 16:29:46,2026-12-30,2,Confirmed,Mobile App,,0,73474.0
3029,3210,34,11503.0,2025-10-19 01:23:18,2025-12-18,2,Completed,Mobile App,,0,19786.0
3030,3211,19,,2026-06-13 20:32:50,2026-06-21,3,Completed,Mobile App,,0,26511.0
3031,3212,48,,2023-09-13 03:50:26,2023-09-24,2,Completed,Instagram,,0,16080.0
3032,3215,23,13077.0,2026-06-12 12:46:27,2026-12-09,3,Confirmed,Website,,0,116943.0
3033,3218,8,,2025-12-17 00:57:22,2026-01-08,3,Completed,Mobile App,,0,104274.0
3034,3219,4,,2026-02-01 00:29:11,2026-02-09,4,Completed,Website,,0,33812.0
3035,3220,13,9071.0,2024-09-22 22:06:34,2024-11-09,3,Completed,Website,,0,32322.0
3036,3220,39,,2026-06-16 18:40:31,2026-07-13,3,Completed,Referral Link,,0,21534.0
3037,3220,49,,2026-07-04 04:25:16,2026-11-19,3,Confirmed,Website,,0,34818.0
3038,3220,49,13871.0,2024-03-10 06:02:35,2024-04-08,3,Cancelled,Website,TP20OFF,20,27854.4
3039,3220,96,,2025-10-12 07:00:21,2025-11-01,1,Completed,Website,TP10OFF,10,19629.9
3040,3220,70,8472.0,2026-02-08 00:45:09,2026-03-07,2,Cancelled,Website,,0,28648.0
3041,3221,96,1372.0,2026-06-22 19:47:40,2026-11-16,4,Confirmed,Mobile App,,0,87244.0
3042,3222,5,,2025-10-04 12:16:04,2025-11-22,2,Cancelled,Mobile App,,0,81310.0
3043,3223,10,14581.0,2026-07-16 13:05:30,2026-12-23,1,Confirmed,Instagram,TP15OFF,15,8051.2
3044,3223,54,6868.0,2024-04-15 18:51:35,2024-05-19,5,Completed,Website,,0,58580.0
3045,3224,2,,2026-06-23 13:44:48,2026-08-09,4,Completed,Instagram,,0,132252.0
3046,3225,57,,2024-10-08 02:44:18,2024-11-17,5,Completed,Mobile App,,0,116705.0
3047,3227,64,12050.0,2026-08-04 17:37:40,2026-11-11,2,Confirmed,Mobile App,,0,32386.0
3048,3228,54,,2026-01-24 21:19:04,2026-02-27,3,Cancelled,Mobile App,TP5OFF,5,33390.6
3049,3229,19,11508.0,2023-09-09 23:32:26,2023-10-27,2,Completed,Instagram,,0,17674.0
3050,3232,44,9212.0,2026-03-20 09:19:10,2026-04-11,2,Cancelled,Website,,0,13380.0
3051,3234,93,8377.0,2026-07-29 18:37:51,2026-08-13,4,Completed,Website,,0,71920.0
3052,3236,58,,2026-08-18 12:15:08,2027-02-14,3,Pending,Website,,0,36483.0
3053,3237,54,,2026-08-07 03:56:39,2026-10-15,2,Confirmed,Mobile App,TP5OFF,5,22260.4
3054,3237,22,,2026-06-23 02:15:21,2026-07-17,2,Completed,Website,,0,18126.0
3055,3241,78,11942.0,2024-05-12 09:00:31,2024-05-27,5,Completed,Mobile App,TP15OFF,15,85739.5
3056,3243,70,,2026-06-09 18:34:30,2026-10-13,2,Confirmed,Mobile App,,0,28648.0
3057,3243,96,5412.0,2025-02-19 12:32:12,2025-03-07,1,Completed,Mobile App,,0,21811.0
3058,3245,94,,2024-10-08 04:53:30,2024-11-29,4,Cancelled,Instagram,,0,49284.0
3059,3249,5,,2023-11-29 18:17:32,2024-01-15,2,Completed,Website,TP15OFF,15,69113.5
3060,3250,70,,2024-09-07 16:59:00,2024-10-14,4,Cancelled,Instagram,TP15OFF,15,48701.6
3061,3252,69,103.0,2024-03-18 14:57:08,2024-05-11,6,Completed,Mobile App,TP15OFF,15,120666.0
3062,3252,52,,2026-08-30 08:10:24,2026-10-07,4,Confirmed,Mobile App,,0,122796.0
3063,3252,47,,2026-07-17 05:15:09,2026-12-02,4,Confirmed,Mobile App,,0,121320.0
3064,3252,36,1690.0,2026-08-06 22:27:53,2026-09-23,2,Confirmed,Mobile App,,0,86226.0
3065,3253,77,13689.0,2024-07-18 19:17:15,2024-07-31,6,Cancelled,Website,TP10OFF,10,107681.4
3066,3255,61,11527.0,2026-06-12 18:55:14,2026-11-25,5,Confirmed,Website,TP10OFF,10,85747.5
3067,3255,66,,2025-10-28 13:59:26,2025-11-17,3,Completed,Mobile App,,0,93318.0
3068,3256,62,,2026-08-29 12:31:54,2026-12-18,2,Confirmed,Referral Link,,0,37374.0
3069,3258,58,1678.0,2024-02-23 16:30:21,2024-03-10,5,Cancelled,Mobile App,,0,60805.0
3070,3259,78,,2026-04-23 06:04:52,2026-06-15,3,Completed,Mobile App,TP10OFF,10,54469.8
3071,3259,31,10089.0,2025-01-04 20:21:06,2025-03-04,2,Completed,Website,,0,80496.0
3072,3260,73,13246.0,2026-07-21 19:28:59,2026-08-28,3,Completed,Website,TP5OFF,5,73629.75
3073,3261,88,,2026-06-30 16:08:35,2026-11-27,4,Confirmed,Instagram,,0,32444.0
3074,3262,18,7048.0,2026-06-24 12:14:30,2026-08-20,3,Completed,Website,,0,18636.0
3075,3263,79,13326.0,2026-06-27 05:27:10,2026-10-18,3,Confirmed,Mobile App,TP10OFF,10,26168.4
3076,3263,10,,2026-08-21 05:23:36,2027-01-11,2,Confirmed,Mobile App,,0,18944.0
3077,3264,41,,2026-06-09 02:18:54,2026-11-10,2,Confirmed,Instagram,TP5OFF,5,92777.0
3078,3264,23,,2026-09-01 17:39:29,2026-12-12,4,Confirmed,Website,TP10OFF,10,140331.6
3079,3264,87,9448.0,2025-02-25 08:04:43,2025-04-26,6,Completed,Referral Link,,0,130620.0
3080,3264,98,,2026-08-01 03:58:21,2026-08-29,3,Completed,Website,,0,46074.0
3081,3267,54,11657.0,2026-06-17 05:55:50,2026-07-12,3,Completed,Mobile App,TP10OFF,10,31633.2
3082,3268,19,,2026-01-20 14:11:41,2026-03-17,4,Completed,Referral Link,,0,35348.0
3083,3268,79,,2026-07-26 07:08:33,2026-09-06,3,Completed,Website,TP5OFF,5,27622.2
3084,3272,53,,2023-12-01 19:50:14,2023-12-22,2,Completed,Website,,0,23074.0
3085,3272,80,,2026-07-03 08:25:10,2026-09-12,2,Confirmed,Instagram,TP10OFF,10,11550.6
3086,3272,40,,2025-10-25 17:32:19,2025-12-22,2,Completed,Mobile App,TP5OFF,5,62983.1
3087,3272,33,6545.0,2025-04-13 03:01:17,2025-06-08,4,Completed,Instagram,,0,44292.0
3088,3272,33,6582.0,2026-08-13 08:23:44,2026-10-30,2,Confirmed,Website,TP10OFF,10,19931.4
3089,3272,50,5165.0,2026-08-02 08:04:39,2026-09-10,2,Confirmed,Mobile App,,0,39034.0
3090,3273,43,13727.0,2025-10-22 19:13:26,2025-11-22,4,Completed,Website,TP5OFF,5,42518.2
3091,3274,16,,2026-07-17 20:57:46,2026-12-27,3,Confirmed,Mobile App,,0,32778.0
3092,3276,94,4726.0,2023-10-24 05:40:40,2023-12-16,4,Completed,Mobile App,,0,49284.0
3093,3277,74,3448.0,2026-07-04 07:15:41,2026-12-16,2,Confirmed,Mobile App,TP15OFF,15,18429.7
3094,3281,74,11141.0,2024-12-11 22:43:57,2025-02-09,5,Completed,Website,,0,54205.0
3095,3282,57,,2023-11-07 04:00:51,2024-01-06,4,Cancelled,Website,,0,93364.0
3096,3283,33,,2026-08-26 23:26:45,2027-01-01,2,Confirmed,Mobile App,TP5OFF,5,21038.7
3097,3283,68,11055.0,2026-08-28 23:10:56,2026-09-25,6,Confirmed,Website,TP15OFF,15,118014.0
3098,3283,3,3648.0,2024-01-20 16:32:17,2024-02-18,2,Completed,Mobile App,,0,13042.0
3099,3283,18,5328.0,2023-11-01 21:58:38,2023-11-14,2,Completed,Website,,0,12424.0
3100,3285,88,6229.0,2026-07-09 18:22:09,2026-10-02,2,Confirmed,Website,TP5OFF,5,15410.9
3101,3288,96,,2025-01-11 22:36:25,2025-03-02,3,Completed,Instagram,TP15OFF,15,55618.05
3102,3289,54,,2025-09-03 08:04:25,2025-10-19,4,Completed,Website,,0,46864.0
3103,3289,16,,2026-07-17 13:07:53,2026-08-06,1,Completed,Website,,0,10926.0
3104,3291,90,12903.0,2026-06-15 19:38:01,2026-07-05,6,Cancelled,Mobile App,TP5OFF,5,118354.8
3105,3292,43,,2024-10-11 19:35:55,2024-11-30,3,Completed,Mobile App,TP5OFF,5,31888.65
3106,3293,60,3665.0,2025-07-11 23:11:58,2025-08-22,2,Completed,Website,TP5OFF,5,24519.5
3107,3294,73,14587.0,2026-06-17 19:20:58,2026-10-01,3,Confirmed,Mobile App,TP15OFF,15,65879.25
3108,3294,18,,2024-07-13 12:17:29,2024-08-28,4,Completed,Website,,0,24848.0
3109,3295,94,,2026-09-04 12:00:52,2026-09-15,5,Confirmed,Mobile App,,0,61605.0
3110,3295,44,11529.0,2026-07-23 16:14:47,2026-10-07,4,Confirmed,Mobile App,,0,26760.0
3111,3295,25,12044.0,2026-08-20 15:52:56,2027-01-06,2,Confirmed,Website,,0,23706.0
3112,3296,7,,2025-01-17 21:08:47,2025-02-22,3,Completed,Website,,0,39207.0
3113,3296,60,,2025-01-24 21:48:49,2025-02-27,1,Completed,Mobile App,,0,12905.0
3114,3297,80,2281.0,2025-03-11 08:08:33,2025-03-31,5,Completed,Website,,0,32085.0
3115,3297,86,,2024-02-09 06:06:18,2024-04-02,2,Completed,Instagram,,0,15312.0
3116,3299,39,,2026-02-17 09:43:58,2026-04-05,4,Cancelled,Mobile App,TP5OFF,5,27276.4
3117,3299,19,,2026-08-28 18:30:13,2026-11-05,3,Confirmed,Website,,0,26511.0
3118,3301,57,4625.0,2026-06-28 04:08:11,2026-09-03,6,Cancelled,Mobile App,,0,140046.0
3119,3302,20,12941.0,2026-08-23 14:29:05,2026-10-25,3,Confirmed,Website,TP15OFF,15,93342.75
3120,3302,77,12666.0,2024-04-06 19:43:22,2024-05-28,6,Completed,Mobile App,TP10OFF,10,107681.4
3121,3303,34,,2025-12-06 07:59:25,2025-12-26,2,Completed,Mobile App,,0,19786.0
3122,3303,91,,2026-07-21 14:49:25,2027-01-01,4,Confirmed,Referral Link,TP5OFF,5,49225.2
3123,3304,11,,2026-09-03 14:22:31,2026-10-17,4,Cancelled,Mobile App,TP5OFF,5,107669.2
3124,3305,54,,2023-11-20 19:52:06,2024-01-09,5,Completed,Referral Link,,0,58580.0
3125,3306,77,,2025-10-03 18:26:16,2025-10-21,4,Completed,Mobile App,,0,79764.0
3126,3306,68,,2025-10-25 07:54:47,2025-12-22,6,Completed,Mobile App,,0,138840.0
3127,3307,73,,2026-07-02 22:35:20,2026-09-26,4,Cancelled,Mobile App,,0,103340.0
3128,3308,48,,2026-07-12 00:32:20,2026-10-24,3,Pending,Mobile App,,0,24120.0
3129,3308,55,,2026-07-23 19:10:48,2026-09-02,2,Completed,Website,,0,48250.0
3130,3308,15,5876.0,2026-06-28 17:13:51,2026-09-21,5,Confirmed,Mobile App,TP5OFF,5,49718.25
3131,3308,48,14289.0,2026-08-02 11:17:16,2026-12-19,2,Confirmed,Referral Link,,0,16080.0
3132,3311,21,11007.0,2026-08-27 19:22:31,2026-11-02,4,Pending,Website,TP5OFF,5,28154.2
3133,3312,4,8340.0,2024-07-02 16:50:51,2024-07-16,2,Cancelled,Mobile App,TP20OFF,20,13524.8
3134,3312,54,,2026-06-28 09:59:42,2026-08-15,2,Completed,Website,TP10OFF,10,21088.8
3135,3314,34,9017.0,2026-06-30 02:03:42,2026-10-10,2,Confirmed,Mobile App,TP5OFF,5,18796.7
3136,3315,34,,2026-09-05 09:50:34,2026-10-21,3,Confirmed,Website,,0,29679.0
3137,3316,34,,2024-02-20 03:39:46,2024-03-31,3,Completed,Website,,0,29679.0
3138,3321,69,,2026-07-04 01:22:22,2026-08-15,4,Completed,Mobile App,,0,94640.0
3139,3328,59,,2026-07-22 03:34:04,2027-01-06,6,Confirmed,Website,TP5OFF,5,114490.2
3140,3329,88,9164.0,2024-03-04 10:17:56,2024-03-20,4,Cancelled,Mobile App,,0,32444.0
3141,3329,62,1140.0,2026-06-14 05:09:46,2026-08-15,2,Completed,Website,,0,37374.0
3142,3329,85,3570.0,2025-04-02 22:57:32,2025-05-18,3,Completed,Referral Link,,0,25632.0
3143,3329,10,,2025-11-25 03:43:05,2025-12-09,4,Completed,Website,,0,37888.0
3144,3330,5,,2025-04-30 16:42:13,2025-05-23,4,Completed,Website,,0,162620.0
3145,3331,18,,2026-07-22 05:40:48,2026-10-26,3,Confirmed,Instagram,,0,18636.0
3146,3332,23,,2026-06-09 17:01:34,2026-09-13,3,Confirmed,Website,TP5OFF,5,111095.85
3147,3333,30,,2026-07-24 20:28:37,2026-10-02,5,Pending,Website,,0,45180.0
3148,3334,95,6674.0,2023-09-16 13:33:19,2023-11-15,5,Completed,Website,TP10OFF,10,32895.0
3149,3337,49,,2025-08-09 20:04:25,2025-09-22,4,Cancelled,Mobile App,,0,46424.0
3150,3337,22,8188.0,2026-07-23 16:56:45,2026-10-13,2,Confirmed,Mobile App,TP5OFF,5,17219.7
3151,3339,25,2065.0,2026-07-28 07:27:52,2026-10-14,4,Confirmed,Referral Link,TP5OFF,5,45041.4
3152,3340,84,5331.0,2025-03-12 01:34:54,2025-03-28,5,Cancelled,Website,,0,108810.0
3153,3341,25,4180.0,2026-08-21 01:57:20,2026-10-27,2,Confirmed,Website,TP5OFF,5,22520.7
3154,3341,22,9817.0,2026-08-05 10:13:33,2026-08-24,1,Completed,Mobile App,TP10OFF,10,8156.7
3155,3341,4,12139.0,2023-12-09 23:26:22,2023-12-30,1,Completed,Mobile App,TP5OFF,5,8030.35
3156,3341,62,,2024-11-01 04:49:15,2024-11-29,2,Cancelled,Mobile App,,0,37374.0
3157,3341,39,2279.0,2026-07-27 21:00:41,2026-12-01,5,Confirmed,Website,,0,35890.0
3158,3341,49,,2025-09-14 11:10:35,2025-11-04,4,Completed,Instagram,,0,46424.0
3159,3342,26,,2024-02-06 04:58:27,2024-03-09,2,Completed,Referral Link,TP10OFF,10,46722.6
3160,3344,54,10275.0,2026-06-14 04:22:43,2026-07-13,2,Completed,Website,TP5OFF,5,22260.4
3161,3345,30,11501.0,2024-05-07 15:59:37,2024-06-21,2,Completed,Website,,0,18072.0
3162,3345,95,,2026-06-27 05:04:42,2026-10-05,3,Confirmed,Mobile App,TP10OFF,10,19737.0
3163,3346,86,6704.0,2026-08-09 00:26:22,2026-12-26,3,Pending,Mobile App,,0,22968.0
3164,3347,1,,2026-08-05 03:56:56,2026-10-15,4,Cancelled,Referral Link,,0,43948.0
3165,3348,60,14507.0,2024-12-26 10:00:13,2025-02-10,1,Completed,Website,,0,12905.0
3166,3349,46,8545.0,2026-08-08 07:04:35,2026-11-26,2,Confirmed,Mobile App,TP10OFF,10,54797.4
3167,3350,28,6532.0,2026-09-04 17:29:13,2027-02-17,4,Confirmed,Website,TP10OFF,10,33678.0
3168,3351,83,,2026-06-22 17:41:51,2026-12-17,4,Cancelled,Website,TP10OFF,10,34473.6
3169,3352,74,12132.0,2026-08-04 07:26:37,2026-09-03,1,Completed,Mobile App,,0,10841.0
3170,3353,10,10645.0,2026-06-29 01:47:12,2026-11-25,2,Confirmed,Mobile App,,0,18944.0
3171,3353,62,3964.0,2026-07-28 08:08:35,2026-11-28,3,Cancelled,Mobile App,,0,56061.0
3172,3354,21,,2026-06-28 11:33:45,2026-08-14,5,Completed,Mobile App,,0,37045.0
3173,3355,56,1862.0,2026-07-28 13:48:49,2026-11-29,1,Confirmed,Mobile App,TP10OFF,10,15141.6
3174,3356,6,,2023-09-11 16:42:52,2023-11-03,3,Completed,Mobile App,,0,26469.0
3175,3360,34,,2025-08-06 02:46:25,2025-08-12,5,Completed,Website,,0,49465.0
3176,3360,96,651.0,2025-04-06 09:39:38,2025-05-29,1,Completed,Website,TP5OFF,5,20720.45
3177,3361,11,1150.0,2024-12-24 13:45:41,2025-01-12,2,Completed,Website,,0,56668.0
3178,3364,71,221.0,2026-07-29 06:10:03,2027-01-18,3,Confirmed,Mobile App,,0,18045.0
3179,3365,84,,2026-08-08 14:00:53,2027-01-10,4,Confirmed,Referral Link,,0,87048.0
3180,3368,69,2707.0,2026-07-10 18:50:08,2026-11-11,3,Confirmed,Referral Link,TP15OFF,15,60333.0
3181,3369,85,,2026-07-17 09:15:17,2026-10-17,5,Cancelled,Referral Link,,0,42720.0
3182,3369,82,,2024-07-24 13:35:27,2024-08-14,3,Cancelled,Website,TP10OFF,10,26584.2
3183,3370,30,9342.0,2024-07-27 04:54:05,2024-09-24,5,Completed,Website,TP5OFF,5,42921.0
3184,3370,2,6547.0,2024-12-14 20:38:49,2025-01-29,4,Cancelled,Mobile App,,0,132252.0
3185,3371,33,11847.0,2024-01-24 04:32:38,2024-03-09,5,Completed,Website,,0,55365.0
3186,3371,57,4987.0,2024-08-08 23:09:49,2024-09-29,4,Completed,Mobile App,,0,93364.0
3187,3373,91,,2023-10-21 03:14:24,2023-11-01,5,Completed,Mobile App,TP5OFF,5,61531.5
3188,3374,97,10557.0,2026-08-23 22:36:14,2026-09-20,3,Cancelled,Instagram,,0,50877.0
3189,3375,23,,2026-08-20 16:39:00,2027-01-02,4,Confirmed,Instagram,,0,155924.0
3190,3376,69,,2026-06-21 20:19:34,2026-07-20,4,Completed,Referral Link,,0,94640.0
3191,3377,54,,2025-02-01 07:27:16,2025-03-20,4,Completed,Website,,0,46864.0
3192,3379,64,13091.0,2026-02-11 22:37:53,2026-03-04,3,Completed,Website,,0,48579.0
3193,3379,90,,2026-06-10 00:04:48,2026-09-19,3,Pending,Website,,0,62292.0
3194,3380,48,9373.0,2025-01-22 07:19:48,2025-03-11,5,Completed,Instagram,TP10OFF,10,36180.0
3195,3380,26,,2026-08-25 01:14:21,2026-09-05,2,Cancelled,Mobile App,,0,51914.0
3196,3381,91,10492.0,2026-08-28 22:38:45,2027-01-12,3,Confirmed,Website,,0,38862.0
3197,3383,82,,2026-08-23 20:23:57,2027-02-05,2,Confirmed,Referral Link,,0,19692.0
3198,3383,25,,2025-05-14 04:36:39,2025-06-23,1,Completed,Mobile App,,0,11853.0
3199,3388,28,,2024-06-23 13:42:22,2024-07-09,2,Cancelled,Mobile App,,0,18710.0
3200,3388,82,9773.0,2026-06-25 13:52:29,2026-09-01,2,Completed,Website,TP5OFF,5,18707.4
3201,3388,94,,2026-08-27 21:14:42,2027-01-17,4,Confirmed,Website,,0,49284.0
3202,3388,7,1476.0,2024-11-27 17:11:56,2024-12-08,2,Completed,Instagram,TP5OFF,5,24831.1
3203,3388,79,,2023-10-08 17:24:30,2023-10-15,3,Completed,Website,TP5OFF,5,27622.2
3204,3388,49,,2024-03-30 06:28:13,2024-05-12,4,Completed,Website,,0,46424.0
3205,3389,6,8382.0,2024-03-26 18:30:14,2024-04-10,5,Completed,Website,TP10OFF,10,39703.5
3206,3390,4,,2026-07-17 12:42:11,2026-12-05,2,Confirmed,Mobile App,TP15OFF,15,14370.1
3207,3390,16,981.0,2026-03-09 19:32:40,2026-05-06,2,Completed,Referral Link,TP5OFF,5,20759.4
3208,3391,23,10689.0,2026-07-19 17:50:23,2026-12-18,3,Cancelled,Website,,0,116943.0
3209,3391,17,,2026-07-24 19:43:55,2026-12-19,2,Confirmed,Website,,0,81124.0
3210,3391,42,,2026-07-12 12:47:10,2026-08-27,4,Completed,Website,TP15OFF,15,131637.8
3211,3392,13,5851.0,2024-07-25 16:27:10,2024-08-28,2,Completed,Mobile App,,0,21548.0
3212,3397,87,2392.0,2026-08-09 19:47:29,2026-08-24,5,Completed,Website,,0,108850.0
3213,3399,27,12370.0,2025-11-26 17:59:29,2026-01-18,5,Completed,Instagram,,0,33480.0
3214,3400,57,7679.0,2026-07-30 09:29:30,2026-10-31,3,Confirmed,Mobile App,TP5OFF,5,66521.85
3215,3401,22,9327.0,2026-09-03 15:55:56,2026-10-04,1,Confirmed,Website,,0,9063.0
3216,3402,61,6780.0,2026-07-19 01:56:53,2026-10-14,5,Cancelled,Mobile App,TP10OFF,10,85747.5
3217,3402,61,,2025-07-05 23:23:36,2025-08-14,6,Completed,Website,TP20OFF,20,91464.0
3218,3403,70,,2024-12-04 12:51:52,2024-12-30,2,Completed,Mobile App,,0,28648.0
3219,3404,74,,2026-07-14 04:31:42,2026-08-26,3,Completed,Mobile App,,0,32523.0
3220,3405,51,,2026-06-21 21:57:22,2026-11-17,2,Confirmed,Website,,0,73474.0
3221,3405,41,6373.0,2025-07-23 14:13:13,2025-09-19,2,Completed,Referral Link,,0,97660.0
3222,3406,1,,2026-06-30 00:56:08,2026-07-30,3,Cancelled,Mobile App,TP5OFF,5,31312.95
3223,3406,60,,2025-12-17 09:09:27,2026-01-04,1,Completed,Website,,0,12905.0
3224,3406,22,,2024-05-22 06:27:38,2024-07-08,4,Completed,Website,TP10OFF,10,32626.8
3225,3406,63,,2026-07-02 03:33:06,2026-10-17,3,Confirmed,Instagram,,0,50928.0
3226,3408,73,3699.0,2026-08-09 08:52:40,2026-12-01,5,Pending,Referral Link,,0,129175.0
3227,3408,68,,2025-12-14 02:10:24,2026-01-07,3,Completed,Mobile App,TP15OFF,15,59007.0
3228,3411,71,11477.0,2026-07-15 01:46:41,2026-09-10,2,Confirmed,Website,TP10OFF,10,10827.0
3229,3412,3,,2026-07-18 09:03:38,2026-08-02,3,Completed,Referral Link,,0,19563.0
3230,3413,39,,2026-07-10 10:29:47,2027-01-03,3,Confirmed,Instagram,TP5OFF,5,20457.3
3231,3414,35,,2026-08-06 15:27:15,2027-01-22,2,Cancelled,Referral Link,,0,62006.0
3232,3415,65,6342.0,2025-09-27 13:30:06,2025-11-13,3,Completed,Instagram,,0,52614.0
3233,3416,34,,2026-08-08 11:37:32,2026-09-01,2,Completed,Website,,0,19786.0
3234,3416,91,12119.0,2026-08-11 03:52:30,2026-08-22,3,Completed,Website,TP10OFF,10,34975.8
3235,3416,91,,2026-07-06 23:17:20,2026-11-26,2,Confirmed,Mobile App,,0,25908.0
3236,3416,39,,2026-08-13 04:16:50,2027-01-13,4,Confirmed,Website,,0,28712.0
3237,3419,10,,2026-06-13 17:07:32,2026-09-16,4,Cancelled,Website,,0,37888.0
3238,3420,73,,2023-09-16 02:53:47,2023-10-04,6,Completed,Instagram,,0,155010.0
3239,3421,25,,2025-10-27 07:55:09,2025-11-02,4,Completed,Mobile App,,0,47412.0
3240,3421,89,8495.0,2025-07-10 04:45:04,2025-08-10,5,Completed,Instagram,,0,41540.0
3241,3421,49,,2026-06-21 02:41:50,2026-11-05,5,Confirmed,Website,,0,58030.0
3242,3424,76,,2023-12-13 20:19:58,2024-01-24,4,Completed,Website,,0,61772.0
3243,3425,60,13958.0,2026-08-08 23:08:20,2026-12-16,3,Cancelled,Instagram,,0,38715.0
3244,3425,58,9454.0,2023-10-06 19:08:24,2023-10-18,2,Completed,Mobile App,TP15OFF,15,20673.7
3245,3425,56,,2025-08-18 22:10:54,2025-09-28,3,Completed,Mobile App,TP20OFF,20,40377.6
3246,3426,52,,2026-06-19 03:28:15,2026-11-10,2,Confirmed,Referral Link,,0,61398.0
3247,3427,98,2140.0,2026-06-18 14:48:28,2026-08-08,2,Completed,Mobile App,,0,30716.0
3248,3428,70,,2026-05-02 19:10:26,2026-05-26,2,Completed,Instagram,TP5OFF,5,27215.6
3249,3429,96,,2023-11-16 10:38:44,2023-12-18,2,Completed,Mobile App,,0,43622.0
3250,3430,61,3176.0,2026-07-13 22:56:56,2027-01-03,4,Confirmed,Referral Link,,0,76220.0
3251,3431,13,7975.0,2026-08-25 11:34:35,2026-11-29,2,Confirmed,Website,TP5OFF,5,20470.6
3252,3433,87,14782.0,2026-07-02 16:47:33,2026-09-25,4,Confirmed,Website,TP15OFF,15,74018.0
3253,3434,66,,2024-04-16 02:12:09,2024-04-30,4,Completed,Mobile App,,0,124424.0
3254,3436,61,,2025-12-25 05:59:43,2026-01-12,6,Completed,Referral Link,TP5OFF,5,108613.5
3255,3436,68,8094.0,2026-06-08 18:27:55,2026-08-25,6,Completed,Website,TP10OFF,10,124956.0
3256,3438,62,,2024-12-29 04:01:16,2025-01-11,2,Completed,Mobile App,TP5OFF,5,35505.3
3257,3438,82,5338.0,2026-08-02 03:55:08,2026-11-27,3,Confirmed,Referral Link,,0,29538.0
3258,3439,1,3334.0,2026-02-03 20:51:10,2026-02-19,3,Completed,Website,,0,32961.0
3259,3440,54,1985.0,2026-09-06 13:15:37,2026-11-21,4,Cancelled,Website,,0,46864.0
3260,3441,71,165.0,2024-11-23 17:39:41,2024-11-29,2,Completed,Website,,0,12030.0
3261,3442,8,,2026-07-05 13:28:54,2026-08-19,3,Completed,Mobile App,,0,104274.0
3262,3442,41,7833.0,2025-05-17 23:16:55,2025-07-11,2,Completed,Website,,0,97660.0
3263,3444,67,6466.0,2026-02-19 18:59:05,2026-03-23,1,Completed,Website,,0,16729.0
3264,3444,52,1208.0,2026-07-12 15:41:25,2026-12-14,3,Confirmed,Website,,0,92097.0
3265,3445,18,3444.0,2024-04-04 15:09:07,2024-04-22,2,Cancelled,Mobile App,TP15OFF,15,10560.4
3266,3446,83,8612.0,2026-08-16 03:00:06,2026-09-16,5,Confirmed,Referral Link,,0,47880.0
3267,3448,84,8761.0,2026-09-03 22:31:53,2026-11-19,5,Confirmed,Mobile App,,0,108810.0
3268,3451,5,,2025-12-30 22:11:28,2026-02-26,3,Completed,Website,TP5OFF,5,115866.75
3269,3452,58,3226.0,2026-06-26 15:47:32,2026-07-17,2,Completed,Website,TP5OFF,5,23105.9
3270,3455,63,,2026-08-08 05:51:40,2027-01-13,4,Confirmed,Website,,0,67904.0
3271,3457,58,,2025-10-31 10:41:40,2025-11-21,4,Completed,Mobile App,TP20OFF,20,38915.2
3272,3460,36,,2026-06-17 04:09:15,2026-09-11,2,Cancelled,Website,,0,86226.0
3273,3461,94,2994.0,2026-06-27 04:20:00,2026-11-08,5,Confirmed,Mobile App,,0,61605.0
3274,3461,82,14079.0,2024-12-11 08:15:10,2025-01-18,4,Completed,Referral Link,TP15OFF,15,33476.4
3275,3462,49,14757.0,2024-01-26 07:47:34,2024-02-09,2,Completed,Referral Link,,0,23212.0
3276,3466,22,511.0,2024-06-23 09:59:34,2024-07-05,2,Completed,Instagram,TP10OFF,10,16313.4
3277,3467,79,7279.0,2025-05-12 08:33:49,2025-06-30,4,Cancelled,Mobile App,,0,38768.0
3278,3470,81,,2026-01-23 03:03:52,2026-02-28,3,Cancelled,Website,,0,75831.0
3279,3471,8,,2023-10-06 01:10:02,2023-11-30,4,Cancelled,Website,,0,139032.0
3280,3473,49,,2026-08-13 07:01:43,2026-12-10,3,Confirmed,Referral Link,,0,34818.0
3281,3473,4,,2026-07-28 02:11:58,2026-09-22,1,Confirmed,Website,TP5OFF,5,8030.35
3282,3475,76,,2025-07-16 16:04:28,2025-08-14,4,Completed,Mobile App,,0,61772.0
3283,3478,59,11623.0,2026-03-04 00:04:11,2026-04-07,5,Completed,Mobile App,,0,100430.0
3284,3479,42,10278.0,2026-08-07 06:27:25,2027-01-28,4,Confirmed,Website,,0,154868.0
3285,3479,87,,2026-06-19 16:16:07,2026-10-15,3,Pending,Website,,0,65310.0
3286,3479,51,2529.0,2026-06-08 16:57:00,2026-07-12,2,Completed,Instagram,,0,73474.0
3287,3479,65,12695.0,2026-06-01 15:55:16,2026-07-06,1,Completed,Website,,0,17538.0
3288,3482,94,,2025-01-14 06:00:21,2025-02-25,2,Completed,Website,,0,24642.0
3289,3483,25,5019.0,2026-07-01 20:47:01,2026-12-26,2,Confirmed,Mobile App,,0,23706.0
3290,3485,27,9176.0,2026-07-13 09:50:23,2026-12-03,5,Confirmed,Instagram,TP15OFF,15,28458.0
3291,3485,92,9933.0,2026-07-10 19:25:25,2026-10-10,2,Confirmed,Website,,0,14814.0
3292,3486,22,,2026-08-28 12:53:53,2026-11-16,1,Confirmed,Website,,0,9063.0
3293,3486,28,,2026-07-08 01:50:49,2026-11-05,3,Confirmed,Website,TP15OFF,15,23855.25
3294,3487,77,13845.0,2026-08-27 11:08:48,2027-02-12,3,Confirmed,Website,,0,59823.0
3295,3488,11,,2023-10-10 21:22:25,2023-11-23,3,Completed,Website,,0,85002.0
3296,3490,91,,2024-11-06 16:23:14,2024-12-27,2,Completed,Website,,0,25908.0
3297,3490,62,,2025-04-23 06:49:14,2025-06-21,2,Completed,Website,TP15OFF,15,31767.9
3298,3492,54,13759.0,2024-09-17 13:19:35,2024-09-28,5,Completed,Instagram,,0,58580.0
3299,3493,28,,2023-09-11 22:48:17,2023-09-20,3,Completed,Website,TP5OFF,5,26661.75
3300,3497,18,2712.0,2026-02-28 00:40:07,2026-04-25,4,Completed,Instagram,,0,24848.0
3301,3500,69,,2026-07-04 00:02:00,2026-07-13,6,Completed,Website,,0,141960.0
3302,3501,84,1499.0,2026-06-14 12:22:08,2026-11-03,6,Confirmed,Website,,0,130572.0
3303,3504,65,,2026-09-04 06:18:23,2026-12-03,4,Confirmed,Website,,0,70152.0
3304,3505,59,12518.0,2026-07-14 01:59:55,2026-07-24,5,Completed,Website,TP20OFF,20,80344.0
3305,3506,33,14075.0,2026-05-19 16:34:07,2026-06-10,4,Completed,Website,,0,44292.0
3306,3507,47,14328.0,2026-09-06 08:38:54,2027-01-09,2,Confirmed,Website,TP15OFF,15,51561.0
3307,3508,35,11565.0,2026-07-28 11:37:22,2026-08-21,1,Completed,Instagram,TP10OFF,10,27902.7
3308,3509,39,4722.0,2024-11-26 19:29:53,2024-12-28,2,Cancelled,Website,,0,14356.0
3309,3509,49,,2026-07-05 16:24:04,2026-11-21,5,Confirmed,Mobile App,,0,58030.0
3310,3510,47,7822.0,2026-06-09 01:09:34,2026-10-01,4,Confirmed,Mobile App,,0,121320.0
3311,3512,58,,2026-05-05 19:25:34,2026-07-04,3,Completed,Mobile App,TP20OFF,20,29186.4
3312,3512,23,12369.0,2026-08-25 09:19:12,2027-02-05,2,Confirmed,Website,,0,77962.0
3313,3514,94,7658.0,2026-08-02 14:02:16,2026-08-30,5,Completed,Website,,0,61605.0
3314,3514,80,,2026-02-02 08:23:12,2026-03-12,3,Completed,Instagram,,0,19251.0
3315,3516,68,1326.0,2026-03-13 06:40:35,2026-04-28,6,Completed,Website,TP10OFF,10,124956.0
3316,3517,47,4336.0,2026-06-20 00:18:58,2026-07-07,2,Completed,Website,,0,60660.0
3317,3517,69,,2024-12-08 05:58:40,2024-12-29,4,Completed,Website,,0,94640.0
3318,3518,85,,2026-07-16 18:33:07,2026-12-05,5,Confirmed,Mobile App,,0,42720.0
3319,3520,26,,2026-05-05 13:59:58,2026-06-12,2,Completed,Mobile App,,0,51914.0
3320,3520,77,13286.0,2026-07-30 02:28:24,2026-09-16,6,Confirmed,Instagram,,0,119646.0
3321,3521,80,,2026-06-16 21:22:44,2026-07-09,4,Completed,Mobile App,,0,25668.0
3322,3522,96,,2026-07-14 00:20:04,2026-12-27,2,Confirmed,Mobile App,,0,43622.0
3323,3523,57,14125.0,2026-06-10 01:41:26,2026-09-13,4,Confirmed,Mobile App,TP5OFF,5,88695.8
3324,3523,17,,2024-02-16 02:35:41,2024-04-06,4,Cancelled,Mobile App,,0,162248.0
3325,3528,2,,2025-02-07 07:58:00,2025-02-18,2,Completed,Website,,0,66126.0
3326,3529,39,521.0,2026-08-10 00:24:32,2026-12-11,3,Confirmed,Website,TP20OFF,20,17227.2
3327,3529,70,,2026-08-14 10:44:58,2026-08-25,3,Completed,Website,,0,42972.0
3328,3529,19,,2023-09-26 12:15:41,2023-10-09,2,Completed,Website,,0,17674.0
3329,3529,85,6142.0,2026-07-02 11:11:37,2026-11-18,4,Pending,Website,,0,34176.0
3330,3530,76,883.0,2026-06-16 02:37:36,2026-09-06,4,Completed,Mobile App,,0,61772.0
3331,3531,27,,2026-07-31 02:52:26,2026-08-16,3,Completed,Mobile App,,0,20088.0
3332,3531,17,13931.0,2025-01-16 23:14:25,2025-03-17,3,Completed,Mobile App,TP10OFF,10,109517.4
3333,3531,21,,2026-09-02 06:48:34,2026-12-06,3,Cancelled,Website,TP20OFF,20,17781.6
3334,3531,33,9928.0,2024-11-20 05:49:28,2024-11-27,2,Completed,Website,,0,22146.0
3335,3531,24,,2026-04-09 03:05:49,2026-04-27,2,Completed,Mobile App,,0,19178.0
3336,3531,9,2966.0,2026-08-12 03:49:55,2026-12-02,3,Confirmed,Website,,0,30108.0
3337,3533,70,,2026-08-13 05:33:33,2026-09-07,2,Confirmed,Mobile App,TP15OFF,15,24350.8
3338,3534,88,3198.0,2024-02-13 00:34:38,2024-04-11,2,Cancelled,Website,,0,16222.0
3339,3534,10,,2026-07-01 16:08:18,2026-08-05,1,Completed,Mobile App,TP5OFF,5,8998.4
3340,3535,34,,2026-06-30 07:02:17,2026-12-04,3,Confirmed,Mobile App,,0,29679.0
3341,3536,72,,2023-09-20 01:07:10,2023-11-19,4,Completed,Mobile App,TP15OFF,15,37797.8
3342,3538,90,2884.0,2024-08-18 20:02:53,2024-09-02,4,Cancelled,Referral Link,TP10OFF,10,74750.4
3343,3539,36,,2025-08-21 10:57:06,2025-09-14,2,Completed,Mobile App,,0,86226.0
3344,3541,39,11019.0,2026-09-06 03:00:08,2027-01-22,2,Cancelled,Website,TP5OFF,5,13638.2
3345,3542,51,,2024-12-07 07:58:06,2024-12-14,2,Cancelled,Website,,0,73474.0
3346,3542,60,,2023-11-10 07:44:59,2023-12-11,3,Completed,Instagram,TP20OFF,20,30972.0
3347,3544,4,,2025-07-07 01:16:59,2025-07-13,2,Completed,Website,TP10OFF,10,15215.4
3348,3545,44,13332.0,2024-10-17 04:27:06,2024-11-10,4,Completed,Referral Link,,0,26760.0
3349,3545,79,,2026-07-14 14:41:43,2026-12-12,4,Confirmed,Website,,0,38768.0
3350,3546,12,,2024-12-19 19:37:22,2025-01-31,5,Completed,Mobile App,,0,51745.0
3351,3549,16,,2026-06-15 04:12:08,2026-10-23,3,Confirmed,Website,,0,32778.0
3352,3550,21,11364.0,2023-12-31 22:23:03,2024-01-23,3,Completed,Website,TP5OFF,5,21115.65
3353,3550,15,,2026-06-03 21:11:08,2026-06-21,4,Completed,Website,TP5OFF,5,39774.6
3354,3550,42,6536.0,2024-04-24 11:59:32,2024-05-15,2,Completed,Website,,0,77434.0
3355,3550,12,11409.0,2026-07-02 21:35:35,2026-08-28,2,Completed,Referral Link,TP15OFF,15,17593.3
3356,3550,68,,2026-08-25 11:21:35,2027-01-07,4,Confirmed,Instagram,TP5OFF,5,87932.0
3357,3551,9,,2026-08-09 09:52:41,2026-12-16,4,Confirmed,Mobile App,TP5OFF,5,38136.8
3358,3551,27,7747.0,2026-09-03 12:34:33,2026-09-27,5,Confirmed,Mobile App,TP5OFF,5,31806.0
3359,3553,34,,2024-10-07 03:29:13,2024-11-27,5,Cancelled,Instagram,,0,49465.0
3360,3553,25,,2026-07-16 04:00:38,2026-10-30,3,Confirmed,Mobile App,,0,35559.0
3361,3554,31,,2026-08-31 21:48:35,2027-01-23,2,Confirmed,Mobile App,TP5OFF,5,76471.2
3362,3557,23,2272.0,2025-08-16 06:48:03,2025-09-26,3,Completed,Instagram,,0,116943.0
3363,3557,29,712.0,2023-10-09 02:46:40,2023-10-24,3,Completed,Instagram,TP5OFF,5,86286.6
3364,3561,85,7149.0,2025-02-07 12:22:05,2025-03-12,4,Completed,Website,,0,34176.0
3365,3563,19,13812.0,2026-08-30 15:29:16,2026-10-24,2,Confirmed,Website,,0,17674.0
3366,3564,29,,2025-05-04 02:39:31,2025-06-13,4,Cancelled,Website,,0,121104.0
3367,3564,78,,2024-12-20 05:35:17,2025-01-16,4,Completed,Mobile App,,0,80696.0
3368,3564,72,3623.0,2026-07-23 02:01:34,2026-08-18,5,Completed,Website,,0,55585.0
3369,3564,72,,2026-07-28 12:37:26,2027-01-21,3,Confirmed,Mobile App,,0,33351.0
3370,3564,11,13912.0,2026-06-15 05:23:51,2026-08-06,3,Completed,Website,TP15OFF,15,72251.7
3371,3566,23,,2026-01-04 02:05:36,2026-01-23,4,Completed,Referral Link,,0,155924.0
3372,3567,61,,2026-04-18 18:01:47,2026-05-18,4,Completed,Mobile App,TP5OFF,5,72409.0
3373,3567,73,14218.0,2026-08-07 21:45:02,2027-01-29,4,Confirmed,Website,,0,103340.0
3374,3568,16,3794.0,2026-09-01 17:27:56,2026-12-19,3,Confirmed,Website,TP10OFF,10,29500.2
3375,3569,10,6849.0,2025-11-12 15:15:30,2025-12-23,1,Cancelled,Mobile App,TP5OFF,5,8998.4
3376,3571,85,13247.0,2026-02-16 01:05:06,2026-03-30,5,Cancelled,Website,,0,42720.0
3377,3571,89,11152.0,2024-10-04 14:29:08,2024-11-26,3,Completed,Website,TP10OFF,10,22431.6
3378,3574,85,13446.0,2026-07-17 20:53:22,2026-08-22,5,Cancelled,Website,,0,42720.0
3379,3577,52,,2026-07-05 20:23:30,2026-09-18,3,Confirmed,Website,,0,92097.0
3380,3577,20,3802.0,2023-12-26 12:36:31,2024-02-04,4,Cancelled,Mobile App,TP5OFF,5,139099.0
3381,3579,22,,2024-01-21 11:35:30,2024-02-12,3,Completed,Instagram,,0,27189.0
3382,3583,68,,2023-10-09 14:36:24,2023-12-03,6,Completed,Mobile App,,0,138840.0
3383,3586,11,844.0,2026-08-26 09:55:08,2026-09-26,3,Confirmed,Website,TP10OFF,10,76501.8
3384,3586,43,,2026-03-05 22:37:49,2026-03-22,5,Completed,Mobile App,TP5OFF,5,53147.75
3385,3587,15,4788.0,2024-08-02 12:34:34,2024-08-10,4,Completed,Website,,0,41868.0
3386,3589,2,7713.0,2026-04-09 08:28:46,2026-05-22,4,Completed,Website,,0,132252.0
3387,3590,49,,2025-10-14 19:26:03,2025-11-01,5,Completed,Mobile App,TP5OFF,5,55128.5
3388,3591,19,7135.0,2026-04-20 20:40:44,2026-04-30,2,Completed,Referral Link,,0,17674.0
3389,3591,28,11278.0,2026-07-17 15:20:47,2026-10-29,1,Confirmed,Website,TP15OFF,15,7951.75
3390,3591,4,5516.0,2026-08-11 17:32:10,2027-01-10,1,Confirmed,Mobile App,TP10OFF,10,7607.7
3391,3592,27,,2026-07-27 07:02:41,2026-09-10,5,Cancelled,Mobile App,,0,33480.0
3392,3593,67,,2026-09-05 10:16:57,2027-02-12,2,Confirmed,Website,TP10OFF,10,30112.2
3393,3593,25,4198.0,2025-01-01 01:42:29,2025-01-29,4,Completed,Instagram,TP20OFF,20,37929.6
3394,3594,95,,2024-09-04 00:07:54,2024-10-01,2,Completed,Website,TP10OFF,10,13158.0
3395,3596,18,8585.0,2026-06-29 14:15:20,2026-12-09,4,Confirmed,Mobile App,,0,24848.0
3396,3598,59,8245.0,2026-06-14 00:26:26,2026-09-02,6,Completed,Mobile App,,0,120516.0
3397,3598,57,,2026-08-02 07:04:26,2026-12-02,6,Confirmed,Referral Link,,0,140046.0
3398,3598,59,3037.0,2026-07-31 10:42:59,2026-09-02,6,Completed,Website,,0,120516.0
3399,3599,13,10712.0,2026-06-26 05:42:21,2026-11-04,4,Confirmed,Website,TP5OFF,5,40941.2
3400,3601,16,,2026-08-01 13:23:19,2026-08-16,2,Completed,Referral Link,,0,21852.0
3401,3603,13,828.0,2024-11-07 15:31:22,2024-12-13,2,Completed,Referral Link,,0,21548.0
3402,3605,80,,2023-09-23 08:04:25,2023-10-25,5,Completed,Mobile App,,0,32085.0
3403,3606,4,,2026-08-09 05:44:53,2026-12-18,4,Pending,Website,,0,33812.0
3404,3606,54,10795.0,2025-08-26 08:52:27,2025-10-15,5,Completed,Mobile App,,0,58580.0
3405,3609,9,,2026-01-22 15:54:33,2026-01-29,5,Completed,Mobile App,,0,50180.0
3406,3610,42,,2026-08-31 04:37:52,2026-10-01,3,Confirmed,Mobile App,,0,116151.0
3407,3610,33,,2026-05-01 00:36:19,2026-06-01,5,Completed,Website,,0,55365.0
3408,3614,38,,2026-08-12 10:56:55,2026-09-26,2,Cancelled,Mobile App,TP10OFF,10,14459.4
3409,3615,91,,2026-06-08 22:36:17,2026-10-30,5,Confirmed,Website,,0,64770.0
3410,3617,51,6652.0,2026-07-08 16:06:39,2026-08-20,2,Completed,Mobile App,,0,73474.0
3411,3617,14,,2026-08-25 00:05:13,2026-11-24,2,Confirmed,Website,,0,76406.0
3412,3618,86,12777.0,2024-03-27 09:39:22,2024-04-24,4,Completed,Website,,0,30624.0
3413,3618,21,6959.0,2026-07-07 14:09:49,2026-12-14,5,Confirmed,Instagram,,0,37045.0
3414,3619,49,,2026-08-26 08:41:36,2027-02-02,2,Confirmed,Instagram,,0,23212.0
3415,3619,25,,2026-06-24 11:25:52,2026-10-22,1,Confirmed,Website,TP15OFF,15,10075.05
3416,3619,16,,2025-01-30 09:16:18,2025-03-04,3,Completed,Mobile App,,0,32778.0
3417,3619,10,,2025-05-29 01:36:16,2025-07-16,4,Completed,Website,TP5OFF,5,35993.6
3418,3619,19,6681.0,2026-07-13 18:44:06,2026-11-20,4,Confirmed,Mobile App,,0,35348.0
3419,3620,20,2601.0,2026-06-18 22:25:13,2026-11-21,2,Pending,Mobile App,,0,73210.0
3420,3620,11,,2025-07-24 06:08:22,2025-09-15,4,Completed,Website,,0,113336.0
3421,3621,96,6438.0,2026-08-22 19:26:56,2027-01-20,2,Confirmed,Mobile App,TP5OFF,5,41440.9
3422,3623,48,,2024-09-30 02:15:58,2024-10-21,5,Completed,Mobile App,,0,40200.0
3423,3623,87,8538.0,2026-08-15 19:33:11,2026-11-23,6,Confirmed,Website,,0,130620.0
3424,3623,21,,2026-07-23 16:49:33,2026-09-08,5,Confirmed,Mobile App,,0,37045.0
3425,3623,68,,2025-05-18 05:51:35,2025-06-08,6,Completed,Website,,0,138840.0
3426,3624,14,4970.0,2026-06-27 18:36:40,2026-09-24,2,Confirmed,Mobile App,,0,76406.0
3427,3624,87,,2023-09-29 16:07:15,2023-10-24,3,Completed,Referral Link,,0,65310.0
3428,3625,43,,2026-08-24 07:36:50,2026-10-01,5,Cancelled,Website,,0,55945.0
3429,3626,96,6897.0,2026-07-19 02:15:01,2026-11-11,4,Confirmed,Mobile App,TP5OFF,5,82881.8
3430,3626,91,,2026-07-14 14:51:37,2026-12-05,3,Pending,Website,,0,38862.0
3431,3627,72,12330.0,2026-05-21 07:35:05,2026-06-29,5,Completed,Mobile App,,0,55585.0
3432,3628,41,12112.0,2023-10-09 01:25:24,2023-11-13,2,Completed,Mobile App,,0,97660.0
3433,3629,63,,2025-07-28 18:41:15,2025-08-29,3,Completed,Mobile App,TP15OFF,15,43288.8
3434,3629,95,4280.0,2026-07-21 04:48:39,2026-11-03,2,Confirmed,Instagram,,0,14620.0
3435,3629,43,,2023-12-01 18:37:10,2024-01-05,5,Completed,Mobile App,,0,55945.0
3436,3629,21,3986.0,2026-05-30 07:41:34,2026-07-07,5,Completed,Website,TP5OFF,5,35192.75
3437,3629,71,6070.0,2024-04-17 21:44:45,2024-05-20,4,Completed,Instagram,TP10OFF,10,21654.0
3438,3632,45,,2026-06-12 22:42:20,2026-10-18,1,Confirmed,Website,,0,33809.0
3439,3633,61,,2026-06-25 23:16:57,2026-08-17,4,Completed,Website,,0,76220.0
3440,3634,22,,2024-05-03 06:54:51,2024-06-04,3,Completed,Website,,0,27189.0
3441,3635,60,,2026-06-29 16:07:07,2026-12-03,2,Confirmed,Website,,0,25810.0
3442,3636,32,,2023-11-23 22:11:37,2023-11-29,4,Completed,Website,TP20OFF,20,83081.6
3443,3636,8,14288.0,2026-08-10 07:21:11,2026-11-12,2,Confirmed,Instagram,,0,69516.0
3444,3636,23,,2026-06-16 00:51:40,2026-07-09,2,Completed,Mobile App,,0,77962.0
3445,3636,31,2815.0,2026-08-11 16:24:36,2026-08-31,2,Completed,Website,,0,80496.0
3446,3637,95,,2026-07-14 04:45:32,2026-09-11,2,Confirmed,Website,TP10OFF,10,13158.0
3447,3638,19,,2024-04-30 16:50:37,2024-05-29,3,Completed,Website,,0,26511.0
3448,3639,58,,2025-05-20 17:35:24,2025-05-26,3,Completed,Mobile App,,0,36483.0
3449,3640,89,13865.0,2026-06-11 03:17:17,2026-09-23,5,Confirmed,Mobile App,,0,41540.0
3450,3640,48,8456.0,2026-08-06 05:17:53,2026-09-08,4,Cancelled,Website,TP5OFF,5,30552.0
3451,3642,77,,2025-05-05 12:51:24,2025-06-21,3,Completed,Referral Link,,0,59823.0
3452,3642,32,7080.0,2024-12-14 09:44:58,2024-12-29,4,Cancelled,Website,TP5OFF,5,98659.4
3453,3643,81,,2024-10-15 12:56:54,2024-11-20,5,Completed,Website,,0,126385.0
3454,3644,33,9864.0,2026-08-10 01:57:29,2026-12-15,3,Confirmed,Website,,0,33219.0
3455,3644,53,,2026-07-28 06:23:59,2026-12-10,5,Confirmed,Website,,0,57685.0
3456,3645,97,,2026-08-10 14:04:51,2026-09-09,3,Pending,Mobile App,,0,50877.0
3457,3646,58,,2025-04-20 04:33:45,2025-06-10,3,Completed,Instagram,TP5OFF,5,34658.85
3458,3647,62,,2026-07-28 23:20:01,2026-09-12,1,Confirmed,Website,,0,18687.0
3459,3647,79,4669.0,2024-11-06 20:18:07,2024-11-28,4,Completed,Referral Link,TP5OFF,5,36829.6
3460,3647,49,,2026-07-21 11:33:27,2026-11-30,3,Confirmed,Mobile App,TP10OFF,10,31336.2
3461,3647,49,,2026-06-18 03:29:30,2026-07-20,2,Completed,Referral Link,,0,23212.0
3462,3647,4,,2024-12-28 19:53:11,2025-01-30,3,Cancelled,Mobile App,,0,25359.0
3463,3647,54,272.0,2026-07-02 05:08:35,2026-08-29,5,Completed,Referral Link,TP10OFF,10,52722.0
3464,3649,13,,2026-07-19 03:56:34,2026-10-02,1,Confirmed,Website,,0,10774.0
3465,3649,70,8785.0,2026-08-24 00:16:39,2027-01-06,4,Pending,Website,,0,57296.0
3466,3651,6,,2025-10-29 14:56:19,2025-12-22,3,Completed,Mobile App,TP5OFF,5,25145.55
3467,3651,43,13954.0,2026-09-06 09:18:46,2027-02-26,4,Confirmed,Website,TP5OFF,5,42518.2
3468,3651,66,,2025-05-20 16:44:09,2025-06-30,3,Completed,Website,,0,93318.0
3469,3651,73,4536.0,2025-09-06 03:56:32,2025-09-23,6,Completed,Website,,0,155010.0
3470,3651,93,4415.0,2025-10-04 11:20:26,2025-10-25,3,Completed,Mobile App,TP5OFF,5,51243.0
3471,3654,61,,2026-07-29 18:35:35,2026-09-06,4,Completed,Referral Link,TP10OFF,10,68598.0
3472,3654,37,3453.0,2025-08-02 13:22:39,2025-09-03,2,Completed,Instagram,,0,75482.0
3473,3658,36,9079.0,2026-08-04 02:51:31,2026-12-13,2,Confirmed,Website,,0,86226.0
3474,3659,79,,2025-11-21 12:27:15,2025-12-13,4,Completed,Referral Link,TP10OFF,10,34891.2
3475,3659,88,,2026-06-02 17:15:22,2026-06-22,5,Completed,Website,,0,40555.0
3476,3660,14,,2026-06-11 19:17:35,2026-09-30,4,Confirmed,Website,TP5OFF,5,145171.4
3477,3660,74,,2026-08-25 11:58:03,2027-01-06,3,Confirmed,Referral Link,,0,32523.0
3478,3661,93,,2026-07-26 10:25:33,2026-11-22,4,Pending,Mobile App,,0,71920.0
3479,3662,72,,2026-09-05 21:33:32,2026-11-08,5,Confirmed,Instagram,,0,55585.0
3480,3663,42,,2025-07-21 08:02:35,2025-09-14,4,Completed,Website,,0,154868.0
3481,3664,52,,2023-10-22 21:13:47,2023-12-03,4,Completed,Mobile App,,0,122796.0
3482,3665,31,,2026-03-13 05:16:45,2026-04-15,2,Completed,Mobile App,,0,80496.0
3483,3666,10,,2026-06-28 23:25:22,2026-08-04,2,Cancelled,Mobile App,,0,18944.0
3484,3667,63,3189.0,2026-07-30 19:30:58,2027-01-10,5,Confirmed,Website,,0,84880.0
3485,3668,17,6588.0,2024-11-26 16:02:30,2024-12-15,4,Cancelled,Website,TP15OFF,15,137910.8
3486,3669,16,12970.0,2026-06-21 00:32:15,2026-11-07,4,Confirmed,Referral Link,,0,43704.0
3487,3672,70,,2023-09-24 18:40:40,2023-11-23,5,Cancelled,Website,,0,71620.0
3488,3673,70,,2026-06-15 13:04:22,2026-11-07,4,Confirmed,Website,TP5OFF,5,54431.2
3489,3674,11,,2026-07-17 23:46:37,2026-12-01,2,Confirmed,Mobile App,,0,56668.0
3490,3675,88,4784.0,2026-06-18 02:25:55,2026-09-23,4,Confirmed,Referral Link,,0,32444.0
3491,3676,90,997.0,2026-08-28 10:52:56,2026-10-17,3,Confirmed,Website,,0,62292.0
3492,3676,72,2069.0,2023-11-27 14:18:52,2023-12-14,3,Completed,Mobile App,,0,33351.0
3493,3677,88,5163.0,2025-09-15 09:07:24,2025-10-23,3,Completed,Website,TP20OFF,20,19466.4
3494,3678,5,13922.0,2026-06-29 03:39:30,2026-09-30,3,Pending,Website,,0,121965.0
3495,3679,96,12897.0,2024-09-02 02:35:31,2024-10-19,2,Completed,Website,TP5OFF,5,41440.9
3496,3679,79,4526.0,2025-06-17 04:55:31,2025-07-11,2,Completed,Mobile App,TP5OFF,5,18414.8
3497,3682,74,,2025-06-22 22:52:10,2025-07-19,1,Completed,Website,,0,10841.0
3498,3682,65,14226.0,2026-07-28 11:54:34,2027-01-16,4,Confirmed,Mobile App,,0,70152.0
3499,3682,74,,2025-01-04 08:58:27,2025-02-25,3,Completed,Mobile App,TP5OFF,5,30896.85
3500,3683,18,,2026-06-29 13:30:02,2026-10-21,2,Confirmed,Website,,0,12424.0
3501,3684,62,,2026-08-31 01:57:35,2027-02-15,2,Confirmed,Website,,0,37374.0
3502,3686,28,,2026-08-06 08:57:54,2027-01-17,4,Confirmed,Website,,0,37420.0
3503,3688,7,5829.0,2026-06-12 14:16:00,2026-07-07,4,Completed,Instagram,,0,52276.0
3504,3688,44,,2025-02-18 12:08:51,2025-03-31,4,Completed,Mobile App,,0,26760.0
3505,3689,82,12144.0,2026-07-15 11:33:33,2026-08-02,3,Completed,Mobile App,,0,29538.0
3506,3691,78,5651.0,2026-07-02 07:34:15,2026-08-02,6,Completed,Instagram,TP15OFF,15,102887.4
3507,3691,3,,2026-07-22 09:09:01,2026-11-29,4,Confirmed,Mobile App,TP5OFF,5,24779.8
3508,3694,63,,2025-10-21 20:54:25,2025-11-04,5,Cancelled,Referral Link,TP5OFF,5,80636.0
3509,3696,4,,2026-07-25 21:10:46,2027-01-20,4,Confirmed,Mobile App,,0,33812.0
3510,3697,20,,2024-11-28 16:06:21,2025-01-03,4,Completed,Website,TP5OFF,5,139099.0
3511,3698,74,,2026-06-23 07:06:46,2026-07-05,2,Completed,Website,TP20OFF,20,17345.6
3512,3700,53,,2024-02-24 20:14:55,2024-03-21,3,Completed,Website,,0,34611.0
3513,3700,71,5430.0,2024-11-17 08:24:03,2024-12-01,5,Completed,Website,,0,30075.0
3514,3700,45,,2026-07-06 15:44:08,2026-10-23,2,Cancelled,Website,TP15OFF,15,57475.3
3515,3701,79,,2026-07-15 08:06:42,2026-12-30,4,Confirmed,Website,,0,38768.0
3516,3702,73,,2024-07-17 13:00:22,2024-08-30,3,Cancelled,Mobile App,,0,77505.0
3517,3704,20,7785.0,2026-07-22 22:46:01,2026-12-24,4,Pending,Referral Link,TP15OFF,15,124457.0
3518,3704,11,,2026-08-15 15:27:07,2026-09-25,2,Confirmed,Referral Link,,0,56668.0
3519,3704,17,,2026-08-12 07:33:48,2026-11-16,2,Confirmed,Mobile App,,0,81124.0
3520,3704,20,,2026-08-19 00:40:05,2026-11-27,3,Cancelled,Mobile App,TP10OFF,10,98833.5
3521,3704,87,13593.0,2025-05-26 01:33:37,2025-06-16,4,Completed,Website,,0,87080.0
3522,3707,14,,2025-09-23 15:03:17,2025-10-14,3,Completed,Mobile App,,0,114609.0
3523,3709,45,,2026-08-31 18:20:15,2026-11-29,2,Pending,Website,TP5OFF,5,64237.1
3524,3709,71,,2026-08-15 18:56:20,2027-01-08,5,Confirmed,Mobile App,,0,30075.0
3525,3710,8,6917.0,2024-09-19 14:59:21,2024-10-14,2,Cancelled,Referral Link,,0,69516.0
3526,3710,23,,2026-07-19 04:02:56,2026-10-10,3,Cancelled,Website,,0,116943.0
3527,3712,7,,2026-08-07 20:39:32,2026-10-09,1,Confirmed,Website,TP10OFF,10,11762.1
3528,3712,22,9376.0,2026-08-24 05:08:30,2027-01-19,2,Confirmed,Referral Link,,0,18126.0
3529,3713,12,1069.0,2024-12-03 10:09:30,2024-12-30,5,Completed,Instagram,TP10OFF,10,46570.5
3530,3713,53,,2026-07-18 00:50:33,2026-12-07,2,Cancelled,Referral Link,,0,23074.0
3531,3714,73,,2025-08-08 00:41:49,2025-08-24,5,Completed,Website,,0,129175.0
3532,3714,73,1335.0,2026-07-07 19:43:00,2026-09-06,3,Completed,Mobile App,,0,77505.0
3533,3715,49,7819.0,2026-06-12 08:13:12,2026-09-01,4,Cancelled,Mobile App,TP5OFF,5,44102.8
3534,3718,62,,2026-07-17 19:27:34,2026-08-17,5,Completed,Website,TP15OFF,15,79419.75
3535,3718,82,,2026-06-29 16:40:41,2026-08-24,5,Completed,Mobile App,,0,49230.0
3536,3719,4,14755.0,2026-08-04 15:24:09,2026-12-13,1,Confirmed,Website,,0,8453.0
3537,3721,11,,2026-07-09 19:13:29,2026-08-14,2,Completed,Mobile App,,0,56668.0
3538,3722,70,,2026-07-27 07:27:10,2026-08-09,3,Completed,Website,TP15OFF,15,36526.2
3539,3724,67,,2026-06-13 12:42:38,2026-09-13,4,Confirmed,Website,,0,66916.0
3540,3724,80,9653.0,2025-03-29 10:01:45,2025-05-21,4,Cancelled,Mobile App,,0,25668.0
3541,3724,83,,2026-07-19 10:07:08,2026-10-25,2,Confirmed,Mobile App,,0,19152.0
3542,3724,16,11836.0,2023-11-27 08:27:15,2023-12-28,2,Completed,Website,,0,21852.0
3543,3724,56,12704.0,2025-11-15 11:04:24,2025-12-18,2,Completed,Mobile App,,0,33648.0
3544,3724,7,14878.0,2024-08-24 10:42:44,2024-09-14,2,Completed,Website,,0,26138.0
3545,3725,38,4207.0,2024-02-01 06:26:12,2024-02-15,4,Completed,Website,,0,32132.0
3546,3725,53,,2025-05-24 15:35:05,2025-06-29,5,Completed,Website,,0,57685.0
3547,3726,80,1027.0,2026-09-01 18:30:38,2027-01-14,2,Confirmed,Instagram,TP20OFF,20,10267.2
3548,3727,64,,2026-07-12 19:58:19,2026-08-26,5,Completed,Website,,0,80965.0
3549,3730,24,,2026-07-26 19:40:32,2027-01-01,3,Confirmed,Website,TP15OFF,15,24451.95
3550,3731,57,8558.0,2026-07-17 13:00:53,2026-09-23,3,Confirmed,Mobile App,TP5OFF,5,66521.85
3551,3731,61,,2026-06-10 23:23:30,2026-07-15,5,Completed,Website,,0,95275.0
3552,3732,77,7312.0,2026-07-04 05:05:10,2026-11-11,5,Confirmed,Website,,0,99705.0
3553,3733,91,,2026-07-26 02:40:29,2026-08-31,2,Completed,Mobile App,TP5OFF,5,24612.6
3554,3735,81,,2026-08-17 16:42:38,2026-10-28,6,Confirmed,Website,,0,151662.0
3555,3736,43,3289.0,2026-08-28 15:21:57,2026-11-07,3,Confirmed,Website,TP5OFF,5,31888.65
3556,3736,2,1378.0,2024-01-09 11:33:56,2024-02-22,3,Completed,Mobile App,,0,99189.0
3557,3736,68,3294.0,2026-08-17 14:43:43,2026-09-25,4,Confirmed,Website,TP5OFF,5,87932.0
3558,3738,85,,2026-06-21 10:38:54,2026-11-06,5,Confirmed,Mobile App,,0,42720.0
3559,3739,85,1059.0,2026-09-04 08:09:40,2027-02-11,5,Confirmed,Instagram,TP15OFF,15,36312.0
3560,3742,8,3932.0,2026-07-27 13:28:28,2026-11-17,3,Confirmed,Instagram,,0,104274.0
3561,3742,98,12710.0,2025-01-13 15:11:13,2025-01-22,5,Cancelled,Mobile App,,0,76790.0
3562,3742,42,5489.0,2024-01-05 20:41:39,2024-02-11,4,Completed,Mobile App,,0,154868.0
3563,3742,58,,2025-10-20 07:56:13,2025-12-18,3,Completed,Website,TP5OFF,5,34658.85
3564,3742,41,,2026-07-10 07:30:40,2026-08-18,2,Completed,Website,,0,97660.0
3565,3742,93,1716.0,2024-10-14 07:36:21,2024-10-23,6,Completed,Referral Link,,0,107880.0
3566,3743,42,,2025-11-12 22:49:54,2026-01-09,3,Completed,Instagram,,0,116151.0
3567,3743,29,,2026-06-26 19:27:54,2026-08-19,3,Completed,Website,,0,90828.0
3568,3744,91,287.0,2026-01-01 13:22:26,2026-01-15,2,Completed,Website,,0,25908.0
3569,3747,64,5023.0,2026-08-08 03:36:12,2026-11-06,5,Confirmed,Referral Link,,0,80965.0
3570,3747,67,,2025-03-05 10:20:55,2025-04-18,2,Completed,Referral Link,,0,33458.0
3571,3749,12,12693.0,2025-05-30 02:54:50,2025-07-13,3,Completed,Mobile App,,0,31047.0
3572,3749,64,4228.0,2026-06-14 21:39:25,2026-07-17,5,Completed,Referral Link,TP15OFF,15,68820.25
3573,3758,35,,2025-09-14 19:41:42,2025-11-07,2,Completed,Website,,0,62006.0
3574,3761,2,12778.0,2026-05-22 18:51:58,2026-07-21,4,Completed,Instagram,TP10OFF,10,119026.8
3575,3762,14,,2026-08-17 16:58:59,2027-01-27,4,Confirmed,Website,TP5OFF,5,145171.4
3576,3763,49,10303.0,2026-06-27 05:12:49,2026-10-01,2,Confirmed,Mobile App,TP15OFF,15,19730.2
3577,3763,39,,2025-09-14 23:38:20,2025-10-12,4,Completed,Mobile App,TP20OFF,20,22969.6
3578,3768,71,,2026-06-20 09:51:09,2026-09-16,3,Confirmed,Mobile App,TP10OFF,10,16240.5
3579,3769,43,3527.0,2025-10-14 08:16:34,2025-12-13,3,Cancelled,Website,TP15OFF,15,28531.95
3580,3770,4,,2026-08-24 00:47:52,2027-01-25,3,Confirmed,Website,,0,25359.0
3581,3771,68,,2025-07-02 17:45:31,2025-07-21,5,Completed,Website,,0,115700.0
3582,3771,68,,2026-08-29 09:28:56,2027-02-02,4,Confirmed,Mobile App,TP10OFF,10,83304.0
3583,3772,83,7286.0,2026-07-08 15:02:21,2026-08-29,2,Completed,Mobile App,TP10OFF,10,17236.8
3584,3774,6,,2026-06-26 15:35:25,2026-08-09,4,Completed,Mobile App,TP5OFF,5,33527.4
3585,3775,37,,2026-07-25 15:28:29,2026-08-22,3,Cancelled,Website,,0,113223.0
3586,3777,84,,2024-02-27 07:40:56,2024-04-19,5,Completed,Website,TP5OFF,5,103369.5
3587,3778,16,,2024-12-16 06:32:36,2025-01-15,2,Completed,Mobile App,,0,21852.0
3588,3780,46,11029.0,2026-07-05 06:33:51,2026-11-07,2,Confirmed,Mobile App,,0,60886.0
3589,3782,7,11397.0,2026-06-12 05:46:03,2026-08-28,2,Completed,Mobile App,,0,26138.0
3590,3784,53,,2023-12-01 20:48:36,2023-12-27,2,Cancelled,Website,TP5OFF,5,21920.3
3591,3785,94,,2026-09-03 09:24:17,2026-12-19,2,Confirmed,Website,,0,24642.0
3592,3787,21,891.0,2024-02-03 11:08:46,2024-03-04,5,Completed,Mobile App,,0,37045.0
3593,3787,63,13918.0,2025-05-24 12:01:20,2025-06-09,2,Completed,Mobile App,,0,33952.0
3594,3788,4,10411.0,2026-07-28 00:26:37,2026-09-13,2,Confirmed,Instagram,,0,16906.0
3595,3788,49,5933.0,2026-09-04 18:31:48,2026-11-26,5,Confirmed,Mobile App,,0,58030.0
3596,3789,28,7143.0,2026-07-18 11:52:04,2026-12-27,1,Confirmed,Website,TP5OFF,5,8887.25
3597,3790,97,,2026-09-01 01:13:44,2027-02-07,2,Confirmed,Website,,0,33918.0
3598,3790,21,,2025-05-02 11:04:59,2025-07-01,5,Cancelled,Mobile App,,0,37045.0
3599,3791,96,1102.0,2026-08-01 14:10:15,2027-01-27,5,Confirmed,Website,,0,109055.0
3600,3791,79,,2026-02-25 06:06:38,2026-03-30,5,Completed,Mobile App,,0,48460.0
3601,3791,13,,2026-08-27 06:30:37,2026-09-14,3,Confirmed,Mobile App,,0,32322.0
3602,3794,86,,2024-10-29 12:47:38,2024-12-26,2,Completed,Website,,0,15312.0
3603,3795,78,,2026-08-27 06:26:53,2026-12-27,3,Confirmed,Mobile App,TP10OFF,10,54469.8
3604,3796,21,,2026-05-31 17:54:32,2026-07-23,5,Completed,Referral Link,,0,37045.0
3605,3796,24,6065.0,2026-06-14 06:39:52,2026-10-10,3,Confirmed,Mobile App,,0,28767.0
3606,3796,73,,2026-07-13 13:09:45,2026-09-04,4,Completed,Mobile App,,0,103340.0
3607,3796,14,,2026-07-20 06:07:43,2026-10-15,2,Pending,Mobile App,TP15OFF,15,64945.1
3608,3796,37,,2026-07-28 01:04:13,2026-08-14,4,Completed,Mobile App,,0,150964.0
3609,3796,57,,2026-07-19 02:24:54,2026-07-31,5,Completed,Mobile App,,0,116705.0
3610,3800,22,,2026-05-12 13:04:24,2026-05-25,3,Cancelled,Mobile App,TP15OFF,15,23110.65
3611,3801,57,6814.0,2025-11-09 16:45:04,2025-11-28,4,Completed,Mobile App,,0,93364.0
3612,3801,59,,2026-06-12 01:10:55,2026-08-29,5,Completed,Referral Link,TP5OFF,5,95408.5
3613,3804,83,13134.0,2023-12-19 10:58:57,2024-02-04,3,Completed,Mobile App,,0,28728.0
3614,3806,77,,2026-06-24 13:26:54,2026-10-17,5,Pending,Mobile App,,0,99705.0
3615,3806,57,,2025-05-16 07:14:09,2025-05-22,4,Completed,Website,,0,93364.0
3616,3810,85,7290.0,2025-02-05 07:17:48,2025-02-22,5,Completed,Mobile App,,0,42720.0
3617,3810,82,10762.0,2025-11-14 14:28:05,2025-12-13,2,Completed,Website,,0,19692.0
3618,3811,58,7556.0,2026-06-09 06:55:07,2026-07-25,3,Completed,Website,TP20OFF,20,29186.4
3619,3811,76,,2026-06-28 19:54:20,2026-11-02,5,Pending,Website,TP10OFF,10,69493.5
3620,3812,71,11164.0,2026-08-26 06:27:27,2026-10-12,3,Confirmed,Mobile App,TP10OFF,10,16240.5
3621,3813,98,,2026-08-11 20:15:54,2026-09-19,3,Confirmed,Instagram,,0,46074.0
3622,3814,95,,2026-06-14 11:54:11,2026-11-23,2,Confirmed,Website,,0,14620.0
3623,3815,73,2613.0,2025-03-01 18:46:45,2025-03-25,4,Completed,Mobile App,,0,103340.0
3624,3816,45,,2026-08-01 08:26:57,2026-10-13,1,Cancelled,Website,,0,33809.0
3625,3817,12,,2025-10-18 02:19:30,2025-12-13,5,Completed,Mobile App,,0,51745.0
3626,3818,4,3680.0,2026-01-18 01:18:28,2026-01-25,3,Completed,Mobile App,TP5OFF,5,24091.05
3627,3819,71,14787.0,2023-10-15 03:07:50,2023-12-02,2,Completed,Referral Link,,0,12030.0
3628,3821,67,7440.0,2026-06-30 21:51:38,2026-10-06,4,Confirmed,Instagram,,0,66916.0
3629,3822,3,,2026-07-25 12:17:16,2026-08-29,4,Cancelled,Website,,0,26084.0
3630,3822,15,,2024-08-09 20:18:54,2024-08-24,3,Completed,Website,TP10OFF,10,28260.9
3631,3824,25,,2026-06-08 18:15:40,2026-10-10,2,Confirmed,Referral Link,,0,23706.0
3632,3824,63,944.0,2026-06-17 19:50:01,2026-06-29,4,Completed,Website,,0,67904.0
3633,3824,19,,2025-07-25 19:49:26,2025-09-16,3,Completed,Mobile App,,0,26511.0
3634,3824,44,7444.0,2026-07-26 01:33:54,2026-10-10,4,Confirmed,Website,,0,26760.0
3635,3824,63,437.0,2025-06-06 07:35:47,2025-07-25,4,Completed,Website,,0,67904.0
3636,3824,94,7378.0,2026-06-22 07:42:40,2026-08-27,5,Completed,Mobile App,TP5OFF,5,58524.75
3637,3825,47,,2025-01-27 19:53:59,2025-02-08,4,Completed,Mobile App,,0,121320.0
3638,3826,28,,2026-07-26 01:43:40,2026-11-20,1,Confirmed,Website,,0,9355.0
3639,3827,95,8855.0,2026-09-05 13:21:34,2026-09-24,3,Confirmed,Website,,0,21930.0
3640,3828,72,1885.0,2024-06-15 15:22:26,2024-08-04,2,Completed,Website,,0,22234.0
3641,3835,54,,2026-07-17 01:38:40,2026-10-30,5,Cancelled,Instagram,,0,58580.0
3642,3838,88,14088.0,2024-02-24 14:28:42,2024-03-31,2,Completed,Mobile App,TP5OFF,5,15410.9
3643,3839,96,,2023-12-22 06:06:05,2024-01-29,3,Cancelled,Website,TP15OFF,15,55618.05
3644,3842,72,,2026-07-29 11:05:38,2027-01-16,4,Pending,Website,,0,44468.0
3645,3842,71,2020.0,2026-07-17 03:05:28,2026-08-31,4,Completed,Mobile App,,0,24060.0
3646,3843,4,,2025-05-04 21:20:14,2025-06-06,3,Completed,Mobile App,,0,25359.0
3647,3843,25,2426.0,2026-09-02 15:40:04,2026-11-19,2,Confirmed,Mobile App,TP5OFF,5,22520.7
3648,3844,78,7141.0,2026-08-07 07:34:22,2026-09-28,5,Cancelled,Website,TP15OFF,15,85739.5
3649,3846,29,,2026-07-31 21:00:56,2027-01-01,4,Cancelled,Website,,0,121104.0
3650,3847,70,4116.0,2026-08-14 19:09:00,2026-10-29,5,Cancelled,Instagram,TP15OFF,15,60877.0
3651,3848,25,,2026-09-01 19:45:18,2027-01-25,4,Confirmed,Referral Link,,0,47412.0
3652,3848,1,,2024-02-27 05:35:15,2024-03-13,4,Completed,Referral Link,,0,43948.0
3653,3848,22,4061.0,2026-06-23 23:20:15,2026-11-04,1,Confirmed,Mobile App,,0,9063.0
3654,3848,49,,2024-02-12 19:41:48,2024-04-12,4,Completed,Mobile App,TP10OFF,10,41781.6
3655,3849,36,10582.0,2023-11-07 13:45:01,2023-11-12,2,Completed,Mobile App,,0,86226.0
3656,3849,41,,2026-06-21 18:15:22,2026-10-08,2,Confirmed,Mobile App,TP5OFF,5,92777.0
3657,3850,16,,2026-08-13 14:55:47,2027-02-05,3,Confirmed,Instagram,TP10OFF,10,29500.2
3658,3851,41,,2026-08-26 20:49:07,2027-02-21,2,Confirmed,Mobile App,,0,97660.0
3659,3852,9,,2026-06-08 19:44:36,2026-08-06,3,Completed,Mobile App,,0,30108.0
3660,3853,23,,2025-10-29 08:19:22,2025-11-25,3,Cancelled,Mobile App,,0,116943.0
3661,3854,75,,2025-04-25 10:25:02,2025-05-10,6,Completed,Referral Link,TP5OFF,5,123701.4
3662,3855,98,9024.0,2026-08-09 06:14:38,2026-11-22,3,Confirmed,Website,TP10OFF,10,41466.6
3663,3856,95,,2026-08-23 22:17:48,2027-01-10,4,Confirmed,Website,TP5OFF,5,27778.0
3664,3857,98,,2026-06-26 13:50:35,2026-07-17,5,Completed,Website,,0,76790.0
3665,3859,53,,2026-07-12 18:48:22,2027-01-05,2,Confirmed,Website,,0,23074.0
3666,3860,49,,2026-05-29 14:47:48,2026-07-14,3,Completed,Mobile App,,0,34818.0
3667,3861,93,,2025-05-27 07:35:55,2025-06-01,6,Completed,Website,,0,107880.0
3668,3862,56,,2026-08-04 11:45:29,2026-11-23,4,Confirmed,Website,,0,67296.0
3669,3862,89,,2023-09-21 14:12:31,2023-11-10,3,Completed,Website,,0,24924.0
3670,3864,81,,2024-10-22 05:00:27,2024-12-05,4,Cancelled,Mobile App,,0,101108.0
3671,3865,16,,2026-06-19 08:59:47,2026-10-08,1,Confirmed,Mobile App,TP15OFF,15,9287.1
3672,3865,39,4261.0,2026-07-04 22:59:30,2026-10-11,4,Pending,Mobile App,,0,28712.0
3673,3866,84,4275.0,2026-07-11 21:35:32,2026-08-31,6,Completed,Website,TP10OFF,10,117514.8
3674,3868,39,10938.0,2024-02-04 12:27:26,2024-02-19,5,Completed,Website,TP10OFF,10,32301.0
3675,3868,19,6747.0,2025-11-29 05:16:06,2026-01-14,2,Completed,Referral Link,,0,17674.0
3676,3868,88,,2026-09-05 01:43:49,2026-10-12,3,Confirmed,Instagram,TP5OFF,5,23116.35
3677,3869,57,,2024-09-12 19:33:35,2024-11-08,6,Cancelled,Website,,0,140046.0
3678,3870,62,,2026-07-11 23:49:01,2026-11-12,5,Pending,Mobile App,TP5OFF,5,88763.25
3679,3872,75,14699.0,2026-07-20 17:12:04,2026-09-08,6,Cancelled,Website,,0,130212.0
3680,3873,32,,2026-07-26 17:33:34,2026-10-25,2,Pending,Website,,0,51926.0
3681,3875,31,,2026-07-30 17:46:22,2026-09-18,2,Confirmed,Referral Link,,0,80496.0
3682,3875,76,,2026-07-07 11:59:06,2026-10-27,4,Pending,Mobile App,,0,61772.0
3683,3876,42,,2025-02-26 20:39:40,2025-03-03,2,Completed,Referral Link,,0,77434.0
3684,3877,72,,2026-07-05 01:33:43,2026-11-28,4,Confirmed,Referral Link,TP5OFF,5,42244.6
3685,3878,82,3110.0,2026-03-19 21:30:31,2026-03-31,4,Cancelled,Instagram,,0,39384.0
3686,3879,78,,2024-09-02 18:52:58,2024-11-01,4,Completed,Website,,0,80696.0
3687,3880,20,369.0,2025-06-15 21:29:52,2025-06-30,4,Completed,Mobile App,,0,146420.0
3688,3880,47,,2026-08-16 19:48:17,2026-09-23,4,Confirmed,Website,,0,121320.0
3689,3882,34,,2024-01-12 22:41:02,2024-02-03,5,Cancelled,Website,,0,49465.0
3690,3882,86,7903.0,2024-12-17 23:37:16,2025-01-28,2,Completed,Website,,0,15312.0
3691,3885,74,9445.0,2025-04-26 04:28:50,2025-06-25,4,Cancelled,Website,,0,43364.0
3692,3886,22,12929.0,2026-07-28 01:45:32,2026-10-22,2,Confirmed,Mobile App,TP15OFF,15,15407.1
3693,3887,19,,2024-07-05 00:06:06,2024-07-15,4,Completed,Mobile App,,0,35348.0
3694,3888,11,7560.0,2026-07-01 14:39:15,2026-07-21,2,Cancelled,Mobile App,,0,56668.0
3695,3889,55,8058.0,2024-08-25 10:57:41,2024-09-21,1,Cancelled,Website,,0,24125.0
3696,3890,85,,2024-02-21 02:24:17,2024-04-02,3,Completed,Mobile App,TP20OFF,20,20505.6
3697,3891,78,1319.0,2025-07-11 16:50:04,2025-07-19,6,Completed,Mobile App,,0,121044.0
3698,3891,93,13069.0,2024-06-25 20:08:54,2024-07-30,5,Completed,Website,,0,89900.0
3699,3892,82,202.0,2026-01-21 09:32:19,2026-02-20,2,Completed,Website,,0,19692.0
3700,3892,4,901.0,2024-12-04 06:06:54,2024-12-27,2,Completed,Mobile App,,0,16906.0
3701,3892,94,,2025-02-25 00:57:57,2025-03-05,3,Completed,Website,,0,36963.0
3702,3893,7,7795.0,2026-08-19 14:06:30,2026-09-28,2,Confirmed,Mobile App,,0,26138.0
3703,3894,22,,2025-08-04 02:41:53,2025-10-03,3,Completed,Mobile App,,0,27189.0
3704,3894,82,12750.0,2024-10-21 03:28:09,2024-11-09,5,Completed,Website,,0,49230.0
3705,3895,14,,2024-11-11 01:41:54,2024-12-31,4,Completed,Mobile App,,0,152812.0
3706,3896,69,6337.0,2026-07-06 16:25:20,2026-08-31,5,Completed,Referral Link,,0,118300.0
3707,3897,23,,2026-08-30 08:37:55,2026-11-23,3,Confirmed,Website,TP20OFF,20,93554.4
3708,3897,69,2108.0,2026-08-29 19:03:17,2026-12-14,3,Confirmed,Website,,0,70980.0
3709,3899,24,,2023-12-17 22:43:19,2024-02-10,3,Cancelled,Website,,0,28767.0
3710,3901,19,,2026-08-29 04:30:57,2027-02-21,1,Confirmed,Mobile App,,0,8837.0
3711,3901,25,,2026-08-14 04:08:43,2027-02-10,1,Confirmed,Mobile App,TP5OFF,5,11260.35
3712,3903,90,,2026-06-10 18:28:44,2026-08-03,6,Completed,Website,,0,124584.0
3713,3904,6,5299.0,2026-07-02 01:25:41,2026-11-17,3,Confirmed,Mobile App,,0,26469.0
3714,3905,34,4356.0,2025-06-23 18:25:52,2025-08-22,2,Completed,Website,,0,19786.0
3715,3905,19,,2026-06-25 12:46:22,2026-08-24,3,Completed,Website,,0,26511.0
3716,3906,82,,2026-07-26 18:23:02,2026-08-08,4,Cancelled,Instagram,,0,39384.0
3717,3906,76,,2026-07-22 09:08:27,2026-11-27,3,Pending,Website,,0,46329.0
3718,3907,57,,2026-09-05 02:38:32,2026-10-15,6,Pending,Website,,0,140046.0
3719,3908,44,,2026-03-01 18:03:52,2026-03-18,3,Completed,Mobile App,,0,20070.0
3720,3908,88,,2026-03-28 03:56:43,2026-05-15,2,Completed,Website,TP5OFF,5,15410.9
3721,3909,64,,2026-08-12 03:16:25,2026-11-24,2,Confirmed,Website,,0,32386.0
3722,3911,62,584.0,2025-02-12 01:21:17,2025-02-24,1,Completed,Mobile App,,0,18687.0
3723,3912,66,14886.0,2026-06-13 01:04:17,2026-08-24,4,Cancelled,Website,,0,124424.0
3724,3912,68,3424.0,2024-06-12 01:39:28,2024-06-26,5,Completed,Mobile App,,0,115700.0
3725,3913,4,6162.0,2026-07-10 16:45:57,2026-10-17,2,Confirmed,Website,TP5OFF,5,16060.7
3726,3914,57,9009.0,2024-04-04 10:59:27,2024-04-09,6,Completed,Instagram,TP10OFF,10,126041.4
3727,3914,84,,2025-03-12 15:33:12,2025-04-04,5,Completed,Mobile App,,0,108810.0
3728,3914,37,,2025-04-17 02:59:00,2025-06-05,3,Cancelled,Website,,0,113223.0
3729,3914,43,,2026-07-10 23:16:55,2026-09-11,4,Confirmed,Instagram,,0,44756.0
3730,3914,6,2773.0,2026-08-04 21:39:02,2026-11-17,2,Confirmed,Mobile App,,0,17646.0
3731,3915,57,,2026-08-29 17:20:37,2026-11-20,5,Confirmed,Mobile App,TP5OFF,5,110869.75
3732,3916,4,5773.0,2024-08-26 23:23:31,2024-10-18,2,Completed,Website,,0,16906.0
3733,3920,71,,2023-09-15 13:42:09,2023-10-22,2,Cancelled,Mobile App,TP15OFF,15,10225.5
3734,3921,7,5862.0,2026-03-16 07:06:44,2026-04-20,4,Completed,Website,TP15OFF,15,44434.6
3735,3921,4,,2026-07-03 12:57:30,2026-12-15,2,Confirmed,Mobile App,,0,16906.0
3736,3921,62,,2026-06-09 00:36:35,2026-07-19,4,Completed,Website,,0,74748.0
3737,3921,25,,2026-06-11 22:26:12,2026-07-11,4,Completed,Referral Link,TP20OFF,20,37929.6
3738,3921,62,8647.0,2026-07-17 13:47:31,2026-10-05,1,Confirmed,Mobile App,,0,18687.0
3739,3922,82,3344.0,2024-11-26 00:35:39,2024-12-13,4,Completed,Referral Link,,0,39384.0
3740,3922,70,,2026-08-16 07:28:47,2026-09-25,3,Pending,Website,,0,42972.0
3741,3924,57,,2024-10-11 12:39:50,2024-11-29,3,Completed,Website,,0,70023.0
3742,3927,32,78.0,2026-06-20 14:57:48,2026-10-28,3,Confirmed,Website,TP20OFF,20,62311.2
3743,3927,23,,2026-06-24 19:30:37,2026-12-15,4,Confirmed,Website,,0,155924.0
3744,3929,87,,2025-09-05 06:14:26,2025-10-19,4,Completed,Referral Link,,0,87080.0
3745,3931,42,,2026-02-26 08:53:42,2026-03-16,3,Completed,Mobile App,,0,116151.0
3746,3932,82,,2025-11-20 05:31:43,2025-12-29,4,Cancelled,Mobile App,TP10OFF,10,35445.6
3747,3932,49,2609.0,2026-06-10 06:56:22,2026-06-23,3,Completed,Mobile App,,0,34818.0
3748,3935,68,,2024-06-11 05:52:17,2024-07-27,6,Completed,Website,TP10OFF,10,124956.0
3749,3936,84,8893.0,2026-07-09 04:27:58,2026-08-16,5,Completed,Instagram,TP5OFF,5,103369.5
3750,3937,29,623.0,2024-05-15 13:42:02,2024-05-21,3,Cancelled,Mobile App,TP5OFF,5,86286.6
3751,3938,61,,2026-08-24 07:50:45,2027-01-08,4,Cancelled,Website,TP5OFF,5,72409.0
3752,3938,68,1600.0,2025-09-25 12:17:39,2025-11-24,5,Completed,Referral Link,TP5OFF,5,109915.0
3753,3938,66,,2025-11-24 12:11:16,2026-01-02,5,Cancelled,Mobile App,,0,155530.0
3754,3942,1,,2026-08-27 07:12:00,2026-11-07,2,Confirmed,Website,,0,21974.0
3755,3943,88,1870.0,2026-07-12 12:45:38,2026-11-22,4,Confirmed,Mobile App,,0,32444.0
3756,3945,84,,2024-07-13 03:50:31,2024-08-10,6,Completed,Instagram,TP5OFF,5,124043.4
3757,3949,59,11672.0,2026-08-02 09:12:10,2026-10-28,5,Confirmed,Website,,0,100430.0
3758,3949,68,,2026-09-06 10:05:37,2027-03-04,4,Confirmed,Website,TP5OFF,5,87932.0
3759,3949,68,2174.0,2026-08-08 18:06:43,2026-08-22,3,Cancelled,Mobile App,TP10OFF,10,62478.0
3760,3949,75,,2026-08-14 09:06:06,2027-01-02,4,Cancelled,Mobile App,,0,86808.0
3761,3949,73,4090.0,2023-09-30 19:54:58,2023-10-14,3,Cancelled,Mobile App,,0,77505.0
3762,3950,1,,2025-07-23 23:28:25,2025-09-18,4,Completed,Website,,0,43948.0
3763,3950,10,6793.0,2026-06-29 09:47:59,2026-11-25,4,Confirmed,Mobile App,TP10OFF,10,34099.2
3764,3953,98,7776.0,2026-03-30 21:12:46,2026-05-01,2,Completed,Website,TP5OFF,5,29180.2
3765,3953,64,,2024-02-08 08:42:08,2024-03-25,3,Completed,Mobile App,,0,48579.0
3766,3956,11,579.0,2026-08-01 10:07:47,2026-10-31,2,Confirmed,Mobile App,,0,56668.0
3767,3957,68,,2026-07-10 04:50:18,2026-12-22,4,Confirmed,Instagram,,0,92560.0
3768,3958,76,,2024-12-11 17:53:57,2024-12-18,1,Completed,Website,TP20OFF,20,12354.4
3769,3958,72,,2026-07-31 11:37:13,2027-01-22,3,Confirmed,Mobile App,,0,33351.0
3770,3959,1,,2024-12-30 17:40:47,2025-02-12,4,Completed,Website,TP5OFF,5,41750.6
3771,3959,10,,2026-05-31 06:52:20,2026-07-12,2,Completed,Website,,0,18944.0
3772,3960,26,13971.0,2025-02-15 19:32:50,2025-03-28,2,Completed,Website,TP5OFF,5,49318.3
3773,3960,81,,2025-06-22 10:30:17,2025-07-03,3,Cancelled,Mobile App,,0,75831.0
3774,3960,76,13144.0,2026-08-03 22:18:03,2026-09-14,3,Cancelled,Mobile App,TP20OFF,20,37063.2
3775,3960,67,,2024-04-29 00:23:18,2024-06-25,2,Completed,Mobile App,,0,33458.0
3776,3960,11,12494.0,2025-03-06 23:04:09,2025-04-02,4,Completed,Referral Link,,0,113336.0
3777,3966,51,5985.0,2026-08-09 20:43:25,2027-01-24,2,Pending,Mobile App,TP5OFF,5,69800.3
3778,3967,74,,2026-09-01 02:54:21,2027-01-17,4,Confirmed,Mobile App,,0,43364.0
3779,3968,21,,2026-06-25 15:20:33,2026-12-08,3,Confirmed,Website,,0,22227.0
3780,3970,7,,2024-05-24 22:40:36,2024-06-16,1,Completed,Mobile App,TP5OFF,5,12415.55
3781,3970,19,,2026-01-22 10:39:42,2026-03-21,4,Cancelled,Website,,0,35348.0
3782,3970,88,9430.0,2026-08-14 08:35:12,2026-10-09,5,Confirmed,Website,,0,40555.0
3783,3971,76,,2026-09-03 03:19:42,2026-12-22,4,Cancelled,Instagram,,0,61772.0
3784,3972,20,9217.0,2025-11-08 08:20:13,2025-11-21,3,Completed,Instagram,,0,109815.0
3785,3972,90,,2025-01-29 17:19:15,2025-03-19,3,Completed,Website,,0,62292.0
3786,3972,37,,2026-08-27 06:01:43,2026-09-13,4,Cancelled,Mobile App,TP10OFF,10,135867.6
3787,3972,51,8379.0,2026-09-03 17:58:06,2026-10-23,2,Pending,Website,TP5OFF,5,69800.3
3788,3974,2,,2026-08-31 23:46:39,2026-10-12,3,Confirmed,Instagram,,0,99189.0
3789,3976,16,9410.0,2026-09-01 12:50:23,2027-01-22,1,Confirmed,Website,TP5OFF,5,10379.7
3790,3977,14,,2026-07-18 05:13:22,2026-11-26,2,Pending,Mobile App,TP10OFF,10,68765.4
3791,3979,90,,2025-10-03 04:45:36,2025-10-10,5,Completed,Website,,0,103820.0
3792,3980,14,10155.0,2025-03-18 08:42:11,2025-04-17,3,Completed,Mobile App,,0,114609.0
3793,3984,15,9261.0,2026-08-16 05:29:05,2026-09-14,2,Pending,Website,TP5OFF,5,19887.3
3794,3984,12,11700.0,2024-10-11 08:57:50,2024-12-08,2,Completed,Mobile App,,0,20698.0
3795,3985,60,5730.0,2026-03-31 03:57:12,2026-04-24,3,Completed,Mobile App,TP5OFF,5,36779.25
3796,3987,20,715.0,2026-07-22 06:33:30,2026-10-02,4,Confirmed,Website,TP10OFF,10,131778.0
3797,3988,95,4017.0,2026-08-25 00:18:15,2027-01-08,5,Confirmed,Mobile App,,0,36550.0
3798,3988,12,10881.0,2024-11-17 00:59:01,2024-12-19,2,Completed,Mobile App,,0,20698.0
3799,3991,48,,2026-07-08 04:38:10,2026-12-03,3,Confirmed,Mobile App,TP15OFF,15,20502.0
3800,3993,42,2892.0,2026-07-27 17:12:35,2026-08-12,2,Completed,Mobile App,,0,77434.0
3801,3994,92,,2026-06-29 11:54:35,2026-11-12,5,Confirmed,Mobile App,TP5OFF,5,35183.25
3802,3996,87,,2026-07-13 17:23:04,2026-11-04,6,Confirmed,Instagram,,0,130620.0
3803,3996,78,894.0,2026-02-12 01:15:27,2026-02-23,3,Completed,Referral Link,TP5OFF,5,57495.9
3804,3997,11,,2026-08-07 23:31:37,2026-09-07,3,Confirmed,Mobile App,TP10OFF,10,76501.8
3805,3998,54,13995.0,2026-02-04 13:49:51,2026-03-13,3,Completed,Mobile App,TP10OFF,10,31633.2
3806,3999,47,,2026-08-06 03:44:35,2026-11-21,3,Confirmed,Website,,0,90990.0
3807,4000,37,1795.0,2026-07-11 21:28:07,2026-09-17,4,Confirmed,Website,TP15OFF,15,128319.4
3808,4001,11,,2024-09-24 23:22:16,2024-10-30,4,Completed,Website,,0,113336.0
3809,4003,57,2416.0,2026-06-30 06:59:40,2026-07-23,5,Completed,Website,TP10OFF,10,105034.5
3810,4007,77,14957.0,2024-07-12 20:54:38,2024-08-25,4,Cancelled,Mobile App,,0,79764.0
3811,4008,64,4868.0,2025-05-16 01:16:46,2025-06-23,4,Completed,Website,,0,64772.0
3812,4009,94,,2026-06-18 13:08:21,2026-10-29,5,Confirmed,Mobile App,TP20OFF,20,49284.0
3813,4009,71,3364.0,2026-07-14 12:12:54,2026-09-27,5,Cancelled,Referral Link,,0,30075.0
3814,4010,95,9715.0,2024-11-08 23:19:58,2024-11-20,4,Completed,Referral Link,,0,29240.0
3815,4014,85,,2026-07-30 20:58:48,2027-01-17,3,Confirmed,Instagram,,0,25632.0
3816,4015,24,4729.0,2024-10-25 05:48:41,2024-12-24,4,Completed,Mobile App,,0,38356.0
3817,4018,51,391.0,2024-07-10 04:16:17,2024-07-21,2,Completed,Referral Link,,0,73474.0
3818,4022,47,12932.0,2024-11-25 00:00:04,2024-11-30,4,Completed,Website,,0,121320.0
3819,4022,5,,2023-11-10 16:27:25,2023-12-01,2,Completed,Website,,0,81310.0
3820,4023,42,,2023-10-08 05:35:19,2023-10-28,2,Completed,Mobile App,TP10OFF,10,69690.6
3821,4025,26,,2026-07-20 20:48:53,2027-01-14,4,Cancelled,Website,TP5OFF,5,98636.6
3822,4025,81,795.0,2026-07-05 14:59:40,2026-10-19,5,Confirmed,Mobile App,,0,126385.0
3823,4025,20,,2026-06-23 17:17:10,2026-10-20,2,Confirmed,Mobile App,,0,73210.0
3824,4025,87,1393.0,2026-06-27 10:21:16,2026-07-12,3,Cancelled,Website,TP15OFF,15,55513.5
3825,4025,78,9308.0,2026-08-09 17:47:56,2026-09-28,5,Confirmed,Referral Link,,0,100870.0
3826,4026,37,,2026-09-03 06:02:58,2026-09-24,3,Cancelled,Mobile App,,0,113223.0
3827,4027,11,,2024-01-01 20:11:05,2024-01-10,3,Completed,Website,,0,85002.0
3828,4028,68,13960.0,2024-07-18 04:03:33,2024-08-15,5,Completed,Mobile App,TP5OFF,5,109915.0
3829,4028,66,,2025-05-14 18:57:29,2025-05-29,3,Completed,Mobile App,,0,93318.0
3830,4030,14,,2026-06-14 02:20:56,2026-11-25,4,Confirmed,Mobile App,,0,152812.0
3831,4035,47,13617.0,2026-06-21 00:38:56,2026-10-29,3,Confirmed,Mobile App,,0,90990.0
3832,4035,21,9509.0,2025-09-18 12:33:58,2025-09-30,2,Cancelled,Mobile App,,0,14818.0
3833,4036,65,4543.0,2023-09-21 14:59:00,2023-10-31,4,Completed,Mobile App,,0,70152.0
3834,4037,55,,2024-09-22 08:45:04,2024-10-02,2,Completed,Referral Link,,0,48250.0
3835,4038,91,4899.0,2025-05-25 04:21:04,2025-07-13,4,Completed,Website,,0,51816.0
3836,4038,88,3003.0,2026-07-27 18:48:40,2026-08-07,3,Cancelled,Mobile App,,0,24333.0
3837,4039,79,,2025-09-20 13:18:40,2025-10-15,5,Cancelled,Mobile App,,0,48460.0
3838,4040,59,,2025-05-28 02:02:19,2025-06-22,6,Completed,Mobile App,,0,120516.0
3839,4041,96,12606.0,2024-10-20 14:45:05,2024-11-25,2,Completed,Mobile App,,0,43622.0
3840,4041,13,,2025-08-30 21:09:01,2025-09-11,3,Cancelled,Instagram,TP5OFF,5,30705.9
3841,4042,48,2223.0,2026-06-12 09:04:13,2026-07-07,3,Completed,Website,TP5OFF,5,22914.0
3842,4044,66,9617.0,2026-07-14 08:14:34,2026-10-10,5,Pending,Instagram,,0,155530.0
3843,4047,61,,2026-07-15 19:30:59,2026-10-11,4,Confirmed,Referral Link,,0,76220.0
3844,4047,21,,2026-08-06 03:26:14,2026-10-04,5,Confirmed,Referral Link,,0,37045.0
3845,4049,33,4033.0,2025-04-20 02:48:12,2025-06-07,4,Completed,Referral Link,,0,44292.0
3846,4049,86,,2026-07-16 12:59:07,2026-08-30,4,Completed,Website,TP15OFF,15,26030.4
3847,4050,91,9367.0,2026-07-07 01:11:10,2026-08-31,5,Completed,Mobile App,TP5OFF,5,61531.5
3848,4050,22,6081.0,2023-12-13 04:29:33,2024-02-09,3,Completed,Referral Link,,0,27189.0
3849,4050,91,,2026-07-30 22:18:46,2026-08-28,2,Completed,Website,,0,25908.0
3850,4050,79,,2026-08-22 15:48:01,2027-01-22,5,Confirmed,Website,,0,48460.0
3851,4051,93,10825.0,2026-08-21 22:14:20,2027-01-16,3,Pending,Referral Link,,0,53940.0
3852,4052,82,10694.0,2026-07-05 10:06:33,2026-11-20,5,Confirmed,Website,,0,49230.0
3853,4052,96,7880.0,2026-07-29 09:06:21,2026-12-01,2,Confirmed,Website,,0,43622.0
3854,4052,88,3764.0,2025-07-08 07:44:26,2025-07-13,2,Completed,Mobile App,,0,16222.0
3855,4052,28,2152.0,2026-06-15 07:52:58,2026-09-04,2,Completed,Mobile App,,0,18710.0
3856,4056,49,11281.0,2026-06-18 05:46:38,2026-09-17,4,Confirmed,Referral Link,,0,46424.0
3857,4057,49,,2026-07-23 07:30:20,2026-10-31,5,Confirmed,Website,,0,58030.0
3858,4058,96,,2026-06-22 17:17:35,2026-12-11,4,Confirmed,Mobile App,TP10OFF,10,78519.6
3859,4058,54,,2024-04-17 12:26:23,2024-05-11,4,Completed,Website,TP5OFF,5,44520.8
3860,4059,30,,2026-06-19 19:52:19,2026-09-09,4,Confirmed,Mobile App,,0,36144.0
3861,4063,34,1262.0,2024-03-22 13:56:11,2024-03-30,3,Cancelled,Mobile App,TP5OFF,5,28195.05
3862,4063,19,2063.0,2026-06-15 16:59:00,2026-08-04,2,Completed,Mobile App,,0,17674.0
3863,4067,96,420.0,2026-07-09 06:54:10,2026-10-31,5,Confirmed,Mobile App,TP5OFF,5,103602.25
3864,4067,22,13976.0,2025-02-14 23:52:18,2025-04-08,4,Completed,Mobile App,TP15OFF,15,30814.2
3865,4068,80,8242.0,2023-10-05 05:55:52,2023-12-03,2,Completed,Website,,0,12834.0
3866,4069,66,11295.0,2024-09-17 22:22:30,2024-10-03,6,Completed,Mobile App,TP5OFF,5,177304.2
3867,4070,88,,2026-07-06 01:32:16,2026-11-24,3,Confirmed,Mobile App,,0,24333.0
3868,4071,57,3574.0,2024-02-09 08:29:49,2024-03-02,5,Completed,Mobile App,,0,116705.0
3869,4072,57,,2026-07-15 00:42:20,2026-08-13,4,Cancelled,Mobile App,TP5OFF,5,88695.8
3870,4075,3,3332.0,2026-09-04 04:57:50,2026-11-21,5,Cancelled,Website,TP5OFF,5,30974.75
3871,4081,46,8443.0,2026-08-05 00:05:00,2026-10-11,2,Confirmed,Instagram,,0,60886.0
3872,4083,7,2582.0,2026-06-17 00:50:42,2026-12-01,3,Confirmed,Website,,0,39207.0
3873,4083,44,6661.0,2026-07-23 05:43:13,2026-11-12,2,Confirmed,Website,,0,13380.0
3874,4084,67,7592.0,2024-06-15 05:54:00,2024-08-08,4,Completed,Mobile App,TP10OFF,10,60224.4
3875,4085,97,,2026-08-10 09:40:58,2026-10-19,4,Confirmed,Mobile App,,0,67836.0
3876,4085,83,5559.0,2024-05-25 23:50:46,2024-06-28,5,Completed,Mobile App,TP10OFF,10,43092.0
3877,4086,27,9447.0,2023-11-04 16:17:50,2023-12-01,4,Completed,Mobile App,,0,26784.0
3878,4088,91,,2026-07-15 11:48:23,2026-11-26,5,Confirmed,Referral Link,,0,64770.0
3879,4089,34,,2026-07-22 22:27:51,2026-09-09,3,Pending,Mobile App,,0,29679.0
3880,4095,54,,2026-06-23 15:44:57,2026-10-14,4,Pending,Mobile App,,0,46864.0
3881,4096,73,10746.0,2026-08-09 17:53:06,2026-12-19,6,Confirmed,Website,TP10OFF,10,139509.0
3882,4097,2,,2026-07-20 12:45:10,2026-08-03,4,Cancelled,Website,,0,132252.0
3883,4099,6,14786.0,2024-04-07 08:05:02,2024-05-07,5,Completed,Website,,0,44115.0
3884,4101,95,,2024-11-07 22:37:51,2024-11-15,3,Completed,Mobile App,,0,21930.0
3885,4102,67,,2025-08-26 03:59:05,2025-09-12,3,Completed,Mobile App,,0,50187.0
3886,4103,95,,2026-07-21 19:58:10,2026-08-05,3,Completed,Referral Link,,0,21930.0
3887,4103,70,,2025-02-24 15:18:06,2025-04-06,4,Completed,Website,,0,57296.0
3888,4105,1,9551.0,2026-06-22 11:33:46,2026-11-05,1,Confirmed,Website,,0,10987.0
3889,4105,65,,2025-02-23 10:31:58,2025-03-21,1,Completed,Mobile App,,0,17538.0
3890,4107,79,10173.0,2024-05-20 15:47:33,2024-07-04,3,Completed,Website,,0,29076.0
3891,4107,1,2580.0,2026-06-12 09:35:30,2026-11-08,4,Confirmed,Website,TP20OFF,20,35158.4
3892,4108,81,13626.0,2026-08-12 23:03:52,2026-11-21,6,Confirmed,Website,,0,151662.0
3893,4109,59,5873.0,2026-08-03 17:59:36,2027-01-17,5,Cancelled,Mobile App,,0,100430.0
3894,4110,1,,2025-10-02 21:12:47,2025-10-15,2,Completed,Instagram,TP5OFF,5,20875.3
3895,4114,54,11738.0,2026-08-16 07:45:39,2026-12-12,4,Confirmed,Mobile App,,0,46864.0
3896,4114,96,,2025-04-25 04:42:19,2025-05-05,3,Completed,Website,TP15OFF,15,55618.05
3897,4115,62,13458.0,2026-04-09 16:39:08,2026-05-27,2,Completed,Mobile App,,0,37374.0
3898,4116,43,9988.0,2026-05-19 16:38:29,2026-06-18,2,Completed,Website,TP15OFF,15,19021.3
3899,4116,18,12298.0,2024-04-01 05:17:24,2024-05-14,2,Completed,Mobile App,,0,12424.0
3900,4119,15,,2025-12-07 07:50:28,2026-02-02,4,Completed,Referral Link,,0,41868.0
3901,4119,63,,2026-08-31 16:06:05,2027-02-05,2,Confirmed,Mobile App,TP10OFF,10,30556.8
3902,4121,18,12858.0,2026-07-21 00:38:53,2026-10-09,2,Confirmed,Website,,0,12424.0
3903,4122,77,,2026-07-14 06:29:41,2026-10-17,3,Pending,Mobile App,,0,59823.0
3904,4122,57,14184.0,2026-09-05 16:56:08,2026-10-03,3,Pending,Website,TP15OFF,15,59519.55
3905,4123,75,,2026-08-11 06:31:14,2026-10-07,3,Confirmed,Website,,0,65106.0
3906,4125,12,11553.0,2026-08-11 17:21:02,2027-01-05,5,Confirmed,Website,,0,51745.0
3907,4126,11,,2026-08-10 05:56:50,2026-11-11,2,Confirmed,Mobile App,,0,56668.0
3908,4126,69,,2025-08-25 22:07:18,2025-10-01,4,Completed,Mobile App,,0,94640.0
3909,4126,38,,2026-06-14 18:42:17,2026-11-29,5,Confirmed,Website,,0,40165.0
3910,4126,2,,2026-09-01 21:06:17,2026-12-01,3,Confirmed,Mobile App,,0,99189.0
3911,4126,43,,2026-07-14 08:34:22,2026-12-26,4,Confirmed,Website,,0,44756.0
3912,4126,32,,2026-07-30 11:39:45,2026-10-07,3,Confirmed,Website,,0,77889.0
3913,4127,77,,2024-08-20 08:12:51,2024-10-03,3,Completed,Website,,0,59823.0
3914,4128,39,5445.0,2025-01-23 11:32:46,2025-03-03,2,Completed,Mobile App,,0,14356.0
3915,4129,24,13268.0,2024-11-09 11:12:01,2024-11-26,4,Completed,Website,,0,38356.0
3916,4129,77,,2025-07-23 01:46:32,2025-08-31,6,Completed,Mobile App,TP15OFF,15,101699.1
3917,4129,14,,2023-11-07 14:54:20,2023-12-31,4,Completed,Instagram,TP15OFF,15,129890.2
3918,4129,42,10779.0,2025-01-24 14:35:38,2025-03-25,2,Cancelled,Website,,0,77434.0
3919,4129,52,,2026-08-01 23:27:59,2026-08-23,2,Completed,Website,,0,61398.0
3920,4129,14,,2026-06-09 11:44:26,2026-11-23,2,Pending,Referral Link,,0,76406.0
3921,4135,94,,2026-05-21 09:46:22,2026-07-17,2,Completed,Website,,0,24642.0
3922,4136,49,,2026-07-20 00:24:44,2026-12-03,4,Confirmed,Website,,0,46424.0
3923,4136,91,,2025-08-08 00:57:06,2025-09-28,3,Completed,Website,,0,38862.0
3924,4138,41,14004.0,2024-06-05 20:55:35,2024-07-11,2,Completed,Website,TP15OFF,15,83011.0
3925,4143,7,,2026-03-05 11:43:04,2026-04-22,3,Completed,Website,,0,39207.0
3926,4143,89,,2026-08-09 09:39:14,2026-08-22,2,Completed,Mobile App,TP15OFF,15,14123.6
3927,4146,58,,2025-03-19 14:04:17,2025-05-04,4,Completed,Website,,0,48644.0
3928,4147,44,7743.0,2025-12-27 09:39:58,2026-01-28,3,Completed,Website,,0,20070.0
3929,4148,16,9314.0,2026-07-11 02:30:27,2026-11-13,2,Confirmed,Website,,0,21852.0
3930,4148,70,,2025-11-10 03:25:48,2025-11-26,5,Completed,Website,,0,71620.0
3931,4148,49,,2025-01-28 11:48:08,2025-03-17,2,Completed,Referral Link,TP5OFF,5,22051.4
3932,4148,72,8302.0,2025-03-30 21:23:33,2025-05-03,5,Completed,Mobile App,,0,55585.0
3933,4148,19,5914.0,2024-11-23 23:39:18,2025-01-05,2,Completed,Instagram,TP15OFF,15,15022.9
3934,4150,70,,2026-08-12 18:17:58,2027-01-17,4,Pending,Website,TP10OFF,10,51566.4
3935,4154,67,,2024-03-05 20:02:52,2024-04-14,5,Completed,Mobile App,,0,83645.0
3936,4154,32,11280.0,2025-09-05 05:28:16,2025-10-12,4,Completed,Website,TP5OFF,5,98659.4
3937,4155,29,,2026-08-29 03:40:21,2027-01-04,2,Cancelled,Website,,0,60552.0
3938,4156,91,,2026-06-22 20:42:19,2026-07-25,4,Completed,Website,,0,51816.0
3939,4156,44,13740.0,2024-06-13 15:08:31,2024-07-14,2,Completed,Instagram,,0,13380.0
3940,4156,19,11240.0,2024-12-10 00:32:13,2025-01-02,1,Completed,Instagram,,0,8837.0
3941,4156,13,12530.0,2026-08-06 14:32:47,2026-10-08,2,Confirmed,Mobile App,,0,21548.0
3942,4160,74,12442.0,2026-08-01 12:48:28,2026-12-13,2,Cancelled,Mobile App,TP10OFF,10,19513.8
3943,4161,68,1084.0,2023-12-30 20:39:11,2024-01-18,3,Completed,Website,TP5OFF,5,65949.0
3944,4161,59,2040.0,2026-01-07 20:26:26,2026-03-08,5,Completed,Referral Link,,0,100430.0
3945,4162,2,,2023-09-13 04:19:17,2023-10-20,3,Completed,Website,TP5OFF,5,94229.55
3946,4162,31,,2026-07-28 10:27:45,2026-09-07,2,Pending,Mobile App,TP5OFF,5,76471.2
3947,4163,54,,2026-06-15 02:56:03,2026-07-28,5,Completed,Website,,0,58580.0
3948,4164,24,,2024-10-01 06:42:15,2024-11-27,2,Completed,Mobile App,,0,19178.0
3949,4165,40,,2026-08-06 02:04:33,2027-01-03,1,Pending,Referral Link,TP10OFF,10,29834.1
3950,4167,5,,2025-07-18 06:40:57,2025-08-18,3,Completed,Website,TP5OFF,5,115866.75
3951,4168,23,,2026-06-12 11:54:58,2026-09-19,4,Confirmed,Mobile App,,0,155924.0
3952,4169,61,,2026-09-02 03:28:19,2026-09-29,4,Confirmed,Mobile App,TP15OFF,15,64787.0
3953,4169,73,,2026-07-12 19:35:23,2026-12-20,3,Confirmed,Website,,0,77505.0
3954,4169,73,14540.0,2025-05-02 09:14:46,2025-06-06,5,Completed,Website,TP15OFF,15,109798.75
3955,4169,61,10945.0,2026-06-14 22:44:30,2026-12-01,3,Confirmed,Mobile App,,0,57165.0
3956,4170,7,,2024-03-11 05:06:07,2024-03-30,3,Completed,Website,,0,39207.0
3957,4171,80,12486.0,2026-08-21 18:22:56,2026-09-02,4,Completed,Mobile App,TP10OFF,10,23101.2
3958,4173,28,,2023-11-13 00:05:50,2023-11-23,4,Completed,Mobile App,TP5OFF,5,35549.0
3959,4173,25,,2026-07-24 13:07:59,2026-10-20,3,Confirmed,Website,TP15OFF,15,30225.15
3960,4176,39,1878.0,2023-10-08 18:04:17,2023-11-25,2,Completed,Website,,0,14356.0
3961,4176,22,13781.0,2026-07-10 01:01:50,2026-10-01,4,Confirmed,Mobile App,,0,36252.0
3962,4177,73,,2026-06-25 08:19:44,2026-10-19,6,Confirmed,Instagram,,0,155010.0
3963,4178,26,,2024-06-01 03:29:43,2024-07-15,4,Completed,Referral Link,,0,103828.0
3964,4179,7,9758.0,2024-10-19 04:26:39,2024-12-01,3,Completed,Mobile App,TP15OFF,15,33325.95
3965,4179,79,7106.0,2023-10-06 09:22:34,2023-10-15,2,Completed,Website,,0,19384.0
3966,4179,16,,2026-06-25 18:38:03,2026-10-28,1,Confirmed,Referral Link,TP5OFF,5,10379.7
3967,4179,16,,2025-05-19 16:33:56,2025-05-30,2,Completed,Website,TP15OFF,15,18574.2
3968,4179,22,1160.0,2026-06-25 16:20:43,2026-09-08,3,Confirmed,Mobile App,TP10OFF,10,24470.1
3969,4179,70,1800.0,2023-12-09 19:51:20,2024-01-25,5,Completed,Website,TP5OFF,5,68039.0
3970,4180,59,10441.0,2026-02-03 18:32:15,2026-04-02,6,Completed,Website,TP20OFF,20,96412.8
3971,4181,18,,2026-08-06 11:59:51,2026-09-04,5,Completed,Website,,0,31060.0
3972,4182,88,,2026-08-15 17:38:19,2026-12-03,3,Confirmed,Mobile App,,0,24333.0
3973,4182,39,3950.0,2026-08-21 02:39:54,2026-10-04,5,Confirmed,Referral Link,,0,35890.0
3974,4185,4,4394.0,2025-11-08 14:18:02,2025-12-09,2,Completed,Website,,0,16906.0
3975,4187,77,3836.0,2025-08-19 11:56:45,2025-08-24,6,Completed,Website,,0,119646.0
3976,4187,57,,2026-08-03 00:37:11,2026-10-13,6,Confirmed,Website,,0,140046.0
3977,4188,81,,2026-08-26 11:41:38,2026-10-14,5,Confirmed,Mobile App,TP10OFF,10,113746.5
3978,4190,33,6658.0,2026-06-13 04:58:39,2026-10-22,4,Confirmed,Instagram,TP10OFF,10,39862.8
3979,4190,92,12441.0,2026-07-24 06:58:01,2026-11-03,4,Pending,Instagram,TP15OFF,15,25183.8
3980,4191,1,3877.0,2026-07-04 21:57:32,2026-11-02,1,Confirmed,Website,,0,10987.0
3981,4192,12,7831.0,2026-08-13 05:20:49,2026-11-21,4,Confirmed,Mobile App,,0,41396.0
3982,4193,67,,2026-08-08 20:55:16,2026-08-24,5,Completed,Mobile App,TP5OFF,5,79462.75
3983,4194,81,,2023-10-01 00:00:53,2023-11-16,3,Completed,Instagram,TP5OFF,5,72039.45
3984,4195,61,,2026-06-21 03:59:19,2026-10-10,6,Confirmed,Mobile App,TP5OFF,5,108613.5
3985,4197,47,6524.0,2026-07-19 01:40:44,2026-09-20,2,Confirmed,Website,,0,60660.0
3986,4197,84,8150.0,2026-07-27 09:16:03,2026-12-14,6,Confirmed,Website,,0,130572.0
3987,4201,37,,2026-06-08 21:19:59,2026-11-14,4,Pending,Instagram,TP5OFF,5,143415.8
3988,4203,29,14335.0,2026-09-02 22:49:21,2026-12-11,2,Confirmed,Instagram,TP15OFF,15,51469.2
3989,4203,81,8455.0,2026-08-18 15:49:59,2027-01-19,5,Pending,Website,,0,126385.0
3990,4204,85,,2026-06-11 19:27:50,2026-11-25,2,Confirmed,Referral Link,,0,17088.0
3991,4205,13,7371.0,2025-10-25 15:05:09,2025-12-18,2,Completed,Mobile App,,0,21548.0
3992,4205,91,,2026-06-25 04:55:33,2026-11-05,4,Cancelled,Mobile App,,0,51816.0
3993,4206,16,,2026-07-08 14:36:15,2026-11-21,4,Pending,Referral Link,,0,43704.0
3994,4206,28,5996.0,2026-09-05 08:17:38,2026-10-12,3,Confirmed,Website,,0,28065.0
3995,4207,37,1032.0,2026-08-10 12:34:56,2026-12-09,2,Confirmed,Website,,0,75482.0
3996,4209,13,,2026-09-02 22:51:24,2027-01-03,1,Confirmed,Website,,0,10774.0
3997,4209,70,,2026-09-01 12:00:33,2026-10-06,4,Confirmed,Mobile App,,0,57296.0
3998,4210,1,10566.0,2024-10-25 15:34:56,2024-11-23,4,Completed,Instagram,TP5OFF,5,41750.6
3999,4212,72,,2026-08-19 13:19:06,2026-12-21,2,Confirmed,Website,TP15OFF,15,18898.9
4000,4214,64,13895.0,2026-07-12 16:05:21,2026-12-23,4,Confirmed,Mobile App,,0,64772.0
4001,4216,13,,2026-08-09 18:53:50,2026-08-24,4,Completed,Website,,0,43096.0
4002,4220,85,,2026-07-30 12:23:03,2026-11-01,3,Confirmed,Mobile App,TP10OFF,10,23068.8
4003,4222,5,14905.0,2026-07-29 04:28:50,2026-08-24,2,Completed,Website,,0,81310.0
4004,4222,31,,2026-07-23 18:45:13,2026-09-04,2,Completed,Website,,0,80496.0
4005,4224,38,14753.0,2026-07-17 10:46:26,2026-11-23,2,Cancelled,Mobile App,,0,16066.0
4006,4225,84,12911.0,2026-08-07 02:37:12,2026-12-15,4,Confirmed,Instagram,TP10OFF,10,78343.2
4007,4227,95,,2023-10-18 10:17:20,2023-10-24,4,Completed,Referral Link,,0,29240.0
4008,4228,2,2018.0,2024-10-28 08:23:47,2024-12-08,4,Completed,Website,,0,132252.0
4009,4228,18,,2023-10-03 16:29:22,2023-11-04,4,Completed,Website,,0,24848.0
4010,4228,8,14264.0,2026-08-04 22:59:46,2027-01-21,4,Confirmed,Referral Link,TP10OFF,10,125128.8
4011,4228,57,,2024-07-22 07:06:57,2024-08-08,3,Completed,Mobile App,TP15OFF,15,59519.55
4012,4228,9,,2025-05-24 18:01:00,2025-06-19,3,Completed,Mobile App,,0,30108.0
4013,4228,61,13753.0,2025-02-24 10:02:10,2025-04-08,6,Completed,Referral Link,,0,114330.0
4014,4230,82,6733.0,2025-04-24 11:23:10,2025-06-22,2,Completed,Website,,0,19692.0
4015,4230,85,10206.0,2026-08-29 08:42:38,2026-09-21,2,Confirmed,Mobile App,TP10OFF,10,15379.2
4016,4231,96,9068.0,2026-06-23 04:04:23,2026-08-18,2,Cancelled,Website,TP15OFF,15,37078.7
4017,4234,26,,2024-05-01 14:49:05,2024-06-22,4,Completed,Website,TP5OFF,5,98636.6
4018,4234,23,2766.0,2026-07-03 17:27:41,2026-08-20,3,Completed,Mobile App,,0,116943.0
4019,4234,32,13154.0,2025-07-27 19:53:55,2025-09-08,2,Cancelled,Website,,0,51926.0
4020,4234,6,1582.0,2024-11-29 05:54:47,2025-01-26,5,Completed,Mobile App,TP10OFF,10,39703.5
4021,4234,78,11631.0,2026-08-27 19:44:31,2026-11-24,5,Confirmed,Website,,0,100870.0
4022,4234,48,11545.0,2026-08-09 14:11:34,2026-09-30,3,Confirmed,Mobile App,TP5OFF,5,22914.0
4023,4235,48,2694.0,2026-01-25 21:02:56,2026-03-01,5,Completed,Referral Link,,0,40200.0
4024,4238,7,,2026-09-03 22:59:32,2027-02-09,4,Cancelled,Website,,0,52276.0
4025,4238,4,,2025-07-13 10:48:26,2025-08-25,1,Completed,Referral Link,,0,8453.0
4026,4244,19,,2024-08-19 09:18:24,2024-08-27,4,Completed,Mobile App,,0,35348.0
4027,4244,44,153.0,2026-06-30 12:02:41,2026-08-27,2,Completed,Mobile App,,0,13380.0
4028,4245,32,14380.0,2026-09-05 19:58:37,2026-10-10,4,Confirmed,Mobile App,,0,103852.0
4029,4245,37,3019.0,2026-08-25 21:37:14,2027-01-28,3,Pending,Mobile App,,0,113223.0
4030,4245,84,,2024-04-26 22:42:28,2024-05-28,5,Cancelled,Website,,0,108810.0
4031,4246,38,2753.0,2026-07-05 07:42:29,2026-10-13,2,Confirmed,Mobile App,,0,16066.0
4032,4247,21,,2026-05-03 03:00:31,2026-05-11,5,Completed,Website,,0,37045.0
4033,4247,24,3387.0,2026-08-31 03:19:01,2026-11-22,5,Confirmed,Referral Link,,0,47945.0
4034,4248,14,,2026-07-05 06:25:46,2026-07-15,2,Cancelled,Referral Link,,0,76406.0
4035,4251,87,,2026-07-23 07:34:19,2026-09-26,6,Confirmed,Website,,0,130620.0
4036,4253,66,12414.0,2025-06-19 11:10:46,2025-06-29,3,Completed,Website,,0,93318.0
4037,4255,45,3445.0,2025-10-27 21:31:00,2025-11-06,2,Completed,Website,TP10OFF,10,60856.2
4038,4257,6,12311.0,2024-05-28 14:29:33,2024-06-07,2,Completed,Mobile App,,0,17646.0
4039,4258,65,,2026-08-21 17:52:54,2027-01-13,4,Confirmed,Website,,0,70152.0
4040,4258,86,,2025-01-30 23:46:30,2025-02-08,4,Completed,Website,,0,30624.0
4041,4259,69,2127.0,2024-02-13 15:09:30,2024-04-12,4,Completed,Website,TP5OFF,5,89908.0
4042,4262,24,,2023-10-12 00:52:14,2023-11-17,3,Cancelled,Website,TP5OFF,5,27328.65
4043,4262,86,,2026-08-10 18:09:53,2026-11-03,2,Cancelled,Website,,0,15312.0
4044,4264,41,,2023-09-18 09:20:32,2023-10-17,2,Completed,Website,TP10OFF,10,87894.0
4045,4267,17,,2024-12-24 22:38:11,2025-01-06,2,Completed,Instagram,,0,81124.0
4046,4268,12,,2026-08-03 00:05:10,2026-11-26,5,Confirmed,Website,,0,51745.0
4047,4268,24,,2024-07-09 08:22:55,2024-09-02,4,Cancelled,Mobile App,,0,38356.0
4048,4269,67,,2025-11-30 09:56:37,2026-01-06,1,Completed,Website,,0,16729.0
4049,4272,65,428.0,2026-08-04 18:39:30,2026-11-14,5,Confirmed,Instagram,,0,87690.0
4050,4275,60,,2026-08-09 01:09:18,2026-08-30,2,Cancelled,Referral Link,TP20OFF,20,20648.0
4051,4276,77,9767.0,2024-09-29 23:08:41,2024-11-21,6,Completed,Mobile App,,0,119646.0
4052,4280,68,,2026-08-14 20:16:51,2026-12-20,5,Confirmed,Mobile App,,0,115700.0
4053,4282,89,,2025-07-18 08:35:43,2025-08-09,4,Completed,Website,,0,33232.0
4054,4283,98,,2026-05-23 15:07:49,2026-07-04,4,Cancelled,Mobile App,,0,61432.0
4055,4284,85,,2026-08-02 13:14:49,2026-12-09,3,Confirmed,Instagram,,0,25632.0
4056,4284,25,4373.0,2026-06-22 07:33:16,2026-11-08,1,Confirmed,Website,TP15OFF,15,10075.05
4057,4285,69,13183.0,2026-01-30 07:23:36,2026-02-13,4,Completed,Website,,0,94640.0
4058,4287,66,11615.0,2024-12-13 13:53:51,2024-12-27,5,Completed,Website,,0,155530.0
4059,4287,66,10744.0,2026-08-28 10:54:52,2027-02-24,5,Confirmed,Instagram,,0,155530.0
4060,4287,57,1530.0,2026-06-29 08:20:09,2026-11-05,3,Confirmed,Mobile App,TP10OFF,10,63020.7
4061,4288,60,,2024-04-19 20:41:38,2024-05-09,5,Completed,Website,TP5OFF,5,61298.75
4062,4288,65,,2026-08-26 18:52:17,2026-10-08,1,Confirmed,Website,TP10OFF,10,15784.2
4063,4288,32,136.0,2026-01-18 16:58:04,2026-02-12,4,Cancelled,Mobile App,TP5OFF,5,98659.4
4064,4288,47,,2026-07-21 22:11:49,2026-10-28,2,Confirmed,Website,,0,60660.0
4065,4290,48,14422.0,2026-07-30 08:56:14,2026-10-07,2,Cancelled,Mobile App,,0,16080.0
4066,4291,13,10710.0,2025-12-05 20:23:26,2025-12-24,2,Completed,Mobile App,,0,21548.0
4067,4293,64,,2026-07-05 10:14:35,2026-08-11,4,Completed,Website,,0,64772.0
4068,4293,12,,2026-08-04 22:24:58,2027-01-15,3,Confirmed,Mobile App,,0,31047.0
4069,4294,34,,2026-08-11 16:24:11,2026-08-23,3,Completed,Website,TP20OFF,20,23743.2
4070,4296,64,,2026-06-17 04:35:49,2026-11-12,3,Confirmed,Website,,0,48579.0
4071,4297,53,1586.0,2026-06-23 17:09:11,2026-09-19,2,Confirmed,Mobile App,,0,23074.0
4072,4298,57,,2026-06-28 14:28:54,2026-08-18,4,Completed,Referral Link,,0,93364.0
4073,4298,59,7565.0,2026-08-14 04:21:56,2026-09-09,3,Confirmed,Mobile App,TP5OFF,5,57245.1
4074,4298,59,,2026-07-27 06:16:34,2026-11-20,5,Confirmed,Website,,0,100430.0
4075,4298,68,,2024-06-23 06:53:44,2024-07-02,6,Completed,Instagram,,0,138840.0
4076,4298,61,,2026-07-31 14:35:17,2026-09-12,4,Confirmed,Website,TP10OFF,10,68598.0
4077,4298,66,14399.0,2026-06-13 10:53:13,2026-09-08,5,Confirmed,Instagram,,0,155530.0
4078,4302,43,,2026-06-11 05:53:11,2026-08-13,4,Completed,Instagram,,0,44756.0
4079,4302,45,,2026-08-23 15:12:57,2026-09-13,2,Confirmed,Mobile App,TP5OFF,5,64237.1
4080,4305,77,,2026-04-16 15:00:09,2026-04-23,6,Completed,Website,,0,119646.0
4081,4305,52,5642.0,2026-06-26 11:24:58,2026-12-21,2,Confirmed,Website,,0,61398.0
4082,4306,40,358.0,2026-07-02 21:55:59,2026-08-23,1,Completed,Website,TP5OFF,5,31491.55
4083,4307,59,11080.0,2025-07-15 07:23:00,2025-07-31,6,Completed,Instagram,TP5OFF,5,114490.2
4084,4310,77,,2024-12-20 22:25:14,2025-01-22,6,Completed,Mobile App,,0,119646.0
4085,4311,13,,2026-07-11 00:48:16,2026-10-06,4,Confirmed,Mobile App,,0,43096.0
4086,4312,56,,2026-08-24 23:42:10,2026-12-07,3,Pending,Website,,0,50472.0
4087,4313,47,59.0,2025-07-09 10:32:38,2025-07-22,4,Cancelled,Mobile App,,0,121320.0
4088,4314,6,,2025-08-01 13:55:59,2025-08-15,4,Completed,Website,,0,35292.0
4089,4315,47,11811.0,2025-02-09 16:28:40,2025-03-05,2,Completed,Mobile App,,0,60660.0
4090,4315,59,8651.0,2025-09-17 07:41:00,2025-11-07,5,Completed,Instagram,TP10OFF,10,90387.0
4091,4315,73,,2026-07-30 10:05:12,2026-08-31,3,Cancelled,Website,,0,77505.0
4092,4315,52,9148.0,2024-04-15 21:28:51,2024-06-04,4,Completed,Instagram,,0,122796.0
4093,4315,30,,2025-07-25 00:13:11,2025-08-22,2,Completed,Mobile App,TP5OFF,5,17168.4
4094,4315,11,1216.0,2026-07-11 03:23:12,2026-10-14,3,Confirmed,Website,,0,85002.0
4095,4318,53,,2024-04-15 11:02:33,2024-05-11,2,Completed,Website,,0,23074.0
4096,4320,32,,2026-07-07 17:05:15,2026-08-06,2,Completed,Mobile App,,0,51926.0
4097,4320,32,,2026-06-19 08:09:16,2026-12-01,4,Confirmed,Mobile App,,0,103852.0
4098,4322,19,2046.0,2024-07-11 21:58:50,2024-08-13,4,Completed,Mobile App,TP5OFF,5,33580.6
4099,4322,70,9319.0,2026-07-03 02:30:41,2026-09-04,2,Completed,Mobile App,,0,28648.0
4100,4322,54,,2026-08-22 04:49:03,2026-10-31,5,Pending,Website,TP5OFF,5,55651.0
4101,4322,28,,2026-07-27 19:55:45,2027-01-20,3,Confirmed,Referral Link,,0,28065.0
4102,4324,58,2144.0,2026-08-04 03:16:56,2026-08-24,3,Completed,Website,,0,36483.0
4103,4326,79,,2026-07-16 18:38:24,2026-08-13,5,Completed,Website,,0,48460.0
4104,4327,70,5294.0,2026-07-20 03:06:18,2026-08-18,4,Cancelled,Mobile App,,0,57296.0
4105,4328,90,,2023-12-04 07:11:30,2024-01-26,4,Completed,Website,,0,83056.0
4106,4329,61,,2026-08-05 21:08:01,2027-01-30,3,Confirmed,Mobile App,,0,57165.0
4107,4329,57,,2026-08-04 09:22:54,2026-09-22,3,Confirmed,Instagram,TP15OFF,15,59519.55
4108,4331,44,9334.0,2026-08-19 07:37:31,2026-12-06,2,Confirmed,Website,,0,13380.0
4109,4333,32,,2026-06-22 04:04:39,2026-07-22,4,Completed,Website,,0,103852.0
4110,4333,32,,2026-06-13 21:09:37,2026-07-11,3,Completed,Website,TP10OFF,10,70100.1
4111,4334,85,8389.0,2024-11-04 23:59:34,2024-12-08,2,Completed,Website,,0,17088.0
4112,4335,49,14279.0,2026-08-25 02:14:42,2026-10-04,5,Pending,Mobile App,,0,58030.0
4113,4336,23,5619.0,2024-11-26 00:49:16,2024-12-26,2,Completed,Referral Link,TP10OFF,10,70165.8
4114,4338,3,,2026-08-18 17:16:00,2026-12-11,3,Confirmed,Website,,0,19563.0
4115,4338,15,,2026-06-20 21:21:54,2026-08-19,3,Completed,Website,TP5OFF,5,29830.95
4116,4340,73,,2024-01-15 23:19:39,2024-02-18,5,Completed,Website,,0,129175.0
4117,4342,39,2959.0,2026-08-09 13:32:22,2026-10-14,5,Cancelled,Mobile App,TP15OFF,15,30506.5
4118,4346,4,,2026-07-17 05:16:12,2026-12-11,4,Confirmed,Website,,0,33812.0
4119,4347,36,11286.0,2026-09-05 15:47:01,2027-02-08,2,Confirmed,Instagram,,0,86226.0
4120,4347,65,,2024-04-04 12:04:24,2024-05-03,1,Completed,Website,,0,17538.0
4121,4350,60,,2026-07-30 18:46:07,2026-11-01,4,Cancelled,Mobile App,,0,51620.0
4122,4351,66,8401.0,2025-03-13 20:17:16,2025-04-17,6,Cancelled,Mobile App,,0,186636.0
4123,4352,12,5702.0,2023-10-03 05:19:32,2023-11-24,3,Completed,Website,,0,31047.0
4124,4353,32,8463.0,2026-07-02 02:48:39,2026-10-02,4,Confirmed,Website,,0,103852.0
4125,4356,52,7516.0,2023-10-14 12:45:29,2023-11-04,3,Completed,Website,,0,92097.0
4126,4356,47,,2026-06-26 13:31:32,2026-09-17,4,Cancelled,Website,TP15OFF,15,103122.0
4127,4356,29,,2026-08-14 17:42:41,2026-10-14,4,Confirmed,Mobile App,TP10OFF,10,108993.6
4128,4356,56,,2026-07-04 20:27:19,2026-09-19,2,Confirmed,Referral Link,,0,33648.0
4129,4356,93,848.0,2026-08-07 13:38:05,2027-01-22,4,Confirmed,Website,,0,71920.0
4130,4358,22,71.0,2025-04-04 04:22:34,2025-05-26,1,Completed,Website,,0,9063.0
4131,4358,85,1089.0,2026-06-19 14:46:50,2026-11-25,2,Confirmed,Referral Link,,0,17088.0
4132,4359,73,,2023-11-06 18:58:29,2023-12-21,6,Completed,Mobile App,,0,155010.0
4133,4359,3,,2026-08-20 01:44:02,2026-11-08,5,Confirmed,Website,,0,32605.0
4134,4360,1,2623.0,2024-10-22 00:55:07,2024-11-08,3,Completed,Mobile App,,0,32961.0
4135,4360,7,2118.0,2026-06-26 16:23:19,2026-08-02,1,Cancelled,Website,,0,13069.0
4136,4362,72,5956.0,2026-07-02 22:23:30,2026-12-02,2,Pending,Mobile App,,0,22234.0
4137,4363,7,,2025-10-10 03:56:42,2025-12-09,2,Completed,Mobile App,,0,26138.0
4138,4364,42,,2025-05-30 14:34:28,2025-07-07,3,Cancelled,Referral Link,TP5OFF,5,110343.45
4139,4365,82,2898.0,2026-06-19 07:37:09,2026-08-29,4,Completed,Mobile App,,0,39384.0
4140,4367,36,1946.0,2024-05-25 23:17:11,2024-06-12,2,Completed,Referral Link,,0,86226.0
4141,4369,79,,2026-08-07 00:17:09,2027-01-31,4,Confirmed,Website,,0,38768.0
4142,4371,30,5197.0,2026-08-10 19:04:24,2026-09-18,5,Confirmed,Website,,0,45180.0
4143,4371,2,827.0,2026-06-13 17:45:27,2026-07-06,4,Completed,Mobile App,TP20OFF,20,105801.6
4144,4374,18,7721.0,2026-06-22 01:53:59,2026-08-30,3,Cancelled,Mobile App,,0,18636.0
4145,4375,90,4288.0,2026-07-05 05:52:22,2026-07-28,5,Completed,Referral Link,,0,103820.0
4146,4377,86,,2026-07-08 21:13:40,2026-12-04,3,Confirmed,Website,,0,22968.0
4147,4379,79,,2026-07-18 03:44:51,2026-10-17,5,Cancelled,Instagram,,0,48460.0
4148,4380,72,9952.0,2025-03-10 02:14:56,2025-04-03,3,Completed,Mobile App,,0,33351.0
4149,4381,89,176.0,2025-08-05 19:00:14,2025-08-16,2,Completed,Website,,0,16616.0
4150,4385,25,,2026-04-12 03:04:42,2026-04-17,2,Completed,Website,TP20OFF,20,18964.8
4151,4385,54,5908.0,2026-06-19 20:43:14,2026-08-14,2,Completed,Website,TP5OFF,5,22260.4
4152,4390,34,,2024-11-24 07:31:08,2024-12-31,5,Completed,Mobile App,,0,49465.0
4153,4392,77,,2026-08-09 20:03:02,2026-12-12,5,Confirmed,Website,,0,99705.0
4154,4394,32,,2024-04-22 16:21:08,2024-06-19,3,Completed,Website,TP10OFF,10,70100.1
4155,4394,58,,2026-01-26 07:41:23,2026-03-08,5,Completed,Website,TP5OFF,5,57764.75
4156,4397,36,,2026-06-21 00:27:28,2026-12-07,2,Confirmed,Website,,0,86226.0
4157,4397,64,,2026-08-20 23:44:06,2026-11-18,4,Pending,Website,TP10OFF,10,58294.8
4158,4400,72,6641.0,2026-08-14 04:45:33,2027-02-10,2,Confirmed,Instagram,,0,22234.0
4159,4400,94,12935.0,2025-06-08 10:33:16,2025-08-02,3,Completed,Mobile App,TP5OFF,5,35114.85
4160,4400,70,,2025-10-02 14:47:39,2025-11-29,5,Completed,Website,TP10OFF,10,64458.0
4161,4400,58,,2024-06-09 08:14:31,2024-07-09,2,Completed,Instagram,,0,24322.0
4162,4400,1,13847.0,2026-08-31 18:19:06,2026-11-04,1,Cancelled,Referral Link,TP5OFF,5,10437.65
4163,4400,54,,2025-07-31 22:55:15,2025-08-15,4,Completed,Mobile App,,0,46864.0
4164,4401,34,,2024-07-28 06:57:59,2024-08-24,5,Completed,Website,TP5OFF,5,46991.75
4165,4404,62,,2026-04-13 03:21:04,2026-05-17,1,Completed,Website,TP5OFF,5,17752.65
4166,4404,79,3394.0,2026-07-11 00:45:31,2027-01-07,3,Confirmed,Mobile App,TP5OFF,5,27622.2
4167,4404,13,,2026-08-14 09:33:08,2027-02-01,2,Confirmed,Website,TP15OFF,15,18315.8
4168,4404,44,7109.0,2026-07-26 08:47:01,2026-12-08,3,Cancelled,Website,TP5OFF,5,19066.5
4169,4406,1,2558.0,2026-07-15 15:17:25,2026-12-02,3,Confirmed,Website,,0,32961.0
4170,4409,49,,2025-08-24 06:32:00,2025-09-23,4,Completed,Website,,0,46424.0
4171,4413,64,,2026-07-22 23:59:02,2026-10-20,3,Confirmed,Website,,0,48579.0
4172,4416,29,,2024-09-15 12:28:42,2024-11-10,4,Completed,Website,TP5OFF,5,115048.8
4173,4417,74,3470.0,2026-07-08 22:57:31,2026-09-17,2,Confirmed,Website,,0,21682.0
4174,4418,68,13619.0,2025-01-18 20:21:24,2025-02-01,4,Completed,Website,,0,92560.0
4175,4419,31,,2024-10-11 22:01:36,2024-11-21,2,Completed,Mobile App,,0,80496.0
4176,4419,74,,2025-05-31 13:43:19,2025-06-06,1,Completed,Website,,0,10841.0
4177,4419,84,,2026-07-20 09:19:19,2026-08-28,4,Completed,Instagram,,0,87048.0
4178,4419,42,14573.0,2024-10-03 16:41:59,2024-11-28,2,Completed,Mobile App,,0,77434.0
4179,4419,5,2743.0,2024-07-13 17:33:45,2024-08-08,3,Completed,Website,,0,121965.0
4180,4422,5,,2026-06-13 07:06:52,2026-10-09,3,Confirmed,Mobile App,,0,121965.0
4181,4422,37,7695.0,2026-07-12 20:59:21,2026-08-24,3,Completed,Referral Link,,0,113223.0
4182,4422,87,,2026-07-24 11:41:40,2026-12-10,4,Confirmed,Website,TP5OFF,5,82726.0
4183,4422,56,1137.0,2026-06-21 23:29:17,2026-10-05,4,Confirmed,Website,,0,67296.0
4184,4422,46,10895.0,2026-06-26 22:50:27,2026-09-13,2,Confirmed,Mobile App,,0,60886.0
4185,4422,58,8360.0,2025-05-08 11:44:03,2025-07-05,5,Completed,Instagram,,0,60805.0
4186,4423,10,10311.0,2025-07-09 00:24:01,2025-07-22,2,Completed,Mobile App,,0,18944.0
4187,4425,44,,2024-12-17 12:02:06,2025-01-05,5,Completed,Referral Link,TP10OFF,10,30105.0
4188,4425,72,,2025-01-05 15:00:12,2025-01-19,2,Completed,Instagram,,0,22234.0
4189,4427,54,4127.0,2026-06-15 22:43:24,2026-07-07,3,Completed,Website,,0,35148.0
4190,4427,19,,2026-07-03 08:59:29,2026-11-26,2,Pending,Referral Link,,0,17674.0
4191,4429,79,,2026-06-13 10:59:18,2026-10-27,5,Confirmed,Mobile App,,0,48460.0
4192,4430,17,,2024-01-01 00:49:04,2024-02-15,3,Completed,Instagram,,0,121686.0
4193,4430,68,6523.0,2024-01-27 12:33:01,2024-02-08,3,Completed,Website,,0,69420.0
4194,4431,39,,2025-04-29 14:09:00,2025-06-26,3,Completed,Instagram,,0,21534.0
4195,4432,94,,2026-06-16 16:08:28,2026-07-06,3,Completed,Website,,0,36963.0
4196,4434,70,4008.0,2026-05-27 00:13:15,2026-07-21,4,Completed,Referral Link,,0,57296.0
4197,4434,10,,2025-08-10 03:17:13,2025-09-30,3,Completed,Mobile App,,0,28416.0
4198,4437,92,4238.0,2024-08-08 13:19:16,2024-08-17,2,Cancelled,Referral Link,,0,14814.0
4199,4439,66,,2025-12-18 23:09:55,2026-01-05,3,Completed,Mobile App,TP10OFF,10,83986.2
4200,4442,12,3521.0,2026-06-26 15:37:48,2026-09-20,5,Confirmed,Website,,0,51745.0
4201,4444,1,,2024-06-04 15:10:10,2024-07-06,1,Completed,Website,TP20OFF,20,8789.6
4202,4445,82,3438.0,2023-12-23 17:55:58,2024-01-16,5,Completed,Mobile App,,0,49230.0
4203,4446,25,,2026-06-15 14:57:39,2026-10-27,2,Confirmed,Website,,0,23706.0
4204,4446,19,6678.0,2025-10-02 07:53:43,2025-11-28,3,Completed,Mobile App,TP20OFF,20,21208.8
4205,4448,29,12117.0,2026-06-01 22:23:26,2026-07-09,4,Completed,Website,,0,121104.0
4206,4449,91,6944.0,2026-06-07 16:57:36,2026-07-06,5,Completed,Website,TP15OFF,15,55054.5
4207,4452,13,,2026-06-25 02:41:46,2026-10-20,4,Cancelled,Mobile App,TP20OFF,20,34476.8
4208,4453,29,9776.0,2025-08-01 04:20:29,2025-08-29,4,Cancelled,Instagram,TP5OFF,5,115048.8
4209,4455,84,,2025-08-05 19:26:23,2025-09-08,4,Completed,Mobile App,TP15OFF,15,73990.8
4210,4457,68,,2024-02-11 07:51:49,2024-04-09,6,Completed,Website,,0,138840.0
4211,4459,53,,2026-07-08 00:05:13,2026-10-22,4,Confirmed,Website,TP10OFF,10,41533.2
4212,4461,68,,2026-07-31 19:05:14,2026-12-26,4,Confirmed,Mobile App,,0,92560.0
4213,4462,31,14090.0,2026-06-19 23:40:02,2026-10-03,2,Confirmed,Mobile App,,0,80496.0
4214,4467,34,7947.0,2025-06-16 04:04:24,2025-07-19,5,Completed,Website,,0,49465.0
4215,4468,62,31.0,2026-07-02 09:55:31,2026-09-18,3,Confirmed,Website,,0,56061.0
4216,4470,65,10180.0,2025-09-06 07:23:46,2025-10-16,5,Completed,Website,,0,87690.0
4217,4473,48,7232.0,2024-09-03 08:13:14,2024-10-20,3,Completed,Mobile App,,0,24120.0
4218,4474,39,1636.0,2026-06-24 10:28:00,2026-07-20,2,Completed,Referral Link,TP10OFF,10,12920.4
4219,4474,96,8924.0,2024-10-04 21:24:08,2024-11-16,2,Completed,Instagram,,0,43622.0
4220,4476,84,8940.0,2024-06-22 22:41:44,2024-07-23,5,Completed,Mobile App,,0,108810.0
4221,4477,10,,2026-08-24 22:20:32,2026-12-09,2,Confirmed,Website,,0,18944.0
4222,4479,61,,2026-06-21 12:20:32,2026-11-08,5,Confirmed,Website,,0,95275.0
4223,4479,87,11130.0,2025-05-28 03:26:47,2025-06-21,5,Completed,Referral Link,TP20OFF,20,87080.0
4224,4480,79,,2026-07-21 04:45:02,2026-10-23,2,Confirmed,Website,TP15OFF,15,16476.4
4225,4480,49,3614.0,2025-11-26 00:01:09,2025-12-01,4,Cancelled,Mobile App,,0,46424.0
4226,4481,1,,2026-07-12 11:21:44,2026-11-26,3,Confirmed,Website,TP5OFF,5,31312.95
4227,4481,13,10621.0,2024-04-29 13:38:21,2024-06-27,4,Completed,Instagram,,0,43096.0
4228,4482,16,,2026-06-28 20:53:04,2026-11-27,2,Pending,Website,,0,21852.0
4229,4483,61,8627.0,2023-12-28 15:27:52,2024-02-01,6,Completed,Mobile App,,0,114330.0
4230,4483,61,,2023-11-23 19:27:54,2023-12-23,3,Cancelled,Referral Link,,0,57165.0
4231,4485,85,9417.0,2026-07-04 12:31:51,2026-11-14,5,Cancelled,Mobile App,TP20OFF,20,34176.0
4232,4485,89,12711.0,2026-07-08 13:11:30,2026-10-26,4,Confirmed,Website,,0,33232.0
4233,4486,67,,2026-08-28 08:39:29,2026-09-08,1,Confirmed,Website,TP5OFF,5,15892.55
4234,4487,88,,2025-02-05 07:52:22,2025-02-27,2,Cancelled,Mobile App,TP20OFF,20,12977.6
4235,4488,25,,2026-06-16 14:13:26,2026-07-19,2,Completed,Referral Link,TP15OFF,15,20150.1
4236,4488,94,,2026-07-26 13:52:46,2026-09-13,4,Pending,Instagram,,0,49284.0
4237,4488,54,10672.0,2026-08-20 16:18:06,2026-09-25,3,Confirmed,Instagram,,0,35148.0
4238,4488,85,,2026-08-05 23:28:35,2026-08-30,2,Completed,Website,,0,17088.0
4239,4488,85,,2026-07-04 20:57:17,2026-12-29,4,Confirmed,Mobile App,,0,34176.0
4240,4489,78,13359.0,2026-09-04 01:58:03,2026-11-26,3,Cancelled,Mobile App,TP20OFF,20,48417.6
4241,4491,29,,2026-01-22 16:41:32,2026-02-19,4,Completed,Website,,0,121104.0
4242,4492,85,652.0,2025-09-18 22:29:57,2025-10-27,2,Cancelled,Website,TP5OFF,5,16233.6
4243,4492,62,,2023-11-28 10:22:22,2024-01-15,1,Completed,Website,,0,18687.0
4244,4492,34,,2023-12-08 15:40:48,2023-12-29,3,Completed,Instagram,,0,29679.0
4245,4493,72,9593.0,2024-05-09 10:52:06,2024-06-13,5,Cancelled,Mobile App,TP10OFF,10,50026.5
4246,4493,8,10738.0,2026-03-20 19:42:42,2026-05-02,3,Completed,Mobile App,,0,104274.0
4247,4493,74,4068.0,2026-06-12 07:39:30,2026-11-13,5,Confirmed,Instagram,TP15OFF,15,46074.25
4248,4495,90,8119.0,2025-08-16 16:48:04,2025-09-20,4,Completed,Website,TP10OFF,10,74750.4
4249,4497,83,,2026-07-27 00:29:28,2026-12-24,3,Confirmed,Website,TP10OFF,10,25855.2
4250,4498,76,9026.0,2023-10-03 23:23:01,2023-11-10,2,Completed,Referral Link,,0,30886.0
4251,4498,31,1390.0,2025-11-12 16:53:58,2025-11-22,2,Completed,Instagram,,0,80496.0
4252,4499,61,,2026-01-01 20:27:06,2026-02-16,6,Completed,Mobile App,,0,114330.0
4253,4499,75,,2026-06-30 17:19:05,2026-11-10,4,Confirmed,Mobile App,,0,86808.0
4254,4500,88,,2024-03-11 14:08:56,2024-04-12,4,Cancelled,Mobile App,,0,32444.0
4255,4501,81,,2026-08-22 22:09:04,2026-12-11,3,Confirmed,Website,,0,75831.0
4256,4503,15,9890.0,2026-03-12 06:38:50,2026-03-27,5,Completed,Website,,0,52335.0
4257,4504,68,,2026-06-25 05:20:14,2026-07-10,3,Completed,Website,,0,69420.0
4258,4507,7,14615.0,2026-08-29 17:37:00,2026-10-26,1,Confirmed,Mobile App,,0,13069.0
4259,4508,37,48.0,2026-06-24 02:14:46,2026-11-11,2,Confirmed,Mobile App,,0,75482.0
4260,4509,60,13271.0,2026-08-03 09:25:36,2026-11-04,1,Pending,Referral Link,,0,12905.0
4261,4510,13,,2026-08-23 17:16:47,2026-11-07,1,Pending,Website,TP5OFF,5,10235.3
4262,4511,73,4342.0,2026-08-25 17:17:49,2027-02-11,6,Confirmed,Website,TP15OFF,15,131758.5
4263,4512,5,12505.0,2024-12-03 10:04:09,2024-12-11,3,Completed,Website,,0,121965.0
4264,4513,64,14246.0,2025-03-31 19:14:49,2025-04-17,2,Completed,Referral Link,,0,32386.0
4265,4513,66,11243.0,2026-09-01 16:15:56,2026-10-08,3,Confirmed,Referral Link,,0,93318.0
4266,4514,91,1719.0,2026-08-26 15:47:07,2026-10-11,3,Confirmed,Mobile App,TP5OFF,5,36918.9
4267,4514,34,,2026-09-06 03:35:15,2027-01-06,3,Confirmed,Website,,0,29679.0
4268,4514,44,4490.0,2024-11-04 14:55:26,2024-11-18,3,Completed,Instagram,,0,20070.0
4269,4514,7,,2025-01-15 15:08:29,2025-02-15,3,Completed,Instagram,,0,39207.0
4270,4515,88,,2026-09-06 11:17:37,2027-02-11,4,Confirmed,Mobile App,TP15OFF,15,27577.4
4271,4516,66,12008.0,2025-06-21 19:29:29,2025-08-09,3,Completed,Website,,0,93318.0
4272,4518,93,,2026-08-09 16:56:26,2027-01-27,3,Confirmed,Mobile App,TP15OFF,15,45849.0
4273,4518,53,,2023-10-24 16:19:13,2023-12-02,5,Completed,Mobile App,TP10OFF,10,51916.5
4274,4519,81,11400.0,2025-04-16 16:52:03,2025-06-10,3,Completed,Website,,0,75831.0
4275,4520,42,10320.0,2026-07-14 22:12:45,2026-09-18,2,Confirmed,Website,,0,77434.0
4276,4520,84,,2026-06-09 20:17:18,2026-08-31,4,Completed,Website,,0,87048.0
4277,4522,88,,2026-08-16 02:38:15,2026-11-25,3,Confirmed,Website,,0,24333.0
4278,4524,46,,2023-11-11 09:46:58,2023-12-15,2,Cancelled,Website,,0,60886.0
4279,4526,42,,2026-07-19 23:29:39,2026-08-30,2,Completed,Website,,0,77434.0
4280,4528,79,,2026-07-30 11:48:03,2026-11-10,2,Confirmed,Instagram,TP10OFF,10,17445.6
4281,4529,66,6910.0,2026-08-09 04:30:31,2027-01-11,4,Pending,Website,TP5OFF,5,118202.8
4282,4530,62,3377.0,2024-02-04 06:39:39,2024-03-11,1,Completed,Website,,0,18687.0
4283,4531,39,10467.0,2026-06-18 20:59:40,2026-07-16,4,Completed,Website,TP5OFF,5,27276.4
4284,4532,34,,2026-08-12 17:40:45,2026-10-26,4,Confirmed,Mobile App,,0,39572.0
4285,4534,37,14334.0,2026-07-16 17:25:26,2027-01-01,3,Confirmed,Website,,0,113223.0
4286,4535,10,3625.0,2026-06-23 03:02:28,2026-12-08,4,Pending,Mobile App,,0,37888.0
4287,4537,10,,2026-07-31 02:56:54,2027-01-26,1,Confirmed,Mobile App,,0,9472.0
4288,4538,76,,2023-10-06 14:38:46,2023-10-16,5,Completed,Mobile App,,0,77215.0
4289,4538,74,,2026-07-06 05:53:34,2026-12-03,5,Cancelled,Website,TP5OFF,5,51494.75
4290,4542,4,,2024-02-12 04:31:08,2024-03-24,4,Completed,Website,,0,33812.0
4291,4542,1,2918.0,2024-07-07 04:16:26,2024-07-12,2,Completed,Instagram,,0,21974.0
4292,4544,23,,2025-12-24 13:32:59,2026-02-16,2,Cancelled,Mobile App,,0,77962.0
4293,4546,13,,2026-07-22 12:58:17,2026-08-06,3,Completed,Instagram,,0,32322.0
4294,4547,32,,2026-08-31 14:32:27,2026-12-28,4,Cancelled,Referral Link,,0,103852.0
4295,4548,34,,2026-06-20 20:50:46,2026-07-19,3,Completed,Referral Link,TP20OFF,20,23743.2
4296,4548,1,,2024-02-22 01:00:39,2024-02-27,2,Completed,Mobile App,,0,21974.0
4297,4549,47,,2026-08-29 04:10:02,2026-09-13,3,Confirmed,Mobile App,,0,90990.0
4298,4549,11,427.0,2025-03-14 13:09:19,2025-05-11,3,Completed,Mobile App,,0,85002.0
4299,4550,37,,2026-06-16 14:40:44,2026-11-14,3,Confirmed,Website,,0,113223.0
4300,4551,33,3244.0,2025-11-12 10:59:18,2025-12-03,2,Completed,Mobile App,TP10OFF,10,19931.4
4301,4551,29,14799.0,2026-06-15 11:39:29,2026-09-02,2,Cancelled,Mobile App,,0,60552.0
4302,4553,66,,2025-09-28 23:00:40,2025-10-08,3,Completed,Mobile App,,0,93318.0
4303,4554,69,88.0,2026-08-16 02:23:35,2027-01-08,4,Confirmed,Website,TP5OFF,5,89908.0
4304,4554,67,,2026-03-24 05:50:56,2026-04-23,1,Completed,Mobile App,,0,16729.0
4305,4554,74,,2025-12-28 08:43:38,2026-01-09,4,Completed,Website,TP20OFF,20,34691.2
4306,4554,52,1828.0,2024-08-18 19:19:27,2024-09-18,3,Completed,Website,,0,92097.0
4307,4554,76,,2026-04-19 06:05:00,2026-05-04,1,Completed,Referral Link,,0,15443.0
4308,4556,94,10949.0,2023-09-25 17:06:31,2023-11-05,2,Completed,Website,TP20OFF,20,19713.6
4309,4556,25,,2023-11-19 20:46:53,2023-12-20,1,Completed,Website,,0,11853.0
4310,4557,39,,2026-08-06 13:17:23,2026-09-13,4,Confirmed,Mobile App,,0,28712.0
4311,4561,18,,2026-08-20 21:08:16,2027-01-09,4,Confirmed,Website,,0,24848.0
4312,4561,81,,2025-03-06 07:42:28,2025-04-18,4,Completed,Website,,0,101108.0
4313,4561,48,14764.0,2026-08-08 22:08:24,2026-11-15,4,Confirmed,Mobile App,TP10OFF,10,28944.0
4314,4561,27,,2026-06-30 13:35:58,2026-10-31,4,Confirmed,Website,,0,26784.0
4315,4561,81,,2026-07-28 14:03:27,2026-11-21,6,Pending,Referral Link,,0,151662.0
4316,4562,43,,2026-07-06 16:26:24,2026-10-15,5,Confirmed,Instagram,,0,55945.0
4317,4563,94,5184.0,2026-06-12 09:52:22,2026-10-20,3,Confirmed,Website,TP5OFF,5,35114.85
4318,4563,54,,2026-07-07 21:54:33,2026-11-10,4,Confirmed,Website,,0,46864.0
4319,4564,83,8134.0,2026-06-28 06:29:45,2026-07-10,4,Completed,Mobile App,,0,38304.0
4320,4565,27,,2026-08-30 13:51:39,2026-10-23,2,Confirmed,Website,,0,13392.0
4321,4570,13,,2026-06-30 13:31:23,2026-12-27,3,Confirmed,Website,,0,32322.0
4322,4570,92,,2024-04-25 17:23:39,2024-06-11,4,Completed,Referral Link,,0,29628.0
4323,4571,68,,2024-02-05 04:26:26,2024-02-23,6,Completed,Referral Link,,0,138840.0
4324,4571,66,10043.0,2023-09-20 06:27:57,2023-10-06,5,Completed,Website,,0,155530.0
4325,4572,59,6018.0,2026-07-04 20:51:02,2026-12-25,5,Confirmed,Mobile App,,0,100430.0
4326,4575,49,7956.0,2026-07-09 20:08:28,2026-11-16,5,Confirmed,Mobile App,,0,58030.0
4327,4576,38,12579.0,2023-10-23 10:17:51,2023-12-21,2,Completed,Website,,0,16066.0
4328,4576,18,3150.0,2026-07-12 19:55:02,2026-12-16,3,Confirmed,Website,,0,18636.0
4329,4577,92,1806.0,2026-08-24 22:36:40,2026-09-19,4,Confirmed,Mobile App,,0,29628.0
4330,4578,79,13550.0,2024-12-12 00:03:35,2025-01-14,5,Completed,Instagram,TP10OFF,10,43614.0
4331,4580,94,,2026-07-24 17:31:12,2026-10-04,5,Confirmed,Website,TP5OFF,5,58524.75
4332,4580,86,268.0,2026-06-30 12:40:26,2026-12-03,3,Confirmed,Mobile App,,0,22968.0
4333,4582,82,,2026-07-14 06:28:07,2026-11-29,4,Confirmed,Instagram,TP15OFF,15,33476.4
4334,4584,73,,2026-09-02 23:06:34,2026-10-05,6,Pending,Mobile App,,0,155010.0
4335,4585,33,,2026-08-09 02:33:22,2026-10-12,5,Confirmed,Mobile App,,0,55365.0
4336,4586,93,,2026-09-01 15:23:49,2027-02-25,4,Confirmed,Website,TP10OFF,10,64728.0
4337,4586,69,6476.0,2026-07-28 22:48:11,2026-10-12,3,Confirmed,Website,TP10OFF,10,63882.0
4338,4586,57,,2026-06-23 08:23:27,2026-11-08,4,Confirmed,Mobile App,,0,93364.0
4339,4586,48,,2026-06-13 19:54:14,2026-11-18,2,Confirmed,Mobile App,TP20OFF,20,12864.0
4340,4586,57,,2026-06-22 15:05:25,2026-09-25,3,Pending,Referral Link,TP5OFF,5,66521.85
4341,4589,49,4719.0,2026-06-28 06:31:12,2026-10-01,2,Confirmed,Mobile App,,0,23212.0
4342,4589,82,8840.0,2026-08-30 07:10:23,2026-11-21,3,Confirmed,Mobile App,TP10OFF,10,26584.2
4343,4590,59,1328.0,2026-08-21 12:56:53,2026-09-17,5,Confirmed,Instagram,,0,100430.0
4344,4591,27,11974.0,2026-08-02 01:07:06,2026-10-30,5,Confirmed,Referral Link,,0,33480.0
4345,4591,98,7892.0,2026-09-03 19:04:27,2026-12-17,3,Pending,Instagram,,0,46074.0
4346,4592,39,11263.0,2023-12-06 05:23:45,2023-12-30,2,Cancelled,Mobile App,TP10OFF,10,12920.4
4347,4593,52,,2026-06-16 14:46:56,2026-08-03,3,Completed,Instagram,,0,92097.0
4348,4593,32,11628.0,2026-08-23 14:49:27,2026-11-01,3,Cancelled,Mobile App,,0,77889.0
4349,4593,66,10975.0,2026-06-22 19:47:02,2026-08-05,6,Completed,Referral Link,,0,186636.0
4350,4594,19,,2026-08-03 12:15:05,2026-10-31,3,Confirmed,Website,,0,26511.0
4351,4595,11,,2026-01-02 19:03:43,2026-02-15,2,Completed,Website,,0,56668.0
4352,4595,93,9541.0,2026-06-28 13:25:13,2026-10-07,6,Confirmed,Website,TP10OFF,10,97092.0
4353,4596,60,9581.0,2025-10-03 09:15:03,2025-12-02,1,Completed,Mobile App,,0,12905.0
4354,4597,37,13822.0,2024-04-19 15:44:45,2024-05-26,3,Completed,Website,,0,113223.0
4355,4598,95,,2025-08-28 00:59:32,2025-09-22,4,Completed,Website,TP10OFF,10,26316.0
4356,4598,18,,2026-06-28 17:16:51,2026-10-16,2,Confirmed,Website,TP15OFF,15,10560.4
4357,4599,48,,2026-06-26 17:44:51,2026-11-15,3,Confirmed,Website,TP10OFF,10,21708.0
4358,4601,11,684.0,2026-06-18 19:00:08,2026-11-27,2,Pending,Referral Link,,0,56668.0
4359,4602,26,,2023-12-18 06:18:04,2023-12-26,2,Completed,Website,,0,51914.0
4360,4602,90,,2026-07-08 14:41:47,2026-08-06,5,Cancelled,Website,,0,103820.0
4361,4603,34,,2024-05-02 20:39:35,2024-06-07,2,Completed,Website,,0,19786.0
4362,4603,13,8461.0,2026-08-19 03:20:04,2026-09-15,1,Confirmed,Website,,0,10774.0
4363,4604,56,,2026-06-18 09:22:29,2026-09-15,5,Confirmed,Website,,0,84120.0
4364,4604,46,8446.0,2026-07-04 05:22:50,2026-07-22,2,Completed,Mobile App,,0,60886.0
4365,4605,1,,2026-08-08 14:07:10,2026-09-30,3,Confirmed,Mobile App,,0,32961.0
4366,4605,10,,2026-06-21 17:57:05,2026-09-22,4,Confirmed,Website,,0,37888.0
4367,4606,77,600.0,2024-11-02 16:29:03,2024-11-19,3,Completed,Referral Link,,0,59823.0
4368,4606,61,,2025-03-08 20:48:55,2025-03-23,5,Completed,Website,TP5OFF,5,90511.25
4369,4607,86,,2026-08-13 18:31:20,2026-12-19,5,Confirmed,Instagram,TP10OFF,10,34452.0
4370,4608,17,,2026-06-26 16:24:24,2026-10-24,4,Confirmed,Mobile App,,0,162248.0
4371,4609,68,,2026-08-02 03:23:51,2026-09-23,4,Confirmed,Mobile App,TP15OFF,15,78676.0
4372,4609,61,,2025-08-22 14:07:53,2025-09-21,6,Completed,Mobile App,,0,114330.0
4373,4610,22,,2024-12-06 04:13:05,2024-12-19,3,Completed,Mobile App,,0,27189.0
4374,4612,77,,2026-06-25 05:19:22,2026-09-27,3,Pending,Website,,0,59823.0
4375,4612,61,11413.0,2024-11-10 07:19:27,2025-01-02,4,Completed,Website,TP5OFF,5,72409.0
4376,4614,64,128.0,2025-09-19 08:13:57,2025-10-15,3,Cancelled,Instagram,,0,48579.0
4377,4614,37,4852.0,2026-06-10 10:02:52,2026-08-29,4,Completed,Website,TP10OFF,10,135867.6
4378,4616,4,,2024-10-04 06:01:46,2024-12-03,3,Completed,Instagram,,0,25359.0
4379,4618,72,,2026-06-17 08:45:09,2026-11-19,3,Cancelled,Website,TP10OFF,10,30015.9
4380,4619,67,,2026-07-04 02:59:34,2026-11-01,3,Confirmed,Website,,0,50187.0
4381,4619,49,3290.0,2026-08-04 03:15:10,2026-09-30,3,Confirmed,Website,TP10OFF,10,31336.2
4382,4621,85,,2026-07-19 01:52:29,2026-08-01,4,Completed,Mobile App,,0,34176.0
4383,4622,92,,2025-03-24 16:01:06,2025-04-27,3,Completed,Mobile App,,0,22221.0
4384,4623,10,,2025-06-24 01:49:02,2025-07-10,2,Completed,Mobile App,,0,18944.0
4385,4624,87,7160.0,2024-10-13 06:12:43,2024-11-25,5,Completed,Website,TP10OFF,10,97965.0
4386,4624,41,2026.0,2026-08-05 07:51:38,2026-11-08,2,Pending,Website,,0,97660.0
4387,4625,16,,2025-11-16 10:56:14,2025-12-02,2,Completed,Website,TP5OFF,5,20759.4
4388,4627,49,2510.0,2026-02-28 21:36:39,2026-03-05,3,Completed,Referral Link,,0,34818.0
4389,4628,71,,2026-07-30 15:23:44,2026-11-15,5,Confirmed,Website,,0,30075.0
4390,4629,3,3359.0,2024-11-01 13:34:06,2024-12-20,5,Completed,Website,,0,32605.0
4391,4630,72,,2026-06-28 23:03:07,2026-08-28,5,Completed,Mobile App,,0,55585.0
4392,4632,95,,2024-05-22 15:22:28,2024-07-21,2,Completed,Referral Link,TP5OFF,5,13889.0
4393,4632,19,,2026-08-26 08:16:23,2027-01-20,1,Pending,Website,TP15OFF,15,7511.45
4394,4633,4,,2026-08-23 22:13:33,2026-09-12,1,Confirmed,Website,TP5OFF,5,8030.35
4395,4633,74,2470.0,2026-06-20 18:32:43,2026-12-01,2,Confirmed,Website,,0,21682.0
4396,4638,29,5783.0,2026-07-15 15:14:59,2026-12-12,3,Confirmed,Website,TP15OFF,15,77203.8
4397,4638,20,,2024-02-01 14:45:26,2024-03-27,3,Completed,Website,TP5OFF,5,104324.25
4398,4638,33,,2026-07-28 13:52:33,2026-08-13,2,Completed,Website,TP5OFF,5,21038.7
4399,4639,48,,2025-02-27 23:32:07,2025-03-10,3,Completed,Website,,0,24120.0
4400,4639,15,,2024-03-10 09:04:12,2024-04-01,3,Cancelled,Mobile App,,0,31401.0
4401,4640,91,,2024-03-22 00:41:59,2024-04-05,4,Completed,Mobile App,TP20OFF,20,41452.8
4402,4640,85,,2026-08-12 09:58:01,2026-12-01,3,Confirmed,Instagram,,0,25632.0
4403,4640,62,2388.0,2026-08-21 06:07:53,2026-11-08,3,Cancelled,Mobile App,,0,56061.0
4404,4640,91,7873.0,2026-07-20 14:31:35,2026-11-19,3,Confirmed,Referral Link,,0,38862.0
4405,4640,13,,2026-07-18 13:32:00,2026-09-17,3,Confirmed,Website,TP5OFF,5,30705.9
4406,4641,78,,2026-06-30 17:01:09,2026-07-13,3,Completed,Website,TP15OFF,15,51443.7
4407,4642,83,4315.0,2026-01-24 05:54:39,2026-02-07,5,Cancelled,Mobile App,,0,47880.0
4408,4644,35,,2026-07-27 01:41:32,2026-08-26,2,Cancelled,Website,TP20OFF,20,49604.8
4409,4644,33,14709.0,2026-08-08 21:10:05,2026-12-26,3,Confirmed,Website,,0,33219.0
4410,4645,28,,2026-06-22 15:42:12,2026-07-09,1,Completed,Website,,0,9355.0
4411,4645,91,,2025-09-13 15:27:21,2025-10-09,5,Completed,Referral Link,TP20OFF,20,51816.0
4412,4646,96,4317.0,2026-07-21 12:26:46,2026-09-26,3,Confirmed,Instagram,,0,65433.0
4413,4647,34,,2025-08-12 14:25:44,2025-09-23,2,Cancelled,Referral Link,TP20OFF,20,15828.8
4414,4650,13,,2026-07-14 22:00:52,2026-10-04,3,Pending,Instagram,TP5OFF,5,30705.9
4415,4651,77,,2025-07-18 09:31:33,2025-08-30,6,Completed,Mobile App,,0,119646.0
4416,4654,85,,2026-09-04 11:38:04,2026-11-29,2,Confirmed,Mobile App,,0,17088.0
4417,4656,4,9193.0,2026-08-26 16:38:28,2026-12-24,4,Confirmed,Mobile App,TP10OFF,10,30430.8
4418,4657,29,,2026-08-14 14:06:16,2026-12-31,2,Confirmed,Website,,0,60552.0
4419,4658,59,8015.0,2026-08-09 11:34:02,2026-12-23,3,Confirmed,Mobile App,,0,60258.0
4420,4659,54,12770.0,2023-11-01 22:50:27,2023-12-28,3,Completed,Website,,0,35148.0
4421,4662,60,,2026-07-24 20:24:55,2026-08-15,4,Completed,Referral Link,,0,51620.0
4422,4664,85,4640.0,2026-07-06 16:33:54,2026-12-19,4,Confirmed,Website,,0,34176.0
4423,4666,37,6415.0,2024-12-28 03:49:50,2025-01-24,2,Completed,Website,TP5OFF,5,71707.9
4424,4668,90,691.0,2026-02-27 04:52:44,2026-04-08,3,Completed,Referral Link,,0,62292.0
4425,4669,77,,2026-08-23 09:17:45,2026-09-02,6,Completed,Mobile App,,0,119646.0
4426,4674,87,,2026-06-17 07:27:22,2026-07-19,6,Completed,Mobile App,,0,130620.0
4427,4674,47,,2025-03-18 21:39:37,2025-04-13,4,Completed,Mobile App,TP10OFF,10,109188.0
4428,4675,97,8303.0,2023-09-07 08:56:22,2023-09-29,2,Completed,Website,TP5OFF,5,32222.1
4429,4675,55,,2025-03-27 22:09:18,2025-04-25,1,Completed,Mobile App,,0,24125.0
4430,4676,20,13240.0,2026-08-01 08:49:26,2027-01-01,4,Confirmed,Referral Link,,0,146420.0
4431,4676,27,,2024-09-22 16:03:00,2024-10-30,4,Cancelled,Website,TP10OFF,10,24105.6
4432,4677,7,3885.0,2026-06-19 13:30:33,2026-10-08,3,Confirmed,Website,,0,39207.0
4433,4677,39,,2024-05-22 19:01:32,2024-07-19,3,Completed,Website,,0,21534.0
4434,4678,51,3480.0,2023-11-11 16:48:29,2023-11-28,2,Completed,Website,TP5OFF,5,69800.3
4435,4678,81,7119.0,2026-06-19 02:24:57,2026-10-12,5,Confirmed,Mobile App,,0,126385.0
4436,4679,85,,2026-06-27 19:01:49,2026-12-15,4,Cancelled,Mobile App,,0,34176.0
4437,4679,91,6965.0,2026-07-16 19:18:32,2026-08-01,2,Completed,Website,TP10OFF,10,23317.2
4438,4680,42,8265.0,2026-01-19 19:23:54,2026-02-08,3,Completed,Website,,0,116151.0
4439,4680,36,,2026-02-01 13:46:55,2026-03-23,2,Completed,Website,TP5OFF,5,81914.7
4440,4681,22,,2024-06-26 01:18:45,2024-07-18,1,Completed,Instagram,,0,9063.0
4441,4681,4,,2026-06-13 13:38:17,2026-11-10,2,Pending,Website,,0,16906.0
4442,4683,98,,2026-07-05 23:30:45,2026-09-23,3,Confirmed,Website,TP5OFF,5,43770.3
4443,4684,21,,2024-12-31 20:44:06,2025-01-30,5,Completed,Website,TP15OFF,15,31488.25
4444,4685,91,,2026-06-16 09:29:20,2026-10-16,3,Confirmed,Instagram,TP5OFF,5,36918.9
4445,4687,73,,2026-06-26 13:10:01,2026-10-06,5,Cancelled,Mobile App,TP5OFF,5,122716.25
4446,4688,49,5347.0,2023-11-10 00:17:10,2023-12-02,4,Completed,Website,,0,46424.0
4447,4689,49,,2026-07-28 03:27:37,2026-10-11,4,Pending,Website,,0,46424.0
4448,4691,93,,2024-11-11 10:31:50,2024-12-14,4,Completed,Website,,0,71920.0
4449,4693,82,,2024-11-03 02:15:00,2024-11-11,2,Cancelled,Website,TP10OFF,10,17722.8
4450,4696,43,,2026-08-17 20:49:57,2026-10-09,4,Confirmed,Website,TP10OFF,10,40280.4
4451,4697,16,,2024-03-06 12:57:26,2024-03-27,2,Completed,Mobile App,,0,21852.0
4452,4697,62,11535.0,2025-03-14 16:16:51,2025-04-22,1,Completed,Mobile App,TP5OFF,5,17752.65
4453,4698,32,6620.0,2026-09-06 12:44:58,2027-02-03,2,Confirmed,Referral Link,TP20OFF,20,41540.8
4454,4703,57,,2023-09-11 16:59:48,2023-10-26,3,Completed,Instagram,,0,70023.0
4455,4703,73,,2025-02-03 17:48:03,2025-03-12,6,Completed,Instagram,,0,155010.0
4456,4704,84,,2024-07-11 14:34:49,2024-08-17,5,Completed,Mobile App,,0,108810.0
4457,4704,33,11427.0,2023-10-03 09:52:07,2023-12-02,5,Cancelled,Website,,0,55365.0
4458,4706,91,,2026-02-04 05:42:36,2026-03-13,4,Completed,Website,TP10OFF,10,46634.4
4459,4707,77,,2026-07-02 09:16:54,2026-09-11,6,Pending,Instagram,,0,119646.0
4460,4711,25,6962.0,2024-10-28 14:44:22,2024-12-26,1,Completed,Mobile App,TP5OFF,5,11260.35
4461,4712,88,,2026-06-22 14:25:39,2026-10-21,2,Confirmed,Instagram,,0,16222.0
4462,4712,58,4237.0,2025-07-16 13:44:06,2025-07-31,2,Completed,Instagram,,0,24322.0
4463,4712,16,,2026-07-12 08:34:01,2026-08-18,2,Cancelled,Referral Link,,0,21852.0
4464,4713,49,5553.0,2026-08-25 14:22:18,2026-10-12,5,Confirmed,Referral Link,TP10OFF,10,52227.0
4465,4717,94,9052.0,2024-10-05 09:39:01,2024-10-15,2,Completed,Mobile App,,0,24642.0
4466,4720,78,5469.0,2026-07-16 06:32:26,2026-08-03,5,Completed,Instagram,TP15OFF,15,85739.5
4467,4721,81,,2024-09-01 01:45:36,2024-09-06,4,Completed,Website,TP5OFF,5,96052.6
4468,4723,5,,2026-06-18 11:08:51,2026-09-18,2,Confirmed,Mobile App,,0,81310.0
4469,4725,56,6214.0,2026-07-06 16:34:38,2026-08-22,5,Completed,Mobile App,,0,84120.0
4470,4726,7,,2026-06-16 21:59:21,2026-10-27,2,Confirmed,Mobile App,TP5OFF,5,24831.1
4471,4727,17,12547.0,2025-11-18 12:52:59,2025-12-07,4,Completed,Website,TP10OFF,10,146023.2
4472,4729,66,,2026-07-11 10:37:43,2026-09-27,5,Confirmed,Instagram,,0,155530.0
4473,4730,58,,2026-07-11 03:57:06,2026-10-08,4,Confirmed,Instagram,TP5OFF,5,46211.8
4474,4730,93,12260.0,2026-08-18 16:58:27,2026-10-30,6,Confirmed,Website,,0,107880.0
4475,4731,77,4624.0,2024-06-13 08:39:13,2024-07-11,4,Completed,Mobile App,TP10OFF,10,71787.6
4476,4732,11,,2026-08-11 21:38:23,2027-01-16,3,Confirmed,Website,,0,85002.0
4477,4732,20,,2026-06-22 20:35:46,2026-07-24,2,Completed,Website,,0,73210.0
4478,4733,73,,2026-08-20 17:34:21,2026-09-25,4,Confirmed,Website,TP5OFF,5,98173.0
4479,4733,57,,2026-06-15 09:04:33,2026-07-02,4,Completed,Mobile App,TP20OFF,20,74691.2
4480,4736,3,11679.0,2024-12-16 02:41:14,2025-01-22,4,Completed,Mobile App,,0,26084.0
4481,4737,35,,2024-10-17 03:21:51,2024-11-01,1,Completed,Website,,0,31003.0
4482,4739,47,,2023-11-23 14:30:24,2024-01-03,4,Completed,Website,,0,121320.0
4483,4739,51,,2026-07-02 15:24:08,2026-11-15,2,Confirmed,Website,,0,73474.0
4484,4739,67,,2025-12-13 10:59:38,2026-01-31,2,Completed,Mobile App,TP20OFF,20,26766.4
4485,4739,29,4322.0,2026-08-16 02:51:29,2027-01-03,2,Confirmed,Website,,0,60552.0
4486,4740,35,342.0,2026-06-19 09:13:44,2026-07-03,1,Completed,Mobile App,TP10OFF,10,27902.7
4487,4741,34,11726.0,2026-07-27 23:00:58,2026-12-07,2,Confirmed,Website,,0,19786.0
4488,4742,82,8685.0,2025-05-18 13:50:44,2025-05-31,4,Cancelled,Website,TP20OFF,20,31507.2
4489,4743,70,,2026-07-21 06:17:30,2027-01-07,5,Confirmed,Mobile App,TP5OFF,5,68039.0
4490,4746,96,2405.0,2026-02-27 09:50:56,2026-04-04,4,Completed,Mobile App,TP15OFF,15,74157.4
4491,4746,96,,2026-06-29 22:09:22,2026-09-04,2,Completed,Mobile App,TP15OFF,15,37078.7
4492,4746,1,,2025-02-01 23:00:47,2025-02-23,1,Completed,Website,,0,10987.0
4493,4746,19,3842.0,2026-08-12 18:50:39,2026-12-27,4,Confirmed,Mobile App,,0,35348.0
4494,4746,1,,2026-08-22 07:03:04,2027-01-02,2,Pending,Website,TP15OFF,15,18677.9
4495,4746,10,4896.0,2026-08-23 16:18:18,2026-11-29,4,Confirmed,Website,,0,37888.0
4496,4747,88,,2026-03-17 22:19:22,2026-04-24,4,Completed,Mobile App,,0,32444.0
4497,4750,79,,2024-05-22 16:30:49,2024-07-12,2,Completed,Mobile App,TP10OFF,10,17445.6
4498,4754,11,5708.0,2026-07-08 09:55:40,2026-08-18,3,Completed,Website,TP10OFF,10,76501.8
4499,4755,40,7626.0,2026-08-24 14:04:37,2026-09-10,2,Confirmed,Website,TP20OFF,20,53038.4
4500,4756,81,13434.0,2026-07-08 18:16:10,2027-01-03,4,Pending,Website,TP10OFF,10,90997.2
4501,4756,69,,2025-06-15 09:04:21,2025-08-12,5,Completed,Website,,0,118300.0
4502,4757,66,3296.0,2026-08-22 19:15:49,2026-09-03,4,Cancelled,Mobile App,,0,124424.0
4503,4758,70,11256.0,2024-10-08 20:10:34,2024-10-18,4,Completed,Referral Link,TP10OFF,10,51566.4
4504,4758,82,,2025-07-19 12:28:53,2025-08-21,5,Completed,Mobile App,TP5OFF,5,46768.5
4505,4758,85,,2026-07-18 09:57:32,2026-08-11,2,Cancelled,Website,TP15OFF,15,14524.8
4506,4759,83,13514.0,2026-08-05 06:07:13,2027-01-22,2,Confirmed,Mobile App,,0,19152.0
4507,4761,29,7546.0,2026-08-15 06:30:35,2026-10-19,2,Confirmed,Website,TP10OFF,10,54496.8
4508,4762,86,13488.0,2026-03-13 18:36:49,2026-03-21,4,Completed,Website,,0,30624.0
4509,4762,19,14866.0,2026-07-03 04:11:32,2026-12-01,2,Pending,Instagram,,0,17674.0
4510,4764,44,8533.0,2026-08-21 19:55:13,2027-01-09,4,Pending,Mobile App,TP10OFF,10,24084.0
4511,4765,22,5096.0,2026-08-06 22:18:37,2026-09-22,1,Confirmed,Mobile App,,0,9063.0
4512,4766,57,7409.0,2026-07-11 02:05:58,2026-10-30,5,Pending,Instagram,,0,116705.0
4513,4766,64,,2026-06-30 05:35:55,2026-08-03,2,Completed,Instagram,,0,32386.0
4514,4766,2,,2026-08-21 10:10:38,2026-09-09,3,Confirmed,Website,TP10OFF,10,89270.1
4515,4766,64,,2026-08-14 10:01:28,2027-01-29,3,Cancelled,Referral Link,TP5OFF,5,46150.05
4516,4766,12,,2026-07-25 20:58:56,2027-01-10,3,Confirmed,Mobile App,TP20OFF,20,24837.6
4517,4767,15,7547.0,2024-02-22 22:53:02,2024-04-17,2,Completed,Website,,0,20934.0
4518,4767,3,2771.0,2026-07-15 23:09:16,2026-11-23,2,Confirmed,Website,,0,13042.0
4519,4768,66,10227.0,2026-07-25 17:12:46,2026-09-02,6,Completed,Website,,0,186636.0
4520,4770,57,8918.0,2026-08-27 05:23:59,2027-02-20,3,Confirmed,Website,TP5OFF,5,66521.85
4521,4771,6,,2025-03-26 08:18:43,2025-03-31,2,Completed,Referral Link,,0,17646.0
4522,4774,32,6579.0,2026-07-13 23:33:34,2026-09-07,3,Cancelled,Mobile App,,0,77889.0
4523,4774,48,,2024-03-10 19:57:50,2024-04-08,3,Completed,Website,,0,24120.0
4524,4774,78,,2026-09-05 22:45:25,2027-02-25,3,Confirmed,Instagram,TP5OFF,5,57495.9
4525,4776,46,,2026-04-16 07:26:42,2026-06-11,2,Completed,Website,TP5OFF,5,57841.7
4526,4777,30,13125.0,2026-07-14 14:41:12,2026-11-06,4,Confirmed,Mobile App,TP5OFF,5,34336.8
4527,4777,45,4043.0,2026-07-04 13:42:46,2026-09-27,2,Confirmed,Website,,0,67618.0
4528,4779,64,,2026-06-20 06:12:43,2026-11-22,3,Confirmed,Website,TP15OFF,15,41292.15
4529,4780,3,,2026-07-15 01:14:51,2026-10-28,5,Pending,Website,,0,32605.0
4530,4782,34,3714.0,2026-06-15 08:26:21,2026-08-25,4,Completed,Mobile App,TP5OFF,5,37593.4
4531,4783,50,,2024-09-20 17:07:30,2024-11-17,1,Completed,Mobile App,,0,19517.0
4532,4783,9,,2026-07-23 18:23:20,2026-10-09,4,Confirmed,Mobile App,TP5OFF,5,38136.8
4533,4784,70,,2024-02-08 16:30:21,2024-03-25,3,Completed,Website,,0,42972.0
4534,4784,13,,2025-10-21 01:10:31,2025-10-30,4,Completed,Mobile App,,0,43096.0
4535,4787,24,,2026-06-25 07:44:48,2026-07-08,3,Completed,Instagram,TP10OFF,10,25890.3
4536,4789,64,,2025-10-15 20:34:07,2025-11-21,5,Completed,Mobile App,TP20OFF,20,64772.0
4537,4790,61,1593.0,2025-06-11 02:42:31,2025-08-05,3,Completed,Mobile App,,0,57165.0
4538,4790,73,2232.0,2026-08-17 08:41:34,2026-11-06,4,Cancelled,Mobile App,TP15OFF,15,87839.0
4539,4791,18,14274.0,2026-07-28 21:31:13,2026-10-13,3,Confirmed,Website,,0,18636.0
4540,4791,27,9583.0,2026-06-17 22:42:29,2026-08-28,3,Completed,Mobile App,TP5OFF,5,19083.6
4541,4792,25,5963.0,2026-07-29 15:36:26,2026-10-08,1,Confirmed,Mobile App,,0,11853.0
4542,4792,88,13681.0,2026-06-24 10:06:56,2026-11-27,4,Confirmed,Mobile App,,0,32444.0
4543,4793,64,6694.0,2026-07-27 12:20:54,2026-10-25,2,Confirmed,Website,,0,32386.0
4544,4793,26,,2026-08-27 12:16:30,2026-12-24,4,Confirmed,Mobile App,,0,103828.0
4545,4794,44,1701.0,2026-07-16 20:22:01,2026-10-02,3,Confirmed,Mobile App,TP20OFF,20,16056.0
4546,4794,16,,2026-07-17 03:03:31,2026-12-31,4,Confirmed,Mobile App,,0,43704.0
4547,4794,22,9060.0,2024-01-13 15:04:36,2024-01-19,3,Completed,Mobile App,,0,27189.0
4548,4794,22,,2025-09-26 13:13:27,2025-10-01,1,Completed,Referral Link,TP15OFF,15,7703.55
4549,4794,70,,2026-08-08 05:34:53,2026-09-14,3,Confirmed,Mobile App,,0,42972.0
4550,4794,10,,2024-06-27 09:25:53,2024-07-08,2,Completed,Referral Link,TP10OFF,10,17049.6
4551,4795,42,,2026-07-07 20:23:44,2026-11-25,4,Confirmed,Referral Link,TP15OFF,15,131637.8
4552,4797,33,3613.0,2026-06-12 10:14:00,2026-10-20,5,Cancelled,Website,TP10OFF,10,49828.5
4553,4797,52,,2026-06-25 20:31:51,2026-09-06,3,Completed,Mobile App,,0,92097.0
4554,4798,67,,2025-12-08 23:42:56,2026-01-04,3,Cancelled,Referral Link,TP15OFF,15,42658.95
4555,4799,82,1710.0,2026-07-15 03:41:00,2027-01-05,4,Confirmed,Instagram,TP15OFF,15,33476.4
4556,4799,54,343.0,2026-08-08 16:44:45,2026-10-07,2,Confirmed,Mobile App,,0,23432.0
4557,4799,44,12497.0,2026-06-26 01:20:32,2026-10-13,2,Confirmed,Instagram,TP20OFF,20,10704.0
4558,4799,91,245.0,2026-07-23 06:48:19,2026-08-23,2,Completed,Mobile App,,0,25908.0
4559,4799,16,,2026-06-18 13:38:01,2026-07-31,1,Completed,Website,TP10OFF,10,9833.4
4560,4799,39,,2024-05-31 09:16:12,2024-06-10,2,Completed,Mobile App,TP10OFF,10,12920.4
4561,4801,76,,2026-06-24 11:01:07,2026-08-19,5,Completed,Referral Link,,0,77215.0
4562,4802,25,5961.0,2026-01-08 00:10:05,2026-02-07,3,Completed,Mobile App,,0,35559.0
4563,4803,19,,2026-08-22 11:18:22,2026-09-19,2,Confirmed,Referral Link,,0,17674.0
4564,4806,9,,2026-07-21 04:12:32,2026-11-09,3,Confirmed,Mobile App,,0,30108.0
4565,4806,93,14302.0,2026-01-27 13:01:44,2026-02-28,3,Completed,Mobile App,TP10OFF,10,48546.0
4566,4806,30,,2025-10-19 07:13:55,2025-10-29,5,Completed,Instagram,,0,45180.0
4567,4806,27,,2026-07-30 07:23:07,2026-09-15,4,Confirmed,Website,,0,26784.0
4568,4807,66,,2026-06-29 08:45:47,2026-10-28,4,Confirmed,Mobile App,TP5OFF,5,118202.8
4569,4808,56,,2026-06-20 12:08:15,2026-07-01,3,Completed,Mobile App,TP5OFF,5,47948.4
4570,4810,61,,2026-08-14 14:04:42,2026-12-02,3,Confirmed,Website,TP10OFF,10,51448.5
4571,4810,73,,2026-08-12 22:57:27,2026-12-27,4,Confirmed,Mobile App,TP5OFF,5,98173.0
4572,4810,66,6502.0,2024-12-06 01:36:55,2025-01-29,5,Completed,Mobile App,TP5OFF,5,147753.5
4573,4810,75,3735.0,2025-06-23 03:48:09,2025-07-08,5,Cancelled,Website,TP15OFF,15,92233.5
4574,4812,64,,2026-06-21 18:42:51,2026-06-29,2,Completed,Website,TP5OFF,5,30766.7
4575,4812,21,,2026-06-27 21:15:10,2026-08-10,2,Cancelled,Instagram,TP15OFF,15,12595.3
4576,4813,57,,2024-07-06 12:42:15,2024-07-19,3,Cancelled,Mobile App,TP10OFF,10,63020.7
4577,4815,50,,2024-02-21 16:32:50,2024-03-19,2,Completed,Mobile App,,0,39034.0
4578,4815,89,11603.0,2026-07-04 15:02:17,2026-12-27,3,Confirmed,Mobile App,TP15OFF,15,21185.4
4579,4816,42,4329.0,2026-07-08 18:17:15,2026-08-19,4,Completed,Website,,0,154868.0
4580,4817,11,1001.0,2026-07-18 08:53:02,2027-01-12,2,Confirmed,Website,,0,56668.0
4581,4817,8,,2026-07-19 04:53:54,2026-10-23,2,Confirmed,Website,TP5OFF,5,66040.2
4582,4818,36,,2026-06-30 06:21:10,2026-09-17,2,Confirmed,Mobile App,,0,86226.0
4583,4819,96,,2024-03-15 09:29:53,2024-04-06,3,Completed,Mobile App,TP10OFF,10,58889.7
4584,4820,84,,2025-02-15 16:54:27,2025-03-11,4,Completed,Referral Link,,0,87048.0
4585,4821,41,,2026-09-01 21:12:54,2026-10-12,2,Confirmed,Mobile App,,0,97660.0
4586,4823,57,,2026-08-03 19:37:42,2026-11-12,6,Confirmed,Website,,0,140046.0
4587,4825,53,2749.0,2026-08-14 09:51:17,2026-08-25,3,Completed,Website,TP15OFF,15,29419.35
4588,4826,40,,2026-07-06 11:58:53,2026-11-17,2,Confirmed,Website,,0,66298.0
4589,4826,24,,2026-08-01 10:22:03,2026-11-04,2,Pending,Website,,0,19178.0
4590,4829,47,,2023-10-01 13:32:56,2023-10-13,2,Completed,Website,,0,60660.0
4591,4830,75,10651.0,2024-03-05 22:35:17,2024-04-17,5,Completed,Website,,0,108510.0
4592,4830,66,13527.0,2023-12-03 15:38:48,2023-12-21,4,Completed,Referral Link,,0,124424.0
4593,4832,77,,2025-07-29 03:57:16,2025-09-21,6,Completed,Website,TP5OFF,5,113663.7
4594,4833,70,,2026-07-26 02:08:43,2026-08-10,4,Completed,Website,,0,57296.0
4595,4834,60,,2026-07-31 00:30:52,2026-11-10,3,Confirmed,Website,,0,38715.0
4596,4834,54,,2026-08-30 13:08:02,2027-02-17,2,Pending,Mobile App,TP5OFF,5,22260.4
4597,4835,44,,2026-07-13 19:21:04,2026-07-31,3,Completed,Website,TP5OFF,5,19066.5
4598,4838,60,7087.0,2024-09-13 21:28:13,2024-10-02,2,Completed,Mobile App,,0,25810.0
4599,4839,1,,2026-04-30 09:33:03,2026-05-23,4,Cancelled,Mobile App,,0,43948.0
4600,4841,66,,2026-06-30 21:07:45,2026-10-26,4,Cancelled,Website,,0,124424.0
4601,4842,26,,2026-08-21 07:40:53,2027-01-31,2,Confirmed,Mobile App,,0,51914.0
4602,4843,69,,2026-03-12 08:27:58,2026-05-06,3,Completed,Referral Link,,0,70980.0
4603,4846,30,,2026-08-05 09:47:05,2026-10-06,4,Confirmed,Website,TP15OFF,15,30722.4
4604,4847,32,,2025-06-15 03:56:27,2025-06-29,4,Completed,Website,TP5OFF,5,98659.4
4605,4847,93,8715.0,2026-06-28 02:26:42,2026-10-23,5,Confirmed,Referral Link,,0,89900.0
4606,4847,93,,2026-08-17 08:55:51,2027-02-13,5,Pending,Website,,0,89900.0
4607,4848,69,6098.0,2026-06-22 13:04:59,2026-10-11,3,Pending,Mobile App,,0,70980.0
4608,4848,75,,2026-07-29 20:59:15,2027-01-07,6,Confirmed,Website,,0,130212.0
4609,4849,86,10946.0,2026-07-30 17:07:54,2027-01-20,3,Confirmed,Website,,0,22968.0
4610,4849,30,,2024-10-06 06:56:15,2024-11-24,3,Completed,Website,,0,27108.0
4611,4849,71,,2025-08-09 04:58:39,2025-08-19,3,Completed,Mobile App,,0,18045.0
4612,4849,63,,2026-08-07 08:22:00,2026-09-09,5,Cancelled,Mobile App,TP10OFF,10,76392.0
4613,4849,45,11724.0,2026-06-09 06:36:08,2026-11-27,2,Pending,Mobile App,TP5OFF,5,64237.1
4614,4851,95,,2024-09-12 15:32:55,2024-10-18,4,Completed,Mobile App,,0,29240.0
4615,4852,70,2216.0,2026-06-23 10:18:20,2026-10-13,4,Pending,Website,TP15OFF,15,48701.6
4616,4853,81,,2024-11-14 19:55:33,2024-12-25,3,Cancelled,Website,TP10OFF,10,68247.9
4617,4853,64,,2025-08-10 23:49:54,2025-09-08,5,Completed,Mobile App,TP15OFF,15,68820.25
4618,4855,60,3213.0,2026-06-10 04:37:56,2026-07-08,2,Cancelled,Website,TP10OFF,10,23229.0
4619,4858,7,9805.0,2026-04-23 10:57:03,2026-06-11,4,Completed,Website,,0,52276.0
4620,4859,39,12939.0,2026-06-15 23:41:20,2026-09-23,5,Pending,Referral Link,,0,35890.0
4621,4859,96,3867.0,2025-08-05 16:31:02,2025-10-02,3,Completed,Website,,0,65433.0
4622,4860,86,10127.0,2026-08-30 08:33:58,2027-01-24,5,Confirmed,Instagram,,0,38280.0
4623,4863,12,,2026-07-01 20:39:36,2026-09-02,4,Completed,Referral Link,TP5OFF,5,39326.2
4624,4866,96,,2023-11-16 08:49:47,2023-12-11,2,Cancelled,Referral Link,,0,43622.0
4625,4868,8,7912.0,2026-08-16 11:55:58,2026-09-20,2,Cancelled,Website,TP10OFF,10,62564.4
4626,4868,2,1272.0,2024-11-21 18:45:05,2024-12-14,4,Cancelled,Website,,0,132252.0
4627,4871,73,,2024-09-15 10:57:41,2024-11-14,6,Completed,Referral Link,,0,155010.0
4628,4872,66,11466.0,2026-07-31 00:08:19,2026-08-13,6,Completed,Mobile App,,0,186636.0
4629,4873,93,,2026-06-24 22:03:18,2026-11-30,6,Confirmed,Website,,0,107880.0
4630,4874,98,12181.0,2026-06-25 19:13:06,2026-11-19,4,Confirmed,Mobile App,TP10OFF,10,55288.8
4631,4874,74,,2025-08-13 05:37:20,2025-08-25,4,Cancelled,Mobile App,TP5OFF,5,41195.8
4632,4875,59,,2026-02-14 00:01:35,2026-04-14,6,Cancelled,Website,,0,120516.0
4633,4878,77,,2025-06-09 03:06:50,2025-07-26,5,Cancelled,Mobile App,TP5OFF,5,94719.75
4634,4878,57,14803.0,2026-07-01 07:08:04,2026-10-09,4,Pending,Mobile App,TP5OFF,5,88695.8
4635,4879,29,2827.0,2026-06-20 11:38:27,2026-10-25,4,Confirmed,Website,,0,121104.0
4636,4879,98,12075.0,2026-07-08 09:09:51,2026-08-13,4,Completed,Website,TP10OFF,10,55288.8
4637,4881,62,1595.0,2024-10-14 07:08:37,2024-12-10,2,Completed,Instagram,,0,37374.0
4638,4883,93,,2026-09-05 18:27:31,2026-11-02,4,Confirmed,Mobile App,,0,71920.0
4639,4885,6,7084.0,2026-07-17 16:27:11,2026-10-03,4,Confirmed,Instagram,,0,35292.0
4640,4885,15,10460.0,2026-07-21 01:22:12,2026-11-13,2,Confirmed,Website,,0,20934.0
4641,4886,13,,2026-06-27 23:57:28,2026-08-26,1,Completed,Mobile App,,0,10774.0
4642,4887,88,,2026-08-19 04:44:07,2027-02-08,3,Confirmed,Website,TP10OFF,10,21899.7
4643,4888,25,,2026-08-04 10:31:16,2026-12-11,1,Pending,Website,,0,11853.0
4644,4889,10,,2026-06-16 01:14:05,2026-07-24,1,Completed,Website,TP5OFF,5,8998.4
4645,4890,50,1876.0,2026-07-04 15:28:23,2026-07-28,2,Completed,Website,TP5OFF,5,37082.3
4646,4890,63,,2025-01-16 00:27:37,2025-02-16,4,Cancelled,Mobile App,TP5OFF,5,64508.8
4647,4898,89,,2026-06-21 09:35:17,2026-09-16,2,Confirmed,Mobile App,,0,16616.0
4648,4899,59,,2024-08-05 15:55:47,2024-08-18,5,Cancelled,Website,,0,100430.0
4649,4900,97,6166.0,2025-06-04 16:57:31,2025-07-03,2,Cancelled,Instagram,TP15OFF,15,28830.3
4650,4901,81,,2026-09-01 23:26:25,2026-12-18,6,Confirmed,Mobile App,TP5OFF,5,144078.9
4651,4901,12,229.0,2026-08-24 19:59:15,2026-12-23,4,Confirmed,Mobile App,,0,41396.0
4652,4902,95,,2025-11-07 15:31:54,2025-12-31,3,Completed,Website,,0,21930.0
4653,4903,64,7023.0,2026-06-29 19:48:43,2026-08-08,4,Completed,Website,,0,64772.0
4654,4904,15,13454.0,2025-08-14 14:25:20,2025-09-20,5,Completed,Website,,0,52335.0
4655,4904,47,,2026-08-14 12:48:13,2026-12-23,2,Confirmed,Website,,0,60660.0
4656,4905,30,,2026-07-08 22:00:21,2026-12-26,3,Confirmed,Mobile App,TP5OFF,5,25752.6
4657,4906,34,,2026-07-13 08:25:22,2026-12-08,3,Confirmed,Website,,0,29679.0
4658,4907,67,,2026-06-06 07:40:44,2026-08-02,2,Completed,Website,,0,33458.0
4659,4907,74,,2026-09-01 07:42:36,2026-11-16,4,Confirmed,Mobile App,,0,43364.0
4660,4907,58,3723.0,2026-07-13 12:03:09,2026-12-13,1,Confirmed,Instagram,,0,12161.0
4661,4907,80,,2024-12-17 02:14:44,2025-02-05,2,Cancelled,Website,,0,12834.0
4662,4907,82,,2026-08-22 03:23:50,2026-11-15,4,Confirmed,Website,TP15OFF,15,33476.4
4663,4908,75,10031.0,2024-04-19 11:21:49,2024-05-16,3,Completed,Referral Link,,0,65106.0
4664,4909,19,,2026-08-26 22:55:34,2026-09-27,4,Confirmed,Website,TP15OFF,15,30045.8
4665,4910,13,,2026-07-15 03:30:02,2026-10-16,1,Confirmed,Mobile App,,0,10774.0
4666,4912,79,13797.0,2026-06-19 15:34:03,2026-06-28,2,Completed,Mobile App,TP5OFF,5,18414.8
4667,4913,79,5815.0,2026-07-19 21:22:44,2026-10-02,4,Confirmed,Website,,0,38768.0
4668,4913,89,13982.0,2025-08-08 23:09:03,2025-08-23,4,Cancelled,Website,TP5OFF,5,31570.4
4669,4914,75,4934.0,2024-03-10 06:28:31,2024-03-19,4,Completed,Instagram,TP5OFF,5,82467.6
4670,4915,66,,2026-09-05 03:38:37,2026-10-12,5,Confirmed,Website,,0,155530.0
4671,4915,66,8577.0,2026-06-23 15:17:20,2026-07-28,4,Completed,Website,,0,124424.0
4672,4916,82,8436.0,2024-03-21 18:48:40,2024-04-12,3,Completed,Website,,0,29538.0
4673,4916,4,,2026-08-06 06:09:25,2026-11-02,2,Pending,Referral Link,TP15OFF,15,14370.1
4674,4918,68,5415.0,2026-07-31 15:08:10,2026-10-19,5,Confirmed,Mobile App,,0,115700.0
4675,4920,95,275.0,2026-08-22 01:42:55,2027-01-03,5,Confirmed,Mobile App,TP5OFF,5,34722.5
4676,4922,85,,2025-01-02 22:16:12,2025-02-22,3,Completed,Mobile App,TP10OFF,10,23068.8
4677,4922,94,9747.0,2026-07-21 10:28:46,2026-11-13,4,Confirmed,Mobile App,,0,49284.0
4678,4922,19,,2024-09-07 09:04:16,2024-10-18,3,Completed,Website,,0,26511.0
4679,4923,88,,2026-06-09 13:19:57,2026-11-28,2,Confirmed,Instagram,TP10OFF,10,14599.8
4680,4924,49,,2025-08-14 08:11:45,2025-08-20,5,Completed,Instagram,,0,58030.0
4681,4924,19,,2026-07-13 01:23:40,2026-10-11,4,Pending,Website,,0,35348.0
4682,4925,73,,2026-07-18 08:47:33,2026-10-04,5,Pending,Mobile App,TP15OFF,15,109798.75
4683,4925,75,,2025-11-23 05:30:41,2025-12-31,4,Completed,Website,,0,86808.0
4684,4927,68,3202.0,2025-06-27 01:03:43,2025-08-23,6,Completed,Website,,0,138840.0
4685,4928,73,7583.0,2026-03-08 13:44:37,2026-04-08,4,Cancelled,Mobile App,TP10OFF,10,93006.0
4686,4928,59,9425.0,2023-11-15 05:33:35,2023-12-18,3,Completed,Website,,0,60258.0
4687,4931,36,,2026-09-05 15:16:11,2027-02-08,2,Pending,Mobile App,TP5OFF,5,81914.7
4688,4933,4,,2026-08-20 21:48:05,2026-11-03,4,Confirmed,Website,,0,33812.0
4689,4934,82,,2026-07-07 03:48:19,2026-12-22,5,Confirmed,Website,,0,49230.0
4690,4934,25,,2025-02-04 23:54:06,2025-04-05,1,Completed,Instagram,,0,11853.0
4691,4935,75,,2026-09-02 18:54:06,2027-01-22,4,Pending,Website,TP15OFF,15,73786.8
4692,4936,39,13692.0,2026-08-06 21:31:07,2026-12-05,5,Pending,Mobile App,,0,35890.0
4693,4936,25,,2025-04-20 22:02:38,2025-06-12,3,Completed,Website,,0,35559.0
4694,4936,91,10618.0,2025-02-15 19:39:45,2025-04-09,5,Completed,Mobile App,,0,64770.0
4695,4938,96,,2026-01-12 01:11:51,2026-03-05,1,Completed,Instagram,TP10OFF,10,19629.9
4696,4938,28,,2026-08-22 22:21:05,2026-09-01,2,Completed,Mobile App,,0,18710.0
4697,4938,70,,2026-08-29 20:22:27,2026-12-08,3,Confirmed,Website,TP10OFF,10,38674.8
4698,4938,4,,2024-06-17 06:20:26,2024-08-16,1,Completed,Website,,0,8453.0
4699,4940,40,,2025-07-09 05:02:08,2025-08-17,2,Cancelled,Mobile App,TP15OFF,15,56353.3
4700,4941,58,,2026-04-16 10:16:36,2026-05-05,1,Completed,Website,TP5OFF,5,11552.95
4701,4941,65,,2026-09-01 20:44:29,2026-12-20,3,Cancelled,Mobile App,TP5OFF,5,49983.3
4702,4946,95,,2024-07-28 09:58:38,2024-08-03,3,Completed,Referral Link,,0,21930.0
4703,4946,72,12349.0,2025-12-29 01:57:23,2026-01-21,1,Completed,Mobile App,,0,11117.0
4704,4948,72,1029.0,2024-09-23 12:11:33,2024-10-25,1,Completed,Instagram,,0,11117.0
4705,4949,3,4148.0,2026-08-13 06:21:54,2026-10-22,4,Confirmed,Website,,0,26084.0
4706,4949,48,,2024-06-09 10:14:29,2024-07-24,3,Completed,Instagram,,0,24120.0
4707,4949,27,673.0,2025-06-13 19:15:11,2025-07-13,2,Completed,Mobile App,,0,13392.0
4708,4950,3,7798.0,2026-08-07 02:48:41,2026-09-21,3,Confirmed,Website,TP15OFF,15,16628.55
4709,4950,93,962.0,2026-03-03 22:10:08,2026-04-07,4,Completed,Website,,0,71920.0
4710,4950,5,,2023-12-02 12:00:41,2024-01-12,2,Completed,Website,TP15OFF,15,69113.5
4711,4950,52,,2026-07-23 10:44:53,2026-11-27,4,Confirmed,Mobile App,TP5OFF,5,116656.2
4712,4951,56,,2026-08-09 13:24:27,2027-01-19,5,Cancelled,Website,,0,84120.0
4713,4951,85,5204.0,2026-06-11 19:53:27,2026-09-01,4,Completed,Instagram,,0,34176.0
4714,4956,59,,2026-06-26 16:17:43,2026-08-14,5,Completed,Website,,0,100430.0
4715,4957,70,9332.0,2025-01-04 16:04:11,2025-01-16,3,Completed,Website,,0,42972.0
4716,4962,9,11802.0,2024-01-19 21:15:50,2024-02-29,4,Completed,Website,,0,40144.0
4717,4962,40,4581.0,2024-08-11 09:49:16,2024-09-27,1,Completed,Mobile App,TP5OFF,5,31491.55
4718,4964,33,7901.0,2026-06-13 13:42:35,2026-07-09,3,Cancelled,Mobile App,,0,33219.0
4719,4964,83,8756.0,2026-06-13 23:46:51,2026-08-23,5,Completed,Instagram,,0,47880.0
4720,4968,8,12728.0,2026-06-18 02:35:51,2026-11-04,2,Confirmed,Website,TP5OFF,5,66040.2
4721,4968,81,7315.0,2026-06-10 22:59:27,2026-09-14,4,Confirmed,Mobile App,,0,101108.0
4722,4969,38,1899.0,2026-07-05 22:26:47,2026-09-24,4,Cancelled,Instagram,,0,32132.0
4723,4970,6,,2026-08-11 04:23:47,2027-01-10,5,Pending,Website,TP10OFF,10,39703.5
4724,4973,52,,2026-07-19 16:35:01,2026-09-15,3,Confirmed,Mobile App,,0,92097.0
4725,4973,87,2979.0,2026-08-31 05:36:34,2026-12-29,6,Confirmed,Mobile App,TP15OFF,15,111027.0
4726,4974,82,6257.0,2026-07-22 17:46:20,2026-08-21,3,Completed,Mobile App,,0,29538.0
4727,4974,4,,2026-07-02 19:52:35,2026-09-26,4,Cancelled,Mobile App,TP5OFF,5,32121.4
4728,4975,33,,2024-06-06 07:19:35,2024-07-02,2,Completed,Referral Link,,0,22146.0
4729,4976,21,,2026-06-20 13:58:45,2026-11-26,4,Confirmed,Instagram,,0,29636.0
4730,4978,49,6507.0,2025-06-07 19:14:20,2025-06-21,2,Completed,Mobile App,,0,23212.0
4731,4978,88,,2026-03-03 09:14:26,2026-03-09,3,Completed,Mobile App,TP15OFF,15,20683.05
4732,4979,38,,2026-08-03 02:13:23,2027-01-03,2,Confirmed,Website,TP5OFF,5,15262.7
4733,4979,53,,2026-09-03 11:16:21,2027-01-11,2,Confirmed,Website,TP20OFF,20,18459.2
4734,4981,84,6706.0,2026-08-23 22:17:43,2027-02-02,3,Confirmed,Mobile App,,0,65286.0
4735,4982,84,,2024-04-24 18:15:03,2024-05-13,6,Completed,Website,,0,130572.0
4736,4982,5,,2026-07-18 12:09:53,2026-09-05,4,Completed,Referral Link,,0,162620.0
4737,4982,98,13031.0,2026-07-11 10:49:32,2026-09-17,3,Confirmed,Website,TP15OFF,15,39162.9
4738,4982,20,13842.0,2025-08-25 22:55:01,2025-10-17,4,Completed,Website,TP15OFF,15,124457.0
4739,4982,14,9440.0,2026-08-27 11:14:32,2026-10-21,4,Pending,Mobile App,,0,152812.0
4740,4983,13,,2026-07-25 16:20:24,2026-08-15,2,Completed,Referral Link,,0,21548.0
4741,4983,91,,2025-04-12 20:56:12,2025-05-03,3,Completed,Instagram,,0,38862.0
4742,4984,19,9749.0,2026-03-12 18:52:39,2026-04-21,4,Completed,Mobile App,,0,35348.0
4743,4985,57,,2024-02-29 07:06:59,2024-04-22,3,Completed,Mobile App,TP5OFF,5,66521.85
4744,4986,64,5888.0,2026-08-23 14:34:01,2026-09-26,4,Confirmed,Referral Link,,0,64772.0
4745,4987,91,,2025-09-30 04:02:01,2025-10-11,5,Completed,Instagram,,0,64770.0
4746,4988,2,13903.0,2026-08-31 17:52:40,2026-09-10,4,Confirmed,Mobile App,,0,132252.0
4747,4989,61,8284.0,2024-07-30 09:27:37,2024-09-06,4,Cancelled,Website,TP15OFF,15,64787.0
4748,4993,75,,2024-05-18 21:04:39,2024-07-16,3,Completed,Mobile App,,0,65106.0
4749,4993,27,,2026-07-15 04:31:31,2026-08-15,5,Completed,Website,,0,33480.0
4750,4993,47,,2026-07-07 06:07:45,2026-10-24,3,Cancelled,Mobile App,,0,90990.0
4751,4993,48,8506.0,2023-12-15 11:32:37,2024-01-26,5,Completed,Website,,0,40200.0
4752,4994,24,,2025-06-23 00:18:02,2025-08-16,3,Completed,Mobile App,,0,28767.0
4753,4994,26,1181.0,2025-12-01 09:37:35,2025-12-21,3,Completed,Referral Link,TP20OFF,20,62296.8
4754,4997,1,8069.0,2026-08-25 09:31:55,2026-09-24,4,Confirmed,Mobile App,,0,43948.0
4755,4997,10,9537.0,2026-05-07 15:05:16,2026-06-25,4,Completed,Mobile App,,0,37888.0
4756,4998,80,11928.0,2026-06-21 14:07:07,2026-08-01,4,Completed,Instagram,TP5OFF,5,24384.6
4757,4998,33,,2026-07-05 22:51:41,2026-07-31,2,Completed,Website,TP5OFF,5,21038.7
4758,4998,71,12586.0,2026-08-27 14:49:57,2026-10-30,2,Confirmed,Referral Link,,0,12030.0
4759,4998,92,,2026-06-12 09:00:32,2026-07-01,2,Cancelled,Website,,0,14814.0
4760,4998,50,,2025-03-06 19:49:53,2025-03-19,1,Completed,Instagram,TP5OFF,5,18541.15
4761,4999,66,2871.0,2023-10-13 21:52:03,2023-11-19,5,Completed,Website,,0,155530.0
4762,4999,61,10506.0,2026-06-26 23:43:42,2026-09-21,4,Confirmed,Mobile App,,0,76220.0
4763,4999,61,,2026-08-13 00:06:15,2027-01-07,6,Confirmed,Website,,0,114330.0
4764,5000,66,10094.0,2026-06-02 00:33:29,2026-07-14,4,Cancelled,Website,,0,124424.0
4765,5004,11,2460.0,2026-02-04 04:05:51,2026-03-12,3,Completed,Website,TP5OFF,5,80751.9
4766,5007,36,,2026-08-24 00:40:49,2026-12-29,2,Cancelled,Website,TP5OFF,5,81914.7
4767,5007,29,,2026-06-10 19:03:31,2026-10-07,4,Confirmed,Mobile App,,0,121104.0
4768,5008,5,12253.0,2026-06-12 16:04:12,2026-08-10,4,Completed,Mobile App,,0,162620.0
4769,5011,91,,2026-06-07 14:57:33,2026-07-01,5,Completed,Mobile App,,0,64770.0
4770,5012,7,,2026-09-05 18:55:55,2026-11-06,4,Confirmed,Website,,0,52276.0
4771,5012,49,10233.0,2026-08-18 21:08:18,2026-10-10,3,Confirmed,Instagram,,0,34818.0
4772,5015,79,10897.0,2023-10-09 07:06:12,2023-10-17,4,Completed,Mobile App,,0,38768.0
4773,5015,7,,2026-06-24 09:39:08,2026-11-22,2,Confirmed,Website,TP15OFF,15,22217.3
4774,5016,23,,2024-11-19 03:52:43,2024-12-04,3,Cancelled,Instagram,,0,116943.0
4775,5016,84,8603.0,2026-08-22 16:08:53,2026-12-27,4,Confirmed,Website,,0,87048.0
4776,5018,53,,2025-01-26 10:40:53,2025-02-13,5,Completed,Instagram,,0,57685.0
4777,5020,93,,2026-07-06 12:29:08,2026-08-29,5,Completed,Instagram,TP20OFF,20,71920.0
4778,5021,97,10267.0,2026-08-06 09:56:40,2026-08-18,2,Completed,Mobile App,,0,33918.0
4779,5024,83,10252.0,2023-10-23 04:17:52,2023-11-15,2,Cancelled,Mobile App,TP10OFF,10,17236.8
4780,5027,4,,2024-12-17 20:41:20,2025-01-11,3,Completed,Website,,0,25359.0
4781,5028,97,,2025-02-07 13:16:07,2025-03-12,3,Completed,Mobile App,,0,50877.0
4782,5028,89,7144.0,2026-06-14 06:17:16,2026-08-01,2,Completed,Mobile App,TP15OFF,15,14123.6
4783,5028,80,14901.0,2026-08-26 15:15:54,2026-12-25,3,Confirmed,Mobile App,,0,19251.0
4784,5028,3,12515.0,2026-07-12 08:57:59,2026-08-01,2,Completed,Website,,0,13042.0
4785,5028,21,,2026-07-01 19:19:07,2026-09-11,5,Confirmed,Mobile App,,0,37045.0
4786,5029,77,8708.0,2025-05-24 21:27:26,2025-07-05,6,Completed,Mobile App,,0,119646.0
4787,5029,59,,2025-10-23 16:25:56,2025-12-16,4,Completed,Referral Link,,0,80344.0
4788,5029,57,,2026-07-25 23:06:24,2026-10-14,5,Confirmed,Website,,0,116705.0
4789,5029,77,2028.0,2026-05-13 00:45:21,2026-07-02,6,Completed,Website,,0,119646.0
4790,5029,61,2175.0,2026-08-06 06:44:35,2026-09-16,5,Cancelled,Mobile App,,0,95275.0
4791,5029,57,,2026-07-10 00:56:07,2026-10-18,4,Confirmed,Referral Link,,0,93364.0
4792,5030,76,5318.0,2026-07-05 00:09:33,2026-11-07,5,Cancelled,Referral Link,,0,77215.0
4793,5031,28,,2026-06-26 09:32:33,2026-09-08,2,Confirmed,Website,,0,18710.0
4794,5031,13,,2023-10-11 13:43:41,2023-11-25,2,Completed,Referral Link,TP10OFF,10,19393.2
4795,5033,89,3772.0,2026-07-04 10:54:10,2026-11-09,5,Confirmed,Instagram,,0,41540.0
4796,5037,11,,2024-06-24 22:12:15,2024-08-21,4,Completed,Referral Link,,0,113336.0
4797,5038,78,,2026-07-03 07:42:51,2026-09-07,3,Confirmed,Mobile App,,0,60522.0
4798,5039,35,9260.0,2025-04-30 18:07:39,2025-05-30,2,Completed,Mobile App,,0,62006.0
4799,5040,44,,2026-07-26 23:16:26,2026-12-09,4,Confirmed,Referral Link,TP5OFF,5,25422.0
4800,5041,92,11518.0,2023-09-22 20:06:03,2023-10-21,3,Completed,Mobile App,,0,22221.0
4801,5043,96,,2026-03-15 02:41:47,2026-03-27,2,Completed,Mobile App,TP5OFF,5,41440.9
4802,5045,61,,2026-06-13 18:49:48,2026-07-02,6,Completed,Mobile App,,0,114330.0
4803,5046,58,,2025-04-06 12:36:15,2025-04-21,5,Completed,Mobile App,,0,60805.0
4804,5046,85,,2026-07-21 20:47:19,2026-09-13,4,Confirmed,Instagram,TP10OFF,10,30758.4
4805,5047,30,,2026-08-06 10:32:55,2026-10-24,5,Pending,Website,,0,45180.0
4806,5048,77,,2026-08-01 11:00:14,2026-12-14,6,Confirmed,Website,,0,119646.0
4807,5048,68,913.0,2026-06-13 13:42:57,2026-10-25,5,Pending,Instagram,TP10OFF,10,104130.0
4808,5049,65,,2026-07-31 08:45:14,2026-09-17,1,Pending,Mobile App,,0,17538.0
4809,5050,29,6838.0,2024-06-09 10:45:19,2024-07-12,4,Completed,Instagram,TP5OFF,5,115048.8
4810,5050,37,,2026-07-01 08:54:15,2026-10-07,4,Pending,Website,TP5OFF,5,143415.8
4811,5053,64,4430.0,2026-07-16 04:50:49,2026-11-13,5,Cancelled,Mobile App,,0,80965.0
4812,5054,64,9397.0,2026-08-14 18:39:56,2026-11-22,5,Confirmed,Website,TP10OFF,10,72868.5
4813,5055,90,,2024-05-25 18:47:15,2024-07-03,6,Completed,Referral Link,TP15OFF,15,105896.4
4814,5058,25,,2026-07-11 19:38:31,2026-12-05,4,Pending,Instagram,,0,47412.0
4815,5058,94,,2026-05-27 22:15:56,2026-07-02,4,Completed,Mobile App,,0,49284.0
4816,5058,79,,2026-06-16 16:16:51,2026-08-23,5,Cancelled,Mobile App,,0,48460.0
4817,5058,39,,2024-10-19 18:14:33,2024-11-02,4,Completed,Mobile App,TP15OFF,15,24405.2
4818,5058,49,,2026-07-25 13:14:13,2026-10-23,5,Confirmed,Website,TP5OFF,5,55128.5
4819,5058,16,,2026-06-13 02:12:47,2026-08-15,4,Cancelled,Website,,0,43704.0
4820,5060,77,635.0,2026-08-19 04:51:46,2026-09-24,6,Cancelled,Mobile App,TP15OFF,15,101699.1
4821,5062,20,174.0,2026-07-06 01:34:27,2026-12-25,4,Confirmed,Mobile App,,0,146420.0
4822,5062,37,,2026-08-19 11:38:09,2026-11-30,2,Confirmed,Mobile App,,0,75482.0
4823,5064,16,,2026-06-12 11:03:19,2026-07-13,1,Completed,Instagram,,0,10926.0
4824,5066,82,,2026-06-21 11:06:27,2026-07-06,2,Completed,Mobile App,TP10OFF,10,17722.8
4825,5069,39,,2026-08-24 06:45:26,2026-09-25,2,Confirmed,Mobile App,,0,14356.0
4826,5070,34,,2024-11-23 13:33:12,2024-12-19,5,Completed,Mobile App,,0,49465.0
4827,5071,57,710.0,2026-06-10 21:26:08,2026-10-29,4,Confirmed,Website,,0,93364.0
4828,5072,17,11239.0,2026-06-27 20:04:41,2026-09-24,2,Confirmed,Website,,0,81124.0
4829,5073,90,10783.0,2026-07-24 06:49:14,2026-10-29,4,Confirmed,Mobile App,,0,83056.0
4830,5075,30,12914.0,2026-08-30 09:30:40,2027-01-22,5,Pending,Website,TP15OFF,15,38403.0
4831,5076,64,6613.0,2025-06-16 17:50:15,2025-06-30,3,Completed,Website,,0,48579.0
4832,5078,75,,2026-05-12 01:20:23,2026-05-31,6,Cancelled,Mobile App,TP5OFF,5,123701.4
4833,5080,30,,2026-07-10 12:19:44,2026-12-30,2,Confirmed,Mobile App,,0,18072.0
4834,5080,80,,2026-06-15 22:13:36,2026-09-24,3,Pending,Mobile App,,0,19251.0
4835,5081,73,,2026-06-16 20:39:48,2026-12-13,6,Confirmed,Website,,0,155010.0
4836,5081,53,,2025-12-15 12:58:03,2026-01-20,4,Completed,Mobile App,,0,46148.0
4837,5083,52,6119.0,2026-08-21 13:33:47,2026-09-05,3,Completed,Mobile App,,0,92097.0
4838,5089,45,6356.0,2024-03-08 06:04:38,2024-04-14,1,Cancelled,Instagram,,0,33809.0
4839,5090,22,9037.0,2026-07-06 15:37:28,2026-10-30,3,Confirmed,Referral Link,TP5OFF,5,25829.55
4840,5091,40,,2024-11-23 20:54:51,2025-01-18,1,Completed,Referral Link,,0,33149.0
4841,5092,87,4405.0,2026-09-05 17:11:55,2026-12-22,3,Confirmed,Website,,0,65310.0
4842,5092,33,8876.0,2026-07-10 15:05:34,2026-12-09,4,Confirmed,Website,,0,44292.0
4843,5093,63,,2026-07-28 10:28:55,2026-09-26,4,Confirmed,Instagram,,0,67904.0
4844,5096,63,,2023-11-10 13:33:26,2024-01-03,2,Completed,Mobile App,,0,33952.0
4845,5098,16,8782.0,2026-07-30 05:22:52,2026-09-11,4,Confirmed,Website,,0,43704.0
4846,5098,79,7577.0,2026-08-18 01:55:37,2026-09-26,5,Cancelled,Mobile App,TP10OFF,10,43614.0
4847,5099,12,,2024-01-30 04:55:08,2024-03-09,5,Completed,Mobile App,,0,51745.0
4848,5099,55,,2023-12-07 21:09:56,2024-01-01,1,Cancelled,Website,TP15OFF,15,20506.25
4849,5102,7,,2026-06-14 07:19:10,2026-10-13,4,Confirmed,Referral Link,,0,52276.0
4850,5103,1,998.0,2026-08-30 13:39:27,2026-12-20,3,Confirmed,Mobile App,,0,32961.0
4851,5103,54,,2024-04-11 05:18:52,2024-05-15,4,Completed,Mobile App,,0,46864.0
4852,5104,94,,2026-01-02 10:02:11,2026-01-14,4,Cancelled,Website,,0,49284.0
4853,5105,38,4065.0,2026-06-29 05:33:33,2026-09-11,3,Confirmed,Website,,0,24099.0
4854,5108,98,,2024-04-29 01:25:19,2024-06-17,3,Cancelled,Instagram,,0,46074.0
4855,5108,93,1022.0,2026-07-03 03:53:01,2026-10-05,3,Confirmed,Mobile App,TP15OFF,15,45849.0
4856,5110,5,,2025-12-08 15:24:30,2026-01-09,2,Cancelled,Website,TP5OFF,5,77244.5
4857,5110,47,,2026-08-17 10:20:11,2027-01-26,2,Confirmed,Mobile App,TP15OFF,15,51561.0
4858,5111,71,,2024-05-01 03:40:05,2024-05-23,3,Completed,Mobile App,TP5OFF,5,17142.75
4859,5113,89,,2024-07-25 15:20:40,2024-09-11,4,Completed,Instagram,,0,33232.0
4860,5117,3,,2026-07-27 01:44:59,2026-08-27,2,Completed,Website,,0,13042.0
4861,5117,63,1365.0,2025-01-11 13:42:11,2025-01-26,3,Completed,Mobile App,TP5OFF,5,48381.6
4862,5117,80,,2026-08-10 00:18:32,2026-11-10,4,Pending,Website,TP10OFF,10,23101.2
4863,5118,87,,2026-07-27 20:04:23,2026-10-14,6,Confirmed,Instagram,TP15OFF,15,111027.0
4864,5120,39,,2026-06-28 14:10:40,2026-07-09,3,Completed,Referral Link,,0,21534.0
4865,5127,33,2803.0,2025-03-19 09:51:26,2025-04-01,2,Completed,Website,,0,22146.0
4866,5128,23,,2026-07-01 20:14:16,2026-09-06,4,Completed,Mobile App,TP5OFF,5,148127.8
4867,5128,84,6109.0,2025-05-23 02:19:12,2025-07-08,6,Completed,Website,,0,130572.0
4868,5129,76,2796.0,2023-11-05 11:19:26,2024-01-01,2,Completed,Instagram,TP10OFF,10,27797.4
4869,5132,46,,2026-06-28 04:34:59,2026-09-25,2,Confirmed,Referral Link,TP5OFF,5,57841.7
4870,5133,9,,2025-07-07 09:26:02,2025-07-20,4,Completed,Instagram,,0,40144.0
4871,5134,1,,2026-08-05 12:22:45,2026-11-22,2,Confirmed,Referral Link,TP5OFF,5,20875.3
4872,5136,71,,2025-09-15 03:04:42,2025-10-24,5,Completed,Website,TP15OFF,15,25563.75
4873,5138,64,,2026-07-15 00:46:32,2026-12-02,4,Confirmed,Mobile App,,0,64772.0
4874,5138,6,14229.0,2026-02-17 13:51:39,2026-04-09,2,Completed,Website,TP15OFF,15,14999.1
4875,5138,12,,2023-09-10 18:19:30,2023-09-28,5,Completed,Mobile App,,0,51745.0
4876,5138,98,,2024-08-05 04:38:50,2024-09-06,4,Completed,Instagram,TP5OFF,5,58360.4
4877,5143,2,,2026-08-15 13:37:23,2027-01-10,4,Confirmed,Website,TP5OFF,5,125639.4
4878,5143,29,10871.0,2026-06-14 03:05:04,2026-10-07,2,Confirmed,Website,,0,60552.0
4879,5144,78,5971.0,2025-02-12 06:58:11,2025-03-30,5,Completed,Website,TP5OFF,5,95826.5
4880,5144,5,10663.0,2026-07-16 08:55:41,2026-08-11,2,Completed,Instagram,TP15OFF,15,69113.5
4881,5148,77,12007.0,2026-08-06 16:33:40,2026-10-19,3,Confirmed,Mobile App,,0,59823.0
4882,5148,2,,2026-07-16 12:29:54,2027-01-02,4,Confirmed,Referral Link,TP10OFF,10,119026.8
4883,5149,93,,2026-06-01 04:30:37,2026-06-25,4,Completed,Instagram,TP15OFF,15,61132.0
4884,5149,38,11352.0,2025-09-12 19:42:13,2025-11-11,4,Completed,Website,TP5OFF,5,30525.4
4885,5150,73,,2026-07-21 04:40:01,2026-10-08,4,Confirmed,Referral Link,,0,103340.0
4886,5151,91,,2023-10-27 05:47:38,2023-11-10,5,Cancelled,Mobile App,,0,64770.0
4887,5154,62,,2023-10-10 12:15:54,2023-10-22,5,Completed,Referral Link,,0,93435.0
4888,5155,33,,2026-06-15 12:00:44,2026-09-24,5,Confirmed,Mobile App,,0,55365.0
4889,5155,97,11901.0,2026-06-14 10:35:13,2026-07-27,2,Completed,Mobile App,,0,33918.0
4890,5156,6,2208.0,2025-08-08 21:41:12,2025-10-06,2,Completed,Website,,0,17646.0
4891,5156,98,3982.0,2026-02-02 01:12:39,2026-04-01,2,Cancelled,Website,,0,30716.0
4892,5157,27,3381.0,2026-07-11 08:59:30,2026-10-18,5,Confirmed,Website,,0,33480.0
4893,5157,21,12645.0,2026-07-21 17:27:10,2026-09-09,3,Confirmed,Referral Link,TP5OFF,5,21115.65
4894,5160,61,,2026-07-30 23:35:53,2026-12-03,4,Confirmed,Mobile App,,0,76220.0
4895,5163,84,,2026-07-03 18:08:08,2026-08-05,4,Completed,Website,TP15OFF,15,73990.8
4896,5166,72,,2026-06-30 10:23:04,2026-07-15,3,Completed,Referral Link,,0,33351.0
4897,5166,72,6905.0,2026-08-29 18:55:57,2027-01-12,1,Confirmed,Website,,0,11117.0
4898,5166,80,284.0,2026-06-28 04:26:47,2026-12-04,2,Pending,Mobile App,,0,12834.0
4899,5166,16,10583.0,2026-06-17 13:28:33,2026-10-20,1,Confirmed,Mobile App,TP10OFF,10,9833.4
4900,5167,56,,2026-06-10 11:24:52,2026-06-28,3,Completed,Mobile App,,0,50472.0
4901,5169,5,14128.0,2026-07-08 10:50:48,2026-11-28,3,Cancelled,Instagram,,0,121965.0
4902,5170,38,14749.0,2024-04-09 10:36:07,2024-04-29,3,Completed,Mobile App,TP10OFF,10,21689.1
4903,5170,26,,2023-12-24 16:11:18,2024-02-21,2,Completed,Website,TP5OFF,5,49318.3
4904,5171,89,,2026-07-19 18:30:07,2026-11-27,5,Confirmed,Website,,0,41540.0
4905,5173,48,,2024-07-02 08:21:59,2024-08-07,5,Completed,Instagram,TP5OFF,5,38190.0
4906,5173,6,,2026-07-08 20:26:06,2026-11-29,4,Confirmed,Website,,0,35292.0
4907,5174,54,,2023-10-25 06:08:57,2023-12-14,4,Completed,Website,,0,46864.0
4908,5174,19,609.0,2025-11-04 09:18:54,2025-11-28,3,Completed,Referral Link,TP20OFF,20,21208.8
4909,5174,96,8371.0,2025-02-20 11:34:01,2025-03-02,5,Completed,Instagram,,0,109055.0
4910,5174,7,,2026-08-30 21:09:53,2027-01-12,4,Cancelled,Mobile App,TP10OFF,10,47048.4
4911,5174,10,6326.0,2024-12-24 19:15:49,2025-02-19,3,Completed,Mobile App,,0,28416.0
4912,5174,85,1092.0,2026-06-18 16:40:24,2026-07-15,4,Completed,Mobile App,,0,34176.0
4913,5175,17,,2026-08-20 18:27:57,2026-12-30,4,Confirmed,Mobile App,,0,162248.0
4914,5176,84,8819.0,2026-01-08 22:01:48,2026-02-03,3,Completed,Website,,0,65286.0
4915,5177,60,,2024-10-15 00:23:00,2024-11-03,2,Completed,Referral Link,,0,25810.0
4916,5178,79,7132.0,2024-10-23 02:00:44,2024-12-22,3,Completed,Instagram,,0,29076.0
4917,5179,30,,2024-01-26 10:15:14,2024-03-10,3,Completed,Instagram,TP20OFF,20,21686.4
4918,5180,3,13629.0,2026-06-11 17:54:22,2026-09-25,4,Confirmed,Website,,0,26084.0
4919,5181,11,,2026-03-18 00:13:50,2026-03-26,2,Completed,Mobile App,,0,56668.0
4920,5182,29,,2025-08-28 05:56:36,2025-10-15,3,Completed,Mobile App,,0,90828.0
4921,5182,81,14100.0,2024-05-18 05:28:48,2024-06-27,6,Completed,Instagram,TP5OFF,5,144078.9
4922,5182,93,1752.0,2025-01-05 21:11:52,2025-02-02,5,Completed,Website,,0,89900.0
4923,5184,39,,2026-06-25 10:59:53,2026-08-06,2,Completed,Mobile App,,0,14356.0
4924,5186,48,,2026-06-20 07:07:09,2026-07-25,5,Cancelled,Mobile App,,0,40200.0
4925,5186,47,,2024-02-02 07:00:54,2024-03-26,2,Completed,Mobile App,,0,60660.0
4926,5187,10,,2026-08-30 03:14:52,2026-09-25,1,Confirmed,Website,,0,9472.0
4927,5188,81,,2026-07-30 18:19:31,2026-11-12,3,Confirmed,Website,TP10OFF,10,68247.9
4928,5188,33,4028.0,2026-09-02 05:30:38,2027-02-07,2,Confirmed,Mobile App,,0,22146.0
4929,5189,79,,2026-08-10 02:43:49,2026-10-05,3,Cancelled,Website,,0,29076.0
4930,5190,68,,2026-06-09 22:39:09,2026-11-18,6,Cancelled,Mobile App,,0,138840.0
4931,5190,75,12293.0,2025-08-11 08:07:56,2025-09-14,5,Completed,Website,TP15OFF,15,92233.5
4932,5192,48,,2026-07-20 05:40:46,2026-12-14,5,Confirmed,Website,,0,40200.0
4933,5193,95,,2026-06-22 18:04:01,2026-09-05,3,Completed,Mobile App,,0,21930.0
4934,5198,4,,2026-09-04 01:00:41,2026-12-13,4,Confirmed,Website,TP20OFF,20,27049.6
4935,5199,85,8418.0,2024-12-04 06:28:00,2025-01-24,2,Completed,Mobile App,TP15OFF,15,14524.8
4936,5200,77,,2026-07-06 11:27:55,2027-01-01,4,Pending,Website,,0,79764.0
4937,5201,4,10841.0,2026-06-07 08:58:00,2026-07-09,1,Completed,Referral Link,,0,8453.0
4938,5201,79,12612.0,2023-11-23 06:40:47,2023-12-21,3,Completed,Referral Link,TP5OFF,5,27622.2
4939,5201,1,10326.0,2026-07-05 10:45:41,2026-09-24,2,Pending,Website,,0,21974.0
4940,5201,22,,2024-06-09 00:11:52,2024-08-05,1,Completed,Instagram,TP15OFF,15,7703.55
4941,5202,92,,2026-06-13 13:23:07,2026-09-13,3,Cancelled,Mobile App,,0,22221.0
4942,5204,54,1561.0,2024-10-07 08:03:37,2024-11-01,2,Completed,Mobile App,,0,23432.0
4943,5205,59,10716.0,2023-12-30 12:00:10,2024-02-13,3,Completed,Website,TP20OFF,20,48206.4
4944,5207,92,,2025-02-15 01:48:30,2025-04-08,5,Completed,Website,TP5OFF,5,35183.25
4945,5208,93,7961.0,2026-07-15 22:32:50,2026-11-22,4,Confirmed,Referral Link,TP5OFF,5,68324.0
4946,5209,82,11650.0,2023-11-20 14:57:21,2023-12-31,3,Completed,Website,TP15OFF,15,25107.3
4947,5210,11,1680.0,2024-04-17 15:18:36,2024-05-20,2,Completed,Mobile App,TP5OFF,5,53834.6
4948,5211,84,,2024-03-15 08:36:58,2024-03-24,4,Completed,Referral Link,TP5OFF,5,82695.6
4949,5213,29,6008.0,2026-06-15 15:56:54,2026-07-29,4,Cancelled,Website,TP10OFF,10,108993.6
4950,5213,57,3487.0,2026-09-03 05:45:58,2027-02-19,4,Confirmed,Mobile App,,0,93364.0
4951,5213,17,4601.0,2026-08-25 02:24:22,2026-10-11,4,Confirmed,Mobile App,,0,162248.0
4952,5213,15,8172.0,2026-07-20 14:35:57,2026-09-27,5,Confirmed,Mobile App,TP20OFF,20,41868.0
4953,5213,37,,2026-08-31 12:52:39,2027-01-21,2,Confirmed,Mobile App,,0,75482.0
4954,5213,18,,2026-09-04 12:16:57,2026-09-16,2,Confirmed,Mobile App,,0,12424.0
4955,5214,10,3624.0,2026-07-12 03:01:09,2026-11-14,1,Confirmed,Website,,0,9472.0
4956,5214,85,7159.0,2026-08-12 12:42:41,2026-10-19,5,Confirmed,Website,,0,42720.0
4957,5214,62,11348.0,2026-07-10 15:32:47,2026-11-17,2,Confirmed,Referral Link,,0,37374.0
4958,5214,88,,2024-04-08 19:24:03,2024-05-24,5,Cancelled,Website,,0,40555.0
4959,5216,13,,2026-09-04 11:08:02,2026-12-12,3,Confirmed,Instagram,,0,32322.0
4960,5218,37,775.0,2026-08-11 23:28:18,2026-09-25,3,Confirmed,Mobile App,,0,113223.0
4961,5224,75,,2026-08-25 12:06:58,2027-01-20,4,Confirmed,Website,,0,86808.0
4962,5226,72,,2026-08-28 00:41:47,2027-02-01,3,Confirmed,Referral Link,TP5OFF,5,31683.45
4963,5226,20,,2025-09-20 01:04:39,2025-10-27,2,Completed,Website,,0,73210.0
4964,5227,75,9370.0,2026-09-03 02:15:52,2027-02-25,3,Confirmed,Mobile App,,0,65106.0
4965,5227,90,,2026-08-20 11:26:16,2026-12-08,4,Confirmed,Website,TP5OFF,5,78903.2
4966,5228,28,,2026-08-13 15:42:41,2027-02-04,4,Confirmed,Website,TP5OFF,5,35549.0
4967,5228,79,,2026-06-14 03:05:40,2026-08-05,5,Completed,Referral Link,,0,48460.0
4968,5229,3,,2026-07-25 20:29:51,2026-09-19,5,Pending,Website,,0,32605.0
4969,5229,42,9742.0,2024-02-14 19:01:33,2024-02-28,3,Completed,Mobile App,,0,116151.0
4970,5233,32,,2023-10-16 08:59:42,2023-11-06,2,Cancelled,Mobile App,,0,51926.0
4971,5236,53,686.0,2026-07-31 08:12:53,2026-11-10,5,Confirmed,Website,,0,57685.0
4972,5236,48,,2026-07-10 09:05:17,2026-08-28,5,Completed,Website,TP20OFF,20,32160.0
4973,5236,50,,2026-07-28 19:58:37,2026-10-22,1,Confirmed,Website,,0,19517.0
4974,5236,3,11959.0,2026-06-21 05:20:23,2026-12-02,3,Confirmed,Mobile App,,0,19563.0
4975,5236,92,1517.0,2024-09-17 00:54:22,2024-11-12,5,Completed,Mobile App,,0,37035.0
4976,5241,56,,2024-09-23 03:48:26,2024-11-16,1,Completed,Mobile App,TP5OFF,5,15982.8
4977,5241,72,14414.0,2026-08-21 13:37:36,2026-09-17,2,Confirmed,Website,,0,22234.0
4978,5242,9,12578.0,2024-10-10 09:27:05,2024-11-23,4,Completed,Website,,0,40144.0
4979,5244,85,,2026-08-22 00:24:18,2026-10-03,4,Cancelled,Mobile App,,0,34176.0
4980,5246,39,4432.0,2026-06-28 00:30:25,2026-12-12,5,Confirmed,Instagram,,0,35890.0
4981,5247,82,5928.0,2026-08-03 03:51:13,2026-11-20,4,Confirmed,Website,,0,39384.0
4982,5248,40,,2025-07-31 15:58:20,2025-09-25,1,Completed,Instagram,,0,33149.0
4983,5248,71,440.0,2026-06-10 16:55:05,2026-10-11,2,Pending,Website,,0,12030.0
4984,5249,27,,2026-06-15 23:36:48,2026-08-01,2,Completed,Website,TP20OFF,20,10713.6
4985,5250,20,,2026-07-31 11:50:03,2027-01-25,2,Confirmed,Website,,0,73210.0
4986,5251,32,,2025-03-07 00:29:43,2025-03-13,4,Completed,Website,,0,103852.0
4987,5255,88,7983.0,2026-08-31 20:00:59,2026-09-13,4,Cancelled,Website,,0,32444.0
4988,5257,98,,2026-08-20 00:39:41,2026-11-03,2,Cancelled,Mobile App,TP5OFF,5,29180.2
4989,5258,14,,2026-06-27 20:50:44,2026-07-30,4,Completed,Website,TP10OFF,10,137530.8
4990,5261,34,12761.0,2026-06-23 16:51:46,2026-10-22,3,Confirmed,Website,TP10OFF,10,26711.1
4991,5262,57,3971.0,2024-02-14 17:31:18,2024-04-13,3,Cancelled,Mobile App,,0,70023.0
4992,5263,50,,2024-03-11 01:36:37,2024-03-22,2,Completed,Referral Link,TP10OFF,10,35130.6
4993,5266,79,,2024-01-03 16:47:40,2024-01-27,3,Completed,Website,,0,29076.0
4994,5266,82,9567.0,2026-06-18 20:15:25,2026-08-26,5,Completed,Mobile App,TP10OFF,10,44307.0
4995,5268,64,,2026-06-10 00:57:41,2026-08-02,2,Completed,Website,TP20OFF,20,25908.8
4996,5269,68,,2025-04-27 14:15:29,2025-06-07,4,Completed,Website,TP15OFF,15,78676.0
4997,5270,59,7083.0,2026-06-22 03:01:01,2026-08-28,5,Completed,Website,TP5OFF,5,95408.5
4998,5271,38,2718.0,2023-12-15 00:06:48,2024-01-07,4,Completed,Mobile App,TP5OFF,5,30525.4
4999,5274,57,1481.0,2024-12-06 12:41:09,2025-01-17,6,Completed,Instagram,,0,140046.0
5000,5277,54,,2025-11-02 04:34:56,2025-12-14,5,Completed,Referral Link,,0,58580.0
5001,5278,91,,2026-06-15 21:17:55,2026-08-27,2,Completed,Mobile App,TP15OFF,15,22021.8
5002,5278,4,2770.0,2026-07-17 06:46:28,2026-08-23,1,Completed,Website,,0,8453.0
5003,5278,7,,2026-07-26 02:28:03,2026-11-24,2,Confirmed,Website,,0,26138.0
5004,5279,75,,2026-08-05 18:46:21,2026-10-08,3,Confirmed,Instagram,TP5OFF,5,61850.7
5005,5279,57,12166.0,2026-06-15 16:15:42,2026-09-16,4,Confirmed,Referral Link,,0,93364.0
5006,5279,66,3160.0,2026-07-15 23:04:48,2026-07-28,6,Completed,Website,,0,186636.0
5007,5279,75,,2025-05-06 21:42:28,2025-06-18,3,Cancelled,Instagram,TP15OFF,15,55340.1
5008,5283,31,5911.0,2026-06-13 20:42:35,2026-09-03,2,Completed,Website,,0,80496.0
5009,5284,47,5480.0,2026-07-22 20:49:28,2026-12-09,2,Cancelled,Instagram,TP5OFF,5,57627.0
5010,5285,15,,2026-07-06 16:46:06,2026-07-21,2,Completed,Mobile App,,0,20934.0
5011,5287,70,12011.0,2023-09-16 06:07:09,2023-11-03,5,Completed,Referral Link,,0,71620.0
5012,5287,22,,2023-11-14 13:58:14,2023-12-03,3,Completed,Referral Link,TP20OFF,20,21751.2
5013,5287,49,6914.0,2026-07-17 16:07:22,2026-09-07,3,Confirmed,Mobile App,TP5OFF,5,33077.1
5014,5287,70,,2026-06-17 07:16:53,2026-07-22,4,Completed,Referral Link,TP5OFF,5,54431.2
5015,5288,10,,2025-12-27 09:48:18,2026-01-29,3,Completed,Referral Link,,0,28416.0
5016,5292,56,,2025-06-10 13:59:47,2025-07-28,1,Cancelled,Website,,0,16824.0
5017,5292,94,,2026-06-09 07:59:29,2026-10-28,3,Cancelled,Instagram,,0,36963.0
5018,5292,97,6924.0,2026-08-12 02:43:25,2026-12-07,3,Confirmed,Website,,0,50877.0
5019,5292,82,8586.0,2026-08-23 11:35:58,2026-11-13,2,Confirmed,Mobile App,TP5OFF,5,18707.4
5020,5294,82,3677.0,2026-06-13 00:58:48,2026-07-23,4,Completed,Mobile App,,0,39384.0
5021,5295,85,,2026-08-02 07:33:36,2026-10-27,5,Confirmed,Website,,0,42720.0
5022,5296,84,,2026-06-27 13:11:43,2026-07-18,6,Completed,Mobile App,TP5OFF,5,124043.4
5023,5296,32,,2024-09-10 03:01:43,2024-10-13,3,Completed,Website,TP5OFF,5,73994.55
5024,5297,57,6472.0,2024-04-02 18:23:47,2024-04-23,6,Completed,Website,,0,140046.0
5025,5298,77,,2026-07-18 02:20:20,2026-11-25,3,Confirmed,Website,TP5OFF,5,56831.85
5026,5299,84,,2026-06-22 16:27:29,2026-12-18,3,Confirmed,Website,,0,65286.0
5027,5299,23,8241.0,2026-06-30 07:59:15,2026-07-26,4,Completed,Website,,0,155924.0
5028,5299,52,,2026-09-05 00:10:41,2027-02-06,3,Confirmed,Mobile App,,0,92097.0
5029,5299,64,,2026-02-17 19:11:25,2026-03-23,2,Completed,Instagram,,0,32386.0
5030,5299,41,8997.0,2024-07-19 16:26:17,2024-08-31,2,Completed,Website,,0,97660.0
5031,5299,67,,2024-05-22 09:49:47,2024-06-27,5,Cancelled,Mobile App,,0,83645.0
5032,5300,82,,2026-01-02 01:25:03,2026-02-05,3,Completed,Instagram,,0,29538.0
5033,5301,23,10657.0,2026-07-15 08:08:02,2026-12-05,3,Confirmed,Mobile App,TP10OFF,10,105248.7
5034,5304,3,,2026-06-24 18:07:54,2026-08-08,2,Completed,Website,TP15OFF,15,11085.7
5035,5305,78,4314.0,2024-10-24 07:07:43,2024-11-27,5,Cancelled,Instagram,,0,100870.0
5036,5306,81,,2026-01-14 13:56:36,2026-03-10,5,Cancelled,Instagram,,0,126385.0
5037,5306,75,3499.0,2026-06-25 00:41:48,2026-12-09,5,Confirmed,Mobile App,,0,108510.0
5038,5307,85,7225.0,2026-08-09 07:14:51,2026-10-20,5,Confirmed,Mobile App,,0,42720.0
5039,5307,71,10894.0,2026-07-07 04:58:25,2026-08-29,5,Completed,Website,TP5OFF,5,28571.25
5040,5308,21,2467.0,2026-09-01 16:59:08,2027-01-31,4,Confirmed,Website,,0,29636.0
5041,5308,38,,2024-01-15 15:42:52,2024-01-26,4,Completed,Website,,0,32132.0
5042,5309,77,,2026-08-22 11:08:03,2026-12-20,3,Confirmed,Website,,0,59823.0
5043,5309,57,,2026-06-17 02:57:42,2026-10-22,3,Confirmed,Referral Link,TP5OFF,5,66521.85
5044,5309,75,,2026-06-13 14:37:17,2026-09-17,6,Confirmed,Website,,0,130212.0
5045,5311,67,60.0,2024-10-31 20:14:39,2024-11-23,5,Completed,Website,TP15OFF,15,71098.25
5046,5311,58,12022.0,2026-04-11 12:09:18,2026-05-24,5,Completed,Mobile App,,0,60805.0
5047,5311,94,10833.0,2024-07-10 21:46:49,2024-09-07,5,Completed,Mobile App,TP5OFF,5,58524.75
5048,5311,13,,2024-09-01 09:16:21,2024-10-12,1,Completed,Mobile App,,0,10774.0
5049,5311,4,13559.0,2024-09-30 00:42:01,2024-11-16,4,Completed,Mobile App,TP10OFF,10,30430.8
5050,5311,80,,2026-07-03 09:01:41,2026-07-15,2,Completed,Referral Link,,0,12834.0
5051,5312,76,,2026-08-02 15:46:19,2026-08-15,2,Completed,Website,,0,30886.0
5052,5312,72,,2026-08-31 00:53:34,2026-11-29,5,Pending,Website,TP5OFF,5,52805.75
5053,5313,52,,2026-08-26 11:48:55,2027-01-25,4,Cancelled,Mobile App,TP10OFF,10,110516.4
5054,5314,78,9908.0,2026-07-17 02:30:48,2026-10-08,4,Confirmed,Website,,0,80696.0
5055,5314,72,7659.0,2023-12-24 11:11:11,2024-02-09,1,Completed,Mobile App,,0,11117.0
5056,5315,77,1072.0,2026-07-20 04:29:50,2026-11-23,5,Confirmed,Mobile App,TP20OFF,20,79764.0
5057,5315,75,,2026-06-23 21:47:19,2026-09-18,6,Pending,Website,TP5OFF,5,123701.4
5058,5315,66,707.0,2026-07-19 20:37:29,2026-11-09,3,Cancelled,Mobile App,TP15OFF,15,79320.3
5059,5315,59,,2026-06-22 15:51:44,2026-07-18,6,Completed,Mobile App,TP15OFF,15,102438.6
5060,5316,82,,2025-05-14 20:19:45,2025-05-29,3,Cancelled,Mobile App,,0,29538.0
5061,5316,25,,2026-08-05 06:04:12,2026-10-05,1,Confirmed,Mobile App,,0,11853.0
5062,5316,49,5519.0,2025-07-05 22:29:20,2025-08-29,4,Cancelled,Mobile App,TP5OFF,5,44102.8
5063,5318,5,,2026-08-21 14:15:53,2027-01-07,3,Confirmed,Website,,0,121965.0
5064,5319,38,7032.0,2026-06-26 14:09:37,2026-08-05,5,Completed,Mobile App,,0,40165.0
5065,5319,12,13484.0,2026-03-31 21:01:15,2026-04-22,4,Completed,Mobile App,,0,41396.0
5066,5321,46,,2026-06-21 11:15:44,2026-09-21,2,Confirmed,Website,TP10OFF,10,54797.4
5067,5321,29,1292.0,2024-12-06 15:41:48,2025-01-17,3,Completed,Website,,0,90828.0
5068,5324,36,,2026-08-26 17:18:38,2026-11-06,2,Confirmed,Website,TP5OFF,5,81914.7
5069,5325,97,6367.0,2026-08-15 18:26:00,2026-10-23,4,Confirmed,Website,,0,67836.0
5070,5329,42,11733.0,2023-12-30 01:37:45,2024-02-03,3,Completed,Mobile App,,0,116151.0
5071,5329,11,,2023-10-11 22:28:26,2023-11-28,2,Completed,Mobile App,TP15OFF,15,48167.8
5072,5330,56,,2026-04-03 04:27:33,2026-04-19,2,Completed,Mobile App,,0,33648.0
5073,5331,90,,2026-08-23 08:17:55,2026-12-24,5,Confirmed,Website,TP5OFF,5,98629.0
5074,5331,56,,2026-07-23 00:15:45,2026-08-16,1,Completed,Website,,0,16824.0
5075,5331,14,,2026-06-12 04:56:44,2026-11-23,4,Confirmed,Mobile App,,0,152812.0
5076,5331,93,,2025-07-27 05:29:23,2025-09-04,4,Cancelled,Mobile App,,0,71920.0
5077,5331,69,,2026-09-02 09:32:01,2026-09-14,3,Confirmed,Referral Link,TP10OFF,10,63882.0
5078,5334,77,,2026-08-25 09:07:31,2026-10-23,3,Confirmed,Website,TP5OFF,5,56831.85
5079,5334,61,4953.0,2026-08-06 12:53:30,2026-08-20,4,Cancelled,Referral Link,,0,76220.0
5080,5334,73,,2025-12-18 11:34:40,2026-01-25,4,Completed,Website,TP10OFF,10,93006.0
5081,5334,73,,2024-12-22 23:51:06,2025-01-07,5,Cancelled,Website,,0,129175.0
5082,5335,15,10609.0,2026-09-06 11:33:01,2027-01-25,3,Confirmed,Mobile App,,0,31401.0
5083,5335,21,2352.0,2025-11-03 21:35:35,2025-12-04,3,Completed,Website,,0,22227.0
5084,5337,75,10884.0,2026-06-25 06:26:37,2026-12-15,4,Confirmed,Website,,0,86808.0
5085,5337,12,11619.0,2025-05-12 20:48:00,2025-05-27,4,Cancelled,Mobile App,TP15OFF,15,35186.6
5086,5339,2,,2023-10-17 10:20:23,2023-12-06,3,Completed,Mobile App,TP10OFF,10,89270.1
5087,5340,23,,2026-09-03 15:21:13,2026-12-18,4,Confirmed,Referral Link,TP5OFF,5,148127.8
5088,5340,73,,2026-07-27 17:42:36,2026-12-12,5,Cancelled,Mobile App,,0,129175.0
5089,5340,14,,2024-04-05 20:08:29,2024-05-13,3,Completed,Website,,0,114609.0
5090,5340,48,,2026-07-03 07:21:23,2026-10-10,4,Confirmed,Website,,0,32160.0
5091,5343,72,,2025-12-12 21:32:38,2025-12-23,3,Completed,Website,,0,33351.0
5092,5343,62,12092.0,2026-09-03 21:50:56,2026-10-02,4,Confirmed,Website,,0,74748.0
5093,5344,44,9233.0,2026-06-26 01:51:06,2026-12-20,5,Confirmed,Mobile App,,0,33450.0
5094,5344,96,,2025-04-14 17:36:10,2025-05-02,4,Completed,Mobile App,,0,87244.0
5095,5346,81,8234.0,2026-07-27 02:18:53,2026-12-21,6,Confirmed,Mobile App,,0,151662.0
5096,5346,78,,2025-10-10 01:36:05,2025-10-26,4,Cancelled,Website,,0,80696.0
5097,5347,60,,2026-08-27 19:57:58,2027-01-25,2,Confirmed,Mobile App,,0,25810.0
5098,5347,78,13813.0,2026-06-14 00:46:50,2026-09-23,5,Confirmed,Referral Link,TP20OFF,20,80696.0
5099,5347,98,,2026-08-30 21:11:55,2026-11-25,5,Confirmed,Website,TP10OFF,10,69111.0
5100,5347,72,,2026-07-08 12:40:45,2026-10-06,4,Pending,Referral Link,TP5OFF,5,42244.6
5101,5347,5,,2026-06-19 02:46:12,2026-11-30,3,Pending,Referral Link,,0,121965.0
5102,5347,2,,2024-10-28 07:24:55,2024-12-17,4,Completed,Instagram,,0,132252.0
5103,5348,5,7000.0,2026-08-21 07:49:22,2027-02-13,2,Confirmed,Mobile App,,0,81310.0
5104,5349,48,,2025-09-29 21:20:57,2025-10-12,4,Completed,Website,,0,32160.0
5105,5350,8,,2024-10-01 02:41:56,2024-11-26,4,Completed,Mobile App,,0,139032.0
5106,5351,7,10150.0,2025-06-16 01:12:47,2025-08-13,3,Completed,Website,TP10OFF,10,35286.3
5107,5352,22,5882.0,2023-10-10 01:49:45,2023-11-01,3,Completed,Instagram,TP20OFF,20,21751.2
5108,5353,20,9336.0,2026-08-13 12:54:36,2026-11-04,3,Pending,Mobile App,,0,109815.0
5109,5354,25,13377.0,2026-06-30 19:05:26,2026-08-24,2,Completed,Website,TP10OFF,10,21335.4
5110,5359,91,,2026-06-26 08:37:31,2026-10-16,4,Confirmed,Referral Link,,0,51816.0
5111,5359,22,10628.0,2024-08-06 08:15:01,2024-08-13,2,Completed,Website,,0,18126.0
5112,5360,70,10642.0,2023-09-19 03:57:12,2023-10-04,2,Completed,Mobile App,,0,28648.0
5113,5361,69,4472.0,2024-01-13 18:35:52,2024-01-31,6,Completed,Website,,0,141960.0
5114,5362,6,6265.0,2025-12-22 05:29:02,2026-02-04,3,Completed,Referral Link,,0,26469.0
5115,5362,38,11026.0,2024-06-24 23:17:02,2024-08-12,2,Completed,Website,TP5OFF,5,15262.7
5116,5365,52,4357.0,2026-06-16 20:33:36,2026-07-10,3,Completed,Website,TP10OFF,10,82887.3
5117,5369,59,10246.0,2026-06-14 19:17:47,2026-10-05,6,Confirmed,Website,TP10OFF,10,108464.4
5118,5370,39,2769.0,2026-08-09 21:51:09,2026-12-14,2,Pending,Website,TP20OFF,20,11484.8
5119,5371,21,2581.0,2023-09-07 01:50:21,2023-09-22,3,Completed,Website,,0,22227.0
5120,5371,53,,2026-03-20 11:56:32,2026-05-11,3,Completed,Website,,0,34611.0
5121,5372,70,,2025-10-11 05:17:07,2025-10-29,2,Completed,Instagram,TP10OFF,10,25783.2
5122,5373,64,,2026-06-25 12:03:16,2026-09-30,4,Confirmed,Website,TP15OFF,15,55056.2
5123,5374,94,7815.0,2024-02-05 09:18:26,2024-03-02,3,Completed,Website,,0,36963.0
5124,5376,21,,2026-07-06 22:44:21,2026-08-10,4,Completed,Website,TP5OFF,5,28154.2
5125,5377,34,7311.0,2024-06-23 08:40:28,2024-08-19,5,Completed,Mobile App,TP15OFF,15,42045.25
5126,5377,13,6829.0,2024-10-04 07:18:24,2024-11-19,1,Completed,Instagram,TP10OFF,10,9696.6
5127,5379,98,13702.0,2025-04-06 15:26:32,2025-04-15,5,Completed,Website,,0,76790.0
5128,5380,27,10873.0,2026-07-08 23:25:13,2026-08-11,4,Cancelled,Website,,0,26784.0
5129,5380,93,6185.0,2026-07-05 17:19:19,2026-12-07,6,Confirmed,Website,,0,107880.0
5130,5381,68,,2026-06-04 17:30:34,2026-06-26,3,Completed,Website,TP5OFF,5,65949.0
5131,5382,27,3121.0,2026-06-11 06:44:23,2026-08-08,4,Completed,Mobile App,TP5OFF,5,25444.8
5132,5383,11,13252.0,2026-06-18 03:52:39,2026-09-17,3,Pending,Website,,0,85002.0
5133,5383,78,,2026-08-12 01:48:59,2027-02-06,5,Confirmed,Mobile App,,0,100870.0
5134,5384,44,3056.0,2026-09-05 11:36:44,2026-11-26,3,Confirmed,Mobile App,TP5OFF,5,19066.5
5135,5385,8,10193.0,2026-05-03 02:50:45,2026-06-21,4,Completed,Instagram,,0,139032.0
5136,5387,98,10745.0,2026-08-20 20:38:01,2026-09-25,3,Confirmed,Website,,0,46074.0
5137,5388,10,4782.0,2026-06-26 11:30:42,2026-12-15,2,Confirmed,Mobile App,,0,18944.0
5138,5390,46,,2026-07-19 14:48:54,2026-09-08,2,Confirmed,Website,,0,60886.0
5139,5392,61,,2026-07-02 13:06:46,2026-07-17,6,Completed,Website,,0,114330.0
5140,5392,20,,2026-06-17 05:38:39,2026-12-02,3,Cancelled,Website,TP5OFF,5,104324.25
5141,5393,6,11570.0,2026-08-30 09:35:38,2026-10-10,2,Confirmed,Website,,0,17646.0
5142,5397,39,14051.0,2026-02-09 05:25:12,2026-03-13,5,Completed,Website,,0,35890.0
5143,5398,82,,2026-09-01 17:15:42,2026-12-26,4,Confirmed,Website,,0,39384.0
5144,5398,4,,2026-01-12 03:41:25,2026-02-07,4,Completed,Mobile App,,0,33812.0
5145,5399,4,14437.0,2026-08-07 04:19:25,2026-12-09,3,Confirmed,Referral Link,TP10OFF,10,22823.1
5146,5399,19,7879.0,2026-09-01 07:17:13,2026-11-09,2,Confirmed,Website,TP10OFF,10,15906.6
5147,5401,98,13669.0,2026-08-27 16:56:33,2027-02-20,2,Confirmed,Referral Link,,0,30716.0
5148,5403,23,3014.0,2025-10-29 05:23:13,2025-12-21,2,Cancelled,Referral Link,,0,77962.0
5149,5403,15,11611.0,2025-07-27 09:30:11,2025-08-30,5,Completed,Website,,0,52335.0
5150,5404,75,,2023-09-10 19:48:39,2023-11-02,5,Completed,Referral Link,,0,108510.0
5151,5404,66,,2024-09-01 12:52:26,2024-10-07,6,Completed,Instagram,TP10OFF,10,167972.4
5152,5404,66,,2026-08-24 22:44:44,2026-10-20,3,Confirmed,Website,TP5OFF,5,88652.1
5153,5404,73,,2026-07-18 01:39:00,2026-12-01,4,Confirmed,Instagram,,0,103340.0
5154,5404,59,14949.0,2026-03-09 14:42:18,2026-03-28,3,Completed,Website,,0,60258.0
5155,5404,68,685.0,2026-04-30 17:04:41,2026-06-16,5,Completed,Instagram,,0,115700.0
5156,5406,94,2292.0,2024-12-25 05:20:21,2025-01-23,3,Completed,Mobile App,TP10OFF,10,33266.7
5157,5406,79,,2026-08-27 06:21:01,2026-12-19,3,Confirmed,Mobile App,TP5OFF,5,27622.2
5158,5407,6,9605.0,2026-06-13 03:00:29,2026-08-26,5,Completed,Mobile App,,0,44115.0
5159,5407,9,5447.0,2026-07-03 19:53:31,2026-12-04,2,Cancelled,Mobile App,TP15OFF,15,17061.2
5160,5408,26,10648.0,2026-08-16 15:04:26,2026-11-15,3,Confirmed,Mobile App,,0,77871.0
5161,5412,56,4482.0,2024-01-28 23:56:54,2024-02-27,5,Cancelled,Website,TP15OFF,15,71502.0
5162,5412,49,,2024-08-24 17:02:42,2024-10-09,3,Completed,Website,,0,34818.0
5163,5413,76,,2026-08-25 13:49:09,2027-01-09,4,Confirmed,Website,,0,61772.0
5164,5414,91,,2026-08-16 00:56:17,2026-08-29,3,Completed,Referral Link,TP10OFF,10,34975.8
5165,5415,75,,2026-06-17 19:03:29,2026-11-13,4,Pending,Mobile App,TP5OFF,5,82467.6
5166,5415,73,9577.0,2026-08-17 05:10:18,2027-01-05,3,Cancelled,Mobile App,,0,77505.0
5167,5416,96,,2023-12-01 19:11:36,2024-01-10,2,Completed,Instagram,,0,43622.0
5168,5417,68,4083.0,2025-03-28 11:47:32,2025-04-23,4,Completed,Website,,0,92560.0
5169,5417,5,,2024-10-22 18:37:59,2024-10-27,2,Completed,Website,,0,81310.0
5170,5417,17,10334.0,2026-07-20 21:32:37,2026-08-18,2,Cancelled,Mobile App,TP5OFF,5,77067.8
5171,5417,90,7756.0,2026-06-26 09:33:03,2026-12-01,3,Confirmed,Website,TP15OFF,15,52948.2
5172,5417,30,2831.0,2024-07-01 09:43:43,2024-07-07,5,Completed,Website,,0,45180.0
5173,5418,11,9717.0,2024-01-19 16:43:51,2024-02-02,4,Completed,Website,,0,113336.0
5174,5418,90,,2026-07-14 19:09:36,2026-10-09,5,Confirmed,Website,TP5OFF,5,98629.0
5175,5418,53,5917.0,2026-03-05 07:56:29,2026-04-30,5,Completed,Mobile App,,0,57685.0
5176,5419,88,,2025-01-16 06:12:28,2025-02-20,2,Cancelled,Website,,0,16222.0
5177,5421,68,,2026-06-13 04:28:20,2026-07-14,5,Completed,Website,TP10OFF,10,104130.0
5178,5422,78,,2026-08-23 10:54:53,2027-01-23,5,Confirmed,Website,TP15OFF,15,85739.5
5179,5423,61,,2023-10-10 14:22:14,2023-11-23,6,Completed,Website,,0,114330.0
5180,5423,61,2276.0,2026-08-05 13:06:16,2026-11-21,5,Confirmed,Mobile App,,0,95275.0
5181,5424,8,,2025-10-15 12:58:02,2025-12-14,3,Cancelled,Website,,0,104274.0
5182,5425,4,1296.0,2026-06-10 19:11:38,2026-06-25,3,Completed,Mobile App,TP10OFF,10,22823.1
5183,5426,85,5765.0,2026-07-16 06:43:59,2026-09-26,2,Confirmed,Mobile App,,0,17088.0
5184,5426,44,13400.0,2025-10-03 04:31:56,2025-11-01,5,Completed,Mobile App,,0,33450.0
5185,5427,91,,2024-07-07 20:08:36,2024-08-15,4,Cancelled,Mobile App,,0,51816.0
5186,5427,89,,2025-11-22 04:19:51,2026-01-13,4,Completed,Website,TP10OFF,10,29908.8
5187,5427,88,11287.0,2023-12-13 14:13:48,2024-01-08,2,Cancelled,Instagram,TP10OFF,10,14599.8
5188,5427,80,,2026-06-10 17:48:15,2026-11-08,3,Confirmed,Website,,0,19251.0
5189,5427,25,14966.0,2026-08-08 07:17:34,2027-01-01,4,Confirmed,Website,,0,47412.0
5190,5428,64,10962.0,2026-07-01 13:46:27,2026-11-25,2,Confirmed,Instagram,,0,32386.0
5191,5428,9,,2026-02-16 00:45:50,2026-03-21,3,Completed,Website,,0,30108.0
5192,5429,13,,2026-08-15 15:03:20,2026-10-17,2,Confirmed,Mobile App,,0,21548.0
5193,5430,13,,2024-11-05 10:56:56,2024-12-23,4,Completed,Mobile App,TP5OFF,5,40941.2
5194,5430,49,,2024-12-14 08:12:23,2025-02-03,4,Completed,Mobile App,TP5OFF,5,44102.8
5195,5430,7,,2026-07-30 14:26:54,2026-12-26,4,Pending,Website,,0,52276.0
5196,5430,91,,2024-10-27 19:28:50,2024-11-09,3,Completed,Website,TP10OFF,10,34975.8
5197,5430,88,12637.0,2025-03-12 18:26:21,2025-04-22,5,Cancelled,Instagram,,0,40555.0
5198,5432,59,,2024-12-06 06:35:28,2025-01-22,4,Completed,Website,,0,80344.0
5199,5433,57,15000.0,2026-07-14 08:23:29,2026-08-30,6,Completed,Mobile App,,0,140046.0
5200,5433,66,,2024-01-15 12:56:56,2024-02-18,4,Completed,Website,,0,124424.0
5201,5436,64,,2025-06-22 22:43:10,2025-07-23,3,Completed,Instagram,TP5OFF,5,46150.05
5202,5437,37,,2026-07-19 22:25:36,2026-08-04,4,Completed,Mobile App,,0,150964.0
5203,5438,49,,2026-07-29 01:01:29,2026-12-31,5,Confirmed,Website,,0,58030.0
5204,5438,49,,2026-06-14 12:38:41,2026-10-31,5,Cancelled,Mobile App,,0,58030.0
5205,5439,10,4691.0,2026-08-07 12:15:59,2026-12-13,2,Pending,Website,TP10OFF,10,17049.6
5206,5440,24,10970.0,2026-08-17 14:07:42,2026-09-26,2,Confirmed,Website,,0,19178.0
5207,5441,29,,2026-04-10 04:38:54,2026-05-22,4,Completed,Website,TP5OFF,5,115048.8
5208,5443,25,3062.0,2024-06-14 09:14:49,2024-06-30,4,Completed,Mobile App,,0,47412.0
5209,5443,85,5512.0,2026-09-04 02:24:59,2027-02-11,3,Confirmed,Referral Link,TP5OFF,5,24350.4
5210,5444,88,,2026-02-11 14:44:38,2026-03-30,4,Cancelled,Mobile App,TP5OFF,5,30821.8
5211,5444,10,6617.0,2026-08-15 06:12:11,2026-12-31,1,Confirmed,Website,,0,9472.0
5212,5445,81,5949.0,2024-11-01 15:04:15,2024-12-17,5,Completed,Website,,0,126385.0
5213,5446,79,4732.0,2026-08-17 13:20:13,2027-01-09,3,Confirmed,Website,TP10OFF,10,26168.4
5214,5447,33,9825.0,2026-07-28 02:06:38,2026-09-28,5,Cancelled,Referral Link,,0,55365.0
5215,5448,44,5060.0,2026-05-23 12:33:47,2026-07-06,2,Completed,Referral Link,,0,13380.0
5216,5448,22,14440.0,2026-08-19 05:45:08,2027-02-11,4,Confirmed,Website,,0,36252.0
5217,5449,54,,2023-11-12 05:31:03,2023-11-20,5,Completed,Mobile App,,0,58580.0
5218,5449,16,,2026-06-29 18:13:04,2026-11-05,4,Confirmed,Website,TP10OFF,10,39333.6
5219,5450,7,,2026-08-06 16:01:40,2026-09-28,1,Pending,Website,,0,13069.0
5220,5450,96,,2026-07-02 19:25:02,2026-07-15,4,Completed,Referral Link,TP10OFF,10,78519.6
5221,5451,82,,2026-08-12 13:21:05,2026-12-06,3,Confirmed,Website,,0,29538.0
5222,5453,75,7575.0,2025-12-04 19:44:23,2026-01-22,5,Completed,Website,,0,108510.0
5223,5455,67,,2026-05-23 03:50:47,2026-05-29,2,Completed,Website,TP10OFF,10,30112.2
5224,5456,48,3211.0,2026-08-14 05:43:12,2026-11-23,5,Confirmed,Website,,0,40200.0
5225,5457,1,,2024-06-13 19:43:38,2024-08-09,2,Completed,Website,,0,21974.0
5226,5457,70,,2023-10-21 10:34:33,2023-12-17,4,Completed,Website,,0,57296.0
5227,5458,58,,2025-03-25 20:24:31,2025-05-20,1,Completed,Referral Link,TP5OFF,5,11552.95
5228,5459,95,,2024-10-16 10:38:48,2024-11-11,3,Completed,Website,,0,21930.0
5229,5459,71,2854.0,2024-01-01 09:00:52,2024-02-11,3,Completed,Mobile App,TP10OFF,10,16240.5
5230,5460,76,,2026-08-02 15:33:22,2026-09-10,3,Pending,Website,,0,46329.0
5231,5461,35,5500.0,2026-07-01 08:53:26,2026-09-08,1,Pending,Website,,0,31003.0
5232,5461,95,14772.0,2026-08-02 20:13:10,2026-12-09,5,Confirmed,Website,TP5OFF,5,34722.5
5233,5462,75,,2026-07-21 11:51:48,2026-12-07,6,Confirmed,Mobile App,,0,130212.0
5234,5462,75,,2026-07-27 13:24:10,2026-11-06,6,Confirmed,Instagram,,0,130212.0
5235,5462,57,,2026-06-16 19:16:36,2026-07-16,6,Cancelled,Instagram,,0,140046.0
5236,5462,75,,2026-08-14 12:24:10,2026-12-07,3,Confirmed,Mobile App,,0,65106.0
5237,5462,66,13957.0,2025-11-27 18:41:19,2026-01-25,5,Completed,Mobile App,TP10OFF,10,139977.0
5238,5463,82,,2026-08-18 19:43:51,2026-11-28,4,Confirmed,Website,,0,39384.0
5239,5464,93,1609.0,2026-09-04 11:19:16,2027-02-16,5,Cancelled,Website,,0,89900.0
5240,5465,66,,2024-11-25 16:48:27,2024-12-11,3,Completed,Website,,0,93318.0
5241,5466,93,4227.0,2024-03-30 04:27:34,2024-05-22,6,Completed,Website,,0,107880.0
5242,5466,73,,2026-08-19 13:27:35,2026-10-07,3,Cancelled,Website,,0,77505.0
5243,5466,32,10905.0,2024-09-01 15:48:55,2024-10-03,4,Cancelled,Instagram,TP10OFF,10,93466.8
5244,5466,87,4983.0,2025-04-08 22:46:02,2025-05-09,6,Cancelled,Website,,0,130620.0
5245,5466,23,,2025-12-20 05:31:12,2025-12-25,2,Completed,Mobile App,,0,77962.0
5246,5466,11,6127.0,2025-05-04 01:20:44,2025-06-09,2,Completed,Website,TP10OFF,10,51001.2
5247,5467,22,,2024-10-12 15:12:05,2024-11-15,2,Completed,Mobile App,,0,18126.0
5248,5468,61,11349.0,2026-08-23 04:46:30,2026-12-09,6,Confirmed,Website,TP5OFF,5,108613.5
5249,5469,13,8316.0,2026-06-14 03:26:53,2026-12-06,1,Confirmed,Referral Link,,0,10774.0
5250,5472,96,,2026-08-04 12:25:22,2026-12-15,1,Confirmed,Referral Link,,0,21811.0
5251,5473,24,,2026-04-30 11:25:04,2026-05-23,3,Completed,Website,,0,28767.0
5252,5477,43,,2026-06-14 10:40:01,2026-11-09,4,Confirmed,Website,,0,44756.0
5253,5478,2,,2024-03-19 15:21:44,2024-04-03,4,Completed,Instagram,,0,132252.0
5254,5479,89,8789.0,2026-08-21 10:53:28,2026-11-14,2,Confirmed,Referral Link,TP5OFF,5,15785.2
5255,5479,21,14641.0,2024-11-16 06:12:46,2024-11-24,5,Completed,Referral Link,,0,37045.0
5256,5479,38,10867.0,2026-06-04 14:44:24,2026-07-29,2,Completed,Mobile App,TP5OFF,5,15262.7
5257,5479,43,6762.0,2026-06-29 17:46:27,2026-07-18,3,Completed,Mobile App,,0,33567.0
5258,5480,25,,2025-01-23 17:29:20,2025-02-24,2,Cancelled,Mobile App,TP5OFF,5,22520.7
5259,5483,23,,2024-07-11 23:41:00,2024-07-16,3,Completed,Mobile App,TP5OFF,5,111095.85
5260,5484,19,,2026-08-06 12:20:00,2026-09-09,2,Confirmed,Mobile App,TP15OFF,15,15022.9
5261,5485,26,7071.0,2026-04-09 11:32:34,2026-05-04,2,Completed,Website,TP5OFF,5,49318.3
5262,5487,44,,2023-11-08 21:26:26,2023-12-07,3,Cancelled,Instagram,TP10OFF,10,18063.0
5263,5489,54,,2026-06-11 18:46:48,2026-08-28,4,Completed,Instagram,,0,46864.0
5264,5490,91,10236.0,2026-08-12 10:05:29,2027-01-22,4,Confirmed,Website,,0,51816.0
5265,5490,79,,2026-06-27 09:49:39,2026-08-19,3,Cancelled,Website,,0,29076.0
5266,5491,50,9476.0,2026-07-22 14:48:41,2027-01-18,2,Confirmed,Website,,0,39034.0
5267,5491,27,2701.0,2026-07-13 21:36:11,2026-11-30,5,Confirmed,Mobile App,,0,33480.0
5268,5492,48,,2025-11-01 11:14:09,2025-12-29,5,Completed,Instagram,TP20OFF,20,32160.0
5269,5492,95,4595.0,2026-07-14 06:03:26,2026-09-15,3,Confirmed,Mobile App,,0,21930.0
5270,5492,80,10375.0,2026-08-14 15:02:20,2027-01-29,5,Confirmed,Mobile App,,0,32085.0
5271,5493,28,,2026-06-15 08:34:17,2026-10-29,1,Confirmed,Mobile App,TP10OFF,10,8419.5
5272,5494,33,,2023-11-08 14:49:47,2023-12-12,3,Completed,Instagram,,0,33219.0
5273,5498,24,13549.0,2026-02-02 21:03:47,2026-03-08,2,Completed,Mobile App,TP5OFF,5,18219.1
5274,5499,81,8059.0,2024-05-31 19:55:59,2024-06-15,5,Completed,Website,TP15OFF,15,107427.25
5275,5499,17,,2026-08-07 17:44:19,2026-12-21,2,Confirmed,Referral Link,,0,81124.0
5276,5500,44,1567.0,2026-07-06 22:01:08,2026-08-19,2,Completed,Website,,0,13380.0
5277,5501,8,,2026-07-15 11:29:08,2026-09-02,4,Completed,Mobile App,,0,139032.0
5278,5501,58,14934.0,2025-02-28 17:59:09,2025-04-26,3,Completed,Website,,0,36483.0
5279,5504,1,,2026-08-31 14:39:03,2026-11-24,2,Confirmed,Website,TP5OFF,5,20875.3
5280,5506,61,,2025-06-14 03:14:45,2025-06-24,3,Completed,Website,TP10OFF,10,51448.5
5281,5507,40,,2026-06-27 07:31:14,2026-07-12,2,Cancelled,Mobile App,,0,66298.0
5282,5509,79,,2025-01-19 03:24:10,2025-02-03,4,Completed,Mobile App,TP15OFF,15,32952.8
5283,5512,34,,2026-08-26 11:54:11,2026-10-30,2,Pending,Website,TP15OFF,15,16818.1
5284,5513,54,,2024-08-28 21:55:49,2024-09-25,2,Completed,Instagram,,0,23432.0
5285,5514,30,,2025-04-11 22:57:23,2025-05-03,5,Completed,Mobile App,,0,45180.0
5286,5515,43,,2026-08-12 06:25:46,2027-01-02,3,Confirmed,Mobile App,,0,33567.0
5287,5516,23,4905.0,2025-02-18 04:32:05,2025-04-02,4,Completed,Website,TP5OFF,5,148127.8
5288,5516,78,,2025-12-09 17:30:21,2025-12-17,6,Cancelled,Website,,0,121044.0
5289,5517,94,13261.0,2025-07-22 00:16:49,2025-09-15,4,Completed,Instagram,,0,49284.0
5290,5518,73,13071.0,2025-04-04 12:57:00,2025-05-31,4,Completed,Mobile App,,0,103340.0
5291,5519,62,,2024-03-22 23:24:41,2024-05-16,5,Completed,Mobile App,,0,93435.0
5292,5520,63,3787.0,2023-10-20 22:10:07,2023-11-13,2,Completed,Website,TP15OFF,15,28859.2
5293,5520,35,,2026-08-01 22:54:37,2026-10-31,1,Confirmed,Website,,0,31003.0
5294,5523,65,,2026-08-10 07:17:38,2026-11-15,5,Confirmed,Website,,0,87690.0
5295,5525,24,,2025-01-31 19:42:08,2025-02-06,3,Completed,Referral Link,,0,28767.0
5296,5526,69,,2024-06-16 05:30:04,2024-08-10,4,Completed,Mobile App,,0,94640.0
5297,5528,73,,2025-04-18 19:44:02,2025-06-15,4,Completed,Referral Link,,0,103340.0
5298,5528,77,,2023-10-09 13:29:56,2023-10-30,5,Completed,Mobile App,,0,99705.0
5299,5529,22,11854.0,2024-02-19 02:53:45,2024-04-16,3,Completed,Mobile App,TP5OFF,5,25829.55
5300,5530,19,14796.0,2026-07-21 20:55:32,2026-11-03,2,Pending,Website,TP20OFF,20,14139.2
5301,5531,66,,2024-07-30 21:10:34,2024-09-21,6,Completed,Referral Link,,0,186636.0
5302,5532,73,,2024-03-03 05:19:59,2024-04-15,3,Completed,Referral Link,,0,77505.0
5303,5533,53,5756.0,2026-07-13 08:48:46,2026-12-30,5,Cancelled,Referral Link,,0,57685.0
5304,5533,53,5461.0,2024-05-19 12:38:59,2024-06-19,5,Completed,Mobile App,,0,57685.0
5305,5534,10,,2026-07-28 03:24:58,2026-10-14,1,Pending,Mobile App,TP10OFF,10,8524.8
5306,5536,41,,2026-08-02 00:33:48,2026-12-10,2,Confirmed,Mobile App,,0,97660.0
5307,5538,13,14087.0,2025-09-02 00:28:18,2025-09-27,4,Completed,Referral Link,TP15OFF,15,36631.6
5308,5538,39,13751.0,2026-06-18 06:24:02,2026-09-09,2,Confirmed,Mobile App,,0,14356.0
5309,5538,96,,2025-10-22 05:09:21,2025-12-15,4,Cancelled,Mobile App,TP5OFF,5,82881.8
5310,5538,28,,2026-07-18 02:21:06,2026-10-31,2,Confirmed,Website,TP10OFF,10,16839.0
5311,5539,21,,2026-08-26 02:56:21,2027-02-11,5,Confirmed,Mobile App,,0,37045.0
5312,5540,45,,2026-04-01 02:30:10,2026-05-26,2,Completed,Mobile App,,0,67618.0
5313,5541,92,10082.0,2024-10-15 14:40:30,2024-11-08,2,Completed,Mobile App,,0,14814.0
5314,5542,51,5777.0,2026-08-18 14:19:18,2026-10-10,2,Confirmed,Mobile App,,0,73474.0
5315,5546,52,,2025-01-07 08:09:33,2025-02-24,3,Cancelled,Website,TP5OFF,5,87492.15
5316,5547,66,,2026-08-02 22:11:47,2026-09-13,3,Confirmed,Referral Link,,0,93318.0
5317,5547,57,7741.0,2026-08-02 04:38:32,2026-11-16,6,Pending,Instagram,,0,140046.0
5318,5548,95,,2026-08-08 17:30:36,2026-09-26,2,Confirmed,Website,,0,14620.0
5319,5550,54,11812.0,2025-01-06 07:34:25,2025-02-16,3,Completed,Website,,0,35148.0
5320,5550,28,,2026-08-31 01:29:14,2026-12-25,2,Confirmed,Mobile App,,0,18710.0
5321,5551,80,,2026-08-22 14:02:52,2026-11-10,3,Pending,Website,TP5OFF,5,18288.45
5322,5551,92,,2026-06-15 20:02:14,2026-07-27,5,Completed,Mobile App,TP5OFF,5,35183.25
5323,5551,70,,2026-09-01 11:37:32,2027-02-04,5,Confirmed,Website,TP5OFF,5,68039.0
5324,5553,73,9746.0,2026-06-01 20:38:38,2026-06-11,3,Completed,Instagram,,0,77505.0
5325,5554,49,5571.0,2026-07-20 15:56:38,2026-09-08,4,Confirmed,Referral Link,,0,46424.0
5326,5555,26,,2026-07-26 14:41:42,2026-10-17,4,Pending,Website,,0,103828.0
5327,5555,78,7283.0,2026-08-22 23:59:18,2027-01-15,3,Confirmed,Website,TP5OFF,5,57495.9
5328,5557,77,6377.0,2026-08-14 19:37:24,2026-10-09,6,Confirmed,Mobile App,TP10OFF,10,107681.4
5329,5559,15,,2025-08-29 00:25:03,2025-09-17,4,Completed,Website,,0,41868.0
5330,5559,3,,2026-08-30 20:27:32,2026-12-14,2,Pending,Mobile App,TP5OFF,5,12389.9
5331,5559,6,1651.0,2026-07-21 20:24:17,2026-10-11,2,Confirmed,Website,,0,17646.0
5332,5559,77,,2026-08-02 21:53:36,2026-09-16,6,Confirmed,Website,,0,119646.0
5333,5559,38,,2026-07-17 18:46:28,2026-08-30,2,Cancelled,Website,TP15OFF,15,13656.1
5334,5559,30,13927.0,2026-08-04 09:29:53,2026-09-23,4,Confirmed,Mobile App,,0,36144.0
5335,5560,31,11625.0,2026-06-27 20:00:07,2026-10-04,2,Confirmed,Mobile App,,0,80496.0
5336,5560,26,9133.0,2026-06-22 12:41:57,2026-07-15,2,Completed,Mobile App,TP5OFF,5,49318.3
5337,5561,7,,2026-08-05 07:07:29,2026-11-28,1,Confirmed,Mobile App,,0,13069.0
5338,5561,1,,2024-02-26 07:44:33,2024-04-02,1,Completed,Mobile App,,0,10987.0
5339,5561,94,12675.0,2026-07-01 14:07:11,2026-11-26,2,Confirmed,Mobile App,,0,24642.0
5340,5561,88,14715.0,2026-07-14 10:59:06,2027-01-02,3,Confirmed,Website,,0,24333.0
5341,5561,54,11740.0,2023-12-16 23:03:40,2024-02-07,2,Completed,Website,TP15OFF,15,19917.2
5342,5561,96,,2026-07-18 12:14:47,2026-10-09,4,Pending,Referral Link,,0,87244.0
5343,5562,28,3401.0,2026-08-17 18:33:50,2026-10-06,4,Confirmed,Website,TP10OFF,10,33678.0
5344,5562,49,8151.0,2026-07-16 23:44:12,2026-08-06,4,Completed,Website,TP15OFF,15,39460.4
5345,5563,8,11598.0,2026-08-25 17:47:44,2026-11-08,4,Confirmed,Mobile App,,0,139032.0
5346,5563,5,10032.0,2024-02-06 22:56:02,2024-02-23,4,Completed,Mobile App,TP5OFF,5,154489.0
5347,5563,93,,2026-06-29 06:02:19,2026-12-12,3,Pending,Website,,0,53940.0
5348,5563,52,,2026-07-02 18:25:50,2026-12-09,4,Pending,Website,,0,122796.0
5349,5563,76,,2026-06-10 16:04:17,2026-10-14,2,Confirmed,Instagram,,0,30886.0
5350,5563,60,,2026-08-03 20:00:01,2026-11-23,1,Confirmed,Instagram,,0,12905.0
5351,5565,19,,2026-09-03 04:48:34,2026-10-18,1,Confirmed,Website,TP15OFF,15,7511.45
5352,5566,68,,2026-07-24 10:56:35,2026-10-10,5,Confirmed,Instagram,,0,115700.0
5353,5566,75,279.0,2026-06-09 21:06:05,2026-09-28,3,Confirmed,Instagram,TP15OFF,15,55340.1
5354,5568,20,,2026-07-17 04:18:39,2026-07-28,3,Completed,Referral Link,,0,109815.0
5355,5569,5,,2023-10-13 00:25:09,2023-11-30,3,Completed,Instagram,TP10OFF,10,109768.5
5356,5572,98,,2024-04-09 14:27:31,2024-05-08,3,Completed,Referral Link,,0,46074.0
5357,5573,14,,2024-10-26 07:51:14,2024-11-07,3,Completed,Website,,0,114609.0
5358,5575,69,12387.0,2026-08-05 07:18:18,2027-01-21,5,Cancelled,Instagram,TP10OFF,10,106470.0
5359,5575,59,13852.0,2026-06-27 09:01:45,2026-11-12,4,Confirmed,Referral Link,TP10OFF,10,72309.6
5360,5579,42,,2026-03-17 14:23:55,2026-05-12,2,Completed,Mobile App,,0,77434.0
5361,5580,59,,2026-06-17 20:17:09,2026-09-25,6,Confirmed,Mobile App,TP10OFF,10,108464.4
5362,5580,66,,2023-12-30 04:47:33,2024-02-05,5,Completed,Mobile App,TP5OFF,5,147753.5
5363,5581,58,,2026-03-25 23:53:22,2026-04-20,1,Completed,Mobile App,,0,12161.0
5364,5581,91,6301.0,2025-01-12 15:31:53,2025-01-29,3,Completed,Mobile App,,0,38862.0
5365,5581,19,,2023-09-12 11:39:35,2023-10-31,3,Completed,Website,,0,26511.0
5366,5581,65,,2026-08-15 02:38:25,2027-01-24,4,Confirmed,Mobile App,,0,70152.0
5367,5581,97,,2026-07-10 16:47:26,2026-09-15,4,Confirmed,Referral Link,TP10OFF,10,61052.4
5368,5581,95,,2026-08-03 22:52:30,2026-12-30,3,Pending,Website,TP20OFF,20,17544.0
5369,5583,8,8072.0,2026-09-06 05:02:07,2026-12-03,3,Pending,Website,TP5OFF,5,99060.3
5370,5584,77,8673.0,2026-07-23 17:11:01,2026-09-21,6,Confirmed,Mobile App,,0,119646.0
5371,5585,33,11693.0,2026-01-28 05:57:14,2026-02-10,3,Completed,Mobile App,,0,33219.0
5372,5586,86,,2026-08-19 17:52:44,2026-12-26,4,Confirmed,Website,,0,30624.0
5373,5586,12,1589.0,2026-07-09 10:44:24,2026-11-06,2,Confirmed,Mobile App,,0,20698.0
5374,5594,26,,2025-02-18 23:53:14,2025-03-03,3,Completed,Website,,0,77871.0
5375,5596,84,8781.0,2026-07-09 07:28:03,2026-07-30,3,Completed,Website,,0,65286.0
5376,5596,47,2828.0,2026-08-03 14:58:09,2026-09-11,4,Confirmed,Website,,0,121320.0
5377,5596,52,4532.0,2024-07-02 23:16:51,2024-07-26,4,Completed,Website,TP15OFF,15,104376.6
5378,5596,81,,2026-06-15 14:42:22,2026-08-04,5,Cancelled,Referral Link,TP20OFF,20,101108.0
5379,5596,76,,2026-07-04 12:14:51,2026-09-01,2,Cancelled,Mobile App,TP5OFF,5,29341.7
5380,5597,78,2634.0,2026-07-10 19:32:33,2026-11-05,6,Confirmed,Mobile App,,0,121044.0
5381,5598,49,8442.0,2025-06-04 10:30:55,2025-07-02,4,Completed,Website,TP15OFF,15,39460.4
5382,5599,4,,2026-06-14 16:32:30,2026-10-24,1,Confirmed,Website,,0,8453.0
5383,5602,69,,2026-04-03 13:16:05,2026-04-26,3,Completed,Website,,0,70980.0
5384,5603,12,12544.0,2026-08-24 13:04:15,2026-11-19,4,Pending,Website,,0,41396.0
5385,5604,52,,2023-12-14 10:27:50,2024-01-02,2,Completed,Website,,0,61398.0
5386,5608,78,,2023-11-09 14:16:11,2023-12-11,3,Completed,Mobile App,TP10OFF,10,54469.8
5387,5609,8,5051.0,2026-05-10 23:34:48,2026-06-08,2,Completed,Mobile App,,0,69516.0
5388,5609,68,2993.0,2026-05-04 05:18:02,2026-06-03,3,Completed,Website,TP10OFF,10,62478.0
5389,5610,2,10240.0,2026-07-09 11:23:09,2026-10-18,2,Pending,Mobile App,TP20OFF,20,52900.8
5390,5611,96,,2026-08-05 13:16:47,2026-12-14,4,Confirmed,Instagram,,0,87244.0
5391,5612,87,,2026-06-30 18:58:15,2026-07-26,5,Completed,Website,TP10OFF,10,97965.0
5392,5612,11,10183.0,2026-02-27 22:00:25,2026-03-06,4,Completed,Website,,0,113336.0
5393,5613,10,5841.0,2026-01-04 10:35:34,2026-01-11,3,Completed,Website,TP20OFF,20,22732.8
5394,5614,59,10788.0,2026-06-23 10:05:04,2026-07-20,3,Cancelled,Mobile App,TP15OFF,15,51219.3
5395,5615,56,,2026-07-10 07:14:13,2026-12-01,1,Confirmed,Website,TP20OFF,20,13459.2
5396,5616,22,,2026-08-19 17:42:11,2026-12-01,2,Cancelled,Mobile App,,0,18126.0
5397,5621,57,,2025-05-28 06:35:40,2025-06-06,3,Completed,Mobile App,,0,70023.0
5398,5623,26,,2024-04-26 04:15:16,2024-05-01,2,Completed,Website,TP15OFF,15,44126.9
5399,5624,22,10879.0,2026-09-02 08:32:54,2026-09-21,3,Confirmed,Mobile App,,0,27189.0
5400,5624,85,,2025-10-30 10:54:54,2025-11-28,3,Completed,Mobile App,TP10OFF,10,23068.8
5401,5624,96,7829.0,2026-06-10 21:55:27,2026-09-02,3,Completed,Website,,0,65433.0
5402,5624,25,13831.0,2024-12-12 06:29:57,2025-02-06,3,Completed,Mobile App,,0,35559.0
5403,5626,4,5494.0,2026-08-02 16:28:04,2026-09-11,2,Confirmed,Website,TP10OFF,10,15215.4
5404,5628,58,,2025-10-14 07:02:41,2025-12-09,5,Cancelled,Mobile App,,0,60805.0
5405,5628,72,,2023-09-11 13:04:41,2023-09-22,3,Completed,Referral Link,TP10OFF,10,30015.9
5406,5629,5,14599.0,2025-04-30 16:54:01,2025-05-21,3,Completed,Mobile App,TP5OFF,5,115866.75
5407,5629,2,,2026-06-21 04:38:51,2026-11-19,4,Confirmed,Mobile App,TP15OFF,15,112414.2
5408,5630,39,,2026-08-19 05:51:30,2026-12-28,5,Confirmed,Mobile App,,0,35890.0
5409,5632,68,383.0,2023-10-09 17:04:02,2023-11-24,5,Completed,Website,,0,115700.0
5410,5634,23,1722.0,2023-11-29 05:55:30,2024-01-28,4,Completed,Website,TP10OFF,10,140331.6
5411,5634,69,,2026-06-23 00:16:11,2026-09-10,6,Confirmed,Referral Link,TP5OFF,5,134862.0
5412,5635,79,,2026-06-14 17:09:23,2026-11-21,4,Pending,Website,TP15OFF,15,32952.8
5413,5637,4,,2026-07-30 19:12:20,2026-08-12,1,Completed,Mobile App,,0,8453.0
5414,5642,62,8218.0,2026-06-15 15:30:31,2026-10-03,5,Confirmed,Referral Link,TP10OFF,10,84091.5
5415,5643,91,,2026-07-16 13:48:30,2026-09-17,5,Confirmed,Website,,0,64770.0
5416,5645,73,,2026-08-28 18:58:30,2027-01-28,4,Confirmed,Mobile App,,0,103340.0
5417,5645,75,,2026-08-08 10:40:01,2026-09-21,5,Confirmed,Mobile App,TP5OFF,5,103084.5
5418,5645,75,5579.0,2026-08-20 22:06:44,2027-01-09,4,Confirmed,Referral Link,,0,86808.0
5419,5645,61,,2026-08-31 23:53:40,2026-09-21,6,Confirmed,Instagram,TP10OFF,10,102897.0
5420,5647,32,,2026-07-07 11:48:41,2026-12-15,2,Confirmed,Mobile App,,0,51926.0
5421,5647,32,1831.0,2025-07-31 08:30:25,2025-09-13,4,Completed,Mobile App,,0,103852.0
5422,5648,73,,2026-08-17 00:43:05,2026-12-14,5,Confirmed,Mobile App,,0,129175.0
5423,5649,26,13178.0,2026-06-29 16:58:49,2026-12-19,3,Confirmed,Mobile App,,0,77871.0
5424,5649,43,617.0,2024-11-25 10:15:40,2025-01-11,2,Completed,Website,,0,22378.0
5425,5650,17,,2026-07-04 23:53:31,2026-11-05,3,Confirmed,Mobile App,TP5OFF,5,115601.7
5426,5650,41,,2026-06-12 14:31:03,2026-10-02,2,Confirmed,Mobile App,TP5OFF,5,92777.0
5427,5652,75,3600.0,2025-01-12 23:51:56,2025-02-16,3,Completed,Website,,0,65106.0
5428,5655,59,8871.0,2025-10-12 01:21:17,2025-11-21,5,Cancelled,Website,,0,100430.0
5429,5655,24,,2026-07-13 02:46:44,2026-09-07,2,Pending,Instagram,,0,19178.0
5430,5658,75,4221.0,2025-02-20 01:27:36,2025-03-18,6,Completed,Website,,0,130212.0
5431,5659,39,8271.0,2026-08-24 09:02:31,2026-10-09,4,Pending,Website,TP15OFF,15,24405.2
5432,5660,61,,2026-06-28 17:06:13,2026-07-08,5,Completed,Website,TP20OFF,20,76220.0
5433,5663,82,,2024-03-29 00:38:53,2024-04-30,2,Completed,Website,TP15OFF,15,16738.2
5434,5663,91,1682.0,2026-08-24 00:21:05,2026-09-30,5,Confirmed,Mobile App,TP5OFF,5,61531.5
5435,5664,19,5118.0,2026-08-19 02:09:56,2026-09-25,3,Pending,Website,,0,26511.0
5436,5664,19,3038.0,2026-07-01 21:45:23,2026-08-18,4,Completed,Mobile App,,0,35348.0
5437,5665,10,,2026-06-09 19:36:25,2026-08-18,4,Completed,Referral Link,,0,37888.0
5438,5665,88,13195.0,2024-09-15 08:46:54,2024-11-09,3,Completed,Mobile App,,0,24333.0
5439,5665,39,6563.0,2026-07-31 11:01:16,2027-01-27,5,Confirmed,Instagram,TP10OFF,10,32301.0
5440,5665,76,11949.0,2026-07-07 09:06:49,2026-07-17,3,Completed,Website,TP15OFF,15,39379.65
5441,5665,54,3819.0,2026-06-14 22:44:51,2026-10-01,2,Confirmed,Website,,0,23432.0
5442,5665,97,7426.0,2026-01-12 05:10:49,2026-02-18,5,Completed,Mobile App,TP5OFF,5,80555.25
5443,5669,22,6169.0,2025-11-30 15:55:25,2025-12-11,1,Completed,Referral Link,,0,9063.0
5444,5671,37,,2025-07-04 16:30:36,2025-09-01,4,Cancelled,Website,,0,150964.0
5445,5672,27,8521.0,2025-10-09 13:47:45,2025-10-22,5,Completed,Mobile App,,0,33480.0
5446,5672,21,11969.0,2026-07-14 21:34:12,2026-08-08,5,Completed,Website,TP5OFF,5,35192.75
5447,5672,73,10293.0,2026-07-28 22:02:35,2026-11-21,5,Confirmed,Website,,0,129175.0
5448,5672,20,,2025-11-11 00:26:51,2025-12-18,3,Completed,Website,TP20OFF,20,87852.0
5449,5673,28,,2026-08-23 04:39:21,2026-11-07,3,Pending,Website,TP5OFF,5,26661.75
5450,5675,94,,2026-08-07 22:48:54,2026-11-13,2,Confirmed,Instagram,,0,24642.0
5451,5675,28,6422.0,2026-07-03 08:49:56,2026-10-04,1,Confirmed,Mobile App,,0,9355.0
5452,5676,49,,2023-11-02 05:55:35,2023-12-16,3,Completed,Referral Link,TP20OFF,20,27854.4
5453,5677,65,7787.0,2026-08-26 23:02:27,2026-10-27,1,Confirmed,Mobile App,TP15OFF,15,14907.3
5454,5681,2,9416.0,2025-02-11 09:32:59,2025-03-29,3,Completed,Mobile App,,0,99189.0
5455,5681,48,2091.0,2023-10-03 12:47:47,2023-12-01,2,Completed,Website,TP15OFF,15,13668.0
5456,5688,3,12950.0,2026-08-24 23:41:22,2026-09-21,4,Cancelled,Mobile App,TP15OFF,15,22171.4
5457,5689,1,,2026-08-07 00:19:25,2026-08-30,4,Cancelled,Referral Link,TP10OFF,10,39553.2
5458,5690,53,,2026-07-06 10:59:35,2026-12-07,3,Confirmed,Mobile App,,0,34611.0
5459,5692,98,11335.0,2026-06-28 11:28:01,2026-08-16,3,Completed,Instagram,TP10OFF,10,41466.6
5460,5693,97,6941.0,2026-07-29 00:02:13,2026-08-29,4,Completed,Website,,0,67836.0
5461,5695,19,,2026-08-07 09:24:31,2026-08-17,3,Completed,Instagram,,0,26511.0
5462,5696,79,,2024-02-10 14:17:04,2024-03-30,5,Completed,Website,,0,48460.0
5463,5697,42,,2026-03-23 03:42:38,2026-04-13,3,Completed,Website,,0,116151.0
5464,5697,23,,2026-07-05 11:29:08,2026-10-20,4,Confirmed,Mobile App,,0,155924.0
5465,5699,56,,2026-08-06 13:59:55,2026-08-31,1,Completed,Mobile App,,0,16824.0
5466,5700,72,,2026-07-05 10:37:12,2026-07-12,1,Completed,Website,,0,11117.0
5467,5700,8,9490.0,2026-07-02 20:17:24,2026-09-19,2,Pending,Mobile App,TP15OFF,15,59088.6
5468,5700,37,,2025-09-07 22:21:24,2025-10-11,3,Completed,Referral Link,TP10OFF,10,101900.7
5469,5700,46,,2024-08-17 19:54:50,2024-09-05,2,Completed,Website,,0,60886.0
5470,5701,18,10576.0,2026-01-24 08:51:03,2026-02-03,2,Cancelled,Website,,0,12424.0
5471,5702,41,8760.0,2026-06-11 02:58:38,2026-07-02,2,Cancelled,Website,TP10OFF,10,87894.0
5472,5703,61,4144.0,2026-07-09 00:35:11,2026-07-25,5,Completed,Website,TP5OFF,5,90511.25
5473,5704,89,12428.0,2023-10-21 09:53:04,2023-11-06,3,Completed,Instagram,,0,24924.0
5474,5704,4,10290.0,2026-06-17 12:41:56,2026-12-04,2,Confirmed,Website,TP15OFF,15,14370.1
5475,5704,44,9460.0,2026-09-03 08:11:03,2026-09-22,4,Confirmed,Website,TP5OFF,5,25422.0
5476,5705,5,,2023-12-24 16:22:28,2024-02-05,2,Completed,Website,,0,81310.0
5477,5706,87,3127.0,2026-06-17 11:51:19,2026-12-05,5,Confirmed,Referral Link,TP10OFF,10,97965.0
5478,5706,17,,2025-04-22 10:55:03,2025-06-02,4,Completed,Mobile App,TP20OFF,20,129798.4
5479,5707,73,,2024-07-15 12:44:02,2024-09-06,6,Completed,Mobile App,TP15OFF,15,131758.5
5480,5707,57,,2026-08-24 05:12:56,2026-12-11,4,Cancelled,Website,TP10OFF,10,84027.6
5481,5708,93,,2026-06-13 11:12:36,2026-07-21,6,Completed,Mobile App,TP15OFF,15,91698.0
5482,5708,52,,2026-08-11 08:31:19,2026-10-26,4,Confirmed,Mobile App,,0,122796.0
5483,5709,14,,2026-03-31 15:13:38,2026-05-16,4,Completed,Referral Link,,0,152812.0
5484,5709,21,11044.0,2026-01-06 11:00:51,2026-02-06,4,Completed,Mobile App,,0,29636.0
5485,5709,20,12222.0,2026-08-06 14:53:27,2026-12-05,2,Pending,Website,,0,73210.0
5486,5709,12,3017.0,2025-06-26 06:10:50,2025-07-25,2,Completed,Website,TP5OFF,5,19663.1
5487,5709,37,,2025-07-19 02:30:24,2025-07-25,4,Completed,Website,TP5OFF,5,143415.8
5488,5709,61,,2026-08-15 15:22:59,2027-02-06,3,Confirmed,Mobile App,,0,57165.0
5489,5710,29,,2026-08-24 08:14:16,2026-11-11,3,Pending,Website,TP10OFF,10,81745.2
5490,5712,25,14854.0,2026-07-03 04:17:35,2026-08-06,4,Completed,Website,,0,47412.0
5491,5713,16,,2023-11-25 06:31:23,2024-01-08,4,Cancelled,Instagram,TP5OFF,5,41518.8
5492,5715,22,9340.0,2026-07-18 13:28:26,2026-11-20,1,Confirmed,Instagram,TP20OFF,20,7250.4
5493,5715,67,1078.0,2025-05-11 06:30:42,2025-06-05,4,Completed,Website,,0,66916.0
5494,5716,57,,2026-07-31 10:46:55,2027-01-11,4,Confirmed,Website,TP5OFF,5,88695.8
5495,5718,77,10811.0,2023-12-10 09:50:59,2023-12-23,4,Completed,Website,,0,79764.0
5496,5718,93,,2025-04-04 01:47:28,2025-04-15,6,Completed,Mobile App,TP15OFF,15,91698.0
5497,5719,88,,2026-08-08 05:50:10,2026-09-03,5,Completed,Website,,0,40555.0
5498,5719,91,,2026-07-01 12:08:08,2026-10-08,3,Confirmed,Website,,0,38862.0
5499,5720,66,8122.0,2026-06-22 10:54:01,2026-07-05,5,Completed,Website,,0,155530.0
5500,5720,73,8451.0,2026-06-23 16:19:22,2026-09-06,3,Completed,Mobile App,TP10OFF,10,69754.5
5501,5720,61,,2026-06-21 01:35:19,2026-12-01,3,Confirmed,Website,TP15OFF,15,48590.25
5502,5720,73,,2025-01-25 08:32:40,2025-03-08,5,Completed,Website,,0,129175.0
5503,5720,57,7284.0,2025-02-21 03:11:11,2025-03-21,4,Completed,Mobile App,,0,93364.0
5504,5720,75,,2026-08-06 12:18:06,2026-08-21,4,Cancelled,Mobile App,,0,86808.0
5505,5721,58,13790.0,2026-07-04 20:42:43,2026-09-12,4,Confirmed,Referral Link,TP20OFF,20,38915.2
5506,5723,96,8518.0,2026-07-29 18:28:41,2026-09-15,4,Confirmed,Mobile App,,0,87244.0
5507,5724,10,8420.0,2026-08-16 00:47:32,2026-09-17,2,Confirmed,Website,,0,18944.0
5508,5725,78,10156.0,2024-03-18 16:14:55,2024-04-09,6,Completed,Instagram,,0,121044.0
5509,5726,40,,2026-09-02 15:04:36,2026-11-05,1,Confirmed,Website,TP10OFF,10,29834.1
5510,5726,12,12249.0,2026-07-13 13:16:36,2026-11-02,5,Confirmed,Referral Link,TP5OFF,5,49157.75
5511,5727,30,4985.0,2026-06-30 00:31:48,2026-12-05,3,Confirmed,Instagram,TP5OFF,5,25752.6
5512,5727,35,,2026-09-05 05:04:38,2027-02-17,1,Confirmed,Website,TP20OFF,20,24802.4
5513,5727,38,,2026-02-28 06:47:25,2026-04-08,5,Completed,Mobile App,TP5OFF,5,38156.75
5514,5727,48,6071.0,2024-11-06 22:19:47,2025-01-04,5,Completed,Mobile App,TP10OFF,10,36180.0
5515,5727,43,10258.0,2026-07-12 10:08:35,2026-09-25,2,Confirmed,Mobile App,,0,22378.0
5516,5730,28,,2026-07-01 08:16:52,2026-12-10,1,Pending,Referral Link,TP5OFF,5,8887.25
5517,5732,82,,2026-06-24 14:20:23,2026-07-11,5,Cancelled,Mobile App,,0,49230.0
5518,5735,9,80.0,2026-08-27 22:27:18,2026-09-17,4,Confirmed,Mobile App,,0,40144.0
5519,5736,74,,2025-01-18 04:50:11,2025-02-15,2,Completed,Website,TP15OFF,15,18429.7
5520,5736,63,12244.0,2026-07-01 05:01:12,2026-12-01,2,Confirmed,Mobile App,TP10OFF,10,30556.8
5521,5736,70,,2026-06-16 05:56:05,2026-10-19,4,Pending,Mobile App,,0,57296.0
5522,5736,19,10289.0,2023-12-11 16:17:11,2023-12-22,2,Cancelled,Mobile App,TP10OFF,10,15906.6
5523,5736,89,,2026-09-05 00:03:58,2027-02-27,4,Confirmed,Mobile App,TP15OFF,15,28247.2
5524,5736,79,,2026-07-04 21:55:16,2026-08-22,4,Completed,Website,,0,38768.0
5525,5737,7,14594.0,2026-06-13 12:21:46,2026-11-12,1,Confirmed,Website,TP5OFF,5,12415.55
5526,5737,28,,2026-08-15 11:34:33,2026-08-26,1,Completed,Mobile App,TP20OFF,20,7484.0
5527,5737,62,2077.0,2026-08-07 15:59:30,2026-09-14,5,Confirmed,Website,TP10OFF,10,84091.5
5528,5737,44,10516.0,2024-06-30 23:17:22,2024-08-03,2,Completed,Website,TP10OFF,10,12042.0
5529,5737,54,3616.0,2026-06-22 07:51:48,2026-08-30,5,Completed,Website,TP15OFF,15,49793.0
5530,5740,17,,2026-06-11 23:59:05,2026-10-14,2,Confirmed,Website,,0,81124.0
5531,5741,40,12060.0,2024-04-12 20:36:25,2024-06-08,2,Completed,Instagram,,0,66298.0
5532,5741,50,,2026-06-08 14:12:49,2026-07-24,2,Completed,Mobile App,,0,39034.0
5533,5744,75,,2026-07-04 23:18:18,2026-07-22,6,Completed,Referral Link,,0,130212.0
5534,5745,84,4819.0,2026-08-03 13:32:49,2026-09-10,3,Pending,Mobile App,,0,65286.0
5535,5747,8,,2026-07-02 15:34:08,2026-11-21,3,Confirmed,Mobile App,TP5OFF,5,99060.3
5536,5748,67,,2026-07-18 08:58:25,2026-09-02,4,Completed,Website,TP5OFF,5,63570.2
5537,5748,31,,2024-01-30 00:54:30,2024-03-19,2,Completed,Instagram,TP15OFF,15,68421.6
5538,5749,2,1227.0,2025-06-13 02:27:02,2025-08-09,3,Cancelled,Website,,0,99189.0
5539,5750,69,,2024-05-23 01:44:03,2024-06-13,5,Completed,Mobile App,,0,118300.0
5540,5752,26,,2026-09-02 22:20:45,2026-10-31,4,Pending,Website,,0,103828.0
5541,5753,38,,2026-03-15 14:34:24,2026-04-17,3,Completed,Website,,0,24099.0
5542,5753,95,,2026-06-24 00:51:15,2026-11-18,4,Confirmed,Mobile App,TP20OFF,20,23392.0
5543,5756,80,,2026-07-18 09:01:05,2026-08-21,4,Completed,Website,,0,25668.0
5544,5758,91,,2026-08-20 22:58:41,2026-09-19,2,Confirmed,Mobile App,TP15OFF,15,22021.8
5545,5759,44,11526.0,2026-04-19 16:03:46,2026-06-18,5,Completed,Instagram,,0,33450.0
5546,5764,49,,2026-06-14 22:33:19,2026-06-20,5,Completed,Website,,0,58030.0
5547,5766,54,,2025-02-09 08:27:55,2025-04-07,3,Completed,Mobile App,,0,35148.0
5548,5766,1,1348.0,2026-06-08 17:58:27,2026-09-12,4,Confirmed,Mobile App,TP20OFF,20,35158.4
5549,5766,54,13580.0,2026-06-28 18:32:16,2026-12-02,4,Confirmed,Website,TP5OFF,5,44520.8
5550,5768,58,,2024-10-11 05:37:37,2024-12-02,1,Completed,Referral Link,TP15OFF,15,10336.85
5551,5769,85,8681.0,2026-02-22 20:39:34,2026-04-06,4,Completed,Mobile App,,0,34176.0
5552,5770,25,9595.0,2026-07-26 21:22:35,2026-12-11,3,Confirmed,Mobile App,TP20OFF,20,28447.2
5553,5772,73,3188.0,2026-07-21 18:27:41,2026-09-24,4,Confirmed,Website,TP10OFF,10,93006.0
5554,5773,14,,2025-12-11 03:24:23,2026-01-29,4,Cancelled,Referral Link,TP15OFF,15,129890.2
5555,5773,98,,2025-10-06 15:46:23,2025-11-29,5,Completed,Instagram,TP5OFF,5,72950.5
5556,5773,74,,2025-09-04 15:54:26,2025-09-29,1,Cancelled,Website,TP20OFF,20,8672.8
5557,5773,41,,2026-06-15 08:07:07,2026-08-13,2,Completed,Website,,0,97660.0
5558,5774,34,,2026-07-06 19:01:19,2026-10-16,3,Cancelled,Mobile App,,0,29679.0
5559,5775,58,,2026-04-25 09:11:43,2026-05-28,2,Completed,Website,,0,24322.0
5560,5775,31,8989.0,2026-08-28 03:46:21,2026-12-28,2,Confirmed,Instagram,,0,80496.0
5561,5776,26,11622.0,2026-07-24 00:42:49,2026-11-15,4,Confirmed,Referral Link,,0,103828.0
5562,5776,11,184.0,2026-06-23 19:57:06,2026-12-11,3,Confirmed,Website,TP5OFF,5,80751.9
5563,5777,4,11444.0,2026-01-09 05:36:27,2026-02-25,2,Completed,Mobile App,TP5OFF,5,16060.7
5564,5777,28,,2023-11-25 22:14:13,2024-01-24,2,Completed,Website,TP15OFF,15,15903.5
5565,5778,89,,2026-07-13 19:23:42,2026-09-01,3,Completed,Mobile App,,0,24924.0
5566,5778,34,6488.0,2024-08-08 02:02:27,2024-08-14,4,Completed,Website,,0,39572.0
5567,5780,86,,2026-08-04 17:21:43,2026-09-03,5,Completed,Referral Link,,0,38280.0
5568,5781,74,,2026-06-22 06:36:05,2026-12-05,1,Confirmed,Mobile App,TP5OFF,5,10298.95
5569,5781,29,8021.0,2026-08-16 17:14:41,2026-11-08,3,Confirmed,Website,,0,90828.0
5570,5781,29,,2026-08-18 08:15:34,2026-09-29,2,Confirmed,Instagram,,0,60552.0
5571,5781,41,,2026-02-08 02:41:24,2026-02-17,2,Completed,Mobile App,TP5OFF,5,92777.0
5572,5781,20,1995.0,2026-07-20 11:37:57,2026-12-20,2,Confirmed,Website,,0,73210.0
5573,5781,81,,2026-09-01 19:43:56,2026-10-06,4,Pending,Mobile App,,0,101108.0
5574,5784,2,4623.0,2026-04-07 15:16:53,2026-04-29,3,Completed,Referral Link,,0,99189.0
5575,5784,74,14579.0,2026-08-18 16:30:31,2026-10-15,2,Pending,Website,,0,21682.0
5576,5784,78,,2026-06-23 14:24:08,2026-07-07,5,Completed,Mobile App,,0,100870.0
5577,5789,39,,2025-06-02 01:50:41,2025-07-16,3,Completed,Referral Link,,0,21534.0
5578,5792,96,,2026-06-25 06:57:18,2026-08-09,4,Completed,Website,,0,87244.0
5579,5795,81,,2026-07-17 11:19:30,2026-09-15,4,Pending,Website,,0,101108.0
5580,5796,17,2625.0,2025-12-13 22:30:17,2026-02-10,2,Completed,Website,,0,81124.0
5581,5799,69,,2024-05-03 11:28:45,2024-05-09,4,Completed,Website,,0,94640.0
5582,5800,10,,2026-07-15 05:05:07,2026-09-29,1,Pending,Website,,0,9472.0
5583,5801,60,,2026-06-24 15:07:37,2026-12-17,1,Confirmed,Website,,0,12905.0
5584,5801,26,,2024-08-29 11:06:39,2024-10-27,2,Completed,Website,,0,51914.0
5585,5801,5,,2026-08-13 10:31:48,2026-10-12,3,Cancelled,Instagram,,0,121965.0
5586,5801,42,,2026-07-21 18:19:40,2026-11-14,3,Pending,Website,TP10OFF,10,104535.9
5587,5802,60,6471.0,2026-08-14 19:29:08,2027-01-27,4,Confirmed,Referral Link,,0,51620.0
5588,5805,43,,2025-08-10 04:15:37,2025-08-27,2,Cancelled,Website,TP5OFF,5,21259.1
5589,5806,18,,2024-06-13 12:13:24,2024-06-23,5,Completed,Referral Link,,0,31060.0
5590,5808,61,,2024-06-01 20:41:12,2024-07-23,3,Cancelled,Website,,0,57165.0
5591,5808,66,12951.0,2026-08-04 06:45:53,2027-01-15,5,Confirmed,Website,,0,155530.0
5592,5810,13,5902.0,2026-08-10 13:41:42,2027-01-02,3,Confirmed,Mobile App,TP10OFF,10,29089.8
5593,5811,59,10556.0,2026-08-21 17:42:06,2026-12-15,4,Pending,Website,,0,80344.0
5594,5813,39,1291.0,2025-03-24 17:29:18,2025-04-18,2,Completed,Instagram,TP15OFF,15,12202.6
5595,5813,19,,2026-04-07 15:23:01,2026-05-29,3,Completed,Mobile App,,0,26511.0
5596,5814,20,1810.0,2026-07-27 06:16:51,2026-12-12,4,Confirmed,Mobile App,,0,146420.0
5597,5814,46,9569.0,2024-09-27 18:48:10,2024-11-11,2,Completed,Website,,0,60886.0
5598,5816,46,,2024-11-09 00:06:59,2025-01-06,2,Completed,Website,,0,60886.0
5599,5817,89,10834.0,2024-05-14 23:18:22,2024-05-28,4,Completed,Referral Link,,0,33232.0
5600,5818,54,,2026-07-22 12:13:43,2026-10-20,4,Confirmed,Referral Link,,0,46864.0
5601,5820,15,,2025-02-19 20:40:37,2025-03-04,4,Cancelled,Referral Link,TP15OFF,15,35587.8
5602,5821,34,2534.0,2026-06-19 15:49:16,2026-08-17,3,Completed,Website,,0,29679.0
5603,5823,4,1171.0,2026-06-27 08:29:14,2026-07-29,4,Completed,Mobile App,,0,33812.0
5604,5824,75,,2024-01-03 10:18:18,2024-02-05,6,Completed,Website,,0,130212.0
5605,5824,68,6540.0,2026-06-12 22:37:56,2026-07-05,3,Completed,Website,,0,69420.0
5606,5826,7,,2026-08-11 19:52:11,2026-10-16,1,Confirmed,Mobile App,TP5OFF,5,12415.55
5607,5827,48,,2026-07-10 14:50:06,2026-09-13,4,Pending,Website,TP5OFF,5,30552.0
5608,5827,55,,2026-07-15 15:11:57,2026-11-25,2,Confirmed,Mobile App,TP5OFF,5,45837.5
5609,5833,52,,2026-06-15 13:17:30,2026-07-05,3,Completed,Mobile App,TP10OFF,10,82887.3
5610,5834,50,9042.0,2024-08-10 08:06:00,2024-09-13,1,Cancelled,Mobile App,,0,19517.0
5611,5837,2,5256.0,2026-08-13 00:31:20,2026-09-27,2,Confirmed,Mobile App,,0,66126.0
5612,5837,72,,2026-08-28 02:26:56,2026-12-20,4,Confirmed,Mobile App,,0,44468.0
5613,5838,94,2949.0,2024-08-31 05:51:17,2024-09-14,4,Completed,Mobile App,,0,49284.0
5614,5839,83,8531.0,2025-05-26 18:31:44,2025-07-18,4,Completed,Mobile App,TP10OFF,10,34473.6
5615,5839,40,,2023-11-03 04:32:42,2023-11-22,1,Completed,Website,,0,33149.0
5616,5839,27,13123.0,2026-08-30 07:08:37,2027-02-10,2,Confirmed,Mobile App,TP5OFF,5,12722.4
5617,5839,38,,2026-07-02 15:26:08,2026-09-08,5,Confirmed,Mobile App,TP15OFF,15,34140.25
5618,5840,91,,2024-07-09 02:56:10,2024-08-15,5,Completed,Instagram,,0,64770.0
5619,5842,19,,2024-03-04 22:59:38,2024-03-22,3,Completed,Instagram,TP15OFF,15,22534.35
5620,5842,70,13412.0,2026-02-22 22:47:38,2026-04-19,5,Completed,Mobile App,,0,71620.0
5621,5842,94,,2026-08-23 14:22:48,2026-10-01,3,Confirmed,Mobile App,TP5OFF,5,35114.85
5622,5842,96,13566.0,2026-07-17 12:24:22,2026-12-06,3,Confirmed,Website,,0,65433.0
5623,5842,10,,2026-08-18 21:08:08,2026-12-10,3,Confirmed,Instagram,,0,28416.0
5624,5842,62,3239.0,2025-04-03 10:36:52,2025-04-14,4,Completed,Website,,0,74748.0
5625,5843,12,,2025-06-13 20:08:24,2025-07-14,3,Completed,Mobile App,,0,31047.0
5626,5843,47,8349.0,2026-09-04 14:01:55,2027-01-07,3,Confirmed,Referral Link,TP5OFF,5,86440.5
5627,5844,90,,2025-04-19 04:29:44,2025-05-20,6,Completed,Website,,0,124584.0
5628,5844,8,,2026-07-31 08:45:06,2027-01-26,2,Confirmed,Instagram,,0,69516.0
5629,5846,54,,2026-09-01 11:18:08,2026-11-16,5,Confirmed,Mobile App,,0,58580.0
5630,5848,14,2397.0,2026-07-23 06:46:18,2026-11-09,3,Confirmed,Website,,0,114609.0
5631,5850,77,,2025-10-07 19:16:56,2025-10-27,6,Completed,Referral Link,TP10OFF,10,107681.4
5632,5852,50,1954.0,2026-06-14 19:20:17,2026-09-27,1,Confirmed,Instagram,,0,19517.0
5633,5853,68,,2026-07-26 06:22:48,2026-09-29,3,Cancelled,Website,TP10OFF,10,62478.0
5634,5853,57,5112.0,2026-07-27 13:14:35,2027-01-20,3,Confirmed,Website,,0,70023.0
5635,5857,53,2801.0,2024-10-05 23:05:22,2024-11-13,2,Completed,Referral Link,,0,23074.0
5636,5859,78,,2026-08-07 03:24:52,2026-09-15,4,Confirmed,Mobile App,,0,80696.0
5637,5859,15,,2026-08-25 22:09:54,2026-10-04,3,Confirmed,Instagram,TP5OFF,5,29830.95
5638,5864,56,12348.0,2026-06-20 14:20:09,2026-07-15,2,Completed,Website,TP5OFF,5,31965.6
5639,5864,87,2998.0,2025-07-06 22:10:24,2025-08-06,3,Cancelled,Referral Link,TP15OFF,15,55513.5
5640,5866,7,,2024-10-14 11:07:02,2024-11-03,2,Completed,Website,,0,26138.0
5641,5868,56,1281.0,2024-09-19 21:49:56,2024-10-26,2,Completed,Mobile App,,0,33648.0
5642,5870,39,10660.0,2024-02-02 23:02:11,2024-02-11,3,Completed,Website,,0,21534.0
5643,5871,18,,2026-08-29 10:08:25,2026-12-11,3,Pending,Website,,0,18636.0
5644,5871,24,,2026-08-14 07:12:28,2026-09-10,2,Confirmed,Website,TP5OFF,5,18219.1
5645,5871,59,301.0,2026-06-13 18:03:38,2026-08-06,3,Completed,Website,,0,60258.0
5646,5871,98,8752.0,2026-09-05 07:12:40,2026-11-08,5,Pending,Website,,0,76790.0
5647,5872,1,12708.0,2026-07-19 07:39:40,2027-01-08,4,Confirmed,Website,TP10OFF,10,39553.2
5648,5873,15,7865.0,2026-08-01 04:48:23,2026-08-18,4,Completed,Referral Link,TP5OFF,5,39774.6
5649,5874,96,,2026-08-09 10:59:02,2026-09-30,4,Confirmed,Referral Link,,0,87244.0
5650,5880,34,2758.0,2026-06-20 07:11:04,2026-10-19,5,Confirmed,Referral Link,,0,49465.0
5651,5882,70,,2024-10-08 02:07:55,2024-11-03,2,Completed,Mobile App,,0,28648.0
5652,5884,1,,2026-08-04 11:13:59,2026-08-17,3,Completed,Instagram,,0,32961.0
5653,5885,4,1196.0,2026-07-06 16:44:43,2026-07-16,4,Completed,Referral Link,TP10OFF,10,30430.8
5654,5885,13,,2024-08-03 07:10:26,2024-10-02,4,Cancelled,Website,TP10OFF,10,38786.4
5655,5886,60,,2026-02-26 23:42:20,2026-04-25,1,Completed,Website,,0,12905.0
5656,5887,4,,2026-07-28 15:37:35,2026-12-16,2,Confirmed,Mobile App,TP10OFF,10,15215.4
5657,5888,81,6635.0,2026-07-22 17:33:00,2026-08-06,6,Completed,Website,TP15OFF,15,128912.7
5658,5889,73,,2024-09-28 08:07:29,2024-11-26,4,Cancelled,Website,,0,103340.0
5659,5889,77,5236.0,2025-01-06 17:15:16,2025-02-14,5,Completed,Mobile App,,0,99705.0
5660,5892,48,,2025-06-07 10:38:30,2025-08-05,5,Completed,Website,TP15OFF,15,34170.0
5661,5893,56,,2026-09-06 13:57:20,2026-11-20,3,Cancelled,Referral Link,,0,50472.0
5662,5894,23,7965.0,2026-08-10 02:41:34,2027-01-31,4,Confirmed,Website,,0,155924.0
5663,5896,87,7414.0,2026-08-02 16:22:22,2026-10-11,5,Confirmed,Mobile App,,0,108850.0
5664,5899,33,,2026-07-03 06:44:52,2026-11-18,5,Confirmed,Instagram,TP20OFF,20,44292.0
5665,5901,22,1543.0,2025-09-04 21:28:30,2025-11-03,4,Cancelled,Referral Link,,0,36252.0
5666,5901,96,12086.0,2026-09-06 15:40:22,2026-11-11,4,Confirmed,Website,TP10OFF,10,78519.6
5667,5901,94,485.0,2026-08-01 03:52:07,2026-10-20,5,Pending,Referral Link,,0,61605.0
5668,5901,19,,2024-09-10 01:29:29,2024-10-06,2,Completed,Referral Link,TP5OFF,5,16790.3
5669,5901,79,,2026-06-11 06:16:16,2026-06-25,4,Completed,Website,,0,38768.0
5670,5903,73,,2026-06-16 15:54:58,2026-09-28,3,Confirmed,Mobile App,,0,77505.0
5671,5904,68,14730.0,2026-09-04 12:22:29,2027-01-16,5,Confirmed,Mobile App,,0,115700.0
5672,5905,85,10913.0,2026-06-30 16:56:57,2026-10-21,4,Confirmed,Referral Link,,0,34176.0
5673,5905,54,,2024-01-20 20:11:05,2024-03-02,2,Completed,Website,TP15OFF,15,19917.2
5674,5906,61,6683.0,2024-11-28 06:22:59,2024-12-24,3,Completed,Mobile App,,0,57165.0
5675,5906,53,,2026-06-08 23:07:56,2026-06-30,2,Completed,Website,,0,23074.0
5676,5909,1,1113.0,2025-05-01 19:44:15,2025-06-11,3,Completed,Website,,0,32961.0
5677,5909,95,,2025-03-23 18:20:36,2025-05-10,5,Completed,Website,,0,36550.0
5678,5910,7,,2026-06-20 06:20:37,2026-07-13,3,Completed,Website,,0,39207.0
5679,5911,23,,2026-08-29 02:50:00,2026-11-11,4,Confirmed,Mobile App,TP5OFF,5,148127.8
5680,5911,61,,2024-06-22 23:43:13,2024-07-10,5,Completed,Mobile App,TP15OFF,15,80983.75
5681,5914,78,3767.0,2026-04-21 06:24:11,2026-06-17,4,Completed,Mobile App,,0,80696.0
5682,5915,71,13916.0,2026-08-03 06:06:01,2026-12-04,4,Confirmed,Referral Link,TP15OFF,15,20451.0
5683,5916,54,,2024-11-03 14:57:22,2024-12-02,2,Completed,Website,,0,23432.0
5684,5916,62,,2026-08-08 16:46:21,2026-12-18,4,Confirmed,Mobile App,TP10OFF,10,67273.2
5685,5919,1,,2026-06-19 05:43:53,2026-07-08,4,Cancelled,Instagram,TP5OFF,5,41750.6
5686,5920,96,,2025-08-25 16:17:53,2025-09-18,3,Completed,Website,,0,65433.0
5687,5920,7,6625.0,2026-08-20 11:37:56,2026-12-30,4,Pending,Website,,0,52276.0
5688,5921,19,,2026-07-26 15:18:27,2026-09-29,1,Confirmed,Website,,0,8837.0
5689,5925,91,,2026-03-26 05:18:13,2026-03-31,2,Cancelled,Website,,0,25908.0
5690,5926,59,,2024-01-03 01:09:20,2024-01-17,3,Completed,Website,TP10OFF,10,54232.2
5691,5927,79,11606.0,2024-07-28 10:54:36,2024-08-10,4,Completed,Website,,0,38768.0
5692,5928,17,,2026-07-02 19:03:14,2026-08-17,4,Completed,Website,,0,162248.0
5693,5928,69,6676.0,2026-06-09 06:36:44,2026-09-08,3,Cancelled,Website,,0,70980.0
5694,5929,91,,2026-07-23 01:35:26,2026-11-22,4,Pending,Mobile App,,0,51816.0
5695,5930,2,,2025-08-17 15:23:07,2025-08-30,2,Cancelled,Instagram,,0,66126.0
5696,5930,20,,2026-06-17 13:25:31,2026-07-10,4,Completed,Mobile App,,0,146420.0
5697,5934,74,6913.0,2024-10-09 10:09:17,2024-11-15,5,Completed,Website,,0,54205.0
5698,5936,44,,2024-04-11 21:10:28,2024-05-09,2,Cancelled,Website,,0,13380.0
5699,5937,58,,2026-08-22 03:53:37,2026-10-12,3,Confirmed,Referral Link,,0,36483.0
5700,5939,22,,2025-05-04 08:26:15,2025-06-21,3,Completed,Mobile App,TP10OFF,10,24470.1
5701,5940,59,1485.0,2026-08-20 23:33:28,2026-11-13,5,Confirmed,Website,,0,100430.0
5702,5940,77,,2025-03-02 02:00:49,2025-04-02,3,Completed,Mobile App,TP20OFF,20,47858.4
5703,5941,19,13197.0,2026-08-11 09:59:36,2026-12-22,3,Confirmed,Referral Link,,0,26511.0
5704,5946,45,4502.0,2026-05-08 18:30:26,2026-06-01,1,Completed,Instagram,,0,33809.0
5705,5946,30,665.0,2026-06-21 15:14:54,2026-07-09,5,Completed,Mobile App,,0,45180.0
5706,5947,18,,2026-08-21 13:25:55,2026-12-16,4,Confirmed,Website,,0,24848.0
5707,5948,93,,2026-08-02 02:43:48,2027-01-02,4,Confirmed,Website,TP10OFF,10,64728.0
5708,5948,69,3115.0,2026-09-02 18:06:18,2027-02-15,5,Confirmed,Website,,0,118300.0
5709,5950,77,,2024-03-24 09:21:42,2024-05-22,4,Cancelled,Instagram,,0,79764.0
5710,5950,30,12954.0,2024-05-16 11:50:08,2024-06-18,2,Completed,Website,,0,18072.0
5711,5951,55,,2023-12-07 15:54:00,2023-12-12,2,Completed,Referral Link,,0,48250.0
5712,5954,51,13575.0,2026-08-31 08:36:46,2026-10-18,2,Pending,Mobile App,,0,73474.0
5713,5955,1,,2025-10-01 15:11:01,2025-10-23,4,Completed,Website,,0,43948.0
5714,5958,44,1853.0,2026-05-20 17:50:27,2026-06-06,4,Completed,Instagram,,0,26760.0
5715,5959,36,11223.0,2026-08-17 10:49:48,2026-09-03,2,Completed,Website,,0,86226.0
5716,5960,56,,2024-08-09 14:59:55,2024-08-15,5,Completed,Website,,0,84120.0
5717,5961,87,140.0,2026-03-02 04:04:29,2026-03-07,4,Cancelled,Referral Link,,0,87080.0
5718,5962,66,3696.0,2025-03-27 01:21:17,2025-04-29,3,Completed,Mobile App,TP15OFF,15,79320.3
5719,5964,20,,2026-07-16 04:09:08,2026-09-10,4,Confirmed,Referral Link,,0,146420.0
5720,5965,78,,2026-08-03 22:54:48,2026-12-03,4,Confirmed,Website,TP15OFF,15,68591.6
5721,5965,18,,2026-07-25 14:04:40,2026-10-27,3,Confirmed,Website,,0,18636.0
5722,5966,1,3469.0,2026-06-21 19:12:25,2026-11-27,1,Confirmed,Mobile App,,0,10987.0
5723,5966,4,779.0,2026-08-06 03:44:54,2026-11-10,3,Confirmed,Mobile App,TP5OFF,5,24091.05
5724,5967,68,11668.0,2026-05-10 15:19:11,2026-06-05,4,Completed,Referral Link,,0,92560.0
5725,5969,98,,2026-08-31 13:41:02,2026-12-26,2,Confirmed,Mobile App,,0,30716.0
5726,5970,66,4492.0,2023-09-21 07:41:54,2023-09-29,5,Completed,Website,TP5OFF,5,147753.5
5727,5971,60,900.0,2026-07-01 01:47:42,2026-08-19,2,Completed,Website,,0,25810.0
5728,5972,7,2277.0,2023-10-07 15:29:12,2023-10-22,1,Completed,Instagram,TP10OFF,10,11762.1
5729,5972,49,9898.0,2026-06-09 06:18:00,2026-08-22,4,Completed,Mobile App,,0,46424.0
5730,5973,26,,2026-06-10 18:12:13,2026-11-13,3,Confirmed,Mobile App,TP10OFF,10,70083.9
5731,5973,81,,2026-07-01 08:26:45,2026-11-10,4,Cancelled,Website,TP15OFF,15,85941.8
5732,5975,10,,2026-06-15 13:14:34,2026-08-14,4,Completed,Website,TP5OFF,5,35993.6
5733,5977,21,4294.0,2024-02-26 10:04:37,2024-03-19,5,Completed,Website,,0,37045.0
5734,5977,43,,2026-08-02 00:23:55,2026-11-02,4,Cancelled,Website,,0,44756.0
5735,5977,24,,2024-10-28 08:11:58,2024-12-11,4,Completed,Website,,0,38356.0
5736,5978,6,6289.0,2026-08-26 11:53:26,2027-01-21,5,Confirmed,Mobile App,,0,44115.0
5737,5979,12,,2026-06-27 06:45:17,2026-12-12,4,Confirmed,Instagram,,0,41396.0
5738,5980,78,,2026-06-24 15:02:51,2026-11-18,4,Confirmed,Mobile App,,0,80696.0
5739,5981,32,,2026-01-30 05:26:36,2026-03-16,4,Completed,Mobile App,,0,103852.0
5740,5982,59,3357.0,2026-08-16 15:28:42,2026-12-28,3,Confirmed,Website,,0,60258.0
5741,5986,25,10563.0,2024-04-28 14:04:15,2024-05-16,2,Completed,Mobile App,,0,23706.0
5742,5987,96,5853.0,2026-06-21 10:40:20,2026-09-29,4,Confirmed,Website,TP20OFF,20,69795.2
5743,5989,92,,2026-09-01 19:02:01,2027-01-24,2,Confirmed,Website,TP15OFF,15,12591.9
5744,5990,81,,2026-07-25 18:03:58,2026-09-29,4,Confirmed,Website,TP5OFF,5,96052.6
5745,5992,70,,2025-04-16 18:44:56,2025-06-01,2,Completed,Website,,0,28648.0
5746,5992,86,2333.0,2024-10-11 01:57:58,2024-11-24,4,Completed,Website,,0,30624.0
5747,5993,94,23.0,2023-10-05 09:06:36,2023-11-15,3,Completed,Website,,0,36963.0
5748,5994,13,,2025-12-21 13:31:02,2026-01-14,4,Completed,Website,,0,43096.0
5749,5995,93,8366.0,2026-08-11 23:47:12,2026-12-02,5,Confirmed,Website,,0,89900.0
5750,5995,46,6556.0,2026-07-11 19:21:36,2026-12-29,2,Pending,Mobile App,,0,60886.0
5751,5996,28,4654.0,2024-04-22 20:14:10,2024-04-30,4,Completed,Website,TP15OFF,15,31807.0
5752,5998,57,,2024-03-11 19:47:30,2024-04-12,5,Completed,Mobile App,TP5OFF,5,110869.75
5753,5999,91,,2026-07-29 17:58:35,2026-09-20,3,Confirmed,Website,,0,38862.0
5754,5999,49,,2024-05-14 22:32:18,2024-06-16,5,Completed,Instagram,,0,58030.0
5755,6001,30,,2025-05-25 05:02:25,2025-06-20,3,Completed,Mobile App,,0,27108.0
5756,6003,43,,2026-06-26 02:22:20,2026-08-31,2,Completed,Instagram,TP5OFF,5,21259.1
5757,6004,56,,2026-07-20 20:26:19,2026-12-16,1,Confirmed,Website,,0,16824.0
5758,6004,63,10114.0,2024-06-26 16:07:32,2024-07-20,4,Completed,Instagram,,0,67904.0
5759,6005,68,1558.0,2024-04-04 03:19:47,2024-05-25,6,Completed,Website,,0,138840.0
5760,6005,59,,2026-01-17 02:17:07,2026-01-28,5,Completed,Mobile App,,0,100430.0
5761,6006,69,12266.0,2023-10-29 21:59:55,2023-12-25,4,Completed,Mobile App,,0,94640.0
5762,6007,38,2903.0,2025-02-20 16:48:10,2025-04-01,2,Completed,Mobile App,,0,16066.0
5763,6007,30,3313.0,2026-06-11 06:28:44,2026-08-18,4,Cancelled,Website,TP20OFF,20,28915.2
5764,6008,53,8941.0,2025-11-01 20:53:38,2025-12-05,2,Cancelled,Mobile App,,0,23074.0
5765,6008,77,5814.0,2026-08-11 19:17:55,2026-12-16,6,Confirmed,Website,,0,119646.0
5766,6011,21,,2024-03-13 05:58:07,2024-05-06,5,Completed,Website,,0,37045.0
5767,6011,2,13862.0,2026-07-31 06:58:10,2026-10-31,2,Confirmed,Mobile App,,0,66126.0
5768,6011,81,12944.0,2026-01-02 06:04:50,2026-01-20,4,Completed,Website,TP5OFF,5,96052.6
5769,6012,89,,2025-09-08 15:00:02,2025-10-22,3,Cancelled,Referral Link,TP5OFF,5,23677.8
5770,6013,27,4768.0,2025-10-22 09:30:46,2025-12-08,3,Completed,Mobile App,TP5OFF,5,19083.6
5771,6014,61,13381.0,2023-09-29 08:37:15,2023-11-20,5,Completed,Website,TP10OFF,10,85747.5
5772,6014,75,898.0,2026-08-24 00:40:41,2027-01-03,3,Confirmed,Mobile App,TP10OFF,10,58595.4
5773,6017,62,2867.0,2025-06-21 03:03:16,2025-08-18,3,Cancelled,Mobile App,,0,56061.0
5774,6017,60,,2026-07-10 04:01:20,2026-12-16,1,Pending,Mobile App,TP5OFF,5,12259.75
5775,6018,62,,2026-05-15 07:20:10,2026-05-29,3,Completed,Website,,0,56061.0
5776,6024,20,,2026-08-16 04:14:14,2026-09-20,3,Pending,Website,,0,109815.0
5777,6025,16,,2026-08-20 13:56:49,2026-09-02,2,Completed,Mobile App,,0,21852.0
5778,6027,76,,2026-08-17 09:06:05,2026-10-27,5,Confirmed,Instagram,TP10OFF,10,69493.5
5779,6028,18,,2026-09-04 20:17:14,2026-10-26,5,Confirmed,Website,TP15OFF,15,26401.0
5780,6030,13,,2023-09-27 09:10:34,2023-10-17,3,Completed,Mobile App,,0,32322.0
5781,6030,1,,2026-07-10 06:50:31,2026-11-17,2,Confirmed,Mobile App,TP5OFF,5,20875.3
5782,6031,57,1375.0,2025-12-11 02:53:44,2026-01-14,5,Cancelled,Website,,0,116705.0
5783,6032,23,12192.0,2026-07-01 02:09:48,2026-07-31,4,Completed,Mobile App,,0,155924.0
5784,6037,69,,2026-07-26 05:47:38,2026-10-18,5,Confirmed,Website,,0,118300.0
5785,6037,46,1562.0,2025-11-23 04:06:38,2026-01-02,2,Completed,Mobile App,,0,60886.0
5786,6038,19,1859.0,2024-07-27 06:21:10,2024-09-11,1,Completed,Website,TP5OFF,5,8395.15
5787,6039,53,,2026-09-05 18:22:27,2026-12-22,3,Confirmed,Website,TP10OFF,10,31149.9
5788,6042,32,,2024-08-06 06:34:19,2024-09-03,2,Completed,Mobile App,,0,51926.0
5789,6043,8,951.0,2025-03-28 02:19:41,2025-04-09,2,Completed,Website,,0,69516.0
5790,6044,28,12537.0,2024-09-06 13:19:41,2024-10-21,2,Completed,Website,,0,18710.0
5791,6047,46,13044.0,2023-11-01 09:54:32,2023-12-16,2,Completed,Website,,0,60886.0
5792,6048,66,,2026-03-25 22:23:37,2026-04-30,6,Cancelled,Mobile App,,0,186636.0
5793,6050,14,,2026-06-30 13:40:55,2026-11-02,2,Pending,Website,TP5OFF,5,72585.7
5794,6050,52,,2026-08-29 21:14:00,2027-01-24,3,Confirmed,Website,,0,92097.0
5795,6051,61,8979.0,2026-07-02 02:36:32,2026-11-16,4,Confirmed,Mobile App,,0,76220.0
5796,6052,62,,2025-03-14 15:52:44,2025-04-13,4,Cancelled,Website,,0,74748.0
5797,6054,39,,2026-06-26 09:45:50,2026-09-19,5,Confirmed,Website,,0,35890.0
5798,6055,13,,2026-08-28 05:03:54,2026-11-05,4,Confirmed,Referral Link,,0,43096.0
5799,6056,12,11627.0,2026-07-01 20:09:18,2026-11-20,5,Confirmed,Website,,0,51745.0
5800,6057,92,,2026-06-11 09:32:30,2026-09-27,3,Pending,Website,TP15OFF,15,18887.85
5801,6059,14,,2025-08-18 12:21:33,2025-10-13,3,Completed,Website,TP15OFF,15,97417.65
5802,6060,4,,2026-08-06 16:12:22,2026-12-08,4,Pending,Mobile App,,0,33812.0
5803,6060,1,8957.0,2026-08-20 00:43:46,2026-12-10,2,Confirmed,Website,,0,21974.0
5804,6061,8,,2025-08-07 12:49:24,2025-10-01,4,Completed,Website,TP5OFF,5,132080.4
5805,6062,66,12085.0,2026-07-21 21:00:09,2026-10-14,6,Confirmed,Mobile App,,0,186636.0
5806,6063,23,,2026-08-30 22:30:53,2027-02-11,3,Confirmed,Referral Link,TP5OFF,5,111095.85
5807,6065,93,,2026-06-13 07:57:01,2026-07-02,3,Completed,Mobile App,,0,53940.0
5808,6066,68,11003.0,2026-07-21 09:47:06,2026-09-29,4,Confirmed,Mobile App,,0,92560.0
5809,6066,78,,2026-07-01 16:03:38,2026-12-13,4,Pending,Website,TP5OFF,5,76661.2
5810,6067,17,3373.0,2026-08-10 00:44:40,2026-08-31,2,Completed,Instagram,,0,81124.0
5811,6070,75,14276.0,2026-07-07 06:08:17,2026-07-22,3,Completed,Mobile App,,0,65106.0
5812,6070,73,,2025-05-04 20:38:51,2025-05-31,5,Cancelled,Mobile App,TP10OFF,10,116257.5
5813,6072,82,11691.0,2026-08-24 05:09:17,2027-01-12,2,Confirmed,Referral Link,,0,19692.0
5814,6074,74,12846.0,2024-05-05 07:26:29,2024-06-24,2,Completed,Mobile App,TP10OFF,10,19513.8
5815,6074,47,,2026-07-09 17:06:22,2026-11-23,2,Confirmed,Website,TP10OFF,10,54594.0
5816,6075,66,,2024-08-27 10:03:30,2024-09-05,6,Completed,Referral Link,TP10OFF,10,167972.4
5817,6079,65,1064.0,2026-07-31 22:31:58,2027-01-27,2,Confirmed,Mobile App,,0,35076.0
5818,6082,73,6076.0,2026-09-02 13:19:14,2026-10-28,3,Pending,Website,,0,77505.0
5819,6083,16,10174.0,2026-08-25 15:14:47,2026-10-31,2,Confirmed,Mobile App,TP10OFF,10,19666.8
5820,6083,34,,2026-08-22 10:51:34,2026-10-28,2,Confirmed,Website,,0,19786.0
5821,6086,23,10863.0,2026-08-14 16:41:20,2026-11-08,2,Confirmed,Website,TP5OFF,5,74063.9
5822,6086,52,,2024-02-22 20:08:54,2024-03-16,4,Completed,Website,,0,122796.0
5823,6088,72,11610.0,2025-12-27 14:51:05,2026-01-17,2,Completed,Mobile App,,0,22234.0
5824,6088,85,10598.0,2024-11-25 20:42:53,2024-12-03,4,Completed,Website,TP20OFF,20,27340.8
5825,6089,22,,2026-09-01 19:49:17,2026-11-03,4,Confirmed,Mobile App,TP10OFF,10,32626.8
5826,6091,79,,2026-07-17 20:54:07,2026-10-13,2,Pending,Website,TP10OFF,10,17445.6
5827,6093,47,12065.0,2025-05-30 19:13:04,2025-06-29,2,Completed,Instagram,TP5OFF,5,57627.0
5828,6094,79,,2024-12-17 13:45:19,2025-01-23,2,Completed,Mobile App,,0,19384.0
5829,6099,17,11082.0,2026-07-22 23:23:54,2026-12-14,4,Confirmed,Instagram,,0,162248.0
5830,6102,9,,2026-06-17 13:03:36,2026-08-25,2,Completed,Website,,0,20072.0
5831,6103,89,,2026-06-29 01:46:07,2026-08-09,2,Completed,Mobile App,,0,16616.0
5832,6104,23,,2024-04-05 10:40:17,2024-05-28,2,Completed,Mobile App,,0,77962.0
5833,6104,17,,2026-07-31 06:09:05,2026-12-16,4,Confirmed,Referral Link,TP10OFF,10,146023.2
5834,6106,1,8033.0,2024-08-14 07:34:11,2024-10-12,3,Completed,Mobile App,TP15OFF,15,28016.85
5835,6107,84,7881.0,2025-08-27 17:59:01,2025-09-09,3,Completed,Mobile App,,0,65286.0
5836,6110,33,7619.0,2026-07-21 06:42:24,2026-10-22,2,Confirmed,Mobile App,TP5OFF,5,21038.7
5837,6115,52,,2026-03-07 17:36:01,2026-04-23,2,Cancelled,Mobile App,TP5OFF,5,58328.1
5838,6116,87,10502.0,2024-09-28 11:05:31,2024-10-25,5,Completed,Mobile App,,0,108850.0
5839,6117,16,,2024-09-25 15:00:00,2024-10-24,4,Completed,Website,TP10OFF,10,39333.6
5840,6120,47,14687.0,2025-05-18 10:12:14,2025-07-14,2,Completed,Instagram,,0,60660.0
5841,6120,41,13771.0,2026-03-02 17:06:29,2026-03-07,2,Completed,Mobile App,TP10OFF,10,87894.0
5842,6122,66,9369.0,2026-07-17 20:17:20,2026-12-27,3,Confirmed,Mobile App,,0,93318.0
5843,6122,61,,2025-11-07 16:18:37,2025-11-30,4,Completed,Mobile App,,0,76220.0
5844,6123,77,,2024-09-01 12:04:41,2024-10-01,5,Completed,Instagram,TP20OFF,20,79764.0
5845,6125,34,5994.0,2026-07-03 20:07:16,2026-07-20,4,Completed,Mobile App,,0,39572.0
5846,6127,16,,2026-06-29 07:23:35,2026-12-20,2,Confirmed,Mobile App,,0,21852.0
5847,6128,19,1455.0,2026-08-11 23:51:33,2026-08-29,1,Completed,Mobile App,,0,8837.0
5848,6131,13,12224.0,2026-04-21 13:34:16,2026-06-07,2,Completed,Mobile App,,0,21548.0
5849,6133,23,9869.0,2026-07-07 04:39:05,2026-09-08,4,Confirmed,Mobile App,TP15OFF,15,132535.4
5850,6134,48,,2026-07-04 03:35:18,2026-10-07,5,Confirmed,Referral Link,,0,40200.0
5851,6134,68,,2024-06-04 04:44:27,2024-07-04,5,Completed,Website,,0,115700.0
5852,6134,59,,2024-09-21 23:33:21,2024-11-08,5,Cancelled,Mobile App,TP5OFF,5,95408.5
5853,6134,38,,2026-08-14 08:52:12,2027-01-29,2,Confirmed,Mobile App,,0,16066.0
5854,6136,4,13760.0,2026-06-14 21:59:33,2026-10-31,1,Cancelled,Website,,0,8453.0
5855,6136,34,,2025-08-22 02:02:05,2025-09-12,5,Completed,Instagram,,0,49465.0
5856,6136,79,,2026-06-11 00:05:56,2026-07-06,2,Completed,Mobile App,,0,19384.0
5857,6136,82,,2026-08-11 22:07:18,2026-09-05,4,Completed,Instagram,,0,39384.0
5858,6136,96,,2025-12-20 00:06:29,2026-02-12,5,Cancelled,Website,,0,109055.0
5859,6136,94,7792.0,2026-08-03 10:00:53,2026-09-20,5,Confirmed,Website,,0,61605.0
5860,6137,83,,2026-08-12 03:35:51,2026-09-26,3,Confirmed,Instagram,TP5OFF,5,27291.6
5861,6138,7,5548.0,2026-07-26 18:21:03,2026-10-26,1,Confirmed,Website,,0,13069.0
5862,6138,79,,2025-03-15 04:45:10,2025-04-03,4,Completed,Mobile App,TP5OFF,5,36829.6
5863,6139,83,,2025-04-19 00:14:39,2025-06-12,3,Completed,Mobile App,,0,28728.0
5864,6140,94,,2026-09-06 16:19:12,2026-12-31,3,Confirmed,Instagram,,0,36963.0
5865,6141,49,,2023-11-11 19:58:30,2024-01-08,5,Completed,Website,,0,58030.0
5866,6141,13,13901.0,2026-01-17 14:59:38,2026-02-28,4,Cancelled,Website,,0,43096.0
5867,6142,21,12037.0,2025-02-20 09:35:53,2025-03-14,3,Completed,Instagram,,0,22227.0
5868,6144,24,,2024-07-27 04:18:19,2024-08-19,3,Completed,Mobile App,TP20OFF,20,23013.6
5869,6146,49,,2026-06-14 04:33:50,2026-07-12,2,Completed,Mobile App,TP15OFF,15,19730.2
5870,6149,77,,2023-09-10 21:17:02,2023-11-07,6,Cancelled,Mobile App,TP5OFF,5,113663.7
5871,6149,66,,2024-04-13 12:10:48,2024-05-17,3,Completed,Website,,0,93318.0
5872,6153,71,3664.0,2026-08-05 15:13:41,2026-08-23,4,Completed,Website,,0,24060.0
5873,6156,68,,2025-07-01 16:16:14,2025-08-03,3,Completed,Website,TP5OFF,5,65949.0
5874,6159,17,,2026-02-12 06:47:42,2026-03-20,3,Completed,Website,,0,121686.0
5875,6160,28,2659.0,2026-06-30 03:45:43,2026-12-02,4,Pending,Website,TP10OFF,10,33678.0
5876,6161,89,,2025-01-16 06:16:17,2025-02-18,2,Completed,Website,,0,16616.0
5877,6161,50,14870.0,2024-07-20 21:05:41,2024-08-23,2,Completed,Website,TP10OFF,10,35130.6
5878,6161,9,,2026-06-30 07:56:56,2026-12-07,5,Confirmed,Mobile App,,0,50180.0
5879,6161,15,,2026-07-24 12:05:42,2026-12-18,3,Pending,Website,,0,31401.0
5880,6161,89,,2026-08-20 20:54:12,2026-09-07,4,Confirmed,Mobile App,TP10OFF,10,29908.8
5881,6162,13,,2026-07-18 23:53:49,2026-08-28,4,Completed,Mobile App,,0,43096.0
5882,6163,74,8236.0,2026-08-28 07:39:42,2027-02-13,3,Confirmed,Website,,0,32523.0
5883,6163,70,5207.0,2026-09-04 17:20:08,2026-09-20,2,Confirmed,Instagram,TP5OFF,5,27215.6
5884,6163,74,,2025-02-24 19:30:26,2025-04-06,1,Completed,Mobile App,TP5OFF,5,10298.95
5885,6163,70,,2026-08-21 12:29:21,2027-01-17,5,Confirmed,Referral Link,,0,71620.0
5886,6163,60,,2026-08-23 23:18:13,2027-02-09,5,Pending,Referral Link,,0,64525.0
5887,6164,44,,2025-02-24 21:18:28,2025-04-11,2,Completed,Mobile App,TP15OFF,15,11373.0
5888,6164,4,,2024-02-13 20:06:06,2024-02-26,2,Completed,Referral Link,,0,16906.0
5889,6165,76,8682.0,2026-07-01 17:56:37,2026-11-23,1,Confirmed,Website,,0,15443.0
5890,6166,5,777.0,2024-01-07 12:26:21,2024-03-06,4,Completed,Website,,0,162620.0
5891,6167,39,10799.0,2025-06-06 02:54:40,2025-07-12,5,Cancelled,Website,,0,35890.0
5892,6168,93,,2026-06-12 04:27:33,2026-09-03,4,Completed,Mobile App,TP10OFF,10,64728.0
5893,6168,53,664.0,2026-08-02 08:57:27,2026-10-01,3,Confirmed,Mobile App,,0,34611.0
5894,6170,71,7396.0,2026-06-09 11:27:23,2026-08-10,4,Completed,Website,,0,24060.0
5895,6171,93,,2024-04-23 23:59:44,2024-05-04,3,Cancelled,Website,,0,53940.0
5896,6171,59,,2024-04-28 08:09:09,2024-06-06,6,Cancelled,Mobile App,,0,120516.0
5897,6172,41,14067.0,2026-07-13 07:41:18,2026-10-27,2,Confirmed,Mobile App,TP5OFF,5,92777.0
5898,6173,65,14925.0,2024-08-22 21:41:22,2024-10-01,5,Completed,Mobile App,,0,87690.0
5899,6174,68,9623.0,2026-05-29 00:43:51,2026-06-06,3,Completed,Website,,0,69420.0
5900,6174,87,,2026-08-09 05:17:26,2026-11-17,3,Confirmed,Referral Link,TP15OFF,15,55513.5
5901,6176,59,8522.0,2026-05-06 12:31:53,2026-07-03,3,Completed,Mobile App,TP15OFF,15,51219.3
5902,6176,75,,2026-06-18 11:07:06,2026-08-26,4,Completed,Website,TP15OFF,15,73786.8
5903,6177,3,4993.0,2024-06-29 04:57:13,2024-07-29,4,Completed,Mobile App,,0,26084.0
5904,6181,49,,2025-06-27 19:55:53,2025-07-20,2,Completed,Mobile App,,0,23212.0
5905,6183,21,,2026-02-08 22:13:42,2026-03-30,3,Completed,Mobile App,,0,22227.0
5906,6183,38,,2026-05-31 04:50:56,2026-06-20,5,Completed,Instagram,,0,40165.0
5907,6183,55,,2025-10-31 23:19:12,2025-12-20,1,Completed,Website,,0,24125.0
5908,6183,9,,2023-09-08 05:43:03,2023-09-19,4,Completed,Mobile App,,0,40144.0
5909,6183,63,,2026-08-02 18:29:23,2026-09-11,4,Confirmed,Instagram,TP5OFF,5,64508.8
5910,6186,11,,2024-05-02 16:47:41,2024-05-19,4,Completed,Mobile App,,0,113336.0
5911,6189,39,,2026-07-20 03:56:24,2026-12-10,5,Confirmed,Mobile App,,0,35890.0
5912,6193,85,8311.0,2024-09-27 08:44:59,2024-10-07,4,Completed,Website,,0,34176.0
5913,6194,20,2483.0,2026-06-12 18:29:43,2026-08-17,4,Completed,Mobile App,TP15OFF,15,124457.0
5914,6195,38,,2024-10-09 05:04:10,2024-11-08,3,Completed,Mobile App,,0,24099.0
5915,6196,11,,2025-04-22 21:05:51,2025-06-07,4,Completed,Website,TP10OFF,10,102002.4
5916,6196,84,10541.0,2025-08-13 19:45:36,2025-10-01,4,Completed,Website,TP20OFF,20,69638.4
5917,6196,20,3262.0,2026-07-23 01:54:37,2027-01-13,2,Confirmed,Mobile App,TP5OFF,5,69549.5
5918,6196,58,,2026-06-28 03:13:54,2026-11-23,5,Pending,Website,,0,60805.0
5919,6197,58,,2025-12-01 02:30:21,2026-01-09,1,Cancelled,Referral Link,,0,12161.0
5920,6202,59,,2026-09-01 22:28:37,2026-10-06,5,Confirmed,Mobile App,,0,100430.0
5921,6205,10,12879.0,2026-08-06 16:51:05,2026-10-15,4,Confirmed,Instagram,,0,37888.0
5922,6205,70,,2026-08-05 10:14:33,2026-08-29,4,Cancelled,Mobile App,,0,57296.0
5923,6205,91,,2026-08-10 12:35:26,2026-11-04,4,Cancelled,Referral Link,,0,51816.0
5924,6205,54,1312.0,2025-02-28 05:10:38,2025-04-28,5,Completed,Website,TP10OFF,10,52722.0
5925,6205,70,,2026-08-09 11:09:29,2026-09-22,2,Confirmed,Instagram,,0,28648.0
5926,6205,28,412.0,2024-09-24 10:58:06,2024-10-31,3,Completed,Website,,0,28065.0
5927,6207,66,7212.0,2026-07-31 19:12:08,2026-08-21,3,Completed,Mobile App,,0,93318.0
5928,6207,77,2106.0,2026-03-07 04:35:15,2026-03-28,5,Completed,Website,,0,99705.0
5929,6208,52,,2026-06-09 09:30:14,2026-07-02,4,Completed,Website,TP5OFF,5,116656.2
5930,6209,83,,2024-05-13 15:40:46,2024-07-12,3,Completed,Mobile App,TP10OFF,10,25855.2
5931,6211,28,,2026-08-12 19:22:15,2026-10-18,4,Confirmed,Referral Link,TP5OFF,5,35549.0
5932,6212,77,,2025-01-08 14:25:32,2025-03-07,3,Completed,Website,TP5OFF,5,56831.85
5933,6212,59,,2025-10-29 12:42:59,2025-12-21,3,Completed,Website,,0,60258.0
5934,6213,19,,2026-07-17 17:51:24,2026-11-11,3,Pending,Mobile App,TP5OFF,5,25185.45
5935,6214,74,3557.0,2026-07-26 10:27:19,2026-10-07,5,Confirmed,Referral Link,,0,54205.0
5936,6215,87,14165.0,2025-08-11 00:32:34,2025-09-07,5,Completed,Website,TP15OFF,15,92522.5
5937,6215,93,,2026-06-09 02:36:20,2026-09-04,4,Completed,Website,,0,71920.0
5938,6216,67,,2024-06-12 06:22:36,2024-07-24,2,Completed,Mobile App,,0,33458.0
5939,6216,1,,2026-07-31 12:29:53,2027-01-17,1,Confirmed,Mobile App,TP5OFF,5,10437.65
5940,6217,21,,2026-07-14 09:57:10,2026-10-18,3,Confirmed,Mobile App,,0,22227.0
5941,6219,87,,2026-06-14 21:50:04,2026-06-27,6,Completed,Mobile App,,0,130620.0
5942,6219,27,,2025-08-03 09:00:19,2025-09-06,5,Completed,Referral Link,,0,33480.0
5943,6220,65,,2026-07-20 14:31:38,2026-10-23,1,Confirmed,Website,TP10OFF,10,15784.2
5944,6220,58,13944.0,2026-08-20 15:35:29,2026-09-04,3,Cancelled,Website,TP15OFF,15,31010.55
5945,6220,74,10586.0,2024-10-02 16:50:24,2024-11-12,2,Completed,Referral Link,,0,21682.0
5946,6221,4,,2026-06-27 06:57:35,2026-08-13,4,Completed,Mobile App,,0,33812.0
5947,6223,74,1358.0,2026-06-15 13:02:56,2026-11-02,5,Confirmed,Website,,0,54205.0
5948,6224,30,,2026-06-20 19:06:42,2026-07-14,3,Completed,Website,,0,27108.0
5949,6225,66,,2026-06-20 15:01:36,2026-08-26,5,Cancelled,Mobile App,TP10OFF,10,139977.0
5950,6225,69,,2025-10-08 16:56:30,2025-12-05,4,Completed,Mobile App,,0,94640.0
5951,6227,95,6885.0,2024-10-14 23:44:55,2024-10-24,3,Completed,Mobile App,,0,21930.0
5952,6227,97,7010.0,2026-04-28 18:43:06,2026-05-14,4,Cancelled,Website,TP20OFF,20,54268.8
5953,6227,95,,2026-07-28 06:01:18,2026-09-03,5,Completed,Website,TP10OFF,10,32895.0
5954,6227,91,9450.0,2026-08-21 02:02:27,2026-11-15,3,Pending,Website,TP15OFF,15,33032.7
5955,6227,44,,2023-10-19 19:59:09,2023-12-05,4,Cancelled,Mobile App,,0,26760.0
5956,6227,96,,2026-08-10 16:32:34,2026-09-21,3,Cancelled,Website,,0,65433.0
5957,6228,66,,2025-03-19 20:53:03,2025-04-13,6,Completed,Website,,0,186636.0
5958,6228,64,,2026-06-23 17:23:35,2026-07-24,4,Completed,Mobile App,TP10OFF,10,58294.8
5959,6229,77,5634.0,2025-05-31 18:58:26,2025-07-23,4,Completed,Website,TP20OFF,20,63811.2
5960,6229,57,6392.0,2025-04-05 07:29:50,2025-04-16,6,Completed,Mobile App,,0,140046.0
5961,6230,22,,2024-08-19 23:54:51,2024-09-18,4,Cancelled,Website,TP5OFF,5,34439.4
5962,6231,24,5926.0,2026-01-03 14:30:52,2026-02-14,4,Completed,Mobile App,,0,38356.0
5963,6232,11,4901.0,2026-01-13 03:33:39,2026-02-02,4,Completed,Website,,0,113336.0
5964,6235,13,11955.0,2023-12-04 11:37:34,2024-01-27,3,Completed,Mobile App,,0,32322.0
5965,6236,21,,2025-07-05 22:53:11,2025-09-03,3,Completed,Website,TP10OFF,10,20004.3
5966,6237,69,1097.0,2026-06-24 18:38:40,2026-07-28,5,Completed,Website,,0,118300.0
5967,6238,40,8023.0,2026-08-24 19:31:20,2026-10-02,2,Confirmed,Mobile App,TP5OFF,5,62983.1
5968,6239,11,14915.0,2026-08-12 08:52:10,2026-11-13,2,Cancelled,Mobile App,,0,56668.0
5969,6240,30,,2024-11-03 21:15:01,2024-12-08,5,Completed,Website,,0,45180.0
5970,6240,38,10415.0,2026-08-01 14:06:16,2026-09-17,2,Confirmed,Website,TP15OFF,15,13656.1
5971,6241,87,8542.0,2024-10-12 15:21:35,2024-11-27,3,Completed,Instagram,,0,65310.0
5972,6242,62,,2026-06-22 02:49:20,2026-07-19,2,Completed,Instagram,,0,37374.0
5973,6242,1,,2026-07-03 00:25:24,2026-08-29,1,Completed,Mobile App,TP5OFF,5,10437.65
5974,6244,59,9575.0,2026-08-30 04:40:45,2026-10-03,3,Confirmed,Referral Link,,0,60258.0
5975,6244,75,14147.0,2025-04-21 03:45:06,2025-05-14,4,Completed,Instagram,TP10OFF,10,78127.2
5976,6245,9,,2024-03-29 06:54:36,2024-05-11,2,Cancelled,Referral Link,,0,20072.0
5977,6245,55,,2026-06-17 16:10:43,2026-06-23,2,Completed,Website,TP5OFF,5,45837.5
5978,6247,56,,2026-07-21 03:08:34,2026-12-30,5,Confirmed,Website,,0,84120.0
5979,6248,11,,2025-04-29 03:09:55,2025-05-12,3,Completed,Mobile App,,0,85002.0
5980,6250,61,,2026-07-11 23:13:40,2026-12-11,3,Confirmed,Website,,0,57165.0
5981,6250,59,4920.0,2026-08-05 09:42:32,2027-01-07,4,Pending,Referral Link,TP5OFF,5,76326.8
5982,6251,78,,2026-08-02 08:31:21,2026-11-19,4,Confirmed,Mobile App,TP5OFF,5,76661.2
5983,6251,90,1213.0,2024-09-06 16:02:05,2024-09-29,6,Completed,Website,TP5OFF,5,118354.8
5984,6252,35,,2024-10-09 08:55:14,2024-12-07,1,Completed,Instagram,,0,31003.0
5985,6252,38,,2026-06-29 07:53:28,2026-08-24,4,Cancelled,Mobile App,,0,32132.0
5986,6252,50,,2026-06-13 18:00:29,2026-12-07,2,Confirmed,Website,,0,39034.0
5987,6252,18,,2025-08-12 02:13:13,2025-10-04,3,Completed,Mobile App,TP5OFF,5,17704.2
5988,6252,30,3710.0,2026-06-16 00:43:00,2026-06-29,2,Completed,Mobile App,,0,18072.0
5989,6253,76,1757.0,2026-06-20 02:41:09,2026-07-12,3,Completed,Referral Link,,0,46329.0
5990,6253,78,,2025-02-04 06:17:48,2025-02-11,6,Completed,Mobile App,,0,121044.0
5991,6255,91,10272.0,2026-06-22 14:22:55,2026-10-03,4,Confirmed,Website,TP5OFF,5,49225.2
5992,6255,10,,2024-07-21 05:26:08,2024-09-18,1,Completed,Mobile App,,0,9472.0
5993,6255,22,4297.0,2024-06-10 20:01:45,2024-07-11,4,Completed,Website,,0,36252.0
5994,6255,4,3508.0,2026-09-05 11:53:35,2027-01-10,3,Confirmed,Website,,0,25359.0
5995,6255,7,,2026-07-21 05:26:31,2026-10-31,4,Cancelled,Website,,0,52276.0
5996,6256,59,13408.0,2026-08-22 22:07:18,2027-02-06,3,Confirmed,Mobile App,,0,60258.0
5997,6256,68,12090.0,2026-08-17 06:28:09,2026-12-13,3,Pending,Mobile App,TP5OFF,5,65949.0
5998,6257,68,,2025-12-06 20:40:02,2025-12-15,5,Completed,Mobile App,TP20OFF,20,92560.0
5999,6257,73,3082.0,2025-01-15 15:40:31,2025-03-16,3,Completed,Referral Link,TP5OFF,5,73629.75
6000,6259,12,,2025-06-03 16:40:29,2025-07-25,4,Completed,Referral Link,,0,41396.0
6001,6259,23,,2026-08-17 11:47:10,2026-09-25,2,Confirmed,Mobile App,TP10OFF,10,70165.8
6002,6259,53,,2024-05-10 13:41:30,2024-06-22,4,Completed,Website,,0,46148.0
6003,6259,64,11077.0,2024-03-14 14:50:48,2024-05-11,4,Completed,Referral Link,,0,64772.0
6004,6260,34,4234.0,2026-06-27 14:58:27,2026-11-15,2,Confirmed,Website,,0,19786.0
6005,6260,85,,2026-08-11 18:22:14,2026-08-27,4,Completed,Website,TP5OFF,5,32467.2
6006,6261,29,,2025-05-29 01:42:04,2025-06-24,3,Completed,Mobile App,,0,90828.0
6007,6262,18,,2025-06-24 21:46:25,2025-08-22,5,Completed,Website,,0,31060.0
6008,6262,97,,2026-08-27 07:18:10,2027-01-24,2,Confirmed,Website,,0,33918.0
6009,6265,54,,2026-08-08 02:36:53,2026-10-06,5,Confirmed,Website,TP10OFF,10,52722.0
6010,6266,54,,2025-11-16 15:54:57,2025-12-13,2,Completed,Mobile App,TP10OFF,10,21088.8
6011,6268,96,,2026-08-23 02:31:13,2026-12-26,4,Confirmed,Mobile App,,0,87244.0
6012,6268,34,3983.0,2026-08-24 10:36:36,2026-12-11,3,Cancelled,Website,,0,29679.0
6013,6269,6,8116.0,2023-12-18 14:29:35,2023-12-24,2,Completed,Mobile App,,0,17646.0
6014,6269,9,,2026-08-17 01:59:24,2027-02-06,3,Confirmed,Mobile App,,0,30108.0
6015,6269,80,,2026-06-16 00:39:53,2026-10-31,4,Pending,Website,TP5OFF,5,24384.6
6016,6269,27,4846.0,2026-04-30 08:15:35,2026-06-23,5,Completed,Website,TP20OFF,20,26784.0
6017,6269,83,11828.0,2025-06-07 05:05:50,2025-07-04,5,Completed,Mobile App,,0,47880.0
6018,6269,12,13665.0,2026-07-06 18:33:48,2026-10-26,3,Confirmed,Instagram,,0,31047.0
6019,6271,91,4421.0,2024-01-01 05:10:39,2024-02-18,2,Completed,Website,TP5OFF,5,24612.6
6020,6271,44,,2025-04-24 20:52:22,2025-05-16,4,Completed,Instagram,,0,26760.0
6021,6272,64,,2024-09-21 14:40:38,2024-11-02,3,Cancelled,Mobile App,,0,48579.0
6022,6273,87,9394.0,2026-07-08 21:59:30,2026-08-02,3,Cancelled,Website,,0,65310.0
6023,6274,91,12815.0,2026-08-30 19:51:27,2026-11-25,2,Confirmed,Website,,0,25908.0
6024,6274,54,22.0,2025-04-04 12:00:11,2025-04-10,4,Completed,Mobile App,TP10OFF,10,42177.6
6025,6274,10,,2026-07-29 08:18:58,2026-10-11,2,Confirmed,Website,TP10OFF,10,17049.6
6026,6274,88,,2026-06-22 15:58:49,2026-07-25,2,Completed,Mobile App,,0,16222.0
6027,6275,64,,2026-06-13 09:58:35,2026-10-08,3,Confirmed,Website,,0,48579.0
6028,6275,33,,2026-07-15 20:37:31,2026-10-06,2,Confirmed,Website,,0,22146.0
6029,6276,12,,2024-09-23 22:46:54,2024-10-12,4,Completed,Instagram,TP5OFF,5,39326.2
6030,6276,29,2646.0,2024-08-14 11:28:42,2024-08-28,4,Completed,Referral Link,TP5OFF,5,115048.8
6031,6277,88,,2026-06-25 11:02:08,2026-08-24,3,Completed,Website,,0,24333.0
6032,6280,37,,2026-07-25 05:53:32,2026-12-12,2,Confirmed,Mobile App,,0,75482.0
6033,6283,23,,2026-06-19 14:11:11,2026-07-08,2,Completed,Website,,0,77962.0
6034,6283,14,6534.0,2025-12-15 17:59:03,2025-12-26,2,Completed,Mobile App,,0,76406.0
6035,6284,83,,2023-09-20 15:22:42,2023-10-04,4,Completed,Mobile App,TP10OFF,10,34473.6
6036,6286,70,,2024-12-31 03:15:41,2025-02-25,5,Completed,Mobile App,TP10OFF,10,64458.0
6037,6286,13,,2026-04-24 07:55:17,2026-06-16,3,Completed,Website,,0,32322.0
6038,6287,16,,2026-06-13 17:37:00,2026-11-26,3,Confirmed,Mobile App,,0,32778.0
6039,6289,58,,2026-07-21 01:15:18,2026-12-15,2,Confirmed,Mobile App,,0,24322.0
6040,6292,92,11683.0,2026-07-23 16:20:03,2026-09-19,5,Confirmed,Instagram,,0,37035.0
6041,6292,18,,2026-07-04 15:50:21,2026-11-17,4,Confirmed,Instagram,TP5OFF,5,23605.6
6042,6292,80,,2026-09-05 00:35:01,2026-11-24,2,Confirmed,Website,,0,12834.0
6043,6292,53,,2026-07-29 14:20:11,2026-10-14,5,Confirmed,Website,TP15OFF,15,49032.25
6044,6292,89,,2025-03-23 10:32:33,2025-04-25,5,Completed,Mobile App,TP5OFF,5,39463.0
6045,6293,96,,2024-02-11 13:33:02,2024-03-28,2,Completed,Website,TP5OFF,5,41440.9
6046,6293,70,,2026-07-14 13:04:54,2026-12-29,4,Pending,Website,,0,57296.0
6047,6293,28,8934.0,2026-06-09 05:14:27,2026-10-04,1,Confirmed,Referral Link,,0,9355.0
6048,6293,82,3235.0,2026-06-27 18:46:43,2026-09-20,3,Confirmed,Instagram,,0,29538.0
6049,6295,5,,2026-06-23 16:48:16,2026-10-28,4,Confirmed,Website,,0,162620.0
6050,6295,56,,2026-06-20 10:55:09,2026-09-18,1,Cancelled,Website,,0,16824.0
6051,6298,85,881.0,2024-07-19 22:54:20,2024-08-02,4,Completed,Mobile App,TP5OFF,5,32467.2
6052,6300,44,,2025-09-22 12:56:41,2025-10-25,3,Completed,Website,,0,20070.0
6053,6301,77,,2026-08-17 12:13:17,2027-01-02,3,Confirmed,Referral Link,,0,59823.0
6054,6301,66,,2026-06-30 20:51:05,2026-11-04,5,Pending,Referral Link,,0,155530.0
6055,6301,66,527.0,2026-08-03 09:08:21,2026-10-11,3,Confirmed,Website,,0,93318.0
6056,6301,73,599.0,2026-08-02 19:39:16,2026-11-22,5,Confirmed,Website,TP15OFF,15,109798.75
6057,6302,35,6552.0,2026-07-21 01:11:43,2026-10-03,1,Confirmed,Mobile App,,0,31003.0
6058,6302,95,,2026-08-04 00:04:07,2026-10-17,4,Pending,Mobile App,TP10OFF,10,26316.0
6059,6302,63,,2026-07-16 06:21:51,2026-09-10,3,Confirmed,Mobile App,,0,50928.0
6060,6302,21,3461.0,2023-09-13 03:57:37,2023-10-07,2,Completed,Mobile App,TP15OFF,15,12595.3
6061,6302,38,305.0,2023-10-14 05:29:20,2023-11-21,5,Completed,Website,,0,40165.0
6062,6303,21,13939.0,2025-03-15 07:54:42,2025-03-26,3,Completed,Mobile App,,0,22227.0
6063,6307,4,,2024-12-09 18:57:29,2025-01-28,1,Completed,Website,TP10OFF,10,7607.7
6064,6308,38,,2024-02-16 21:49:04,2024-03-07,3,Completed,Mobile App,,0,24099.0
6065,6310,19,6406.0,2026-06-17 19:08:57,2026-07-20,4,Completed,Mobile App,,0,35348.0
6066,6311,49,,2026-06-01 22:37:01,2026-07-23,5,Completed,Website,TP5OFF,5,55128.5
6067,6311,19,,2026-07-18 19:43:51,2026-08-18,1,Cancelled,Website,,0,8837.0
6068,6311,70,,2025-12-11 18:46:38,2026-01-31,2,Completed,Mobile App,TP10OFF,10,25783.2
6069,6313,60,,2026-06-21 12:18:51,2026-07-23,1,Completed,Website,TP15OFF,15,10969.25
6070,6314,89,8571.0,2023-11-19 07:12:19,2023-12-19,4,Completed,Mobile App,,0,33232.0
6071,6317,4,,2026-06-28 02:18:43,2026-08-14,2,Completed,Website,,0,16906.0
6072,6317,88,11389.0,2023-10-10 02:46:47,2023-10-31,3,Completed,Mobile App,,0,24333.0
6073,6321,68,,2026-06-22 16:46:26,2026-11-14,4,Confirmed,Mobile App,TP5OFF,5,87932.0
6074,6322,75,,2024-08-27 20:40:08,2024-10-26,5,Completed,Website,,0,108510.0
6075,6324,8,3099.0,2026-06-18 21:15:46,2026-10-12,2,Cancelled,Mobile App,TP5OFF,5,66040.2
6076,6324,29,1720.0,2026-07-01 02:23:17,2026-12-19,3,Confirmed,Mobile App,,0,90828.0
6077,6325,54,,2026-06-24 20:39:32,2026-08-06,4,Completed,Mobile App,,0,46864.0
6078,6328,61,10081.0,2026-08-27 07:09:26,2026-09-08,4,Confirmed,Website,,0,76220.0
6079,6329,87,,2026-07-24 21:51:02,2026-08-06,3,Cancelled,Website,,0,65310.0
6080,6329,17,,2023-12-19 11:34:03,2024-02-13,4,Completed,Mobile App,,0,162248.0
6081,6331,12,5624.0,2026-08-13 16:31:51,2026-12-10,2,Confirmed,Website,TP20OFF,20,16558.4
6082,6332,85,191.0,2024-09-19 09:52:54,2024-10-05,5,Completed,Website,TP10OFF,10,38448.0
6083,6336,93,6494.0,2024-06-26 06:02:12,2024-07-16,3,Completed,Website,,0,53940.0
6084,6339,79,,2026-07-23 08:26:15,2026-09-27,2,Cancelled,Mobile App,,0,19384.0
6085,6340,54,1376.0,2025-11-15 04:12:30,2026-01-09,3,Completed,Website,TP5OFF,5,33390.6
6086,6341,42,5810.0,2024-04-24 10:52:19,2024-05-12,4,Cancelled,Website,,0,154868.0
6087,6341,8,2229.0,2026-09-06 16:02:06,2026-12-15,4,Confirmed,Instagram,,0,139032.0
6088,6342,31,11544.0,2026-07-04 09:33:12,2026-07-12,2,Cancelled,Instagram,,0,80496.0
6089,6342,52,,2026-03-20 14:02:25,2026-04-01,2,Completed,Website,,0,61398.0
6090,6342,36,,2026-07-26 17:34:14,2026-11-22,2,Confirmed,Mobile App,,0,86226.0
6091,6342,31,,2026-08-26 03:25:24,2026-09-28,2,Confirmed,Website,TP10OFF,10,72446.4
6092,6343,77,,2026-08-05 21:40:50,2026-12-06,5,Confirmed,Mobile App,TP15OFF,15,84749.25
6093,6345,49,13848.0,2026-08-03 03:47:44,2026-12-31,5,Confirmed,Instagram,,0,58030.0
6094,6346,22,8199.0,2026-07-21 05:36:40,2026-11-09,2,Confirmed,Mobile App,,0,18126.0
6095,6349,43,9345.0,2025-11-04 22:47:27,2025-11-28,4,Completed,Mobile App,,0,44756.0
6096,6350,98,,2026-08-26 14:39:34,2027-01-09,3,Confirmed,Instagram,,0,46074.0
6097,6352,41,3421.0,2026-03-27 08:54:20,2026-05-19,2,Completed,Mobile App,,0,97660.0
6098,6353,96,5721.0,2024-05-04 07:32:58,2024-06-30,3,Completed,Website,TP15OFF,15,55618.05
6099,6354,62,2011.0,2026-08-05 18:13:15,2027-01-08,1,Confirmed,Mobile App,,0,18687.0
6100,6354,13,,2026-06-29 13:47:49,2026-08-09,2,Cancelled,Website,,0,21548.0
6101,6355,56,12408.0,2026-09-06 11:01:18,2026-12-01,5,Confirmed,Website,,0,84120.0
6102,6358,28,,2026-02-26 04:59:14,2026-03-25,3,Completed,Mobile App,,0,28065.0
6103,6360,96,,2026-07-27 18:07:11,2026-12-03,2,Pending,Website,TP5OFF,5,41440.9
6104,6361,33,,2025-06-13 02:39:23,2025-06-20,4,Completed,Website,TP20OFF,20,35433.6
6105,6361,68,1619.0,2026-06-24 17:44:46,2026-08-13,6,Completed,Mobile App,TP5OFF,5,131898.0
6106,6361,17,6696.0,2025-05-21 23:35:17,2025-06-18,3,Completed,Website,TP15OFF,15,103433.1
6107,6364,68,,2025-03-15 03:26:09,2025-04-17,6,Completed,Instagram,,0,138840.0
6108,6364,77,,2024-09-14 19:06:30,2024-10-03,3,Completed,Website,,0,59823.0
6109,6365,8,315.0,2023-09-29 22:21:11,2023-11-12,2,Completed,Mobile App,TP10OFF,10,62564.4
6110,6365,93,5778.0,2024-02-01 20:38:07,2024-02-17,6,Completed,Instagram,TP20OFF,20,86304.0
6111,6366,10,,2026-03-15 22:29:56,2026-04-20,1,Completed,Website,,0,9472.0
6112,6367,2,,2024-10-20 09:17:52,2024-12-01,4,Completed,Website,TP10OFF,10,119026.8
6113,6369,4,,2026-07-09 04:44:26,2026-11-20,2,Confirmed,Mobile App,TP5OFF,5,16060.7
6114,6370,96,,2026-06-26 07:03:42,2026-10-11,5,Pending,Mobile App,,0,109055.0
6115,6371,23,,2024-04-09 05:13:15,2024-04-24,3,Completed,Website,TP5OFF,5,111095.85
6116,6372,7,,2026-06-11 08:24:14,2026-06-29,3,Completed,Website,,0,39207.0
6117,6375,43,,2026-07-19 13:15:37,2027-01-03,5,Pending,Website,,0,55945.0
6118,6376,62,2725.0,2026-08-25 12:53:59,2026-11-12,2,Confirmed,Mobile App,,0,37374.0
6119,6380,66,,2024-07-17 03:56:15,2024-08-31,3,Cancelled,Mobile App,,0,93318.0
6120,6380,6,,2026-06-30 03:31:13,2026-10-30,4,Confirmed,Mobile App,,0,35292.0
6121,6381,82,,2026-08-23 19:39:21,2027-01-16,2,Confirmed,Mobile App,,0,19692.0
6122,6382,26,14221.0,2026-07-22 01:30:42,2026-10-26,4,Confirmed,Mobile App,,0,103828.0
6123,6383,29,,2026-08-19 22:55:41,2026-12-09,4,Pending,Website,,0,121104.0
6124,6383,68,,2025-10-29 09:12:24,2025-12-13,5,Cancelled,Instagram,TP5OFF,5,109915.0
6125,6384,20,,2026-07-04 23:24:18,2026-09-21,3,Confirmed,Website,TP15OFF,15,93342.75
6126,6384,76,,2026-09-06 03:28:39,2027-01-14,2,Confirmed,Referral Link,,0,30886.0
6127,6384,20,,2026-06-21 03:51:00,2026-09-19,2,Confirmed,Mobile App,,0,73210.0
6128,6384,69,8626.0,2024-06-01 18:45:50,2024-06-10,3,Completed,Website,,0,70980.0
6129,6384,26,13041.0,2025-04-27 22:22:13,2025-05-26,2,Completed,Website,,0,51914.0
6130,6384,5,,2026-08-07 09:53:48,2027-01-04,4,Confirmed,Mobile App,,0,162620.0
6131,6385,22,,2024-12-14 09:34:46,2024-12-22,3,Completed,Mobile App,,0,27189.0
6132,6385,25,,2026-07-01 08:41:45,2026-08-26,4,Completed,Mobile App,,0,47412.0
6133,6387,16,,2026-07-28 13:51:43,2026-11-08,4,Confirmed,Website,,0,43704.0
6134,6388,39,,2025-09-18 21:02:40,2025-09-26,4,Completed,Website,TP5OFF,5,27276.4
6135,6389,34,13938.0,2026-04-29 21:06:27,2026-06-21,2,Completed,Mobile App,TP5OFF,5,18796.7
6136,6390,73,,2025-03-12 20:41:56,2025-03-28,6,Completed,Referral Link,TP15OFF,15,131758.5
6137,6391,22,,2026-06-17 21:49:57,2026-11-15,2,Pending,Mobile App,,0,18126.0
6138,6392,70,3930.0,2024-09-18 02:00:26,2024-10-30,5,Completed,Mobile App,,0,71620.0
6139,6392,91,,2026-07-28 19:53:22,2026-10-18,3,Pending,Mobile App,,0,38862.0
6140,6393,5,,2026-04-29 15:25:30,2026-05-21,3,Completed,Referral Link,,0,121965.0
6141,6394,59,,2024-01-05 15:34:51,2024-01-24,3,Completed,Mobile App,,0,60258.0
6142,6399,79,14160.0,2025-04-19 11:21:35,2025-06-15,5,Completed,Website,,0,48460.0
6143,6399,10,3441.0,2026-09-01 22:13:51,2026-12-26,3,Confirmed,Mobile App,,0,28416.0
6144,6400,94,13032.0,2024-12-13 22:30:13,2025-01-26,2,Completed,Instagram,TP15OFF,15,20945.7
6145,6403,20,,2025-04-16 10:33:14,2025-05-05,2,Completed,Website,,0,73210.0
6146,6404,60,8618.0,2026-07-10 13:40:13,2026-12-18,3,Pending,Website,TP5OFF,5,36779.25
6147,6404,69,,2024-04-17 07:45:04,2024-06-16,3,Completed,Mobile App,,0,70980.0
6148,6404,72,,2026-07-12 16:31:57,2026-08-06,1,Completed,Website,,0,11117.0
6149,6405,52,,2026-07-22 02:10:30,2027-01-16,3,Pending,Website,,0,92097.0
6150,6406,8,,2026-02-23 02:59:50,2026-03-27,4,Completed,Website,,0,139032.0
6151,6407,19,,2026-06-21 16:31:16,2026-09-15,4,Confirmed,Website,,0,35348.0
6152,6407,28,,2026-09-05 01:02:30,2027-01-10,2,Confirmed,Website,,0,18710.0
6153,6408,47,4306.0,2026-06-16 11:22:02,2026-09-18,3,Confirmed,Website,,0,90990.0
6154,6408,68,2125.0,2026-08-16 20:51:35,2026-09-01,5,Completed,Website,,0,115700.0
6155,6409,73,,2026-08-18 11:20:40,2027-02-04,5,Confirmed,Website,TP5OFF,5,122716.25
6156,6409,75,1834.0,2026-08-11 10:24:14,2026-11-24,4,Confirmed,Website,,0,86808.0
6157,6409,77,9033.0,2026-06-29 17:11:56,2026-08-07,6,Completed,Website,,0,119646.0
6158,6410,38,,2026-08-25 21:18:05,2026-10-05,5,Confirmed,Website,,0,40165.0
6159,6414,47,8170.0,2026-08-07 19:13:38,2026-08-20,3,Completed,Mobile App,TP10OFF,10,81891.0
6160,6417,96,2183.0,2024-03-22 00:50:28,2024-05-13,5,Cancelled,Referral Link,,0,109055.0
6161,6417,79,,2026-08-25 01:05:12,2027-01-23,2,Pending,Mobile App,TP15OFF,15,16476.4
6162,6418,49,,2026-08-15 01:19:14,2026-12-14,4,Pending,Website,,0,46424.0
6163,6422,41,3587.0,2024-03-28 16:45:16,2024-05-16,2,Completed,Website,TP10OFF,10,87894.0
6164,6423,34,10426.0,2026-06-17 23:20:43,2026-09-27,3,Confirmed,Mobile App,,0,29679.0
6165,6425,75,,2023-11-14 22:22:04,2023-12-31,3,Completed,Website,TP10OFF,10,58595.4
6166,6428,19,,2024-02-21 07:38:35,2024-03-08,4,Completed,Website,,0,35348.0
6167,6430,16,10195.0,2026-06-13 15:55:22,2026-10-11,4,Confirmed,Referral Link,,0,43704.0
6168,6430,19,5672.0,2026-07-15 21:37:05,2026-12-10,1,Cancelled,Mobile App,,0,8837.0
6169,6431,19,14281.0,2024-09-30 16:36:08,2024-10-21,1,Completed,Mobile App,TP5OFF,5,8395.15
6170,6431,62,,2025-05-14 06:28:06,2025-05-28,5,Completed,Instagram,,0,93435.0
6171,6432,37,13544.0,2023-11-17 00:52:51,2023-11-26,4,Completed,Website,,0,150964.0
6172,6433,76,4347.0,2024-05-06 15:19:51,2024-05-16,1,Completed,Website,,0,15443.0
6173,6433,80,,2026-06-22 08:03:39,2026-10-06,2,Confirmed,Mobile App,,0,12834.0
6174,6435,84,8161.0,2026-07-31 00:29:33,2026-09-16,3,Confirmed,Mobile App,TP10OFF,10,58757.4
6175,6436,54,,2026-08-18 23:12:35,2026-09-13,2,Confirmed,Mobile App,,0,23432.0
6176,6437,45,,2025-09-18 06:56:05,2025-11-06,2,Cancelled,Referral Link,TP15OFF,15,57475.3
6177,6437,89,,2025-12-30 18:28:15,2026-02-07,4,Completed,Website,,0,33232.0
6178,6438,60,,2026-07-11 00:08:15,2026-11-17,2,Confirmed,Website,,0,25810.0
6179,6438,81,5057.0,2026-06-11 23:30:53,2026-10-15,3,Confirmed,Website,,0,75831.0
6180,6440,93,,2025-07-28 06:25:52,2025-09-10,4,Completed,Website,TP5OFF,5,68324.0
6181,6441,73,,2026-06-21 03:51:07,2026-11-20,5,Confirmed,Referral Link,,0,129175.0
6182,6444,85,,2024-05-08 00:50:30,2024-07-01,4,Cancelled,Website,,0,34176.0
6183,6445,6,14909.0,2025-12-11 19:04:46,2025-12-19,4,Cancelled,Mobile App,TP10OFF,10,31762.8
6184,6446,26,2981.0,2024-02-10 01:10:10,2024-04-01,4,Completed,Website,,0,103828.0
6185,6446,2,,2026-06-14 04:53:10,2026-11-29,2,Confirmed,Referral Link,TP5OFF,5,62819.7
6186,6447,70,,2026-06-11 15:10:15,2026-10-22,2,Confirmed,Website,,0,28648.0
6187,6450,7,,2024-05-12 14:48:37,2024-06-20,4,Completed,Website,,0,52276.0
6188,6451,73,10847.0,2026-08-28 06:44:49,2027-01-25,5,Confirmed,Mobile App,TP10OFF,10,116257.5
6189,6453,7,,2026-09-02 23:51:06,2026-09-21,1,Confirmed,Mobile App,TP10OFF,10,11762.1
6190,6453,62,1968.0,2025-12-30 19:54:19,2026-01-04,1,Cancelled,Mobile App,,0,18687.0
6191,6454,44,12840.0,2024-12-31 02:49:35,2025-02-23,2,Completed,Mobile App,,0,13380.0
6192,6455,82,,2025-07-04 09:28:07,2025-08-09,4,Completed,Website,TP5OFF,5,37414.8
6193,6457,72,3096.0,2024-04-27 05:39:18,2024-05-20,4,Completed,Referral Link,,0,44468.0
6194,6457,54,6765.0,2026-04-25 22:21:25,2026-06-22,2,Completed,Website,TP5OFF,5,22260.4
6195,6458,57,,2026-08-20 18:36:47,2026-12-22,3,Confirmed,Website,,0,70023.0
6196,6458,77,10560.0,2026-07-23 01:13:51,2026-10-04,5,Cancelled,Instagram,,0,99705.0
6197,6461,73,,2026-08-11 03:08:22,2026-12-18,4,Confirmed,Mobile App,,0,103340.0
6198,6461,48,,2026-06-30 10:30:19,2026-10-24,2,Confirmed,Mobile App,,0,16080.0
6199,6462,37,,2026-08-18 01:54:43,2027-01-15,3,Confirmed,Mobile App,,0,113223.0
6200,6464,11,,2026-08-12 14:38:39,2027-01-24,4,Confirmed,Website,TP5OFF,5,107669.2
6201,6466,49,,2025-08-16 18:38:37,2025-10-14,4,Completed,Mobile App,,0,46424.0
6202,6466,39,,2026-07-04 00:21:28,2026-08-16,5,Completed,Mobile App,,0,35890.0
6203,6469,95,14319.0,2026-06-13 02:41:48,2026-07-10,2,Completed,Instagram,TP10OFF,10,13158.0
6204,6469,71,,2024-02-09 12:07:02,2024-02-15,5,Completed,Instagram,TP15OFF,15,25563.75
6205,6470,79,11039.0,2026-08-31 06:55:22,2026-10-29,3,Confirmed,Mobile App,TP10OFF,10,26168.4
6206,6473,95,,2025-11-23 12:02:55,2026-01-20,4,Completed,Website,,0,29240.0
6207,6475,43,,2026-07-15 23:09:28,2026-08-09,4,Completed,Instagram,,0,44756.0
6208,6475,24,,2026-06-20 05:29:49,2026-12-13,3,Confirmed,Website,TP15OFF,15,24451.95
6209,6475,43,1725.0,2026-05-04 23:45:14,2026-06-01,5,Cancelled,Mobile App,,0,55945.0
6210,6475,30,1403.0,2025-01-30 18:00:05,2025-02-23,3,Completed,Website,,0,27108.0
6211,6476,64,,2024-12-15 09:27:23,2024-12-26,2,Completed,Website,,0,32386.0
6212,6476,51,10083.0,2026-09-02 02:06:58,2027-02-24,2,Confirmed,Website,,0,73474.0
6213,6478,96,,2025-12-31 01:34:06,2026-02-02,3,Completed,Instagram,,0,65433.0
6214,6481,54,973.0,2026-08-09 09:19:51,2027-01-24,5,Confirmed,Website,TP5OFF,5,55651.0
6215,6482,69,5187.0,2024-04-13 23:06:53,2024-04-19,4,Completed,Website,,0,94640.0
6216,6483,82,,2026-08-18 16:43:16,2026-10-04,4,Confirmed,Website,TP5OFF,5,37414.8
6217,6483,49,,2025-09-22 22:09:19,2025-10-07,2,Completed,Mobile App,,0,23212.0
6218,6484,80,,2026-08-31 04:21:51,2027-02-24,3,Confirmed,Website,,0,19251.0
6219,6487,77,11180.0,2026-08-08 08:36:54,2027-01-06,3,Pending,Website,TP10OFF,10,53840.7
6220,6487,75,,2026-07-28 22:40:23,2026-12-13,6,Confirmed,Website,TP5OFF,5,123701.4
6221,6488,51,,2026-06-14 09:19:26,2026-06-30,2,Cancelled,Mobile App,,0,73474.0
6222,6490,23,,2026-04-27 05:06:06,2026-05-08,4,Completed,Referral Link,TP10OFF,10,140331.6
6223,6492,27,14133.0,2026-07-17 02:25:10,2026-11-10,5,Confirmed,Mobile App,TP10OFF,10,30132.0
6224,6493,3,,2026-06-19 18:22:55,2026-06-25,5,Completed,Website,,0,32605.0
6225,6494,7,,2026-02-07 19:47:12,2026-03-16,3,Completed,Website,,0,39207.0
6226,6494,85,13422.0,2024-05-04 04:48:00,2024-06-30,2,Completed,Website,,0,17088.0
6227,6495,49,4019.0,2025-10-23 04:07:32,2025-11-17,2,Completed,Website,,0,23212.0
6228,6496,82,,2026-06-23 18:12:05,2026-07-12,2,Completed,Mobile App,,0,19692.0
6229,6496,10,,2024-04-28 14:57:48,2024-05-16,4,Completed,Website,TP5OFF,5,35993.6
6230,6497,95,1498.0,2024-02-16 08:39:29,2024-02-25,5,Completed,Mobile App,,0,36550.0
6231,6497,9,8719.0,2026-06-22 16:06:05,2026-10-08,3,Confirmed,Referral Link,,0,30108.0
6232,6498,39,,2026-07-24 04:58:28,2026-12-20,2,Confirmed,Mobile App,TP5OFF,5,13638.2
6233,6499,82,1858.0,2026-08-01 12:20:11,2026-10-17,5,Cancelled,Referral Link,TP10OFF,10,44307.0
6234,6499,91,13539.0,2023-11-04 05:09:37,2023-11-24,2,Completed,Mobile App,,0,25908.0
6235,6500,4,,2026-03-04 19:23:05,2026-04-21,1,Completed,Website,,0,8453.0
6236,6500,62,,2026-06-22 15:49:01,2026-07-28,4,Completed,Mobile App,,0,74748.0
6237,6502,25,,2025-04-14 13:37:28,2025-05-24,4,Completed,Mobile App,TP15OFF,15,40300.2
6238,6502,10,3451.0,2026-01-09 11:29:40,2026-03-09,2,Completed,Mobile App,,0,18944.0
6239,6502,34,13879.0,2024-03-08 12:29:04,2024-03-29,3,Completed,Mobile App,TP15OFF,15,25227.15
6240,6502,82,,2026-08-28 08:53:47,2027-01-31,3,Confirmed,Mobile App,,0,29538.0
6241,6504,86,,2024-10-12 06:51:00,2024-12-10,5,Completed,Mobile App,,0,38280.0
6242,6506,44,10876.0,2026-06-27 05:52:25,2026-08-29,5,Completed,Website,,0,33450.0
6243,6507,85,,2025-07-14 12:57:52,2025-08-24,2,Completed,Website,,0,17088.0
6244,6509,42,6126.0,2026-06-23 18:02:50,2026-08-11,3,Completed,Website,,0,116151.0
6245,6509,20,,2026-09-01 10:12:31,2027-01-18,3,Confirmed,Website,TP5OFF,5,104324.25
6246,6512,15,,2026-07-24 22:00:42,2026-08-31,2,Completed,Website,,0,20934.0
6247,6513,31,,2026-07-05 06:16:29,2026-12-17,2,Confirmed,Website,TP5OFF,5,76471.2
6248,6514,79,,2025-11-30 11:30:45,2026-01-10,5,Completed,Mobile App,,0,48460.0
6249,6516,84,9670.0,2026-07-28 07:33:31,2026-09-29,6,Confirmed,Mobile App,,0,130572.0
6250,6517,91,4438.0,2026-06-29 09:12:54,2026-09-27,2,Confirmed,Website,,0,25908.0
6251,6518,14,,2024-01-16 12:58:03,2024-02-16,4,Completed,Referral Link,TP15OFF,15,129890.2
6252,6522,67,,2026-07-27 15:43:34,2026-10-30,1,Confirmed,Instagram,,0,16729.0
6253,6523,77,3807.0,2026-07-31 10:06:26,2026-10-18,6,Confirmed,Website,,0,119646.0
6254,6523,75,,2026-07-07 07:23:44,2026-09-02,6,Completed,Website,,0,130212.0
6255,6524,96,,2026-03-07 19:41:27,2026-04-30,3,Completed,Mobile App,,0,65433.0
6256,6525,71,,2025-05-06 13:43:29,2025-06-18,3,Cancelled,Referral Link,,0,18045.0
6257,6526,66,,2026-07-24 03:38:04,2026-12-06,6,Confirmed,Website,TP15OFF,15,158640.6
6258,6526,87,,2024-12-14 16:00:14,2025-02-04,5,Completed,Website,,0,108850.0
6259,6527,58,,2025-01-19 22:06:04,2025-03-13,1,Completed,Website,,0,12161.0
6260,6527,76,,2024-11-27 02:33:57,2025-01-26,1,Completed,Mobile App,,0,15443.0
6261,6532,82,,2024-06-01 18:02:18,2024-07-11,3,Completed,Mobile App,TP5OFF,5,28061.1
6262,6532,91,9174.0,2025-08-24 13:40:08,2025-09-10,5,Cancelled,Website,TP5OFF,5,61531.5
6263,6532,28,,2025-12-20 04:13:14,2026-02-16,2,Completed,Mobile App,,0,18710.0
6264,6532,1,4491.0,2026-06-24 11:53:58,2026-10-02,2,Pending,Mobile App,,0,21974.0
6265,6532,4,,2026-06-19 21:16:20,2026-12-13,2,Confirmed,Website,TP5OFF,5,16060.7
6266,6532,86,653.0,2026-07-25 04:44:49,2026-10-12,3,Confirmed,Website,,0,22968.0
6267,6534,26,864.0,2024-01-07 03:59:09,2024-02-18,4,Completed,Website,,0,103828.0
6268,6535,50,,2024-06-21 19:51:26,2024-06-27,2,Completed,Instagram,,0,39034.0
6269,6536,77,,2026-06-14 03:16:52,2026-07-29,3,Completed,Website,TP10OFF,10,53840.7
6270,6537,27,12968.0,2024-06-19 15:43:33,2024-07-19,4,Cancelled,Mobile App,,0,26784.0
6271,6537,93,,2024-08-06 20:55:25,2024-09-02,4,Completed,Website,,0,71920.0
6272,6538,23,,2025-02-27 16:17:52,2025-04-15,3,Completed,Referral Link,,0,116943.0
6273,6539,96,,2026-04-25 00:48:30,2026-06-19,4,Completed,Website,,0,87244.0
6274,6539,25,,2024-07-10 16:37:52,2024-08-22,4,Cancelled,Mobile App,,0,47412.0
6275,6540,77,10533.0,2026-06-19 11:14:15,2026-10-03,4,Confirmed,Website,,0,79764.0
6276,6542,96,12885.0,2026-07-27 02:49:44,2027-01-09,1,Confirmed,Instagram,,0,21811.0
6277,6543,15,4188.0,2025-03-13 08:54:39,2025-04-15,4,Completed,Referral Link,,0,41868.0
6278,6544,70,,2026-06-17 16:52:01,2026-07-06,4,Completed,Website,,0,57296.0
6279,6545,79,,2025-01-14 09:45:47,2025-03-15,5,Completed,Mobile App,TP10OFF,10,43614.0
6280,6545,34,,2026-08-27 05:44:05,2026-10-20,4,Confirmed,Referral Link,,0,39572.0
6281,6546,82,9550.0,2024-10-06 22:43:07,2024-10-31,4,Completed,Website,,0,39384.0
6282,6549,97,14875.0,2026-06-29 11:18:22,2026-08-18,5,Completed,Mobile App,,0,84795.0
6283,6550,26,7524.0,2026-08-25 02:27:12,2026-12-26,4,Pending,Website,TP5OFF,5,98636.6
6284,6550,5,3670.0,2026-08-28 23:49:29,2027-02-20,3,Confirmed,Website,TP5OFF,5,115866.75
6285,6551,98,,2024-02-02 11:48:06,2024-02-20,5,Completed,Website,,0,76790.0
6286,6551,81,,2026-08-29 18:32:23,2026-11-06,3,Confirmed,Referral Link,,0,75831.0
6287,6553,52,,2023-09-22 10:24:59,2023-11-14,2,Completed,Mobile App,TP10OFF,10,55258.2
6288,6556,72,,2026-07-05 20:00:51,2026-12-27,1,Confirmed,Website,,0,11117.0
6289,6557,79,,2026-06-14 14:39:58,2026-10-01,3,Pending,Mobile App,,0,29076.0
6290,6558,39,,2026-08-08 16:39:19,2026-09-29,4,Confirmed,Mobile App,TP15OFF,15,24405.2
6291,6558,4,,2026-08-25 18:49:28,2026-10-08,1,Confirmed,Website,TP15OFF,15,7185.05
6292,6559,12,11262.0,2024-11-21 13:06:15,2025-01-20,3,Completed,Mobile App,,0,31047.0
6293,6559,42,,2025-07-04 07:22:26,2025-07-23,2,Completed,Website,,0,77434.0
6294,6560,14,3185.0,2023-10-09 05:56:31,2023-11-13,3,Completed,Mobile App,TP5OFF,5,108878.55
6295,6560,46,,2026-02-22 00:55:54,2026-04-11,2,Completed,Website,TP15OFF,15,51753.1
6296,6561,72,,2024-04-02 16:41:44,2024-04-17,5,Completed,Mobile App,,0,55585.0
6297,6561,97,7922.0,2025-12-25 10:25:31,2025-12-30,3,Completed,Mobile App,,0,50877.0
6298,6562,6,9477.0,2026-08-24 10:40:34,2026-09-04,4,Completed,Website,TP20OFF,20,28233.6
6299,6563,44,5896.0,2024-02-08 16:18:47,2024-02-18,2,Completed,Referral Link,,0,13380.0
6300,6564,2,,2026-07-04 01:31:33,2026-11-29,3,Pending,Mobile App,,0,99189.0
6301,6565,41,,2024-12-20 20:31:43,2025-01-23,2,Completed,Website,TP5OFF,5,92777.0
6302,6565,90,2716.0,2025-02-24 22:03:56,2025-03-27,6,Completed,Referral Link,TP20OFF,20,99667.2
6303,6566,76,10480.0,2026-08-28 23:24:12,2027-01-13,3,Confirmed,Mobile App,,0,46329.0
6304,6567,82,,2026-08-28 10:41:41,2027-01-09,4,Confirmed,Website,,0,39384.0
6305,6570,52,,2026-09-04 17:37:05,2026-11-09,4,Confirmed,Website,,0,122796.0
6306,6574,93,,2026-05-03 04:57:09,2026-06-20,5,Completed,Mobile App,,0,89900.0
6307,6575,93,10535.0,2026-06-11 18:33:04,2026-08-27,3,Completed,Website,,0,53940.0
6308,6577,91,,2026-08-23 08:51:13,2026-10-03,2,Confirmed,Instagram,TP5OFF,5,24612.6
6309,6584,31,11971.0,2024-01-19 03:40:37,2024-02-20,2,Cancelled,Website,TP5OFF,5,76471.2
6310,6586,75,,2026-09-06 09:58:26,2026-10-11,5,Confirmed,Website,TP10OFF,10,97659.0
6311,6587,65,263.0,2026-07-16 15:25:40,2026-12-14,5,Pending,Instagram,,0,87690.0
6312,6587,71,,2026-06-01 05:27:41,2026-07-07,2,Completed,Instagram,,0,12030.0
6313,6587,10,,2026-06-14 03:32:05,2026-08-18,2,Completed,Mobile App,,0,18944.0
6314,6587,44,,2026-08-16 11:06:52,2026-12-07,5,Confirmed,Mobile App,TP5OFF,5,31777.5
6315,6591,71,4205.0,2026-06-13 15:37:02,2026-07-01,4,Completed,Mobile App,,0,24060.0
6316,6591,55,,2026-08-29 23:13:07,2026-12-01,1,Confirmed,Website,,0,24125.0
6317,6594,66,,2026-04-14 21:16:40,2026-04-22,3,Completed,Mobile App,,0,93318.0
6318,6595,96,,2026-07-08 01:06:12,2026-12-31,1,Pending,Mobile App,TP5OFF,5,20720.45
6319,6597,10,,2025-12-26 02:03:20,2026-01-31,3,Completed,Website,,0,28416.0
6320,6597,16,7163.0,2024-12-17 08:31:48,2025-01-06,3,Completed,Mobile App,TP5OFF,5,31139.1
6321,6597,44,,2024-08-12 23:59:24,2024-09-26,5,Completed,Website,,0,33450.0
6322,6597,22,,2026-07-04 10:07:25,2026-11-27,1,Confirmed,Website,,0,9063.0
6323,6597,82,,2026-06-13 19:20:28,2026-08-23,3,Completed,Website,,0,29538.0
6324,6597,96,13348.0,2026-07-09 08:27:16,2026-08-19,5,Completed,Instagram,,0,109055.0
6325,6601,83,1307.0,2024-01-08 04:44:33,2024-02-05,3,Completed,Website,TP20OFF,20,22982.4
6326,6601,3,,2026-09-03 20:32:29,2027-01-23,4,Cancelled,Website,TP10OFF,10,23475.6
6327,6601,6,6942.0,2026-08-29 16:53:23,2027-01-21,2,Confirmed,Referral Link,TP5OFF,5,16763.7
6328,6601,95,3412.0,2026-08-20 09:40:00,2026-11-17,3,Confirmed,Mobile App,,0,21930.0
6329,6601,50,2751.0,2026-08-03 08:01:36,2026-09-02,2,Completed,Mobile App,,0,39034.0
6330,6602,34,2449.0,2025-04-23 23:04:58,2025-06-19,4,Completed,Mobile App,,0,39572.0
6331,6602,83,,2025-09-03 06:26:03,2025-10-28,2,Completed,Mobile App,,0,19152.0
6332,6604,8,,2025-04-22 07:31:37,2025-06-21,4,Completed,Mobile App,,0,139032.0
6333,6606,28,,2025-03-10 09:01:20,2025-04-18,4,Completed,Website,,0,37420.0
6334,6608,51,9303.0,2026-08-18 08:29:51,2027-01-13,2,Confirmed,Website,,0,73474.0
6335,6609,25,,2026-06-30 23:26:07,2026-12-16,4,Confirmed,Mobile App,TP5OFF,5,45041.4
6336,6609,91,14529.0,2026-08-26 05:27:47,2026-10-23,2,Cancelled,Website,,0,25908.0
6337,6610,39,,2026-06-16 18:55:43,2026-08-28,2,Completed,Website,,0,14356.0
6338,6610,96,,2026-08-29 06:31:52,2027-01-18,3,Pending,Website,,0,65433.0
6339,6611,74,5408.0,2026-08-19 02:21:06,2027-01-19,2,Confirmed,Instagram,TP10OFF,10,19513.8
6340,6614,41,,2026-04-10 19:05:39,2026-04-17,2,Completed,Referral Link,TP5OFF,5,92777.0
6341,6614,36,,2026-07-29 06:07:41,2026-08-17,2,Cancelled,Website,,0,86226.0
6342,6617,56,,2026-03-03 09:44:21,2026-03-25,3,Cancelled,Website,,0,50472.0
6343,6617,58,,2026-08-24 12:15:19,2026-10-14,1,Confirmed,Referral Link,,0,12161.0
6344,6618,5,,2023-12-28 18:29:01,2024-02-17,2,Completed,Mobile App,,0,81310.0
6345,6618,37,,2024-03-06 08:33:38,2024-03-22,4,Completed,Mobile App,TP5OFF,5,143415.8
6346,6618,69,12824.0,2026-05-14 07:30:51,2026-06-22,4,Completed,Referral Link,,0,94640.0
6347,6618,20,,2025-04-24 08:08:44,2025-06-02,3,Cancelled,Website,,0,109815.0
6348,6618,31,14840.0,2026-02-22 06:22:15,2026-04-11,2,Cancelled,Instagram,,0,80496.0
6349,6618,32,,2026-08-01 08:08:49,2026-09-24,4,Cancelled,Website,TP5OFF,5,98659.4
6350,6619,33,,2026-06-26 10:56:04,2026-11-14,4,Confirmed,Website,,0,44292.0
6351,6621,17,,2024-09-04 17:50:12,2024-10-28,2,Completed,Mobile App,,0,81124.0
6352,6622,38,,2026-05-15 20:04:02,2026-05-25,2,Completed,Website,TP5OFF,5,15262.7
6353,6622,18,,2026-07-20 17:22:24,2026-09-05,3,Completed,Mobile App,,0,18636.0
6354,6623,14,9192.0,2024-10-16 16:53:08,2024-11-11,4,Completed,Website,,0,152812.0
6355,6626,64,10622.0,2025-09-13 01:30:19,2025-10-05,3,Completed,Mobile App,TP5OFF,5,46150.05
6356,6627,96,,2026-08-28 14:48:24,2027-02-01,1,Confirmed,Mobile App,,0,21811.0
6357,6627,4,,2026-06-24 02:26:33,2026-08-15,4,Completed,Website,TP10OFF,10,30430.8
6358,6629,2,,2026-06-13 16:42:48,2026-07-16,3,Completed,Instagram,,0,99189.0
6359,6629,52,478.0,2025-12-20 00:11:40,2026-02-01,2,Completed,Website,,0,61398.0
6360,6632,16,,2026-07-27 00:46:37,2026-11-18,3,Cancelled,Website,,0,32778.0
6361,6640,23,5370.0,2023-10-04 01:35:28,2023-10-13,3,Completed,Mobile App,TP5OFF,5,111095.85
6362,6641,57,,2026-08-12 12:30:00,2026-12-02,4,Confirmed,Website,,0,93364.0
6363,6642,15,,2026-06-16 14:44:13,2026-09-22,2,Confirmed,Website,,0,20934.0
6364,6642,55,,2026-08-22 08:08:50,2027-02-05,2,Confirmed,Website,,0,48250.0
6365,6643,69,,2026-08-30 10:28:00,2027-02-07,4,Confirmed,Mobile App,,0,94640.0
6366,6644,35,5378.0,2026-07-18 10:37:34,2026-10-16,1,Confirmed,Instagram,TP10OFF,10,27902.7
6367,6646,10,13768.0,2026-06-21 17:08:53,2026-10-14,2,Confirmed,Instagram,,0,18944.0
6368,6648,9,,2023-10-19 08:25:16,2023-11-07,3,Completed,Referral Link,TP10OFF,10,27097.2
6369,6649,5,,2025-02-02 10:49:11,2025-03-29,4,Completed,Mobile App,,0,162620.0
6370,6651,85,,2024-05-13 14:39:01,2024-06-08,3,Completed,Website,TP10OFF,10,23068.8
6371,6653,73,,2023-10-23 02:29:05,2023-11-09,3,Completed,Website,TP5OFF,5,73629.75
6372,6653,59,1321.0,2026-07-09 16:42:52,2026-09-08,5,Pending,Website,,0,100430.0
6373,6656,40,,2026-09-01 14:31:19,2026-12-01,2,Confirmed,Mobile App,,0,66298.0
6374,6658,90,,2024-02-09 00:38:53,2024-03-19,6,Completed,Mobile App,TP5OFF,5,118354.8
6375,6659,58,,2026-06-26 13:12:32,2026-12-04,4,Confirmed,Mobile App,,0,48644.0
6376,6659,8,,2025-06-09 09:33:43,2025-07-15,2,Completed,Website,,0,69516.0
6377,6666,57,12122.0,2026-03-01 02:40:55,2026-04-28,4,Completed,Instagram,TP15OFF,15,79359.4
6378,6667,96,,2026-08-24 05:45:30,2026-11-21,5,Confirmed,Referral Link,,0,109055.0
6379,6668,16,,2023-10-21 16:34:47,2023-12-04,1,Completed,Mobile App,,0,10926.0
6380,6668,25,,2026-08-05 22:01:14,2026-12-28,1,Confirmed,Instagram,,0,11853.0
6381,6668,94,,2026-07-31 21:53:47,2026-12-01,4,Confirmed,Instagram,TP5OFF,5,46819.8
6382,6668,92,,2026-07-23 22:46:24,2026-09-01,2,Completed,Referral Link,,0,14814.0
6383,6668,4,,2026-07-14 15:30:42,2026-11-21,3,Pending,Website,TP10OFF,10,22823.1
6384,6669,20,,2024-02-28 07:44:27,2024-03-28,2,Completed,Website,,0,73210.0
6385,6669,9,,2024-02-15 16:50:26,2024-03-15,4,Completed,Instagram,TP5OFF,5,38136.8
6386,6670,18,7330.0,2026-06-12 03:28:34,2026-10-26,5,Pending,Mobile App,TP10OFF,10,27954.0
6387,6671,68,,2026-06-08 17:42:26,2026-06-29,3,Completed,Referral Link,,0,69420.0
6388,6672,43,1229.0,2026-07-07 23:15:15,2026-08-01,3,Cancelled,Website,,0,33567.0
6389,6673,67,,2026-07-03 12:45:21,2026-10-27,5,Confirmed,Mobile App,TP5OFF,5,79462.75
6390,6674,94,5189.0,2026-09-04 05:46:26,2027-02-05,4,Confirmed,Mobile App,TP5OFF,5,46819.8
6391,6674,82,3869.0,2026-07-14 07:13:52,2027-01-10,3,Cancelled,Mobile App,,0,29538.0
6392,6675,51,,2026-06-30 04:39:43,2026-10-18,2,Confirmed,Website,TP5OFF,5,69800.3
6393,6676,86,7843.0,2026-03-21 07:18:09,2026-05-16,5,Completed,Website,,0,38280.0
6394,6676,21,7992.0,2024-04-06 07:08:40,2024-05-16,4,Completed,Referral Link,,0,29636.0
6395,6676,92,,2025-02-09 12:08:36,2025-02-19,5,Completed,Mobile App,,0,37035.0
6396,6677,10,13068.0,2024-05-11 14:17:27,2024-07-06,2,Completed,Website,,0,18944.0
6397,6677,44,10902.0,2026-08-24 04:09:55,2026-11-07,3,Confirmed,Website,,0,20070.0
6398,6679,54,11579.0,2026-08-30 13:07:15,2026-11-06,4,Confirmed,Website,TP15OFF,15,39834.4
6399,6680,73,14721.0,2026-07-21 21:56:00,2026-09-29,3,Pending,Website,,0,77505.0
6400,6683,94,,2026-06-17 10:08:11,2026-08-20,3,Completed,Website,TP5OFF,5,35114.85
6401,6684,29,,2024-12-18 18:20:07,2025-02-09,4,Completed,Website,,0,121104.0
6402,6684,73,,2026-08-25 14:42:11,2026-11-21,6,Confirmed,Mobile App,,0,155010.0
6403,6684,9,9405.0,2025-05-03 10:47:52,2025-06-21,5,Completed,Website,,0,50180.0
6404,6684,78,8073.0,2026-09-01 20:18:26,2027-02-26,5,Confirmed,Referral Link,TP5OFF,5,95826.5
6405,6685,16,14152.0,2025-10-01 07:09:36,2025-10-28,2,Cancelled,Website,,0,21852.0
6406,6685,83,,2026-06-08 19:51:12,2026-12-05,4,Confirmed,Mobile App,TP5OFF,5,36388.8
6407,6685,56,,2026-08-10 10:04:57,2026-11-02,5,Cancelled,Website,,0,84120.0
6408,6685,65,5484.0,2026-06-28 19:05:13,2026-09-13,3,Cancelled,Website,TP5OFF,5,49983.3
6409,6685,88,,2025-01-12 05:22:26,2025-01-23,4,Completed,Mobile App,,0,32444.0
6410,6686,77,1508.0,2024-11-26 18:17:19,2025-01-08,6,Completed,Instagram,TP10OFF,10,107681.4
6411,6689,56,,2026-07-31 01:18:03,2026-11-17,5,Confirmed,Mobile App,,0,84120.0
6412,6690,81,6828.0,2024-02-16 04:55:14,2024-03-23,4,Completed,Mobile App,,0,101108.0
6413,6691,85,1829.0,2025-03-02 16:53:54,2025-04-19,3,Cancelled,Website,,0,25632.0
6414,6692,52,9820.0,2024-06-15 23:17:56,2024-07-25,3,Cancelled,Website,,0,92097.0
6415,6692,37,,2026-04-01 09:44:09,2026-04-19,3,Completed,Mobile App,TP20OFF,20,90578.4
6416,6693,54,,2025-09-13 00:51:04,2025-11-06,2,Completed,Website,,0,23432.0
6417,6693,39,,2025-12-01 17:04:07,2025-12-14,2,Cancelled,Mobile App,,0,14356.0
6418,6696,22,,2026-09-02 11:41:44,2027-02-15,4,Confirmed,Website,TP15OFF,15,30814.2
6419,6696,25,,2026-07-22 09:41:13,2027-01-15,2,Pending,Website,,0,23706.0
6420,6697,91,11758.0,2026-08-16 01:35:04,2026-12-31,2,Confirmed,Website,,0,25908.0
6421,6698,83,,2024-03-11 03:38:46,2024-03-26,2,Completed,Instagram,TP15OFF,15,16279.2
6422,6699,48,,2026-08-19 08:16:16,2026-09-11,4,Confirmed,Mobile App,,0,32160.0
6423,6700,84,3306.0,2026-07-23 23:32:36,2026-09-21,4,Confirmed,Mobile App,,0,87048.0
6424,6701,85,,2026-08-16 10:21:12,2027-02-05,2,Confirmed,Website,,0,17088.0
6425,6704,8,,2026-06-19 00:26:24,2026-12-14,2,Cancelled,Referral Link,,0,69516.0
6426,6706,75,11690.0,2024-07-02 20:53:57,2024-07-31,5,Completed,Website,,0,108510.0
6427,6707,96,,2025-04-21 05:53:14,2025-05-03,5,Completed,Mobile App,TP5OFF,5,103602.25
6428,6708,96,3822.0,2026-08-13 01:34:03,2026-10-01,1,Confirmed,Website,,0,21811.0
6429,6708,70,12531.0,2026-08-17 02:05:19,2026-10-03,4,Confirmed,Website,,0,57296.0
6430,6710,30,,2025-02-16 23:28:32,2025-03-30,5,Completed,Website,,0,45180.0
6431,6711,17,12816.0,2026-06-23 07:08:15,2026-07-19,3,Completed,Mobile App,TP5OFF,5,115601.7
6432,6711,29,,2026-07-07 13:07:47,2026-11-18,3,Confirmed,Mobile App,,0,90828.0
6433,6711,30,,2026-08-20 01:01:03,2026-09-27,3,Cancelled,Website,,0,27108.0
6434,6711,18,,2025-10-19 17:11:17,2025-10-24,5,Completed,Website,,0,31060.0
6435,6712,42,,2026-07-16 03:09:11,2026-08-07,3,Completed,Referral Link,,0,116151.0
6436,6714,9,,2026-08-09 07:32:11,2026-11-26,4,Confirmed,Referral Link,,0,40144.0
6437,6714,48,,2025-11-02 11:22:50,2025-11-29,4,Completed,Mobile App,,0,32160.0
6438,6714,33,2843.0,2024-09-30 14:07:03,2024-11-18,3,Completed,Mobile App,,0,33219.0
6439,6714,52,,2026-08-24 23:26:36,2026-10-14,4,Pending,Mobile App,,0,122796.0
6440,6714,87,,2026-06-28 22:35:54,2026-12-23,5,Pending,Referral Link,TP5OFF,5,103407.5
6441,6714,8,13358.0,2026-08-18 09:38:17,2026-09-29,3,Cancelled,Mobile App,,0,104274.0
6442,6715,86,,2025-11-10 00:26:46,2025-12-19,4,Completed,Referral Link,,0,30624.0
6443,6718,76,,2026-08-19 15:52:09,2027-01-29,5,Confirmed,Mobile App,,0,77215.0
6444,6719,91,,2025-06-23 10:38:39,2025-07-18,3,Completed,Website,,0,38862.0
6445,6720,28,14215.0,2026-08-08 07:58:47,2026-08-21,1,Completed,Website,TP15OFF,15,7951.75
6446,6721,72,1188.0,2026-06-25 09:59:56,2026-10-09,4,Confirmed,Mobile App,,0,44468.0
6447,6721,85,,2026-06-28 12:32:27,2026-11-15,3,Cancelled,Referral Link,TP5OFF,5,24350.4
6448,6721,25,7178.0,2025-11-14 19:07:52,2025-11-30,3,Completed,Mobile App,,0,35559.0
6449,6721,16,,2026-08-09 14:44:27,2027-01-05,1,Confirmed,Website,,0,10926.0
6450,6721,62,,2026-08-14 21:37:55,2026-11-09,4,Pending,Mobile App,,0,74748.0
6451,6721,4,3848.0,2023-09-19 14:03:08,2023-11-14,4,Completed,Referral Link,TP5OFF,5,32121.4
6452,6723,2,,2026-07-09 07:19:46,2026-11-04,3,Confirmed,Website,,0,99189.0
6453,6723,60,,2025-09-02 12:57:45,2025-09-25,4,Completed,Referral Link,TP5OFF,5,49039.0
6454,6723,5,,2026-07-12 07:37:20,2026-12-19,2,Confirmed,Instagram,TP15OFF,15,69113.5
6455,6724,72,,2026-07-17 23:01:49,2027-01-05,3,Confirmed,Website,,0,33351.0
6456,6726,73,,2026-07-28 04:54:24,2026-10-14,4,Confirmed,Mobile App,TP10OFF,10,93006.0
6457,6726,77,2830.0,2026-09-04 17:17:46,2026-10-12,6,Confirmed,Website,,0,119646.0
6458,6729,61,8953.0,2026-06-26 05:35:09,2026-08-27,4,Completed,Website,TP20OFF,20,60976.0
6459,6729,75,362.0,2025-07-07 03:29:13,2025-07-29,6,Completed,Website,,0,130212.0
6460,6729,68,,2026-06-17 04:55:55,2026-11-07,5,Confirmed,Website,TP10OFF,10,104130.0
6461,6729,59,3170.0,2024-07-27 01:54:03,2024-09-16,4,Completed,Referral Link,TP10OFF,10,72309.6
6462,6729,66,2267.0,2026-08-12 03:58:16,2026-10-08,5,Confirmed,Mobile App,,0,155530.0
6463,6729,68,2643.0,2023-10-03 02:15:39,2023-10-08,4,Completed,Mobile App,TP5OFF,5,87932.0
6464,6730,63,,2025-06-02 13:14:41,2025-06-19,2,Completed,Mobile App,,0,33952.0
6465,6732,75,11785.0,2026-08-19 00:48:35,2026-12-05,4,Confirmed,Instagram,TP20OFF,20,69446.4
6466,6732,75,,2025-10-12 04:11:26,2025-10-22,5,Cancelled,Mobile App,,0,108510.0
6467,6733,12,,2026-08-05 22:43:26,2026-09-20,2,Pending,Mobile App,TP15OFF,15,17593.3
6468,6733,89,,2026-06-26 14:30:40,2026-09-10,5,Confirmed,Mobile App,TP10OFF,10,37386.0
6469,6734,5,6348.0,2026-07-30 17:51:34,2026-11-17,2,Confirmed,Website,,0,81310.0
6470,6734,14,,2024-12-11 16:19:43,2025-01-20,3,Completed,Website,,0,114609.0
6471,6735,27,,2026-08-04 07:42:53,2026-11-10,2,Cancelled,Website,,0,13392.0
6472,6735,11,9084.0,2026-06-14 16:30:29,2026-10-07,4,Confirmed,Referral Link,TP10OFF,10,102002.4
6473,6736,75,41.0,2026-07-25 01:14:10,2026-12-31,5,Confirmed,Website,,0,108510.0
6474,6737,76,3571.0,2026-08-23 05:32:35,2026-10-26,1,Confirmed,Referral Link,TP5OFF,5,14670.85
6475,6737,37,8901.0,2026-09-06 01:31:23,2027-02-08,3,Confirmed,Instagram,,0,113223.0
6476,6739,11,9031.0,2025-10-28 11:01:16,2025-11-29,4,Completed,Website,,0,113336.0
6477,6740,7,,2026-07-31 10:41:37,2027-01-02,3,Confirmed,Mobile App,,0,39207.0
6478,6741,66,10909.0,2026-06-15 20:05:28,2026-11-18,3,Pending,Mobile App,,0,93318.0
6479,6742,77,,2026-06-15 04:05:26,2026-12-07,4,Confirmed,Website,TP5OFF,5,75775.8
6480,6742,59,,2026-07-29 07:17:23,2026-09-07,3,Pending,Mobile App,TP10OFF,10,54232.2
6481,6742,61,12164.0,2024-06-21 16:29:48,2024-08-12,3,Completed,Website,,0,57165.0
6482,6742,57,,2026-06-11 05:48:55,2026-09-19,6,Confirmed,Website,TP5OFF,5,133043.7
6483,6744,1,,2026-06-30 15:08:51,2026-08-04,2,Cancelled,Mobile App,TP20OFF,20,17579.2
6484,6745,4,6138.0,2026-07-18 22:39:51,2026-10-29,3,Confirmed,Mobile App,,0,25359.0
6485,6746,11,7999.0,2025-06-09 18:06:28,2025-06-25,4,Completed,Mobile App,,0,113336.0
6486,6748,1,,2026-06-27 19:40:40,2026-10-26,2,Confirmed,Website,,0,21974.0
6487,6749,36,8309.0,2025-01-27 22:58:42,2025-03-01,2,Completed,Instagram,,0,86226.0
6488,6754,70,11343.0,2026-08-04 02:20:29,2026-09-17,2,Confirmed,Website,TP5OFF,5,27215.6
6489,6755,77,,2026-07-11 10:46:45,2026-12-21,3,Cancelled,Website,,0,59823.0
6490,6755,66,11356.0,2026-08-03 12:30:37,2026-11-29,3,Confirmed,Instagram,TP5OFF,5,88652.1
6491,6758,62,4926.0,2026-08-25 13:05:49,2026-12-11,5,Confirmed,Website,,0,93435.0
6492,6760,83,,2026-08-09 23:58:15,2027-01-27,3,Confirmed,Website,,0,28728.0
6493,6763,81,1766.0,2026-07-08 19:11:25,2026-07-18,6,Cancelled,Mobile App,,0,151662.0
6494,6765,30,,2026-07-04 22:20:05,2026-11-19,5,Pending,Website,TP5OFF,5,42921.0
6495,6767,20,6136.0,2024-06-22 02:04:13,2024-08-09,4,Completed,Mobile App,TP5OFF,5,139099.0
6496,6768,54,,2026-04-06 04:20:53,2026-05-13,3,Completed,Website,,0,35148.0
6497,6768,4,5213.0,2026-07-14 00:39:14,2026-08-09,3,Completed,Website,TP10OFF,10,22823.1
6498,6768,7,5742.0,2025-10-18 17:42:53,2025-11-30,1,Completed,Website,,0,13069.0
6499,6770,59,,2026-06-13 19:43:58,2026-10-27,5,Confirmed,Mobile App,TP15OFF,15,85365.5
6500,6770,73,14003.0,2025-10-24 17:15:53,2025-11-30,4,Completed,Mobile App,,0,103340.0
6501,6770,61,5036.0,2025-12-26 10:55:56,2026-02-14,6,Completed,Mobile App,,0,114330.0
6502,6770,66,,2026-09-03 02:39:03,2026-11-16,5,Confirmed,Mobile App,,0,155530.0
6503,6770,77,,2026-06-24 03:34:16,2026-10-31,5,Confirmed,Website,TP5OFF,5,94719.75
6504,6771,31,7360.0,2026-01-31 16:27:35,2026-03-29,2,Completed,Mobile App,,0,80496.0
6505,6772,65,,2026-07-09 01:44:21,2026-08-04,4,Completed,Mobile App,TP15OFF,15,59629.2
6506,6773,91,,2024-04-13 22:22:00,2024-05-02,3,Completed,Instagram,TP10OFF,10,34975.8
6507,6774,95,365.0,2026-03-24 04:03:49,2026-04-13,3,Completed,Mobile App,,0,21930.0
6508,6775,1,,2025-02-08 00:09:14,2025-02-13,2,Completed,Website,,0,21974.0
6509,6776,44,,2026-07-02 09:08:57,2026-10-04,2,Cancelled,Mobile App,,0,13380.0
6510,6778,25,3215.0,2026-07-29 03:28:30,2026-09-24,3,Confirmed,Mobile App,,0,35559.0
6511,6778,54,,2026-08-12 22:44:23,2026-12-03,2,Confirmed,Mobile App,TP5OFF,5,22260.4
6512,6779,9,9974.0,2026-08-19 23:30:40,2026-10-27,5,Confirmed,Mobile App,,0,50180.0
6513,6780,26,,2024-07-27 09:07:17,2024-08-31,2,Completed,Instagram,TP5OFF,5,49318.3
6514,6781,49,,2024-09-24 22:22:03,2024-11-20,5,Completed,Mobile App,TP5OFF,5,55128.5
6515,6783,71,,2024-06-15 15:39:20,2024-06-24,2,Completed,Instagram,TP10OFF,10,10827.0
6516,6783,80,,2026-09-03 16:29:26,2027-02-15,2,Confirmed,Mobile App,,0,12834.0
6517,6787,79,,2026-07-25 04:56:15,2026-09-10,2,Pending,Mobile App,TP15OFF,15,16476.4
6518,6788,70,12519.0,2026-08-02 10:26:57,2026-08-12,3,Cancelled,Mobile App,TP10OFF,10,38674.8
6519,6789,74,12734.0,2026-07-07 16:27:18,2026-09-27,4,Pending,Website,TP5OFF,5,41195.8
6520,6789,81,,2026-08-06 08:33:21,2026-11-12,5,Pending,Instagram,,0,126385.0
6521,6790,27,14910.0,2026-08-20 06:31:41,2026-10-23,4,Cancelled,Mobile App,,0,26784.0
6522,6791,81,,2026-04-16 02:37:42,2026-05-20,3,Completed,Website,,0,75831.0
6523,6793,20,,2026-07-30 05:23:13,2026-09-29,3,Pending,Mobile App,,0,109815.0
6524,6798,68,2257.0,2024-09-23 00:42:05,2024-11-03,3,Completed,Mobile App,TP10OFF,10,62478.0
6525,6798,75,,2026-06-19 01:36:50,2026-10-19,5,Cancelled,Mobile App,,0,108510.0
6526,6799,36,,2026-08-27 07:52:16,2026-11-03,2,Pending,Website,,0,86226.0
6527,6802,78,14922.0,2025-05-03 18:55:20,2025-06-27,5,Completed,Mobile App,TP10OFF,10,90783.0
6528,6802,23,,2026-06-30 00:12:24,2026-12-19,2,Confirmed,Website,,0,77962.0
6529,6804,54,,2025-09-09 10:09:47,2025-11-08,3,Completed,Website,TP5OFF,5,33390.6
6530,6806,14,,2023-12-15 18:05:39,2024-01-05,2,Completed,Website,,0,76406.0
6531,6806,51,,2026-06-23 16:37:14,2026-07-09,2,Cancelled,Mobile App,,0,73474.0
6532,6808,69,7386.0,2026-08-06 14:31:57,2027-01-18,6,Cancelled,Website,,0,141960.0
6533,6811,98,,2024-07-31 06:04:38,2024-09-26,4,Completed,Website,,0,61432.0
6534,6812,88,,2026-06-26 04:59:13,2026-11-22,4,Cancelled,Mobile App,,0,32444.0
6535,6812,28,,2026-08-10 22:11:50,2026-10-11,3,Pending,Referral Link,,0,28065.0
6536,6812,83,15.0,2026-07-25 10:40:49,2026-12-12,2,Confirmed,Mobile App,,0,19152.0
6537,6812,86,1040.0,2026-07-11 18:17:50,2026-10-07,2,Confirmed,Website,,0,15312.0
6538,6813,88,,2025-11-02 21:53:06,2025-12-28,4,Cancelled,Mobile App,,0,32444.0
6539,6819,66,7301.0,2026-09-02 14:32:31,2026-11-20,4,Confirmed,Website,,0,124424.0
6540,6819,75,14544.0,2026-08-29 08:27:52,2026-10-28,5,Confirmed,Instagram,,0,108510.0
6541,6821,98,,2025-10-14 21:45:51,2025-10-22,3,Completed,Mobile App,,0,46074.0
6542,6822,11,,2026-06-14 01:39:27,2026-11-05,3,Confirmed,Website,TP10OFF,10,76501.8
6543,6823,29,,2026-04-29 07:28:33,2026-05-17,3,Completed,Website,,0,90828.0
6544,6823,84,516.0,2024-04-05 11:26:58,2024-05-09,4,Completed,Instagram,,0,87048.0
6545,6823,66,11743.0,2026-07-14 23:05:10,2027-01-08,6,Confirmed,Mobile App,,0,186636.0
6546,6823,59,12469.0,2026-06-16 11:18:37,2026-08-15,5,Completed,Website,,0,100430.0
6547,6823,52,12288.0,2025-12-18 13:05:05,2026-02-09,4,Completed,Mobile App,,0,122796.0
6548,6824,8,,2025-12-11 22:19:00,2026-01-17,3,Completed,Website,,0,104274.0
6549,6825,52,,2024-03-21 06:47:29,2024-05-01,2,Completed,Website,,0,61398.0
6550,6826,17,,2025-02-03 01:46:32,2025-03-04,4,Completed,Mobile App,,0,162248.0
6551,6826,84,,2024-09-06 17:15:39,2024-09-19,3,Completed,Website,,0,65286.0
6552,6826,75,381.0,2026-07-11 17:02:09,2026-09-21,4,Confirmed,Mobile App,,0,86808.0
6553,6826,38,,2026-06-15 08:00:06,2026-08-16,2,Completed,Referral Link,,0,16066.0
6554,6826,98,13270.0,2025-11-29 16:27:41,2025-12-11,4,Completed,Website,,0,61432.0
6555,6826,23,3770.0,2026-08-16 13:12:12,2027-02-07,4,Confirmed,Website,,0,155924.0
6556,6827,89,7542.0,2024-09-23 06:34:46,2024-10-03,5,Completed,Mobile App,,0,41540.0
6557,6828,19,,2026-08-07 08:38:54,2027-01-12,1,Confirmed,Mobile App,,0,8837.0
6558,6828,88,,2026-08-09 09:11:11,2026-12-26,4,Confirmed,Mobile App,,0,32444.0
6559,6829,42,7636.0,2025-01-18 15:15:16,2025-01-23,3,Completed,Website,,0,116151.0
6560,6833,6,9183.0,2026-05-24 20:34:22,2026-06-29,4,Completed,Mobile App,,0,35292.0
6561,6833,2,,2024-03-21 16:52:05,2024-03-26,4,Cancelled,Website,TP15OFF,15,112414.2
6562,6833,75,,2024-04-09 11:40:05,2024-05-20,4,Completed,Mobile App,TP5OFF,5,82467.6
6563,6833,9,,2024-10-09 00:42:31,2024-11-01,2,Completed,Website,TP10OFF,10,18064.8
6564,6833,12,,2024-07-12 23:16:23,2024-08-23,2,Cancelled,Mobile App,,0,20698.0
6565,6833,77,8565.0,2026-06-17 21:35:18,2026-08-19,6,Completed,Website,TP5OFF,5,113663.7
6566,6835,50,,2026-08-05 19:52:41,2026-09-22,2,Cancelled,Mobile App,TP5OFF,5,37082.3
6567,6836,29,,2026-02-19 10:09:16,2026-04-04,4,Completed,Mobile App,,0,121104.0
6568,6836,76,3131.0,2025-04-30 17:40:58,2025-05-20,4,Completed,Website,,0,61772.0
6569,6836,36,11195.0,2026-08-10 03:13:18,2027-01-27,2,Confirmed,Website,TP10OFF,10,77603.4
6570,6836,64,,2025-12-27 12:33:54,2026-01-09,3,Completed,Instagram,,0,48579.0
6571,6836,60,,2026-08-28 10:49:56,2026-10-24,2,Confirmed,Website,,0,25810.0
6572,6837,5,2973.0,2026-07-25 05:29:52,2026-10-12,3,Confirmed,Website,TP5OFF,5,115866.75
6573,6839,67,,2026-05-16 08:23:41,2026-06-26,1,Completed,Website,,0,16729.0
6574,6840,60,,2026-07-13 15:48:25,2026-08-13,3,Completed,Mobile App,,0,38715.0
6575,6841,16,10559.0,2026-08-10 08:54:44,2026-12-29,2,Confirmed,Mobile App,,0,21852.0
6576,6841,62,,2026-08-03 19:21:33,2027-01-17,3,Pending,Website,TP5OFF,5,53257.95
6577,6843,93,,2026-08-05 17:18:04,2026-09-07,5,Confirmed,Instagram,TP10OFF,10,80910.0
6578,6843,23,,2023-12-31 21:23:50,2024-01-24,3,Completed,Mobile App,,0,116943.0
6579,6845,82,5423.0,2026-06-23 16:59:12,2026-07-28,5,Completed,Website,,0,49230.0
6580,6846,5,9223.0,2026-06-27 20:03:17,2026-07-20,4,Completed,Instagram,,0,162620.0
6581,6847,2,,2026-06-26 09:04:51,2026-08-20,2,Completed,Mobile App,,0,66126.0
6582,6848,48,,2026-08-23 19:43:32,2026-10-25,4,Confirmed,Mobile App,,0,32160.0
6583,6848,75,3533.0,2024-02-22 09:45:16,2024-03-29,4,Completed,Mobile App,,0,86808.0
6584,6849,59,,2026-08-19 12:58:32,2027-01-03,4,Pending,Website,,0,80344.0
6585,6852,96,11213.0,2025-09-19 03:33:57,2025-10-04,5,Completed,Website,,0,109055.0
6586,6856,8,,2026-08-20 02:18:29,2026-10-05,3,Confirmed,Instagram,,0,104274.0
6587,6857,39,,2026-07-07 10:35:52,2026-08-27,2,Completed,Website,TP10OFF,10,12920.4
6588,6858,93,11273.0,2026-06-26 21:36:31,2026-09-09,4,Pending,Mobile App,TP5OFF,5,68324.0
6589,6859,98,13667.0,2026-07-15 12:08:15,2026-12-10,3,Pending,Website,,0,46074.0
6590,6860,22,,2025-04-15 11:19:03,2025-04-26,4,Cancelled,Mobile App,,0,36252.0
6591,6861,28,,2026-07-18 07:37:48,2026-10-15,1,Confirmed,Mobile App,TP15OFF,15,7951.75
6592,6861,19,,2026-07-22 22:28:14,2026-10-10,1,Confirmed,Website,,0,8837.0
6593,6862,14,,2024-02-12 20:28:19,2024-03-25,4,Completed,Instagram,,0,152812.0
6594,6864,73,10123.0,2026-06-17 22:39:33,2026-07-09,5,Completed,Mobile App,,0,129175.0
6595,6864,61,,2026-07-07 13:55:34,2026-11-10,6,Confirmed,Mobile App,TP5OFF,5,108613.5
6596,6864,61,,2026-06-16 22:27:36,2026-10-19,3,Confirmed,Website,TP10OFF,10,51448.5
6597,6864,61,3285.0,2026-07-12 23:14:43,2026-10-08,3,Confirmed,Website,,0,57165.0
6598,6865,93,12450.0,2026-02-20 04:09:15,2026-03-04,6,Completed,Mobile App,,0,107880.0
6599,6865,21,,2026-07-30 20:41:18,2026-08-16,4,Completed,Mobile App,TP5OFF,5,28154.2
6600,6866,16,,2024-11-11 13:19:33,2024-11-18,4,Completed,Mobile App,,0,43704.0
6601,6867,84,12176.0,2026-06-25 08:30:48,2026-09-03,3,Completed,Mobile App,,0,65286.0
6602,6867,5,,2024-04-30 03:22:40,2024-06-23,3,Completed,Website,,0,121965.0
6603,6869,16,,2026-07-19 11:31:29,2026-10-23,2,Confirmed,Referral Link,TP5OFF,5,20759.4
6604,6869,54,681.0,2024-05-31 20:41:38,2024-07-16,3,Cancelled,Website,,0,35148.0
6605,6869,54,7902.0,2026-08-17 19:57:17,2026-11-30,3,Confirmed,Website,TP15OFF,15,29875.8
6606,6869,79,,2024-09-19 13:18:23,2024-11-08,3,Completed,Website,,0,29076.0
6607,6869,49,14514.0,2026-08-30 18:35:22,2027-02-18,5,Pending,Mobile App,TP10OFF,10,52227.0
6608,6870,86,84.0,2026-07-14 15:17:28,2026-09-09,5,Confirmed,Website,,0,38280.0
6609,6870,58,373.0,2026-08-14 00:51:04,2026-09-28,2,Confirmed,Website,,0,24322.0
6610,6871,84,6589.0,2026-06-20 16:53:28,2026-11-20,5,Confirmed,Instagram,,0,108810.0
6611,6871,14,9990.0,2025-03-13 09:37:40,2025-05-06,2,Completed,Instagram,,0,76406.0
6612,6872,87,11513.0,2025-01-25 08:27:02,2025-03-11,6,Completed,Referral Link,TP5OFF,5,124089.0
6613,6873,31,,2026-06-30 18:18:51,2026-11-04,2,Confirmed,Mobile App,TP15OFF,15,68421.6
6614,6874,13,2687.0,2026-06-10 23:54:04,2026-09-15,4,Confirmed,Mobile App,,0,43096.0
6615,6875,69,6450.0,2026-08-22 02:12:51,2026-09-08,6,Cancelled,Instagram,TP15OFF,15,120666.0
6616,6876,1,2468.0,2026-08-14 07:00:22,2026-10-08,1,Confirmed,Referral Link,TP5OFF,5,10437.65
6617,6877,32,5169.0,2026-07-05 18:13:16,2026-08-05,4,Completed,Mobile App,,0,103852.0
6618,6878,33,8690.0,2024-07-15 07:19:45,2024-07-28,5,Completed,Mobile App,,0,55365.0
6619,6880,5,10911.0,2026-08-12 15:46:37,2026-10-30,3,Confirmed,Website,TP5OFF,5,115866.75
6620,6880,38,,2024-03-08 04:02:22,2024-04-12,2,Completed,Website,TP5OFF,5,15262.7
6621,6880,47,12554.0,2026-08-25 15:51:02,2027-02-16,2,Confirmed,Website,TP10OFF,10,54594.0
6622,6880,24,,2026-05-05 01:14:13,2026-06-19,5,Completed,Mobile App,,0,47945.0
6623,6880,8,,2026-09-04 23:43:08,2027-02-19,4,Cancelled,Referral Link,TP5OFF,5,132080.4
6624,6880,30,2684.0,2026-07-20 15:49:07,2026-11-30,3,Confirmed,Website,,0,27108.0
6625,6881,81,5788.0,2025-07-15 05:31:49,2025-08-06,6,Completed,Mobile App,,0,151662.0
6626,6881,37,14711.0,2026-05-02 14:27:21,2026-05-24,2,Completed,Mobile App,,0,75482.0
6627,6882,28,,2026-08-29 04:03:57,2026-10-12,3,Cancelled,Mobile App,,0,28065.0
6628,6884,98,9292.0,2024-07-01 01:14:20,2024-07-17,3,Completed,Mobile App,,0,46074.0
6629,6885,24,,2026-09-03 20:04:32,2026-09-18,5,Confirmed,Mobile App,,0,47945.0
6630,6887,37,,2026-08-10 16:48:43,2026-12-29,3,Confirmed,Website,TP5OFF,5,107561.85
6631,6888,71,10128.0,2026-07-19 17:42:02,2027-01-01,5,Confirmed,Mobile App,,0,30075.0
6632,6889,82,7345.0,2026-07-14 17:30:04,2026-10-14,5,Cancelled,Website,TP10OFF,10,44307.0
6633,6891,25,,2026-09-02 09:52:09,2026-12-16,4,Cancelled,Referral Link,,0,47412.0
6634,6891,25,,2026-08-24 14:47:16,2026-10-26,4,Confirmed,Mobile App,,0,47412.0
6635,6892,68,4004.0,2026-08-19 12:19:10,2027-02-06,5,Confirmed,Website,TP15OFF,15,98345.0
6636,6892,57,,2026-06-20 04:43:22,2026-08-18,4,Completed,Website,,0,93364.0
6637,6893,44,,2026-07-14 00:58:36,2026-11-02,3,Confirmed,Website,TP10OFF,10,18063.0
6638,6894,66,,2026-08-07 10:25:18,2026-11-10,3,Confirmed,Website,TP10OFF,10,83986.2
6639,6896,19,11307.0,2026-07-13 07:14:43,2026-11-10,1,Confirmed,Website,TP5OFF,5,8395.15
6640,6896,16,2222.0,2024-02-27 23:31:32,2024-03-23,4,Completed,Website,,0,43704.0
6641,6898,82,,2024-07-29 20:21:29,2024-08-18,3,Completed,Mobile App,,0,29538.0
6642,6899,28,182.0,2024-02-07 03:02:24,2024-03-23,2,Completed,Website,,0,18710.0
6643,6899,79,,2026-08-10 02:26:15,2026-10-25,4,Pending,Website,TP15OFF,15,32952.8
6644,6900,28,1571.0,2026-07-05 21:39:27,2026-12-31,2,Cancelled,Mobile App,TP5OFF,5,17774.5
6645,6900,91,,2026-06-26 19:55:32,2026-11-13,5,Confirmed,Website,,0,64770.0
6646,6902,59,3315.0,2025-03-25 19:44:41,2025-04-11,5,Completed,Website,,0,100430.0
6647,6904,96,,2025-04-25 00:10:08,2025-05-08,3,Completed,Website,,0,65433.0
6648,6908,49,5388.0,2026-08-20 10:32:56,2026-09-06,5,Completed,Mobile App,,0,58030.0
6649,6908,96,10223.0,2024-10-15 03:21:23,2024-10-21,3,Completed,Website,,0,65433.0
6650,6911,21,,2026-09-04 02:13:00,2026-11-28,5,Confirmed,Website,,0,37045.0
6651,6914,38,12836.0,2024-05-06 16:31:27,2024-05-13,2,Completed,Website,TP5OFF,5,15262.7
6652,6915,11,6433.0,2026-01-30 20:36:30,2026-02-09,2,Completed,Website,,0,56668.0
6653,6915,26,4950.0,2026-08-24 18:18:38,2026-09-08,4,Confirmed,Referral Link,,0,103828.0
6654,6916,61,6016.0,2026-06-13 09:04:26,2026-12-05,4,Confirmed,Website,,0,76220.0
6655,6919,75,9464.0,2026-06-12 00:35:31,2026-06-29,3,Completed,Website,,0,65106.0
6656,6919,6,,2026-06-20 17:23:44,2026-08-14,4,Completed,Referral Link,TP5OFF,5,33527.4
6657,6921,82,,2024-01-22 01:00:52,2024-02-05,2,Cancelled,Mobile App,,0,19692.0
6658,6921,13,2036.0,2024-01-09 17:36:21,2024-02-10,3,Completed,Mobile App,TP10OFF,10,29089.8
6659,6921,54,6882.0,2024-06-12 00:39:13,2024-07-30,3,Completed,Mobile App,TP5OFF,5,33390.6
6660,6921,91,,2026-07-20 23:46:39,2027-01-09,2,Confirmed,Instagram,TP15OFF,15,22021.8
6661,6921,91,14664.0,2025-04-09 19:10:08,2025-04-24,2,Completed,Website,,0,25908.0
6662,6922,40,10255.0,2026-08-20 10:36:42,2027-02-09,2,Confirmed,Mobile App,TP5OFF,5,62983.1
6663,6923,94,6044.0,2026-08-20 12:12:37,2026-10-07,5,Confirmed,Website,,0,61605.0
6664,6924,40,12091.0,2025-05-10 14:44:24,2025-06-06,1,Completed,Mobile App,,0,33149.0
6665,6925,20,,2025-07-07 18:15:18,2025-08-28,2,Completed,Mobile App,,0,73210.0
6666,6925,26,4281.0,2025-07-30 16:02:25,2025-09-06,3,Completed,Website,,0,77871.0
6667,6926,40,,2026-06-28 18:31:07,2026-12-02,2,Pending,Website,TP10OFF,10,59668.2
6668,6926,71,1135.0,2026-07-08 14:31:36,2026-09-24,2,Cancelled,Website,,0,12030.0
6669,6927,62,10589.0,2026-06-16 16:20:08,2026-08-11,5,Completed,Mobile App,,0,93435.0
6670,6929,4,,2026-08-29 05:25:24,2026-10-09,2,Confirmed,Website,TP15OFF,15,14370.1
6671,6930,43,2878.0,2026-06-27 00:48:48,2026-07-17,2,Completed,Website,,0,22378.0
6672,6931,72,,2026-06-29 08:01:10,2026-08-15,4,Completed,Mobile App,,0,44468.0
6673,6931,69,11850.0,2026-06-28 07:21:28,2026-09-13,5,Confirmed,Website,TP15OFF,15,100555.0
6674,6932,70,,2025-05-08 18:53:07,2025-06-17,4,Completed,Website,TP10OFF,10,51566.4
6675,6932,22,6570.0,2026-07-31 22:35:13,2027-01-04,4,Confirmed,Website,,0,36252.0
6676,6932,1,195.0,2025-12-02 00:31:24,2026-01-28,3,Completed,Website,,0,32961.0
6677,6932,88,2692.0,2025-03-29 19:39:10,2025-04-26,4,Completed,Website,,0,32444.0
6678,6933,42,6792.0,2026-06-23 22:14:41,2026-10-14,2,Confirmed,Referral Link,,0,77434.0
6679,6933,66,7778.0,2026-08-18 19:31:15,2027-02-10,6,Confirmed,Mobile App,TP15OFF,15,158640.6
6680,6934,83,,2026-07-12 23:49:24,2026-07-29,4,Completed,Website,TP5OFF,5,36388.8
6681,6940,54,5606.0,2025-12-19 05:29:00,2026-01-29,2,Completed,Mobile App,TP15OFF,15,19917.2
6682,6941,28,,2025-01-12 10:10:09,2025-01-18,3,Completed,Website,,0,28065.0
6683,6942,35,,2026-07-27 14:48:14,2026-08-06,2,Completed,Mobile App,,0,62006.0
6684,6943,14,10532.0,2025-11-22 10:45:15,2026-01-12,4,Completed,Mobile App,,0,152812.0
6685,6944,75,3413.0,2026-03-20 03:17:31,2026-04-30,4,Completed,Mobile App,TP5OFF,5,82467.6
6686,6948,4,4915.0,2024-12-13 15:35:44,2024-12-20,3,Completed,Mobile App,TP20OFF,20,20287.2
6687,6949,49,9497.0,2024-02-26 19:49:24,2024-03-16,3,Cancelled,Website,,0,34818.0
6688,6949,83,12415.0,2024-08-23 21:07:29,2024-10-19,2,Completed,Website,,0,19152.0
6689,6951,17,10071.0,2026-09-01 05:29:39,2027-01-24,2,Cancelled,Website,,0,81124.0
6690,6952,75,,2024-11-25 02:35:48,2025-01-08,6,Completed,Mobile App,TP5OFF,5,123701.4
6691,6952,26,,2026-07-12 06:59:16,2026-12-09,4,Pending,Referral Link,,0,103828.0
6692,6952,23,,2023-10-02 06:25:52,2023-11-18,3,Cancelled,Website,,0,116943.0
6693,6952,66,,2025-08-09 00:17:05,2025-09-21,3,Cancelled,Instagram,,0,93318.0
6694,6952,38,5012.0,2026-08-11 03:39:26,2026-12-14,5,Pending,Mobile App,,0,40165.0
6695,6953,34,,2026-06-18 17:52:38,2026-11-18,2,Confirmed,Website,,0,19786.0
6696,6953,39,4812.0,2026-07-30 15:11:49,2026-08-20,5,Cancelled,Instagram,TP10OFF,10,32301.0
6697,6954,44,,2026-08-21 05:57:57,2027-01-09,4,Confirmed,Mobile App,,0,26760.0
6698,6955,4,,2025-12-06 12:52:56,2026-01-11,3,Completed,Website,TP10OFF,10,22823.1
6699,6956,56,,2026-08-11 05:18:12,2027-01-19,3,Confirmed,Mobile App,TP5OFF,5,47948.4
6700,6961,93,10371.0,2026-07-01 14:26:22,2026-12-13,6,Pending,Mobile App,,0,107880.0
6701,6961,14,4111.0,2023-11-29 22:18:59,2024-01-17,2,Completed,Website,,0,76406.0
6702,6961,68,12789.0,2025-11-30 02:32:25,2026-01-14,5,Completed,Instagram,TP15OFF,15,98345.0
6703,6962,2,7322.0,2026-08-18 23:47:58,2026-12-01,2,Cancelled,Mobile App,,0,66126.0
6704,6962,65,,2026-07-23 08:57:12,2026-08-22,2,Completed,Website,TP15OFF,15,29814.6
6705,6963,4,,2026-03-23 01:23:26,2026-04-20,2,Completed,Mobile App,,0,16906.0
6706,6963,88,,2026-08-19 21:38:18,2026-12-07,2,Confirmed,Website,TP5OFF,5,15410.9
6707,6966,93,,2026-06-16 19:50:10,2026-09-01,4,Completed,Website,TP10OFF,10,64728.0
6708,6967,53,,2026-02-26 12:28:18,2026-03-19,2,Completed,Referral Link,,0,23074.0
6709,6968,8,8668.0,2026-06-28 22:23:27,2026-08-04,4,Completed,Website,TP15OFF,15,118177.2
6710,6969,59,12304.0,2025-03-29 21:56:44,2025-05-23,3,Completed,Mobile App,,0,60258.0
6711,6969,59,14790.0,2024-12-30 00:12:42,2025-02-27,6,Completed,Website,TP5OFF,5,114490.2
6712,6971,52,,2026-07-05 05:53:20,2026-11-27,3,Confirmed,Website,,0,92097.0
6713,6972,58,3688.0,2023-12-12 10:34:16,2024-01-02,2,Completed,Website,,0,24322.0
6714,6974,58,7035.0,2024-03-24 23:26:57,2024-05-19,3,Completed,Website,,0,36483.0
6715,6975,96,,2026-07-30 04:02:49,2027-01-03,5,Confirmed,Website,,0,109055.0
6716,6976,75,5502.0,2024-11-07 17:56:31,2024-12-18,3,Completed,Website,TP10OFF,10,58595.4
6717,6978,48,3376.0,2026-07-04 03:44:21,2026-09-06,5,Completed,Website,,0,40200.0
6718,6980,70,12029.0,2026-08-05 16:19:13,2026-11-26,5,Confirmed,Mobile App,TP10OFF,10,64458.0
6719,6981,12,,2024-05-14 14:35:06,2024-06-09,4,Completed,Mobile App,,0,41396.0
6720,6982,16,,2026-07-23 15:45:49,2026-09-28,4,Confirmed,Mobile App,,0,43704.0
6721,6986,13,,2026-08-17 19:14:54,2026-10-08,2,Confirmed,Mobile App,TP10OFF,10,19393.2
6722,6986,62,5363.0,2026-08-09 02:10:05,2027-01-08,5,Confirmed,Mobile App,,0,93435.0
6723,6987,47,,2023-12-21 06:03:25,2023-12-30,4,Completed,Website,,0,121320.0
6724,6989,73,,2026-07-28 12:16:23,2026-08-13,4,Completed,Instagram,,0,103340.0
6725,6990,38,,2026-07-26 17:22:28,2026-11-20,3,Confirmed,Website,,0,24099.0
6726,6990,86,,2026-03-29 12:25:22,2026-04-18,3,Completed,Website,TP5OFF,5,21819.6
6727,6992,66,7671.0,2026-06-20 17:08:18,2026-12-08,6,Pending,Mobile App,,0,186636.0
6728,6993,32,2370.0,2026-08-17 17:10:30,2026-09-03,2,Completed,Website,,0,51926.0
6729,6994,43,4560.0,2026-01-05 05:16:29,2026-01-14,5,Completed,Mobile App,,0,55945.0
6730,6995,80,,2024-11-26 00:37:28,2024-12-01,3,Completed,Website,,0,19251.0
6731,6995,80,,2024-09-02 17:11:43,2024-09-19,4,Completed,Mobile App,TP5OFF,5,24384.6
6732,6997,62,11129.0,2026-06-26 11:45:17,2026-10-22,3,Confirmed,Referral Link,,0,56061.0
6733,6998,36,,2026-09-03 21:32:01,2026-10-22,2,Cancelled,Referral Link,,0,86226.0
6734,6998,90,,2026-05-05 04:34:03,2026-06-14,3,Completed,Website,,0,62292.0
6735,7003,85,11587.0,2025-06-16 11:43:44,2025-07-17,3,Completed,Website,TP10OFF,10,23068.8
6736,7004,88,,2024-09-19 23:16:27,2024-09-28,5,Completed,Referral Link,,0,40555.0
6737,7005,45,,2026-07-11 11:54:18,2026-09-10,1,Confirmed,Website,,0,33809.0
6738,7006,3,10054.0,2024-12-12 01:04:26,2025-01-06,5,Completed,Instagram,,0,32605.0
6739,7007,30,,2024-03-26 13:09:38,2024-05-24,3,Completed,Website,,0,27108.0
6740,7008,17,,2026-07-23 22:47:49,2026-08-05,3,Completed,Instagram,,0,121686.0
6741,7009,16,,2026-08-05 00:59:58,2026-11-01,1,Confirmed,Instagram,TP5OFF,5,10379.7
6742,7010,24,,2025-07-28 20:12:32,2025-09-22,4,Completed,Website,TP5OFF,5,36438.2
6743,7010,73,,2023-10-01 15:02:14,2023-10-17,3,Completed,Website,,0,77505.0
6744,7012,5,,2024-02-19 18:04:07,2024-03-30,3,Cancelled,Mobile App,,0,121965.0
6745,7013,97,2786.0,2026-06-11 20:19:26,2026-08-23,4,Completed,Website,,0,67836.0
6746,7013,35,,2026-08-22 21:47:19,2027-02-02,1,Pending,Website,TP10OFF,10,27902.7
6747,7015,73,14432.0,2026-08-12 02:48:59,2026-10-12,6,Confirmed,Mobile App,TP10OFF,10,139509.0
6748,7016,30,,2026-07-13 01:12:46,2026-11-15,3,Confirmed,Mobile App,,0,27108.0
6749,7021,16,,2026-06-23 12:36:20,2026-09-04,1,Completed,Mobile App,,0,10926.0
6750,7022,29,14717.0,2026-08-07 16:08:44,2026-10-31,3,Pending,Website,,0,90828.0
6751,7027,20,,2025-09-05 21:15:34,2025-10-10,3,Completed,Mobile App,,0,109815.0
6752,7028,25,13661.0,2024-09-04 13:46:53,2024-10-05,2,Completed,Website,,0,23706.0
6753,7029,85,,2024-05-10 00:26:58,2024-05-15,2,Completed,Website,,0,17088.0
6754,7030,14,,2026-08-11 06:53:31,2026-11-02,4,Confirmed,Website,,0,152812.0
6755,7031,96,,2026-06-12 22:46:49,2026-10-23,3,Pending,Referral Link,,0,65433.0
6756,7040,57,,2026-08-25 05:44:38,2026-09-19,4,Confirmed,Website,,0,93364.0
6757,7044,68,5656.0,2026-08-07 16:11:49,2026-12-29,6,Confirmed,Instagram,TP15OFF,15,118014.0
6758,7045,90,,2025-09-27 02:06:28,2025-10-27,4,Completed,Mobile App,TP10OFF,10,74750.4
6759,7045,31,,2026-04-17 08:20:37,2026-05-12,2,Completed,Mobile App,,0,80496.0
6760,7046,13,2396.0,2025-03-16 11:40:54,2025-03-23,3,Cancelled,Mobile App,,0,32322.0
6761,7048,52,2710.0,2026-06-24 09:01:19,2026-08-30,3,Completed,Website,TP5OFF,5,87492.15
6762,7049,70,,2026-08-07 19:35:40,2026-10-31,5,Confirmed,Mobile App,,0,71620.0
6763,7050,14,2490.0,2026-05-15 19:06:22,2026-07-09,4,Cancelled,Mobile App,,0,152812.0
6764,7050,8,,2025-09-09 05:25:59,2025-09-23,2,Completed,Mobile App,,0,69516.0
6765,7051,56,6986.0,2026-07-09 17:36:03,2026-11-08,5,Confirmed,Mobile App,TP10OFF,10,75708.0
6766,7052,16,2164.0,2024-10-20 17:29:02,2024-11-08,2,Cancelled,Website,,0,21852.0
6767,7052,13,14601.0,2026-09-05 08:32:36,2026-09-27,4,Confirmed,Website,TP15OFF,15,36631.6
6768,7052,85,,2026-08-15 05:18:39,2026-11-19,2,Pending,Mobile App,,0,17088.0
6769,7052,22,5757.0,2026-04-22 19:04:43,2026-04-27,2,Completed,Website,TP5OFF,5,17219.7
6770,7053,29,,2026-08-15 19:54:34,2026-12-12,4,Confirmed,Referral Link,TP15OFF,15,102938.4
6771,7055,82,10505.0,2026-08-15 15:37:09,2026-12-13,4,Confirmed,Referral Link,,0,39384.0
6772,7057,10,,2025-05-13 10:03:41,2025-05-29,2,Cancelled,Website,,0,18944.0
6773,7059,97,,2026-07-27 12:42:43,2027-01-22,3,Confirmed,Website,TP10OFF,10,45789.3
6774,7059,55,14068.0,2024-04-23 05:08:56,2024-05-18,2,Completed,Referral Link,TP10OFF,10,43425.0
6775,7059,92,11882.0,2026-08-18 06:34:32,2026-11-24,4,Cancelled,Mobile App,TP5OFF,5,28146.6
6776,7059,86,917.0,2026-07-29 18:17:16,2026-08-09,3,Completed,Referral Link,TP5OFF,5,21819.6
6777,7059,89,14682.0,2026-07-21 06:02:11,2026-09-16,5,Confirmed,Instagram,,0,41540.0
6778,7060,2,12346.0,2026-08-28 21:01:40,2026-10-20,4,Confirmed,Instagram,,0,132252.0
6779,7061,2,,2024-11-18 05:22:16,2024-12-09,4,Completed,Instagram,TP5OFF,5,125639.4
6780,7061,69,,2026-07-06 02:11:22,2026-08-03,5,Completed,Mobile App,,0,118300.0
6781,7061,36,,2026-07-18 04:48:48,2026-11-22,2,Pending,Website,TP15OFF,15,73292.1
6782,7064,73,,2025-12-17 08:33:48,2026-01-13,5,Completed,Website,,0,129175.0
6783,7064,14,9206.0,2026-07-30 17:48:27,2026-12-26,3,Confirmed,Website,,0,114609.0
6784,7066,1,5809.0,2026-01-18 13:37:45,2026-01-26,3,Completed,Mobile App,,0,32961.0
6785,7066,96,4025.0,2024-11-17 13:01:07,2024-12-12,3,Completed,Mobile App,TP5OFF,5,62161.35
6786,7071,61,10140.0,2026-07-27 14:22:09,2026-11-03,5,Confirmed,Mobile App,,0,95275.0
6787,7071,68,,2026-08-28 13:45:07,2027-02-13,6,Confirmed,Website,,0,138840.0
6788,7072,9,11417.0,2026-06-28 11:04:32,2026-08-14,3,Completed,Website,TP10OFF,10,27097.2
6789,7072,45,1708.0,2025-09-24 05:57:42,2025-11-14,2,Completed,Website,TP20OFF,20,54094.4
6790,7073,69,,2026-08-27 18:53:19,2026-11-10,6,Pending,Website,,0,141960.0
6791,7074,26,,2024-03-27 00:18:25,2024-05-07,2,Completed,Instagram,TP5OFF,5,49318.3
6792,7075,3,6141.0,2026-08-02 00:55:19,2026-10-20,5,Cancelled,Website,TP15OFF,15,27714.25
6793,7076,5,,2026-01-24 21:10:30,2026-02-20,4,Cancelled,Mobile App,TP10OFF,10,146358.0
6794,7078,14,1026.0,2026-07-19 17:40:10,2026-12-05,3,Confirmed,Website,TP15OFF,15,97417.65
6795,7083,53,13210.0,2024-02-03 09:06:05,2024-02-28,2,Completed,Website,,0,23074.0
6796,7083,35,,2026-06-25 09:16:07,2026-08-12,1,Completed,Website,,0,31003.0
6797,7084,69,1451.0,2026-01-19 19:43:15,2026-02-23,6,Completed,Website,TP5OFF,5,134862.0
6798,7086,8,,2025-07-10 02:15:03,2025-09-03,4,Completed,Mobile App,,0,139032.0
6799,7087,96,,2025-05-02 08:51:45,2025-06-12,5,Completed,Mobile App,,0,109055.0
6800,7089,52,3539.0,2026-09-04 21:50:55,2027-02-23,2,Confirmed,Website,,0,61398.0
6801,7091,79,,2026-07-27 01:13:51,2026-09-16,5,Confirmed,Website,TP5OFF,5,46037.0
6802,7091,44,,2026-02-17 02:11:06,2026-04-06,2,Completed,Website,TP5OFF,5,12711.0
6803,7093,93,,2025-04-18 11:35:39,2025-06-01,5,Completed,Website,,0,89900.0
6804,7094,5,,2024-09-26 04:52:55,2024-10-11,4,Completed,Mobile App,,0,162620.0
6805,7095,76,,2024-02-14 12:45:12,2024-04-14,2,Completed,Website,TP5OFF,5,29341.7
6806,7095,34,,2026-07-27 10:47:16,2026-08-30,4,Completed,Mobile App,,0,39572.0
6807,7096,61,,2026-07-09 23:26:14,2026-10-05,5,Pending,Referral Link,,0,95275.0
6808,7096,73,,2026-07-06 18:56:15,2026-12-13,5,Confirmed,Instagram,,0,129175.0
6809,7097,11,,2026-03-04 14:12:37,2026-03-09,2,Completed,Instagram,TP15OFF,15,48167.8
6810,7097,90,,2026-06-28 03:23:18,2026-09-28,4,Confirmed,Referral Link,,0,83056.0
6811,7098,75,2074.0,2025-04-13 14:33:14,2025-06-02,6,Completed,Referral Link,TP10OFF,10,117190.8
6812,7099,55,,2026-06-24 12:46:53,2026-07-23,2,Completed,Website,,0,48250.0
6813,7100,43,6546.0,2026-08-02 22:50:57,2026-10-12,3,Confirmed,Mobile App,,0,33567.0
6814,7100,11,8276.0,2026-08-13 15:16:45,2027-01-16,3,Confirmed,Website,,0,85002.0
6815,7100,98,,2026-07-11 10:05:07,2026-10-25,4,Confirmed,Instagram,,0,61432.0
6816,7100,93,4603.0,2026-09-05 11:16:20,2026-12-09,4,Confirmed,Mobile App,TP5OFF,5,68324.0
6817,7100,8,196.0,2024-02-10 11:32:33,2024-03-08,4,Completed,Website,,0,139032.0
6818,7100,5,10704.0,2026-09-01 16:50:03,2026-09-13,4,Pending,Instagram,,0,162620.0
6819,7102,32,,2025-03-14 12:26:46,2025-04-01,4,Completed,Website,,0,103852.0
6820,7102,26,,2026-06-13 05:52:15,2026-11-15,4,Confirmed,Website,TP10OFF,10,93445.2
6821,7103,87,,2026-06-29 17:09:13,2026-07-14,5,Completed,Website,TP20OFF,20,87080.0
6822,7104,54,,2026-01-10 14:11:42,2026-03-08,4,Completed,Mobile App,,0,46864.0
6823,7105,1,,2026-08-17 23:03:41,2027-01-05,1,Confirmed,Instagram,TP5OFF,5,10437.65
6824,7105,85,,2024-01-31 10:29:10,2024-02-18,3,Cancelled,Mobile App,,0,25632.0
6825,7106,66,3985.0,2024-04-09 13:49:43,2024-05-21,3,Completed,Website,,0,93318.0
6826,7106,30,11946.0,2026-08-21 08:16:59,2027-01-18,3,Confirmed,Instagram,,0,27108.0
6827,7107,73,,2026-08-29 09:00:52,2026-10-06,6,Confirmed,Instagram,,0,155010.0
6828,7108,14,,2026-07-01 02:29:02,2026-07-11,2,Completed,Mobile App,TP5OFF,5,72585.7
6829,7109,66,,2026-07-31 02:31:23,2026-11-30,5,Confirmed,Mobile App,,0,155530.0
6830,7111,61,4039.0,2026-08-29 18:13:21,2026-12-05,3,Confirmed,Mobile App,,0,57165.0
6831,7112,4,3702.0,2026-09-02 18:13:10,2026-11-27,2,Cancelled,Website,,0,16906.0
6832,7113,21,14777.0,2026-07-12 08:30:18,2026-10-18,2,Confirmed,Website,,0,14818.0
6833,7115,17,14140.0,2026-07-13 12:03:10,2026-10-19,4,Pending,Website,,0,162248.0
6834,7115,2,,2023-09-28 17:35:01,2023-11-19,3,Cancelled,Website,TP10OFF,10,89270.1
6835,7119,28,10853.0,2024-03-30 07:41:55,2024-04-05,4,Cancelled,Website,,0,37420.0
6836,7120,39,197.0,2026-07-11 16:03:07,2026-09-27,5,Confirmed,Website,,0,35890.0
6837,7120,10,5089.0,2026-07-23 11:46:27,2026-10-18,4,Confirmed,Mobile App,,0,37888.0
6838,7121,92,6030.0,2026-08-03 23:57:33,2026-09-21,4,Confirmed,Instagram,TP5OFF,5,28146.6
6839,7121,27,,2026-06-13 07:59:51,2026-09-03,3,Completed,Mobile App,,0,20088.0
6840,7122,85,2863.0,2026-08-01 16:55:06,2026-11-26,4,Confirmed,Website,,0,34176.0
6841,7123,4,,2023-10-11 03:36:30,2023-11-23,4,Completed,Mobile App,,0,33812.0
6842,7124,9,,2026-06-30 07:53:54,2026-08-26,3,Completed,Mobile App,,0,30108.0
6843,7125,1,,2026-06-09 16:14:07,2026-10-25,4,Confirmed,Mobile App,,0,43948.0
6844,7126,46,,2026-06-29 21:54:02,2026-10-04,2,Confirmed,Website,TP15OFF,15,51753.1
6845,7130,58,,2026-07-07 12:54:27,2026-07-17,1,Completed,Website,TP5OFF,5,11552.95
6846,7132,32,,2026-09-04 14:48:52,2026-12-22,3,Confirmed,Website,,0,77889.0
6847,7135,2,10458.0,2026-07-01 15:59:13,2026-09-01,3,Cancelled,Instagram,,0,99189.0
6848,7136,66,,2026-05-21 23:49:01,2026-07-05,3,Completed,Website,,0,93318.0
6849,7138,26,8950.0,2026-07-07 07:34:11,2026-11-22,2,Confirmed,Instagram,,0,51914.0
6850,7139,66,,2026-01-24 21:18:37,2026-03-06,6,Completed,Mobile App,,0,186636.0
6851,7139,66,9611.0,2025-01-16 11:26:07,2025-02-05,3,Completed,Mobile App,TP15OFF,15,79320.3
6852,7139,66,,2025-07-03 02:46:53,2025-07-13,6,Completed,Website,TP10OFF,10,167972.4
6853,7139,68,7709.0,2026-06-10 23:39:43,2026-11-14,5,Confirmed,Referral Link,TP5OFF,5,109915.0
6854,7140,70,,2025-02-21 08:59:53,2025-03-27,2,Completed,Instagram,,0,28648.0
6855,7140,39,,2025-07-19 04:50:09,2025-09-14,4,Completed,Instagram,,0,28712.0
6856,7142,10,10456.0,2026-06-17 19:43:50,2026-09-03,1,Completed,Website,,0,9472.0
6857,7143,91,6891.0,2026-07-11 17:07:18,2026-11-07,2,Confirmed,Website,,0,25908.0
6858,7145,75,6.0,2025-04-09 10:38:53,2025-06-02,5,Completed,Website,,0,108510.0
6859,7146,14,,2026-04-14 06:35:29,2026-06-10,2,Completed,Website,TP5OFF,5,72585.7
6860,7153,4,,2025-03-28 00:05:18,2025-05-10,4,Completed,Website,,0,33812.0
6861,7153,88,6202.0,2024-11-09 01:55:55,2024-12-15,3,Completed,Instagram,,0,24333.0
6862,7155,95,8125.0,2025-09-26 07:43:40,2025-10-29,4,Completed,Mobile App,,0,29240.0
6863,7157,51,4997.0,2026-08-10 00:52:46,2026-11-12,2,Confirmed,Referral Link,,0,73474.0
6864,7158,98,11091.0,2026-08-19 18:23:41,2026-12-31,2,Confirmed,Mobile App,TP10OFF,10,27644.4
6865,7160,52,,2026-08-22 23:52:52,2027-01-14,2,Pending,Mobile App,TP5OFF,5,58328.1
6866,7160,51,,2025-12-01 05:41:07,2026-01-21,2,Cancelled,Referral Link,,0,73474.0
6867,7162,93,,2025-08-19 09:53:51,2025-10-14,6,Completed,Website,,0,107880.0
6868,7163,10,13365.0,2026-07-21 01:22:15,2026-08-14,1,Completed,Mobile App,TP10OFF,10,8524.8
6869,7164,75,8410.0,2026-08-06 04:16:01,2026-11-25,6,Confirmed,Website,,0,130212.0
6870,7164,78,,2025-01-08 03:09:51,2025-02-28,4,Completed,Website,TP20OFF,20,64556.8
6871,7165,59,,2026-08-14 15:55:39,2026-12-06,6,Confirmed,Website,,0,120516.0
6872,7167,13,7231.0,2025-05-15 09:37:41,2025-06-22,2,Completed,Referral Link,,0,21548.0
6873,7168,43,13829.0,2026-08-17 07:25:48,2027-02-04,3,Confirmed,Website,,0,33567.0
6874,7171,39,,2024-07-12 08:48:45,2024-08-27,3,Completed,Mobile App,TP5OFF,5,20457.3
6875,7172,84,2669.0,2026-07-05 17:07:10,2026-12-27,4,Confirmed,Website,TP10OFF,10,78343.2
6876,7173,2,,2025-04-19 21:07:45,2025-05-08,3,Completed,Mobile App,,0,99189.0
6877,7177,5,,2024-09-01 15:57:13,2024-09-07,2,Completed,Website,,0,81310.0
6878,7178,29,,2026-06-10 14:01:01,2026-10-13,4,Pending,Website,TP10OFF,10,108993.6
6879,7180,4,3238.0,2026-07-10 13:32:37,2026-12-08,4,Confirmed,Website,,0,33812.0
6880,7181,69,,2023-12-28 04:13:57,2024-01-21,4,Cancelled,Website,TP5OFF,5,89908.0
6881,7183,72,466.0,2026-07-09 05:17:51,2026-08-19,5,Cancelled,Mobile App,TP10OFF,10,50026.5
6882,7184,1,,2026-08-01 01:42:44,2026-09-04,4,Completed,Website,,0,43948.0
6883,7184,13,8494.0,2026-08-08 10:46:14,2027-02-04,4,Confirmed,Website,,0,43096.0
6884,7184,86,,2024-11-05 23:21:55,2024-12-12,5,Completed,Website,,0,38280.0
6885,7184,28,,2026-07-05 15:45:36,2026-10-13,4,Confirmed,Mobile App,TP5OFF,5,35549.0
6886,7184,16,4076.0,2026-08-05 00:23:30,2026-11-15,4,Cancelled,Website,TP5OFF,5,41518.8
6887,7184,82,12488.0,2026-02-17 00:45:37,2026-03-06,2,Completed,Instagram,,0,19692.0
6888,7188,25,2443.0,2026-07-03 21:05:25,2026-12-23,1,Confirmed,Website,,0,11853.0
6889,7189,93,,2024-11-18 08:02:29,2024-12-30,3,Completed,Referral Link,,0,53940.0
6890,7189,47,,2026-08-20 23:45:15,2026-10-14,2,Confirmed,Referral Link,,0,60660.0
6891,7191,46,,2026-03-30 14:59:30,2026-04-19,2,Completed,Referral Link,TP15OFF,15,51753.1
6892,7192,47,,2024-04-16 07:37:21,2024-05-01,4,Completed,Mobile App,,0,121320.0
6893,7194,84,,2026-08-18 18:16:42,2026-09-30,5,Cancelled,Mobile App,TP10OFF,10,97929.0
6894,7196,41,,2025-03-21 08:08:38,2025-04-01,2,Completed,Referral Link,TP10OFF,10,87894.0
6895,7198,72,468.0,2024-10-06 14:07:00,2024-11-27,4,Completed,Website,,0,44468.0
6896,7198,2,,2026-07-07 08:59:47,2026-11-15,4,Confirmed,Referral Link,TP10OFF,10,119026.8
6897,7200,13,,2023-09-16 12:54:18,2023-10-30,2,Completed,Mobile App,TP5OFF,5,20470.6
6898,7201,66,,2026-08-18 03:52:09,2027-01-26,4,Pending,Website,,0,124424.0
6899,7202,9,7862.0,2026-07-11 18:53:42,2026-12-02,3,Confirmed,Mobile App,,0,30108.0
6900,7204,75,,2024-05-19 21:04:18,2024-05-25,4,Cancelled,Instagram,TP15OFF,15,73786.8
6901,7206,68,,2024-02-14 20:01:20,2024-03-09,4,Completed,Mobile App,TP5OFF,5,87932.0
6902,7206,57,,2026-06-20 09:21:29,2026-07-05,3,Completed,Mobile App,,0,70023.0
6903,7209,65,,2026-09-05 18:18:04,2026-11-21,3,Confirmed,Website,,0,52614.0
6904,7210,4,,2025-12-15 08:11:06,2026-02-13,2,Completed,Referral Link,TP5OFF,5,16060.7
6905,7211,82,8962.0,2026-07-16 02:25:39,2026-12-29,5,Cancelled,Website,,0,49230.0
6906,7212,61,11600.0,2026-08-06 14:41:26,2026-09-29,5,Confirmed,Website,,0,95275.0
6907,7213,66,,2026-08-25 13:44:39,2027-02-19,6,Confirmed,Website,TP10OFF,10,167972.4
6908,7214,77,10215.0,2025-05-18 16:26:14,2025-07-01,4,Completed,Referral Link,TP5OFF,5,75775.8
6909,7214,68,,2025-12-04 11:04:14,2026-01-11,5,Cancelled,Referral Link,,0,115700.0
6910,7215,68,13061.0,2026-08-24 08:27:01,2027-02-07,3,Confirmed,Mobile App,TP5OFF,5,65949.0
6911,7216,92,5934.0,2026-06-25 17:42:37,2026-07-14,4,Completed,Website,,0,29628.0
6912,7217,71,6130.0,2026-09-01 01:59:22,2026-12-03,3,Confirmed,Mobile App,,0,18045.0
6913,7217,12,,2026-07-14 22:09:08,2026-10-04,5,Confirmed,Instagram,,0,51745.0
6914,7220,25,13166.0,2026-06-07 06:46:40,2026-07-01,1,Completed,Mobile App,TP5OFF,5,11260.35
6915,7220,39,11908.0,2026-08-15 02:43:02,2027-01-08,2,Confirmed,Website,,0,14356.0
6916,7222,3,2357.0,2026-07-28 06:45:38,2026-10-09,2,Confirmed,Website,TP10OFF,10,11737.8
6917,7224,62,,2026-08-28 03:42:33,2026-10-30,3,Pending,Website,,0,56061.0
6918,7225,10,5209.0,2026-08-17 04:49:17,2026-11-27,4,Confirmed,Website,,0,37888.0
6919,7227,12,,2026-08-21 17:11:13,2026-08-31,4,Completed,Website,,0,41396.0
6920,7229,80,5744.0,2024-10-10 18:24:27,2024-12-09,3,Cancelled,Website,,0,19251.0
6921,7229,35,7266.0,2024-07-31 18:49:57,2024-09-08,2,Completed,Website,,0,62006.0
6922,7231,47,6634.0,2026-06-11 10:18:00,2026-09-19,2,Cancelled,Website,,0,60660.0
6923,7231,87,,2026-08-03 09:59:13,2026-11-15,4,Confirmed,Mobile App,,0,87080.0
6924,7234,70,,2026-07-16 02:29:53,2026-09-25,4,Confirmed,Website,TP10OFF,10,51566.4
6925,7235,93,,2026-08-30 18:21:13,2026-10-17,4,Confirmed,Instagram,,0,71920.0
6926,7239,34,,2024-06-20 16:49:38,2024-08-13,4,Completed,Website,,0,39572.0
6927,7241,70,,2026-06-18 14:38:27,2026-08-03,3,Completed,Website,,0,42972.0
6928,7242,13,,2025-12-12 21:34:19,2026-01-04,4,Completed,Referral Link,,0,43096.0
6929,7242,70,,2024-11-24 23:24:27,2025-01-19,3,Completed,Mobile App,,0,42972.0
6930,7243,43,,2026-07-11 17:03:13,2027-01-02,4,Pending,Instagram,,0,44756.0
6931,7245,10,3010.0,2026-08-09 13:16:29,2027-01-16,2,Confirmed,Website,TP5OFF,5,17996.8
6932,7246,57,2652.0,2026-02-07 14:54:18,2026-03-10,4,Completed,Referral Link,,0,93364.0
6933,7246,77,,2026-05-22 00:29:03,2026-05-30,4,Completed,Mobile App,,0,79764.0
6934,7251,75,,2026-07-17 18:15:15,2026-12-18,4,Confirmed,Mobile App,,0,86808.0
6935,7251,59,,2026-07-08 17:35:33,2026-08-18,5,Completed,Mobile App,,0,100430.0
6936,7252,44,14680.0,2026-08-11 08:57:11,2026-12-22,2,Cancelled,Website,TP5OFF,5,12711.0
6937,7253,61,14572.0,2026-01-08 06:40:08,2026-01-28,5,Completed,Website,TP10OFF,10,85747.5
6938,7253,53,,2026-07-18 10:14:47,2026-11-16,4,Confirmed,Mobile App,,0,46148.0
6939,7253,64,5617.0,2026-07-30 21:51:52,2026-10-04,2,Confirmed,Website,,0,32386.0
6940,7253,30,,2026-06-20 11:10:33,2026-09-27,2,Confirmed,Mobile App,,0,18072.0
6941,7254,97,8727.0,2026-07-27 22:40:33,2026-09-21,3,Confirmed,Website,,0,50877.0
6942,7254,6,2519.0,2025-01-29 23:47:03,2025-03-11,3,Completed,Website,TP15OFF,15,22498.65
6943,7254,3,,2026-07-19 23:00:12,2026-12-05,4,Confirmed,Website,,0,26084.0
6944,7254,95,13608.0,2024-12-12 16:36:14,2025-01-11,5,Completed,Website,,0,36550.0
6945,7255,43,,2026-07-29 01:49:40,2027-01-14,4,Pending,Website,,0,44756.0
6946,7257,14,,2026-06-30 22:34:04,2026-08-24,4,Cancelled,Referral Link,TP5OFF,5,145171.4
6947,7258,63,6975.0,2026-07-12 01:22:05,2026-12-13,3,Confirmed,Instagram,TP10OFF,10,45835.2
6948,7258,92,1782.0,2026-04-17 14:49:57,2026-05-28,2,Completed,Mobile App,,0,14814.0
6949,7258,28,8841.0,2026-08-02 08:33:27,2026-08-20,3,Cancelled,Instagram,TP5OFF,5,26661.75
6950,7258,85,10848.0,2026-04-08 02:08:34,2026-05-12,3,Completed,Website,TP20OFF,20,20505.6
6951,7258,94,10076.0,2025-08-24 20:02:13,2025-08-31,2,Completed,Referral Link,TP5OFF,5,23409.9
6952,7259,39,,2026-07-11 19:15:36,2026-08-23,5,Completed,Website,,0,35890.0
6953,7260,66,9481.0,2026-08-21 05:07:31,2026-10-29,5,Confirmed,Referral Link,,0,155530.0
6954,7263,44,,2025-06-05 13:44:10,2025-08-02,3,Completed,Website,,0,20070.0
6955,7264,77,4771.0,2026-06-28 14:08:01,2026-12-16,4,Confirmed,Mobile App,TP5OFF,5,75775.8
6956,7264,73,96.0,2026-06-27 07:09:22,2026-11-16,3,Confirmed,Mobile App,TP5OFF,5,73629.75
6957,7266,51,2007.0,2026-08-01 15:48:30,2026-10-03,2,Confirmed,Mobile App,,0,73474.0
6958,7267,44,,2026-06-24 17:17:19,2026-07-05,3,Completed,Website,,0,20070.0
6959,7267,7,,2026-08-22 12:55:23,2026-09-10,3,Confirmed,Website,TP15OFF,15,33325.95
6960,7269,2,,2026-06-25 12:05:34,2026-08-13,3,Completed,Website,TP10OFF,10,89270.1
6961,7270,61,,2026-07-29 15:45:27,2026-09-19,6,Confirmed,Instagram,,0,114330.0
6962,7271,59,9707.0,2025-10-07 05:32:23,2025-11-18,5,Completed,Website,,0,100430.0
6963,7274,92,,2024-05-24 03:57:18,2024-07-07,5,Completed,Website,TP20OFF,20,29628.0
6964,7276,2,,2026-08-27 16:53:48,2027-01-12,4,Confirmed,Referral Link,TP10OFF,10,119026.8
6965,7277,1,13449.0,2026-07-12 11:30:44,2027-01-03,2,Confirmed,Referral Link,,0,21974.0
6966,7277,91,,2026-06-10 12:14:40,2026-10-26,4,Cancelled,Website,,0,51816.0
6967,7277,70,3436.0,2026-07-27 14:49:03,2026-09-08,5,Confirmed,Website,TP15OFF,15,60877.0
6968,7278,8,,2026-08-29 12:14:11,2027-02-15,2,Cancelled,Website,,0,69516.0
6969,7279,77,63.0,2026-09-01 22:29:28,2026-11-08,3,Cancelled,Mobile App,TP5OFF,5,56831.85
6970,7279,68,,2026-08-23 04:46:14,2026-12-07,6,Confirmed,Mobile App,TP15OFF,15,118014.0
6971,7281,47,6493.0,2026-06-19 02:21:14,2026-08-23,3,Completed,Mobile App,,0,90990.0
6972,7282,65,4140.0,2024-12-20 03:46:49,2025-01-15,2,Completed,Mobile App,,0,35076.0
6973,7282,51,12596.0,2026-08-23 05:52:52,2026-11-19,2,Confirmed,Mobile App,TP5OFF,5,69800.3
6974,7285,75,,2026-03-28 00:23:18,2026-04-19,3,Completed,Website,,0,65106.0
6975,7285,9,,2026-07-02 10:43:09,2026-07-17,3,Cancelled,Mobile App,TP15OFF,15,25591.8
6976,7286,25,,2026-08-17 13:27:24,2026-12-12,1,Confirmed,Mobile App,,0,11853.0
6977,7287,38,,2026-07-28 15:59:47,2026-12-09,5,Cancelled,Mobile App,TP20OFF,20,32132.0
6978,7289,65,,2026-07-09 06:02:38,2026-09-23,5,Confirmed,Website,TP5OFF,5,83305.5
6979,7289,52,,2026-06-28 00:47:56,2026-12-12,4,Pending,Instagram,,0,122796.0
6980,7290,77,7544.0,2026-08-21 08:42:35,2026-09-09,4,Confirmed,Mobile App,,0,79764.0
6981,7291,20,9669.0,2026-08-18 00:20:56,2026-12-16,3,Confirmed,Mobile App,,0,109815.0
6982,7297,93,,2026-07-17 15:43:10,2026-08-26,3,Completed,Mobile App,,0,53940.0
6983,7298,88,7593.0,2026-07-02 14:45:00,2026-12-21,2,Confirmed,Website,,0,16222.0
6984,7299,33,158.0,2026-08-04 07:26:51,2027-01-27,4,Confirmed,Website,TP10OFF,10,39862.8
6985,7300,13,4517.0,2026-08-15 08:10:16,2026-11-05,4,Confirmed,Mobile App,,0,43096.0
6986,7301,86,12269.0,2025-09-02 23:08:44,2025-09-12,5,Completed,Mobile App,TP5OFF,5,36366.0
6987,7301,83,3884.0,2026-07-22 07:08:00,2027-01-07,2,Cancelled,Referral Link,,0,19152.0
6988,7303,77,14744.0,2026-06-02 04:03:25,2026-07-01,5,Completed,Website,,0,99705.0
6989,7303,73,9124.0,2026-07-16 08:16:55,2026-08-06,5,Cancelled,Mobile App,,0,129175.0
6990,7303,57,2068.0,2026-01-24 15:22:35,2026-02-10,4,Completed,Mobile App,TP15OFF,15,79359.4
6991,7303,57,5440.0,2026-08-08 21:11:02,2026-09-04,3,Completed,Mobile App,,0,70023.0
6992,7304,42,,2026-06-27 12:57:03,2026-11-18,4,Confirmed,Website,,0,154868.0
6993,7304,2,14496.0,2024-08-01 04:38:18,2024-09-04,2,Completed,Mobile App,,0,66126.0
6994,7305,91,4462.0,2026-08-20 08:18:39,2026-12-27,5,Confirmed,Mobile App,TP5OFF,5,61531.5
6995,7307,8,,2026-08-30 10:06:04,2026-11-29,4,Confirmed,Referral Link,TP5OFF,5,132080.4
6996,7307,20,,2025-01-18 22:50:33,2025-01-30,2,Completed,Mobile App,,0,73210.0
6997,7309,14,337.0,2026-08-13 13:06:08,2026-12-21,3,Confirmed,Website,,0,114609.0
6998,7311,59,,2026-08-03 23:50:54,2027-01-26,6,Confirmed,Website,TP10OFF,10,108464.4
6999,7314,17,,2025-06-25 03:35:22,2025-08-09,4,Completed,Mobile App,TP5OFF,5,154135.6
7000,7314,65,12952.0,2026-07-24 21:28:43,2026-09-03,4,Completed,Mobile App,TP10OFF,10,63136.8
7001,7314,84,6374.0,2026-08-19 00:44:59,2027-01-17,3,Confirmed,Website,TP15OFF,15,55493.1
7002,7314,98,,2026-07-05 07:58:09,2026-11-17,3,Confirmed,Mobile App,,0,46074.0
7003,7314,65,6539.0,2026-07-27 05:08:35,2026-10-07,2,Confirmed,Referral Link,TP20OFF,20,28060.8
7004,7314,52,,2025-07-31 21:48:34,2025-08-05,2,Completed,Referral Link,,0,61398.0
7005,7316,34,9258.0,2025-10-27 18:23:31,2025-12-06,2,Completed,Referral Link,TP5OFF,5,18796.7
7006,7316,16,,2026-06-14 12:11:11,2026-08-26,4,Completed,Mobile App,,0,43704.0
7007,7319,3,10482.0,2026-06-24 08:08:47,2026-11-17,4,Confirmed,Website,,0,26084.0
7008,7322,17,1330.0,2023-11-18 04:52:29,2024-01-03,3,Completed,Mobile App,,0,121686.0
7009,7324,61,,2026-04-29 12:34:17,2026-05-15,4,Completed,Mobile App,TP15OFF,15,64787.0
7010,7325,85,,2025-09-05 02:09:20,2025-10-04,3,Completed,Mobile App,TP5OFF,5,24350.4
7011,7326,59,,2024-12-07 23:23:11,2025-01-17,4,Completed,Mobile App,,0,80344.0
7012,7328,89,,2026-08-26 21:46:53,2026-09-12,3,Confirmed,Referral Link,,0,24924.0
7013,7329,21,,2026-06-17 15:38:37,2026-08-04,3,Completed,Mobile App,,0,22227.0
7014,7331,82,,2023-11-24 11:33:39,2023-12-30,3,Completed,Referral Link,,0,29538.0
7015,7333,34,11918.0,2026-07-13 00:12:45,2026-07-27,5,Completed,Website,,0,49465.0
7016,7333,34,,2026-08-21 13:50:49,2026-12-29,2,Confirmed,Mobile App,,0,19786.0
7017,7334,73,,2026-06-27 21:10:27,2026-12-21,6,Pending,Mobile App,,0,155010.0
7018,7337,46,,2026-07-21 23:19:05,2027-01-04,2,Confirmed,Website,,0,60886.0
7019,7339,33,5049.0,2026-06-18 12:54:36,2026-08-17,5,Cancelled,Mobile App,,0,55365.0
7020,7339,35,,2026-07-30 18:56:44,2026-10-20,2,Pending,Website,TP10OFF,10,55805.4
7021,7340,3,,2024-02-07 07:04:17,2024-02-16,2,Completed,Website,,0,13042.0
7022,7341,4,,2026-01-14 19:53:24,2026-02-20,1,Completed,Mobile App,,0,8453.0
7023,7342,13,12182.0,2026-07-14 22:04:57,2026-08-21,1,Completed,Website,,0,10774.0
7024,7343,18,2014.0,2026-09-03 21:36:51,2027-01-12,3,Confirmed,Mobile App,,0,18636.0
7025,7346,19,,2026-06-26 09:12:02,2026-08-25,3,Completed,Referral Link,,0,26511.0
7026,7349,94,8739.0,2026-07-22 18:45:43,2026-11-10,3,Confirmed,Instagram,,0,36963.0
7027,7349,16,14177.0,2026-08-26 01:16:49,2026-11-01,2,Confirmed,Website,TP5OFF,5,20759.4
7028,7349,39,,2026-07-10 21:53:49,2026-11-01,3,Confirmed,Website,TP20OFF,20,17227.2
7029,7351,42,7289.0,2025-08-08 23:05:04,2025-08-31,2,Completed,Mobile App,,0,77434.0
7030,7351,2,8489.0,2023-09-17 15:54:33,2023-11-09,3,Completed,Mobile App,TP5OFF,5,94229.55
7031,7351,18,2166.0,2026-08-06 06:39:09,2026-09-06,4,Cancelled,Website,,0,24848.0
7032,7356,83,3063.0,2026-08-19 20:13:32,2026-11-12,3,Confirmed,Website,,0,28728.0
7033,7361,77,,2026-06-09 23:47:29,2026-10-12,4,Confirmed,Website,TP5OFF,5,75775.8
7034,7362,5,5969.0,2026-06-24 08:45:51,2026-11-30,4,Confirmed,Website,TP5OFF,5,154489.0
7035,7363,29,8779.0,2026-08-07 23:59:27,2026-09-04,4,Completed,Mobile App,TP5OFF,5,115048.8
7036,7366,54,,2026-07-07 22:45:51,2026-09-21,4,Cancelled,Mobile App,,0,46864.0
7037,7366,44,,2023-10-16 13:27:31,2023-11-02,2,Cancelled,Mobile App,TP15OFF,15,11373.0
7038,7366,25,7166.0,2026-01-21 13:06:56,2026-03-04,4,Completed,Mobile App,,0,47412.0
7039,7366,60,,2026-06-23 07:21:13,2026-08-27,2,Completed,Website,TP5OFF,5,24519.5
7040,7366,13,62.0,2026-08-03 22:25:47,2026-09-23,1,Confirmed,Mobile App,,0,10774.0
7041,7368,76,1240.0,2024-08-04 01:35:38,2024-08-23,4,Completed,Mobile App,TP5OFF,5,58683.4
7042,7368,36,,2026-07-19 16:40:59,2026-10-08,2,Pending,Website,,0,86226.0
7043,7372,74,,2026-07-05 10:09:21,2026-11-13,2,Pending,Website,TP5OFF,5,20597.9
7044,7374,16,,2026-08-18 01:26:49,2027-02-05,4,Confirmed,Referral Link,,0,43704.0
7045,7375,7,,2025-07-25 14:50:25,2025-09-16,1,Completed,Instagram,TP5OFF,5,12415.55
7046,7375,85,,2026-06-11 19:32:03,2026-11-11,5,Cancelled,Website,,0,42720.0
7047,7376,71,908.0,2026-06-20 07:16:52,2026-11-23,4,Confirmed,Website,TP5OFF,5,22857.0
7048,7377,59,,2026-07-22 03:14:32,2027-01-09,6,Confirmed,Website,,0,120516.0
7049,7378,59,,2026-07-31 17:39:01,2026-10-13,6,Confirmed,Website,,0,120516.0
7050,7381,59,11006.0,2026-05-01 09:00:10,2026-06-10,6,Completed,Instagram,,0,120516.0
7051,7381,57,7609.0,2026-08-15 11:40:49,2026-09-29,3,Confirmed,Mobile App,,0,70023.0
7052,7382,23,464.0,2026-06-12 14:11:23,2026-08-24,4,Completed,Mobile App,,0,155924.0
7053,7384,70,,2025-05-22 11:40:23,2025-06-29,2,Cancelled,Website,,0,28648.0
7054,7385,87,,2025-12-01 16:48:15,2025-12-31,6,Completed,Website,,0,130620.0
7055,7385,74,,2024-02-08 22:55:51,2024-04-06,4,Completed,Website,TP10OFF,10,39027.6
7056,7388,82,,2023-11-17 21:40:01,2023-12-07,2,Completed,Website,,0,19692.0
7057,7388,25,,2026-07-01 01:19:09,2026-11-10,4,Confirmed,Website,TP20OFF,20,37929.6
7058,7388,28,,2026-08-10 20:22:16,2026-09-26,2,Confirmed,Mobile App,TP5OFF,5,17774.5
7059,7399,57,4436.0,2026-06-10 10:43:13,2026-08-22,4,Completed,Referral Link,,0,93364.0
7060,7400,73,,2026-07-20 13:35:27,2027-01-11,5,Confirmed,Website,,0,129175.0
7061,7401,87,6170.0,2026-08-22 16:30:52,2026-10-17,3,Confirmed,Referral Link,TP5OFF,5,62044.5
7062,7402,72,12845.0,2024-02-18 13:39:27,2024-03-22,2,Completed,Referral Link,,0,22234.0
7063,7402,70,,2024-08-05 20:45:28,2024-09-14,3,Cancelled,Mobile App,,0,42972.0
7064,7402,16,7085.0,2025-09-17 05:36:09,2025-11-12,4,Completed,Website,,0,43704.0
7065,7402,76,8350.0,2024-07-26 02:42:42,2024-09-08,1,Completed,Referral Link,TP15OFF,15,13126.55
7066,7403,94,,2026-01-24 19:03:29,2026-03-14,4,Completed,Website,TP5OFF,5,46819.8
7067,7403,39,,2026-01-16 12:14:00,2026-01-30,2,Completed,Website,TP15OFF,15,12202.6
7068,7404,68,,2025-09-07 08:31:34,2025-09-30,4,Completed,Mobile App,,0,92560.0
7069,7404,68,,2026-06-14 02:41:35,2026-08-09,3,Completed,Mobile App,TP15OFF,15,59007.0
7070,7404,75,3976.0,2026-07-06 00:22:08,2026-11-18,3,Confirmed,Website,TP10OFF,10,58595.4
7071,7404,57,,2025-03-27 21:37:27,2025-04-09,4,Completed,Mobile App,,0,93364.0
7072,7405,54,,2025-10-07 11:05:13,2025-10-23,5,Completed,Website,TP5OFF,5,55651.0
7073,7407,76,7990.0,2026-07-31 20:59:33,2026-12-11,1,Pending,Mobile App,,0,15443.0
7074,7410,47,,2026-07-07 00:36:45,2026-10-14,3,Confirmed,Mobile App,,0,90990.0
7075,7413,78,,2026-04-26 14:46:05,2026-05-02,4,Completed,Mobile App,,0,80696.0
7076,7414,15,9404.0,2024-05-02 06:09:52,2024-06-08,2,Completed,Website,,0,20934.0
7077,7420,52,,2026-03-30 09:10:05,2026-05-07,4,Completed,Mobile App,,0,122796.0
7078,7420,65,3276.0,2026-08-30 05:19:42,2026-11-22,5,Confirmed,Mobile App,,0,87690.0
7079,7421,83,304.0,2024-10-04 10:03:53,2024-11-16,5,Completed,Website,,0,47880.0
7080,7421,12,,2026-06-25 06:01:03,2026-07-06,2,Cancelled,Instagram,,0,20698.0
7081,7423,28,7811.0,2026-06-12 02:30:21,2026-09-17,1,Confirmed,Mobile App,,0,9355.0
7082,7425,19,8935.0,2026-09-04 11:36:23,2027-01-04,1,Pending,Website,,0,8837.0
7083,7426,84,1204.0,2026-07-20 11:57:00,2026-12-22,5,Confirmed,Website,,0,108810.0
7084,7427,25,,2025-04-15 18:58:57,2025-04-28,4,Cancelled,Mobile App,,0,47412.0
7085,7429,75,,2026-08-07 22:41:45,2026-10-01,6,Confirmed,Website,,0,130212.0
7086,7429,57,,2026-09-03 07:50:36,2027-01-27,3,Confirmed,Website,TP5OFF,5,66521.85
7087,7430,4,13083.0,2026-08-04 00:11:09,2027-01-23,1,Confirmed,Mobile App,,0,8453.0
7088,7434,68,7285.0,2025-06-25 08:11:37,2025-07-22,6,Completed,Mobile App,,0,138840.0
7089,7435,18,,2026-08-18 04:57:03,2026-12-17,2,Confirmed,Mobile App,,0,12424.0
7090,7436,73,6304.0,2026-08-22 07:11:05,2027-02-11,6,Confirmed,Website,,0,155010.0
7091,7437,36,,2025-01-06 00:27:50,2025-01-27,2,Cancelled,Mobile App,TP5OFF,5,81914.7
7092,7437,11,8747.0,2026-08-07 00:25:15,2026-09-28,2,Confirmed,Mobile App,TP5OFF,5,53834.6
7093,7438,46,,2026-01-30 08:10:38,2026-02-24,2,Completed,Instagram,,0,60886.0
7094,7439,73,,2026-05-02 11:04:19,2026-06-09,4,Completed,Referral Link,TP10OFF,10,93006.0
7095,7442,74,,2026-08-30 01:19:09,2026-10-08,2,Confirmed,Mobile App,TP5OFF,5,20597.9
7096,7445,10,,2026-07-26 10:58:26,2026-12-19,1,Confirmed,Referral Link,TP15OFF,15,8051.2
7097,7446,62,,2025-01-08 05:30:52,2025-02-04,4,Completed,Mobile App,TP5OFF,5,71010.6
7098,7448,1,385.0,2026-08-15 15:33:00,2026-10-13,4,Cancelled,Website,,0,43948.0
7099,7450,14,,2026-06-18 02:09:56,2026-10-12,4,Confirmed,Mobile App,TP10OFF,10,137530.8
7100,7452,73,14811.0,2023-10-11 12:44:19,2023-10-20,6,Completed,Mobile App,,0,155010.0
7101,7453,13,4063.0,2026-08-10 13:02:02,2026-10-26,4,Pending,Instagram,,0,43096.0
7102,7453,82,14098.0,2026-08-10 11:30:41,2026-08-28,4,Completed,Mobile App,,0,39384.0
7103,7455,28,14182.0,2026-06-18 05:39:26,2026-09-20,2,Confirmed,Website,TP5OFF,5,17774.5
7104,7456,91,,2025-04-12 18:01:52,2025-04-25,2,Completed,Instagram,,0,25908.0
7105,7456,13,12653.0,2025-03-27 22:32:07,2025-05-21,2,Completed,Mobile App,,0,21548.0
7106,7456,44,12275.0,2025-08-02 13:45:58,2025-08-28,5,Completed,Referral Link,,0,33450.0
7107,7457,10,1615.0,2026-08-08 12:46:38,2026-10-04,3,Confirmed,Website,TP5OFF,5,26995.2
7108,7457,91,,2026-06-21 17:53:25,2026-08-25,5,Completed,Instagram,,0,64770.0
7109,7461,58,,2026-07-26 04:43:08,2026-09-21,2,Confirmed,Referral Link,TP15OFF,15,20673.7
7110,7462,33,2681.0,2026-07-02 11:39:09,2026-08-18,2,Cancelled,Mobile App,,0,22146.0
7111,7463,62,,2026-06-13 23:16:34,2026-11-12,3,Pending,Mobile App,TP15OFF,15,47651.85
7112,7463,92,11796.0,2026-06-20 18:58:31,2026-11-25,4,Confirmed,Mobile App,,0,29628.0
7113,7465,27,12782.0,2024-04-01 04:36:03,2024-04-29,3,Completed,Instagram,,0,20088.0
7114,7467,70,9232.0,2025-02-08 13:44:24,2025-04-07,3,Completed,Mobile App,TP20OFF,20,34377.6
7115,7467,39,,2026-06-20 09:46:44,2026-09-03,2,Completed,Website,TP5OFF,5,13638.2
7116,7468,54,,2026-07-05 04:30:40,2026-07-16,3,Completed,Mobile App,,0,35148.0
7117,7470,17,6543.0,2026-06-26 18:15:17,2026-09-14,2,Confirmed,Mobile App,,0,81124.0
7118,7472,64,,2026-07-25 05:55:34,2026-11-17,2,Confirmed,Website,,0,32386.0
7119,7477,5,10574.0,2026-07-02 04:25:10,2026-11-12,3,Confirmed,Website,,0,121965.0
7120,7481,13,,2023-11-22 00:02:46,2023-12-03,2,Completed,Website,TP20OFF,20,17238.4
7121,7482,65,7415.0,2026-02-18 03:06:59,2026-03-13,3,Completed,Mobile App,TP15OFF,15,44721.9
7122,7484,85,,2026-07-06 16:17:53,2026-11-02,4,Pending,Website,TP20OFF,20,27340.8
7123,7485,34,6700.0,2026-07-02 21:36:14,2026-08-24,4,Completed,Mobile App,,0,39572.0
7124,7485,82,,2026-08-24 16:32:37,2026-09-10,2,Confirmed,Mobile App,,0,19692.0
7125,7486,16,4606.0,2026-06-29 02:25:08,2026-10-09,3,Cancelled,Mobile App,,0,32778.0
7126,7489,68,13807.0,2024-06-08 08:37:48,2024-07-27,5,Completed,Website,,0,115700.0
7127,7490,38,14046.0,2026-08-28 12:12:22,2027-02-14,4,Cancelled,Referral Link,,0,32132.0
7128,7492,90,8129.0,2024-10-25 09:17:24,2024-10-30,3,Completed,Mobile App,TP15OFF,15,52948.2
7129,7494,60,,2026-07-11 12:19:17,2026-08-25,3,Cancelled,Instagram,TP5OFF,5,36779.25
7130,7495,91,13014.0,2024-04-03 09:39:02,2024-05-15,5,Completed,Mobile App,,0,64770.0
7131,7496,13,,2026-07-14 13:35:01,2026-09-05,4,Completed,Website,,0,43096.0
7132,7497,75,,2026-09-01 04:19:13,2026-10-19,4,Confirmed,Instagram,,0,86808.0
7133,7498,77,817.0,2024-12-19 20:44:05,2025-02-17,4,Completed,Referral Link,,0,79764.0
7134,7501,82,14893.0,2024-06-23 16:43:57,2024-07-23,3,Completed,Website,,0,29538.0
7135,7502,98,2241.0,2026-06-14 07:06:13,2026-06-27,5,Cancelled,Website,,0,76790.0
7136,7503,56,9050.0,2026-05-27 20:02:41,2026-07-19,1,Completed,Website,TP10OFF,10,15141.6
7137,7503,8,,2026-07-09 22:11:48,2026-11-02,4,Confirmed,Mobile App,TP10OFF,10,125128.8
7138,7505,59,,2024-12-15 18:18:24,2025-01-13,6,Completed,Website,TP5OFF,5,114490.2
7139,7505,73,,2026-06-25 16:55:13,2026-10-01,5,Confirmed,Website,TP5OFF,5,122716.25
7140,7506,81,,2026-08-12 00:17:06,2026-12-14,6,Cancelled,Mobile App,,0,151662.0
7141,7508,3,8376.0,2023-11-06 14:52:48,2023-12-09,5,Completed,Mobile App,TP5OFF,5,30974.75
7142,7510,54,1986.0,2026-06-04 08:06:46,2026-07-29,4,Completed,Website,,0,46864.0
7143,7510,94,8569.0,2024-11-26 11:23:27,2024-12-21,3,Completed,Instagram,TP10OFF,10,33266.7
7144,7510,19,,2025-01-20 02:54:50,2025-02-26,2,Completed,Mobile App,,0,17674.0
7145,7510,62,3199.0,2024-09-30 00:22:51,2024-11-10,3,Completed,Website,,0,56061.0
7146,7511,61,9088.0,2026-07-18 12:47:04,2026-11-16,6,Confirmed,Website,,0,114330.0
7147,7511,15,10027.0,2026-06-17 19:12:43,2026-10-17,5,Confirmed,Website,,0,52335.0
7148,7512,29,,2026-08-18 00:36:26,2026-10-04,3,Confirmed,Website,,0,90828.0
7149,7513,57,,2026-07-31 03:36:58,2026-12-23,5,Cancelled,Mobile App,,0,116705.0
7150,7514,16,4785.0,2025-01-02 20:50:50,2025-02-08,2,Completed,Mobile App,,0,21852.0
7151,7516,45,10466.0,2026-03-19 01:23:59,2026-05-06,1,Completed,Mobile App,TP10OFF,10,30428.1
7152,7516,48,,2026-08-17 11:58:30,2026-10-28,3,Pending,Mobile App,,0,24120.0
7153,7517,76,,2024-07-19 16:56:45,2024-08-09,5,Cancelled,Instagram,TP15OFF,15,65632.75
7154,7518,42,13520.0,2025-06-30 04:25:16,2025-08-08,4,Cancelled,Website,,0,154868.0
7155,7518,20,,2024-06-29 13:14:36,2024-08-22,3,Completed,Instagram,,0,109815.0
7156,7521,28,,2026-06-15 00:54:12,2026-07-20,1,Completed,Website,,0,9355.0
7157,7521,82,,2026-06-24 05:41:10,2026-12-01,5,Pending,Website,TP10OFF,10,44307.0
7158,7522,89,5160.0,2026-01-15 18:53:36,2026-01-20,2,Completed,Website,,0,16616.0
7159,7522,27,,2025-08-22 23:49:34,2025-09-03,4,Completed,Mobile App,,0,26784.0
7160,7524,66,14569.0,2026-06-16 11:24:22,2026-12-09,6,Cancelled,Website,,0,186636.0
7161,7524,68,,2026-06-15 12:06:53,2026-07-15,6,Completed,Website,TP5OFF,5,131898.0
7162,7527,40,,2026-01-05 21:12:44,2026-02-10,1,Cancelled,Mobile App,,0,33149.0
7163,7527,15,13919.0,2024-02-19 14:36:46,2024-03-28,5,Completed,Mobile App,,0,52335.0
7164,7531,72,,2026-08-02 06:28:58,2027-01-04,3,Pending,Mobile App,,0,33351.0
7165,7534,15,10641.0,2026-06-18 22:29:56,2026-07-11,4,Completed,Website,,0,41868.0
7166,7534,73,13652.0,2026-06-17 13:30:51,2026-09-30,4,Confirmed,Mobile App,,0,103340.0
7167,7534,48,14679.0,2025-12-23 19:01:36,2026-01-22,5,Completed,Mobile App,,0,40200.0
7168,7535,26,,2024-10-10 08:33:25,2024-11-13,3,Completed,Mobile App,,0,77871.0
7169,7536,40,,2024-11-19 23:29:50,2024-12-01,2,Completed,Website,,0,66298.0
7170,7536,83,,2026-06-14 16:17:49,2026-07-01,2,Completed,Mobile App,,0,19152.0
7171,7536,21,,2026-07-19 20:17:38,2026-10-16,2,Confirmed,Instagram,,0,14818.0
7172,7539,38,2614.0,2026-06-16 18:47:45,2026-07-09,5,Completed,Website,,0,40165.0
7173,7541,48,,2026-08-25 16:16:06,2026-09-24,4,Confirmed,Mobile App,,0,32160.0
7174,7541,9,,2026-08-28 17:09:24,2026-10-21,3,Confirmed,Mobile App,TP15OFF,15,25591.8
7175,7541,30,,2024-02-04 18:39:40,2024-02-29,4,Completed,Mobile App,TP10OFF,10,32529.6
7176,7541,64,4642.0,2025-07-05 10:20:04,2025-08-23,2,Completed,Website,,0,32386.0
7177,7542,87,4875.0,2024-07-21 15:29:05,2024-08-18,4,Completed,Website,TP15OFF,15,74018.0
7178,7543,19,12062.0,2026-08-02 12:13:44,2026-11-03,4,Confirmed,Website,,0,35348.0
7179,7545,74,,2026-08-08 20:57:12,2026-11-03,2,Confirmed,Mobile App,,0,21682.0
7180,7548,3,6010.0,2024-06-01 00:51:19,2024-07-14,3,Completed,Website,,0,19563.0
7181,7548,38,,2026-06-23 18:38:45,2026-11-12,2,Confirmed,Website,,0,16066.0
7182,7550,59,,2025-06-12 22:15:35,2025-07-17,3,Completed,Mobile App,,0,60258.0
7183,7555,34,10111.0,2026-01-20 20:36:44,2026-03-20,5,Completed,Instagram,,0,49465.0
7184,7556,4,,2026-09-06 13:54:26,2026-10-14,2,Confirmed,Mobile App,,0,16906.0
7185,7558,79,,2026-06-09 13:46:56,2026-11-18,3,Confirmed,Website,,0,29076.0
7186,7559,74,,2025-10-10 10:13:49,2025-10-18,5,Completed,Website,TP5OFF,5,51494.75
7187,7559,82,,2026-06-15 15:12:01,2026-10-05,4,Confirmed,Website,,0,39384.0
7188,7561,52,,2023-11-23 17:28:21,2023-12-12,2,Completed,Website,,0,61398.0
7189,7561,87,,2025-01-24 04:19:18,2025-02-23,4,Completed,Mobile App,,0,87080.0
7190,7562,41,,2025-01-24 13:31:28,2025-03-18,2,Completed,Mobile App,,0,97660.0
7191,7564,86,,2024-07-13 10:08:31,2024-07-28,5,Completed,Website,,0,38280.0
7192,7565,56,14366.0,2026-07-20 04:48:54,2026-11-04,1,Confirmed,Website,TP10OFF,10,15141.6
7193,7569,34,,2024-03-02 04:03:26,2024-04-24,4,Completed,Mobile App,,0,39572.0
7194,7571,18,6567.0,2026-04-11 10:33:24,2026-04-21,3,Completed,Mobile App,TP5OFF,5,17704.2
7195,7572,44,2019.0,2025-09-28 10:48:52,2025-10-14,4,Completed,Website,,0,26760.0
7196,7572,54,13649.0,2025-03-27 09:17:24,2025-05-09,5,Completed,Website,,0,58580.0
7197,7573,49,148.0,2026-07-10 14:26:29,2026-09-28,2,Cancelled,Instagram,TP5OFF,5,22051.4
7198,7574,11,13569.0,2024-04-28 04:29:56,2024-05-18,3,Completed,Website,,0,85002.0
7199,7574,17,5285.0,2024-04-07 06:40:09,2024-05-07,2,Completed,Website,,0,81124.0
7200,7577,60,,2026-07-10 12:06:09,2026-09-15,2,Confirmed,Website,,0,25810.0
7201,7580,70,13730.0,2024-10-23 05:46:16,2024-12-08,3,Completed,Instagram,TP10OFF,10,38674.8
7202,7581,16,219.0,2026-07-19 10:35:11,2027-01-09,2,Pending,Mobile App,,0,21852.0
7203,7581,88,4453.0,2026-07-26 05:08:47,2026-09-02,2,Completed,Website,,0,16222.0
7204,7583,26,,2024-08-15 04:17:22,2024-10-05,2,Completed,Website,TP10OFF,10,46722.6
7205,7589,68,,2024-02-19 01:31:15,2024-04-12,4,Completed,Mobile App,,0,92560.0
7206,7590,85,11821.0,2025-04-25 20:08:14,2025-05-15,2,Completed,Mobile App,TP20OFF,20,13670.4
7207,7592,10,,2026-07-26 21:36:58,2027-01-18,3,Confirmed,Instagram,,0,28416.0
7208,7595,61,10005.0,2026-08-25 00:04:47,2027-01-09,5,Confirmed,Website,TP15OFF,15,80983.75
7209,7596,19,,2025-08-01 20:53:08,2025-09-10,1,Completed,Website,TP10OFF,10,7953.3
7210,7597,69,,2026-07-28 08:28:26,2026-09-17,4,Confirmed,Mobile App,,0,94640.0
7211,7598,19,5653.0,2026-03-12 06:56:25,2026-04-11,1,Completed,Mobile App,TP20OFF,20,7069.6
7212,7598,91,11662.0,2026-09-03 20:56:22,2027-02-06,4,Cancelled,Mobile App,,0,51816.0
7213,7600,85,,2024-11-21 11:15:33,2024-12-09,4,Completed,Instagram,,0,34176.0
7214,7601,70,,2026-08-27 04:39:10,2026-12-22,4,Confirmed,Mobile App,TP5OFF,5,54431.2
7215,7602,13,2807.0,2026-07-25 07:00:26,2027-01-12,4,Confirmed,Mobile App,TP15OFF,15,36631.6
7216,7604,85,6981.0,2026-06-24 00:15:36,2026-10-15,5,Pending,Website,TP5OFF,5,40584.0
7217,7606,4,,2025-07-04 09:41:29,2025-08-01,3,Completed,Website,TP15OFF,15,21555.15
7218,7609,58,,2024-01-05 04:26:15,2024-02-05,5,Completed,Mobile App,,0,60805.0
7219,7609,78,4454.0,2026-09-02 17:28:35,2026-12-20,5,Confirmed,Website,TP10OFF,10,90783.0
7220,7610,85,,2026-07-19 14:00:15,2026-08-11,3,Completed,Website,,0,25632.0
7221,7612,7,5709.0,2026-08-09 13:24:22,2027-01-29,3,Cancelled,Website,,0,39207.0
7222,7614,33,3870.0,2026-07-02 04:24:26,2026-11-20,5,Confirmed,Mobile App,TP5OFF,5,52596.75
7223,7614,48,3320.0,2026-06-11 10:29:19,2026-07-07,5,Completed,Mobile App,TP5OFF,5,38190.0
7224,7615,85,,2026-04-19 03:21:42,2026-05-26,3,Completed,Website,,0,25632.0
7225,7616,96,5735.0,2026-07-29 10:19:38,2026-12-17,2,Confirmed,Referral Link,TP10OFF,10,39259.8
7226,7617,13,8480.0,2025-05-08 14:29:59,2025-05-15,2,Completed,Referral Link,,0,21548.0
7227,7617,89,,2026-07-13 11:50:52,2026-08-22,2,Completed,Mobile App,,0,16616.0
7228,7618,50,10509.0,2026-06-12 14:26:22,2026-08-24,1,Completed,Mobile App,,0,19517.0
7229,7621,39,,2023-10-15 02:24:18,2023-11-13,5,Cancelled,Website,,0,35890.0
7230,7622,19,5715.0,2026-06-24 20:21:48,2026-07-12,2,Completed,Website,TP5OFF,5,16790.3
7231,7622,79,,2025-02-14 07:06:45,2025-03-26,3,Completed,Website,,0,29076.0
7232,7623,25,11094.0,2026-06-09 05:04:42,2026-08-16,3,Completed,Website,TP10OFF,10,32003.1
7233,7624,2,,2026-07-15 02:33:56,2026-10-25,3,Confirmed,Mobile App,TP10OFF,10,89270.1
7234,7626,44,,2026-08-18 23:39:43,2026-12-19,4,Confirmed,Mobile App,,0,26760.0
7235,7628,93,,2026-06-11 23:43:35,2026-10-18,4,Confirmed,Mobile App,TP10OFF,10,64728.0
7236,7631,29,,2026-05-01 23:29:14,2026-06-11,4,Completed,Instagram,,0,121104.0
7237,7632,68,,2026-07-08 00:02:03,2026-08-08,5,Completed,Website,TP20OFF,20,92560.0
7238,7632,11,,2026-08-09 20:08:04,2026-12-13,4,Confirmed,Mobile App,TP5OFF,5,107669.2
7239,7632,66,2790.0,2026-06-22 10:01:23,2026-10-27,6,Confirmed,Instagram,,0,186636.0
7240,7632,23,6817.0,2026-07-12 17:40:48,2026-10-28,4,Confirmed,Website,,0,155924.0
7241,7634,94,,2026-07-06 20:48:14,2026-12-23,2,Confirmed,Instagram,TP5OFF,5,23409.9
7242,7635,74,,2026-06-12 23:37:02,2026-09-10,4,Confirmed,Website,,0,43364.0
7243,7637,98,,2026-07-06 02:09:28,2026-09-11,5,Confirmed,Mobile App,TP10OFF,10,69111.0
7244,7638,7,,2023-10-11 03:15:59,2023-11-28,3,Completed,Website,,0,39207.0
7245,7638,19,7043.0,2026-09-03 22:12:04,2027-01-20,1,Pending,Website,TP5OFF,5,8395.15
7246,7639,33,,2024-09-06 22:31:20,2024-09-19,5,Completed,Website,,0,55365.0
7247,7639,55,,2026-05-24 23:32:22,2026-06-23,2,Completed,Instagram,,0,48250.0
7248,7640,24,,2025-03-02 15:17:40,2025-04-28,5,Completed,Mobile App,,0,47945.0
7249,7640,9,8775.0,2024-07-05 10:32:16,2024-08-30,3,Completed,Mobile App,,0,30108.0
7250,7640,6,1715.0,2026-07-02 17:27:02,2026-11-26,4,Pending,Mobile App,,0,35292.0
7251,7642,68,,2025-04-22 20:45:17,2025-05-11,3,Completed,Mobile App,,0,69420.0
7252,7643,84,,2026-08-30 10:03:54,2026-11-22,5,Pending,Mobile App,TP10OFF,10,97929.0
7253,7644,56,,2026-08-05 07:53:27,2027-01-10,4,Confirmed,Mobile App,TP5OFF,5,63931.2
7254,7645,1,8921.0,2025-08-20 07:37:58,2025-08-26,3,Cancelled,Website,,0,32961.0
7255,7650,93,12906.0,2025-11-21 11:33:49,2025-12-30,4,Completed,Website,,0,71920.0
7256,7650,47,13951.0,2026-06-22 04:16:48,2026-07-06,3,Cancelled,Mobile App,,0,90990.0
7257,7651,31,,2026-05-10 02:21:58,2026-05-28,2,Cancelled,Website,,0,80496.0
7258,7653,37,,2024-01-15 14:25:12,2024-02-19,4,Completed,Website,TP5OFF,5,143415.8
7259,7654,94,4523.0,2026-06-24 05:25:32,2026-09-18,5,Pending,Instagram,,0,61605.0
7260,7656,85,1438.0,2026-08-07 19:55:29,2026-08-21,2,Completed,Website,,0,17088.0
7261,7658,24,12940.0,2026-06-24 07:38:53,2026-08-25,2,Completed,Referral Link,TP15OFF,15,16301.3
7262,7660,34,,2024-04-23 04:01:37,2024-06-14,3,Completed,Instagram,,0,29679.0
7263,7663,7,,2026-06-09 13:04:07,2026-08-15,3,Completed,Mobile App,,0,39207.0
7264,7664,88,7230.0,2026-05-01 00:10:50,2026-05-29,5,Completed,Instagram,TP5OFF,5,38527.25
7265,7664,70,,2026-07-16 04:06:46,2026-11-02,5,Confirmed,Mobile App,TP10OFF,10,64458.0
7266,7665,66,,2024-11-07 16:32:26,2024-11-23,5,Completed,Referral Link,TP5OFF,5,147753.5
7267,7666,68,,2023-09-10 06:32:18,2023-10-13,4,Completed,Mobile App,,0,92560.0
7268,7669,89,6870.0,2026-08-07 18:33:30,2026-10-14,2,Confirmed,Mobile App,,0,16616.0
7269,7671,76,10883.0,2026-05-22 17:03:43,2026-07-21,1,Completed,Referral Link,,0,15443.0
7270,7671,85,6916.0,2026-09-04 04:34:58,2026-11-30,3,Confirmed,Mobile App,,0,25632.0
7271,7672,88,,2026-07-15 03:15:22,2026-09-07,5,Confirmed,Mobile App,,0,40555.0
7272,7674,12,,2024-04-11 20:33:35,2024-05-05,4,Completed,Website,,0,41396.0
7273,7675,40,,2026-06-24 20:05:42,2026-12-09,1,Confirmed,Mobile App,,0,33149.0
7274,7675,83,,2025-03-01 03:00:13,2025-04-23,5,Completed,Mobile App,,0,47880.0
7275,7678,1,,2026-06-09 05:25:17,2026-09-07,2,Confirmed,Mobile App,TP10OFF,10,19776.6
7276,7678,62,,2024-05-16 17:04:18,2024-07-08,1,Completed,Website,TP10OFF,10,16818.3
7277,7681,11,11384.0,2025-03-19 16:31:38,2025-05-15,4,Completed,Website,TP5OFF,5,107669.2
7278,7684,94,10791.0,2026-07-16 02:25:25,2026-11-09,3,Cancelled,Mobile App,TP15OFF,15,31418.55
7279,7685,77,4455.0,2025-02-06 18:11:24,2025-04-02,3,Cancelled,Website,,0,59823.0
7280,7685,2,11886.0,2026-06-20 04:25:19,2026-10-13,2,Confirmed,Instagram,,0,66126.0
7281,7686,7,1815.0,2026-09-05 02:43:35,2026-11-10,3,Confirmed,Mobile App,TP15OFF,15,33325.95
7282,7687,67,8190.0,2025-01-25 12:00:00,2025-03-03,5,Completed,Referral Link,,0,83645.0
7283,7687,46,12006.0,2025-12-27 04:26:17,2026-02-19,2,Completed,Website,,0,60886.0
7284,7690,41,,2026-07-16 07:58:22,2026-12-25,2,Confirmed,Website,,0,97660.0
7285,7693,79,14199.0,2026-07-24 06:07:08,2026-10-21,2,Confirmed,Website,,0,19384.0
7286,7694,29,,2026-06-12 21:32:32,2026-07-21,2,Completed,Mobile App,TP5OFF,5,57524.4
7287,7695,67,14002.0,2026-02-18 22:35:17,2026-03-01,2,Completed,Referral Link,,0,33458.0
7288,7698,91,6637.0,2026-09-04 19:03:47,2026-10-07,4,Confirmed,Website,,0,51816.0
7289,7703,79,,2026-08-12 00:16:10,2027-01-28,4,Pending,Mobile App,TP10OFF,10,34891.2
7290,7704,7,6813.0,2026-06-12 20:44:12,2026-09-12,4,Confirmed,Mobile App,,0,52276.0
7291,7705,73,,2026-07-29 14:50:38,2026-10-20,4,Confirmed,Website,TP5OFF,5,98173.0
7292,7705,69,,2025-06-23 16:38:55,2025-07-13,6,Completed,Website,TP5OFF,5,134862.0
7293,7706,71,1660.0,2026-08-04 02:03:50,2026-12-07,4,Confirmed,Website,TP5OFF,5,22857.0
7294,7707,68,,2025-10-19 06:47:52,2025-10-28,6,Completed,Website,,0,138840.0
7295,7707,73,,2026-08-19 23:57:44,2027-01-25,4,Pending,Website,,0,103340.0
7296,7709,54,,2026-07-29 22:34:13,2026-12-26,3,Confirmed,Mobile App,TP5OFF,5,33390.6
7297,7711,33,,2025-08-01 01:26:28,2025-09-04,4,Completed,Website,TP15OFF,15,37648.2
7298,7711,81,,2026-08-18 04:36:15,2026-09-11,3,Confirmed,Referral Link,,0,75831.0
7299,7713,77,906.0,2026-07-17 08:46:00,2026-09-23,4,Cancelled,Mobile App,,0,79764.0
7300,7714,34,,2026-06-17 04:20:08,2026-10-20,3,Confirmed,Mobile App,,0,29679.0
7301,7715,70,,2026-08-21 21:02:01,2026-12-19,2,Cancelled,Mobile App,,0,28648.0
7302,7715,85,,2026-07-04 10:20:01,2026-08-21,4,Completed,Website,TP5OFF,5,32467.2
7303,7716,86,603.0,2024-07-15 06:45:23,2024-08-11,3,Completed,Website,TP10OFF,10,20671.2
7304,7716,15,14256.0,2024-12-09 10:28:38,2024-12-17,3,Completed,Mobile App,,0,31401.0
7305,7721,33,,2025-12-19 07:58:30,2026-01-12,2,Completed,Mobile App,,0,22146.0
7306,7724,9,,2026-06-18 05:06:32,2026-08-12,3,Completed,Mobile App,TP5OFF,5,28602.6
7307,7724,48,,2026-09-02 15:07:32,2026-12-07,5,Confirmed,Website,TP10OFF,10,36180.0
7308,7727,69,,2026-08-04 03:44:46,2027-01-10,3,Cancelled,Website,TP20OFF,20,56784.0
7309,7727,64,7264.0,2026-09-06 03:29:59,2026-10-15,5,Confirmed,Mobile App,,0,80965.0
7310,7728,7,14307.0,2026-08-09 18:02:39,2026-08-22,3,Completed,Instagram,,0,39207.0
7311,7731,39,2615.0,2024-10-16 22:08:20,2024-12-09,2,Completed,Mobile App,,0,14356.0
7312,7731,1,2797.0,2025-10-08 18:48:07,2025-11-13,3,Completed,Instagram,,0,32961.0
7313,7731,44,11780.0,2026-07-20 04:18:01,2026-10-19,5,Confirmed,Website,,0,33450.0
7314,7731,91,,2025-01-19 18:21:26,2025-02-22,3,Completed,Website,,0,38862.0
7315,7732,62,2953.0,2024-01-19 07:17:56,2024-01-29,4,Completed,Website,TP5OFF,5,71010.6
7316,7732,22,,2026-07-25 19:57:38,2026-12-16,3,Confirmed,Mobile App,,0,27189.0
7317,7733,22,,2026-08-20 14:44:38,2027-01-15,2,Confirmed,Website,TP10OFF,10,16313.4
7318,7734,47,95.0,2025-04-05 16:51:10,2025-04-29,3,Cancelled,Referral Link,TP5OFF,5,86440.5
7319,7734,29,,2026-08-12 07:47:28,2026-11-24,4,Confirmed,Website,,0,121104.0
7320,7736,69,13968.0,2024-12-05 17:08:27,2024-12-24,6,Completed,Website,,0,141960.0
7321,7737,17,,2026-06-26 06:15:19,2026-07-08,4,Completed,Mobile App,,0,162248.0
7322,7737,84,,2026-08-14 22:18:53,2026-08-25,3,Completed,Mobile App,,0,65286.0
7323,7740,27,10929.0,2026-08-26 05:05:23,2027-02-04,2,Confirmed,Website,,0,13392.0
7324,7740,15,,2026-08-23 20:39:28,2026-09-08,5,Confirmed,Website,TP10OFF,10,47101.5
7325,7742,20,14729.0,2024-04-15 16:52:22,2024-06-06,2,Completed,Referral Link,TP15OFF,15,62228.5
7326,7742,72,,2026-06-26 18:29:53,2026-11-02,4,Confirmed,Mobile App,TP5OFF,5,42244.6
7327,7744,10,1182.0,2026-06-22 05:48:04,2026-11-28,2,Confirmed,Website,,0,18944.0
7328,7745,82,,2026-01-04 23:09:05,2026-02-15,4,Completed,Mobile App,,0,39384.0
7329,7745,58,,2025-12-13 12:22:16,2026-01-17,3,Completed,Website,TP5OFF,5,34658.85
7330,7748,79,6463.0,2026-07-29 11:42:00,2027-01-17,3,Confirmed,Mobile App,,0,29076.0
7331,7748,70,,2026-07-14 03:09:53,2026-08-02,3,Completed,Mobile App,,0,42972.0
7332,7750,88,10472.0,2026-06-20 03:19:12,2026-12-06,2,Confirmed,Referral Link,,0,16222.0
7333,7750,54,,2026-07-25 02:41:03,2026-11-25,4,Confirmed,Instagram,,0,46864.0
7334,7751,28,,2024-03-03 11:50:04,2024-03-11,4,Completed,Website,,0,37420.0
7335,7752,97,,2026-07-10 04:55:53,2026-09-03,5,Cancelled,Mobile App,,0,84795.0
7336,7754,30,,2026-09-03 20:31:39,2026-09-27,3,Confirmed,Website,,0,27108.0
7337,7755,14,,2026-07-23 18:59:14,2026-08-06,3,Cancelled,Mobile App,TP10OFF,10,103148.1
7338,7756,83,12149.0,2026-06-26 23:34:54,2026-08-09,3,Completed,Website,,0,28728.0
7339,7756,94,,2026-06-13 04:59:51,2026-07-31,4,Completed,Website,,0,49284.0
7340,7758,59,,2024-11-22 00:35:23,2024-12-04,4,Completed,Website,,0,80344.0
7341,7758,61,7754.0,2026-07-31 18:26:57,2026-12-29,4,Confirmed,Website,,0,76220.0
7342,7761,14,13782.0,2023-11-02 19:51:07,2023-11-18,3,Completed,Website,,0,114609.0
7343,7763,24,,2026-07-07 03:42:37,2026-08-15,2,Completed,Mobile App,TP10OFF,10,17260.2
7344,7764,24,12255.0,2026-07-13 12:39:19,2026-09-24,4,Confirmed,Instagram,,0,38356.0
7345,7765,92,,2023-10-05 22:59:41,2023-10-20,3,Completed,Website,TP5OFF,5,21109.95
7346,7765,34,3756.0,2026-08-30 07:26:34,2027-01-27,5,Confirmed,Instagram,TP20OFF,20,39572.0
7347,7770,79,9089.0,2026-06-24 11:05:08,2026-10-09,5,Confirmed,Referral Link,,0,48460.0
7348,7770,25,,2026-08-21 13:57:39,2026-12-21,2,Confirmed,Website,,0,23706.0
7349,7772,44,4177.0,2026-06-20 15:13:21,2026-07-09,4,Completed,Referral Link,,0,26760.0
7350,7773,43,13073.0,2026-08-19 12:20:51,2026-12-29,5,Confirmed,Website,,0,55945.0
7351,7774,23,,2026-08-21 20:18:21,2026-12-03,3,Confirmed,Website,TP5OFF,5,111095.85
7352,7775,51,11153.0,2025-12-09 06:54:00,2026-01-14,2,Completed,Mobile App,,0,73474.0
7353,7775,17,,2026-08-30 20:50:56,2026-10-19,4,Confirmed,Website,,0,162248.0
7354,7777,78,,2026-06-17 22:59:13,2026-12-01,4,Confirmed,Website,,0,80696.0
7355,7778,39,,2024-03-06 05:12:46,2024-04-08,2,Completed,Website,TP5OFF,5,13638.2
7356,7778,62,,2026-06-19 13:36:34,2026-08-22,2,Completed,Website,,0,37374.0
7357,7779,86,,2026-07-01 12:59:49,2026-08-31,4,Completed,Referral Link,TP5OFF,5,29092.8
7358,7781,38,,2024-03-30 20:24:06,2024-04-14,2,Completed,Website,TP5OFF,5,15262.7
7359,7782,5,10106.0,2025-09-15 17:49:26,2025-11-07,3,Completed,Mobile App,,0,121965.0
7360,7783,14,,2024-05-25 11:41:18,2024-06-26,4,Completed,Referral Link,,0,152812.0
7361,7784,82,,2025-12-19 03:47:50,2026-01-08,5,Completed,Mobile App,,0,49230.0
7362,7785,98,11299.0,2025-03-19 05:44:40,2025-03-29,4,Completed,Website,TP5OFF,5,58360.4
7363,7785,78,,2026-07-16 12:47:37,2026-12-16,3,Confirmed,Website,,0,60522.0
7364,7786,62,8431.0,2026-06-18 21:09:52,2026-07-14,5,Completed,Referral Link,,0,93435.0
7365,7786,39,,2026-08-30 19:30:54,2027-01-05,4,Confirmed,Mobile App,,0,28712.0
7366,7787,79,,2024-07-28 22:26:51,2024-08-17,3,Completed,Website,TP20OFF,20,23260.8
7367,7788,19,,2023-12-29 20:43:55,2024-01-05,3,Completed,Mobile App,,0,26511.0
7368,7788,96,,2026-06-30 21:25:30,2026-11-16,2,Confirmed,Website,TP5OFF,5,41440.9
7369,7790,59,,2024-07-20 00:07:32,2024-08-18,6,Completed,Instagram,,0,120516.0
7370,7790,59,9249.0,2026-08-08 09:54:32,2026-12-23,5,Confirmed,Mobile App,,0,100430.0
7371,7791,79,7978.0,2026-07-20 15:01:50,2026-10-04,4,Confirmed,Instagram,TP20OFF,20,31014.4
7372,7791,96,12803.0,2026-07-31 20:35:00,2027-01-04,1,Cancelled,Website,,0,21811.0
7373,7792,28,,2026-07-19 13:58:07,2027-01-13,2,Pending,Website,,0,18710.0
7374,7792,91,,2026-08-07 19:31:51,2026-11-26,5,Confirmed,Mobile App,,0,64770.0
7375,7794,1,9857.0,2025-03-16 11:59:08,2025-05-15,3,Completed,Mobile App,,0,32961.0
7376,7795,81,,2026-06-17 03:26:23,2026-08-11,5,Completed,Website,,0,126385.0
7377,7797,61,,2023-12-24 05:17:35,2024-02-16,4,Completed,Referral Link,,0,76220.0
7378,7798,74,5565.0,2026-08-20 22:55:52,2026-10-27,4,Confirmed,Instagram,TP5OFF,5,41195.8
7379,7799,72,,2023-12-21 21:45:12,2024-01-13,4,Cancelled,Website,,0,44468.0
7380,7801,23,7554.0,2025-06-29 15:23:36,2025-08-25,2,Completed,Mobile App,TP10OFF,10,70165.8
7381,7802,75,1336.0,2026-07-01 04:43:09,2026-09-23,4,Confirmed,Instagram,TP10OFF,10,78127.2
7382,7802,59,,2026-07-28 21:44:41,2026-12-30,4,Cancelled,Mobile App,,0,80344.0
7383,7803,68,,2023-12-11 04:41:48,2024-01-20,4,Completed,Website,,0,92560.0
7384,7803,66,7140.0,2026-09-04 08:53:36,2026-11-19,5,Confirmed,Website,,0,155530.0
7385,7803,59,,2026-07-23 03:31:12,2026-10-22,4,Pending,Instagram,,0,80344.0
7386,7803,59,,2025-12-20 14:18:25,2026-01-24,3,Completed,Website,,0,60258.0
7387,7805,90,11402.0,2026-07-28 17:25:56,2026-09-02,5,Completed,Mobile App,,0,103820.0
7388,7812,48,,2025-02-02 12:24:18,2025-02-21,3,Completed,Mobile App,,0,24120.0
7389,7814,95,38.0,2026-08-05 07:59:56,2026-11-01,4,Cancelled,Website,,0,29240.0
7390,7815,61,,2026-08-26 17:37:18,2026-11-17,6,Confirmed,Website,,0,114330.0
7391,7818,2,,2026-06-25 18:10:29,2026-12-21,2,Confirmed,Mobile App,,0,66126.0
7392,7818,11,,2026-08-11 00:50:19,2026-12-01,3,Cancelled,Website,,0,85002.0
7393,7818,64,,2025-06-04 03:53:51,2025-06-13,3,Cancelled,Referral Link,,0,48579.0
7394,7818,30,,2026-08-24 23:42:18,2026-09-20,2,Confirmed,Website,TP5OFF,5,17168.4
7395,7819,82,,2025-03-23 16:05:51,2025-04-20,4,Completed,Instagram,TP10OFF,10,35445.6
7396,7821,33,1161.0,2025-05-07 14:00:27,2025-06-26,4,Completed,Website,,0,44292.0
7397,7823,53,12830.0,2026-08-17 05:07:40,2026-11-03,3,Confirmed,Website,,0,34611.0
7398,7824,78,8308.0,2026-06-08 20:01:56,2026-08-10,4,Completed,Website,,0,80696.0
7399,7825,48,,2024-06-21 14:59:49,2024-07-30,3,Completed,Website,,0,24120.0
7400,7826,12,,2026-09-03 08:58:15,2027-02-09,4,Confirmed,Instagram,,0,41396.0
7401,7826,78,,2026-07-04 19:20:28,2026-11-09,3,Confirmed,Website,,0,60522.0
7402,7828,56,,2026-08-29 03:46:58,2026-09-19,5,Confirmed,Mobile App,,0,84120.0
7403,7829,15,6953.0,2026-07-27 11:38:58,2026-09-23,3,Confirmed,Mobile App,,0,31401.0
7404,7831,85,,2026-06-29 19:54:20,2026-10-25,2,Confirmed,Instagram,,0,17088.0
7405,7831,58,,2025-11-16 11:57:09,2025-12-16,3,Cancelled,Website,,0,36483.0
7406,7834,42,,2026-07-07 09:15:43,2026-09-17,4,Confirmed,Mobile App,,0,154868.0
7407,7835,66,8594.0,2026-06-09 07:35:11,2026-10-07,6,Confirmed,Instagram,,0,186636.0
7408,7836,98,,2025-11-01 04:17:28,2025-11-10,3,Completed,Website,,0,46074.0
7409,7836,90,,2026-08-23 17:53:37,2027-01-22,4,Confirmed,Website,,0,83056.0
7410,7837,47,,2025-08-12 05:21:25,2025-09-14,2,Completed,Website,,0,60660.0
7411,7837,29,,2026-07-28 00:14:13,2026-12-27,4,Confirmed,Website,,0,121104.0
7412,7839,77,,2026-08-12 23:20:48,2026-09-15,4,Cancelled,Referral Link,,0,79764.0
7413,7839,93,3491.0,2023-09-13 00:06:42,2023-10-01,4,Completed,Website,,0,71920.0
7414,7840,8,,2026-08-10 01:26:29,2026-11-01,2,Confirmed,Mobile App,,0,69516.0
7415,7841,92,,2025-11-19 15:26:56,2026-01-14,4,Completed,Website,,0,29628.0
7416,7842,97,8729.0,2023-11-22 04:50:14,2023-12-21,3,Completed,Mobile App,TP5OFF,5,48333.15
7417,7842,74,,2026-08-15 17:32:02,2026-09-17,1,Confirmed,Website,,0,10841.0
7418,7843,21,4578.0,2026-07-28 01:22:52,2026-10-19,3,Confirmed,Website,TP5OFF,5,21115.65
7419,7844,34,8505.0,2026-07-20 12:13:36,2026-12-05,5,Confirmed,Mobile App,,0,49465.0
7420,7845,55,8816.0,2024-10-14 22:58:39,2024-12-13,2,Completed,Mobile App,TP5OFF,5,45837.5
7421,7846,23,,2026-09-02 15:30:27,2026-12-25,2,Confirmed,Website,,0,77962.0
7422,7847,52,,2025-10-27 01:21:06,2025-11-23,3,Completed,Mobile App,,0,92097.0
7423,7848,17,,2024-05-20 18:19:39,2024-06-28,2,Cancelled,Mobile App,,0,81124.0
7424,7848,61,2912.0,2024-07-21 20:46:17,2024-08-02,3,Completed,Mobile App,,0,57165.0
7425,7851,42,9411.0,2026-08-07 22:48:43,2027-01-27,2,Confirmed,Website,,0,77434.0
7426,7852,47,,2026-08-09 04:41:00,2026-12-07,2,Pending,Mobile App,,0,60660.0
7427,7853,1,9562.0,2026-08-23 18:07:50,2026-09-08,2,Pending,Mobile App,,0,21974.0
7428,7854,51,1519.0,2026-06-13 04:49:39,2026-11-06,2,Confirmed,Referral Link,,0,73474.0
7429,7854,65,7853.0,2026-06-22 04:22:58,2026-10-09,1,Confirmed,Instagram,TP5OFF,5,16661.1
7430,7857,60,,2026-08-11 13:44:49,2026-09-29,2,Confirmed,Referral Link,,0,25810.0
7431,7858,12,,2025-08-07 16:48:45,2025-08-23,2,Completed,Website,,0,20698.0
7432,7859,48,5699.0,2026-08-07 18:36:41,2027-01-11,3,Confirmed,Mobile App,,0,24120.0
7433,7861,96,,2026-09-01 08:49:26,2026-12-17,1,Confirmed,Website,TP10OFF,10,19629.9
7434,7865,74,,2026-07-11 20:55:13,2026-10-07,4,Confirmed,Mobile App,,0,43364.0
7435,7869,22,,2026-08-20 00:20:54,2026-09-22,4,Confirmed,Website,,0,36252.0
7436,7870,10,25.0,2026-07-18 21:51:02,2026-09-29,4,Confirmed,Mobile App,TP10OFF,10,34099.2
7437,7871,86,,2023-09-19 20:24:57,2023-11-17,4,Cancelled,Mobile App,,0,30624.0
7438,7872,21,,2026-08-12 02:40:36,2026-11-14,5,Pending,Referral Link,,0,37045.0
7439,7873,83,,2026-07-04 20:14:25,2026-11-05,3,Confirmed,Website,,0,28728.0
7440,7873,83,,2026-08-18 09:28:41,2026-10-25,5,Cancelled,Website,,0,47880.0
7441,7876,81,4959.0,2026-07-11 13:36:34,2026-12-26,3,Confirmed,Referral Link,,0,75831.0
7442,7878,51,11046.0,2025-05-24 09:56:35,2025-07-21,2,Completed,Mobile App,,0,73474.0
7443,7879,20,1184.0,2026-08-22 05:06:07,2026-10-28,2,Confirmed,Referral Link,,0,73210.0
7444,7879,17,1663.0,2025-08-21 22:56:43,2025-09-27,4,Completed,Website,,0,162248.0
7445,7879,18,,2026-02-15 16:58:41,2026-03-15,3,Cancelled,Website,TP10OFF,10,16772.4
7446,7879,59,4963.0,2026-06-28 05:58:25,2026-09-12,5,Confirmed,Website,,0,100430.0
7447,7879,43,,2025-11-11 14:38:07,2025-12-30,2,Completed,Mobile App,,0,22378.0
7448,7879,98,6936.0,2024-10-01 18:02:53,2024-11-06,3,Cancelled,Website,,0,46074.0
7449,7880,5,9245.0,2025-12-26 08:09:54,2026-02-23,3,Completed,Mobile App,TP10OFF,10,109768.5
7450,7881,34,8560.0,2024-07-06 11:22:45,2024-08-10,3,Cancelled,Website,,0,29679.0
7451,7883,64,5351.0,2024-04-08 20:09:50,2024-05-09,4,Completed,Website,TP5OFF,5,61533.4
7452,7885,57,12703.0,2026-08-06 01:00:36,2026-11-18,6,Pending,Instagram,,0,140046.0
7453,7886,85,12987.0,2025-10-19 09:46:00,2025-12-10,3,Completed,Mobile App,TP5OFF,5,24350.4
7454,7888,61,,2026-02-08 10:28:11,2026-04-01,3,Completed,Mobile App,,0,57165.0
7455,7892,14,,2026-07-04 04:06:38,2026-08-28,3,Completed,Website,,0,114609.0
7456,7892,42,,2026-09-06 16:23:12,2026-10-15,3,Confirmed,Website,,0,116151.0
7457,7895,33,1902.0,2026-06-17 09:20:43,2026-08-19,2,Cancelled,Website,TP5OFF,5,21038.7
7458,7897,83,,2026-06-12 00:17:14,2026-08-07,4,Completed,Mobile App,TP5OFF,5,36388.8
7459,7897,28,9253.0,2023-12-28 05:31:50,2024-02-22,2,Completed,Mobile App,TP5OFF,5,17774.5
7460,7897,65,,2026-05-23 16:43:07,2026-07-10,1,Cancelled,Mobile App,TP10OFF,10,15784.2
7461,7897,92,,2026-07-11 23:23:16,2026-08-26,3,Completed,Website,TP15OFF,15,18887.85
7462,7897,71,,2026-03-01 16:24:17,2026-04-08,4,Completed,Website,,0,24060.0
7463,7897,71,,2026-08-09 20:09:07,2026-10-20,4,Confirmed,Website,,0,24060.0
7464,7899,21,5599.0,2024-07-29 13:57:09,2024-08-23,2,Completed,Website,,0,14818.0
7465,7899,52,,2024-05-04 23:07:52,2024-07-01,4,Completed,Mobile App,,0,122796.0
7466,7900,57,,2025-08-20 19:23:20,2025-09-27,3,Completed,Instagram,,0,70023.0
7467,7900,66,,2025-02-18 19:08:36,2025-04-09,4,Completed,Mobile App,TP10OFF,10,111981.6
7468,7901,65,8233.0,2026-08-07 11:58:35,2026-12-06,3,Confirmed,Instagram,,0,52614.0
7469,7903,85,12743.0,2026-08-24 01:39:58,2027-01-04,3,Confirmed,Website,,0,25632.0
7470,7904,66,6319.0,2025-02-21 09:05:48,2025-04-05,4,Completed,Mobile App,TP15OFF,15,105760.4
7471,7905,47,,2026-08-12 19:31:08,2026-11-25,4,Confirmed,Website,TP20OFF,20,97056.0
7472,7906,2,,2026-02-07 09:50:54,2026-03-18,3,Cancelled,Instagram,,0,99189.0
7473,7906,58,12243.0,2026-07-30 04:03:47,2026-08-09,2,Completed,Referral Link,,0,24322.0
7474,7907,10,,2026-08-12 09:55:19,2026-12-21,1,Confirmed,Website,,0,9472.0
7475,7909,73,,2025-09-12 08:20:01,2025-09-19,3,Completed,Website,,0,77505.0
7476,7910,66,3440.0,2026-08-12 19:55:03,2026-09-05,3,Completed,Website,,0,93318.0
7477,7912,10,12735.0,2025-02-16 19:01:21,2025-03-16,3,Completed,Referral Link,,0,28416.0
7478,7912,7,,2026-07-20 01:14:56,2026-12-02,2,Confirmed,Website,,0,26138.0
7479,7913,20,,2023-10-22 13:46:21,2023-11-24,3,Completed,Website,,0,109815.0
7480,7914,57,14548.0,2026-08-23 10:47:56,2027-01-25,5,Pending,Website,,0,116705.0
7481,7917,75,,2025-09-19 09:58:54,2025-11-06,6,Completed,Website,,0,130212.0
7482,7918,67,,2025-07-15 01:01:07,2025-08-25,3,Cancelled,Mobile App,,0,50187.0
7483,7923,34,,2025-01-05 08:56:56,2025-02-21,2,Completed,Website,TP5OFF,5,18796.7
7484,7923,1,,2024-04-29 15:26:38,2024-06-02,3,Completed,Website,,0,32961.0
7485,7925,30,,2026-06-22 06:03:55,2026-07-12,5,Completed,Website,,0,45180.0
7486,7926,58,11678.0,2026-08-15 02:37:39,2026-10-22,5,Confirmed,Website,TP5OFF,5,57764.75
7487,7926,67,,2026-06-22 22:29:21,2026-08-09,4,Completed,Website,TP5OFF,5,63570.2
7488,7927,63,330.0,2026-07-22 22:57:51,2026-08-23,5,Completed,Mobile App,TP20OFF,20,67904.0
7489,7927,86,2682.0,2025-01-22 01:25:03,2025-03-19,3,Completed,Website,,0,22968.0
7490,7927,67,,2025-05-22 09:18:08,2025-07-15,3,Completed,Website,,0,50187.0
7491,7929,94,,2023-12-03 13:00:55,2023-12-23,4,Completed,Mobile App,TP10OFF,10,44355.6
7492,7929,19,13859.0,2026-06-15 00:38:38,2026-10-09,2,Pending,Website,TP15OFF,15,15022.9
7493,7929,63,,2026-07-27 04:25:43,2027-01-18,5,Confirmed,Instagram,,0,84880.0
7494,7929,16,,2025-06-30 05:43:53,2025-08-09,2,Cancelled,Instagram,TP5OFF,5,20759.4
7495,7932,90,9491.0,2024-03-28 19:42:00,2024-04-20,6,Completed,Mobile App,,0,124584.0
7496,7934,58,11581.0,2026-08-13 12:22:38,2027-01-14,2,Confirmed,Website,,0,24322.0
7497,7935,57,,2026-06-10 12:51:28,2026-11-19,6,Confirmed,Mobile App,,0,140046.0
7498,7940,72,13004.0,2023-11-27 19:21:05,2024-01-18,5,Completed,Website,,0,55585.0
7499,7940,82,,2026-08-06 22:04:51,2026-10-15,2,Cancelled,Instagram,,0,19692.0
7500,7940,97,3052.0,2024-07-07 07:54:58,2024-09-05,3,Completed,Mobile App,,0,50877.0
7501,7940,91,4335.0,2026-07-17 09:24:39,2026-12-23,5,Confirmed,Website,,0,64770.0
7502,7940,91,,2026-07-15 20:15:57,2026-11-25,4,Confirmed,Mobile App,TP20OFF,20,41452.8
7503,7940,80,,2025-04-10 23:03:35,2025-05-04,4,Completed,Website,TP20OFF,20,20534.4
7504,7942,44,13618.0,2026-07-04 09:50:08,2026-07-20,3,Completed,Referral Link,,0,20070.0
7505,7947,31,3490.0,2023-12-23 03:51:19,2023-12-30,2,Completed,Mobile App,,0,80496.0
7506,7948,39,,2026-05-20 08:58:39,2026-06-04,5,Completed,Referral Link,,0,35890.0
7507,7950,61,9457.0,2026-07-22 10:43:01,2026-11-13,4,Confirmed,Website,,0,76220.0
7508,7951,57,,2024-03-21 11:26:51,2024-04-26,4,Completed,Instagram,,0,93364.0
7509,7951,66,,2023-09-09 02:33:08,2023-10-03,3,Completed,Website,,0,93318.0
7510,7952,87,,2023-09-11 00:27:46,2023-10-08,5,Completed,Website,,0,108850.0
7511,7952,58,,2024-10-18 14:42:12,2024-11-14,2,Cancelled,Mobile App,TP5OFF,5,23105.9
7512,7954,26,,2026-08-24 03:20:21,2026-09-03,3,Completed,Mobile App,TP5OFF,5,73977.45
7513,7954,84,9765.0,2026-07-18 23:17:47,2026-12-11,6,Confirmed,Mobile App,,0,130572.0
7514,7955,9,6340.0,2024-09-03 09:34:18,2024-10-13,4,Completed,Mobile App,,0,40144.0
7515,7955,45,14620.0,2026-08-16 20:52:34,2026-10-17,1,Confirmed,Mobile App,,0,33809.0
7516,7959,85,,2023-12-07 12:07:01,2024-01-31,2,Completed,Website,,0,17088.0
7517,7959,39,,2026-06-23 09:36:10,2026-11-22,5,Confirmed,Mobile App,,0,35890.0
7518,7960,95,,2026-08-21 00:19:10,2027-02-07,3,Pending,Mobile App,,0,21930.0
7519,7964,7,8333.0,2026-02-23 00:34:03,2026-04-20,1,Completed,Website,TP15OFF,15,11108.65
7520,7965,18,,2026-06-27 07:20:52,2026-10-26,2,Cancelled,Mobile App,TP10OFF,10,11181.6
7521,7966,14,12731.0,2025-07-24 16:40:24,2025-08-01,4,Completed,Website,TP10OFF,10,137530.8
7522,7966,3,,2024-11-26 09:46:37,2025-01-04,5,Completed,Website,,0,32605.0
7523,7967,33,8773.0,2026-08-05 01:01:16,2026-09-03,5,Completed,Mobile App,,0,55365.0
7524,7969,29,3078.0,2026-04-12 17:16:15,2026-05-17,3,Completed,Mobile App,,0,90828.0
7525,7974,91,,2025-07-11 15:01:12,2025-08-06,2,Cancelled,Referral Link,,0,25908.0
7526,7974,1,,2026-08-17 07:15:36,2026-12-09,1,Confirmed,Website,,0,10987.0
7527,7974,88,,2024-04-09 06:31:21,2024-06-01,5,Completed,Mobile App,,0,40555.0
7528,7974,39,13264.0,2025-02-26 15:11:27,2025-04-08,4,Completed,Mobile App,,0,28712.0
7529,7974,62,,2026-08-01 16:58:05,2027-01-04,2,Confirmed,Mobile App,,0,37374.0
7530,7975,9,,2024-05-23 05:42:06,2024-06-10,4,Completed,Instagram,TP15OFF,15,34122.4
7531,7976,92,4353.0,2026-08-21 05:50:34,2026-12-22,3,Cancelled,Website,,0,22221.0
7532,7976,3,,2023-12-15 10:40:19,2024-01-01,4,Completed,Website,TP5OFF,5,24779.8
7533,7976,45,14265.0,2026-07-21 15:36:06,2026-08-31,1,Completed,Referral Link,,0,33809.0
7534,7976,83,6688.0,2024-12-12 15:47:44,2025-01-22,2,Completed,Mobile App,TP10OFF,10,17236.8
7535,7980,84,,2026-05-04 05:08:32,2026-06-19,4,Completed,Website,TP15OFF,15,73990.8
7536,7980,9,,2025-08-05 08:59:47,2025-09-25,3,Completed,Instagram,TP5OFF,5,28602.6
7537,7984,96,,2026-07-25 12:22:11,2026-08-18,4,Completed,Mobile App,,0,87244.0
7538,7985,75,10497.0,2026-05-05 00:48:24,2026-06-23,3,Completed,Website,TP10OFF,10,58595.4
7539,7985,93,,2026-06-16 16:29:54,2026-10-02,3,Confirmed,Website,TP10OFF,10,48546.0
7540,7985,9,,2026-08-22 00:10:45,2026-09-29,2,Pending,Mobile App,,0,20072.0
7541,7985,53,,2026-07-05 17:56:30,2026-10-14,5,Pending,Instagram,,0,57685.0
7542,7985,93,3656.0,2025-11-28 15:41:30,2026-01-14,6,Completed,Website,,0,107880.0
7543,7985,32,,2024-09-08 09:33:35,2024-11-02,4,Completed,Mobile App,TP15OFF,15,88274.2
7544,7987,16,,2024-09-13 04:39:57,2024-10-03,4,Completed,Website,TP5OFF,5,41518.8
7545,7987,67,8269.0,2026-06-11 01:47:37,2026-07-27,4,Completed,Referral Link,,0,66916.0
7546,7988,29,,2026-08-21 13:01:37,2027-02-17,3,Pending,Mobile App,TP10OFF,10,81745.2
7547,7989,85,,2023-12-02 07:11:37,2024-01-27,4,Completed,Website,,0,34176.0
7548,7989,19,,2024-06-27 08:32:47,2024-08-04,2,Completed,Referral Link,,0,17674.0
7549,7989,91,793.0,2025-10-26 18:32:16,2025-11-28,5,Completed,Mobile App,,0,64770.0
7550,7989,85,,2026-06-11 00:25:14,2026-07-05,5,Completed,Instagram,TP10OFF,10,38448.0
7551,7989,94,10158.0,2026-06-14 13:45:50,2026-09-02,3,Cancelled,Mobile App,TP15OFF,15,31418.55
7552,7989,79,1004.0,2026-07-11 23:27:33,2026-10-09,3,Confirmed,Referral Link,,0,29076.0
7553,7990,23,14867.0,2024-05-07 23:35:39,2024-05-18,3,Completed,Website,,0,116943.0
7554,7991,58,,2026-09-05 14:33:47,2026-11-20,1,Pending,Website,TP5OFF,5,11552.95
7555,7992,91,1693.0,2025-05-22 21:07:09,2025-06-11,2,Cancelled,Website,,0,25908.0
7556,7996,13,7830.0,2025-07-13 02:28:17,2025-08-08,3,Completed,Website,,0,32322.0
7557,7997,16,,2023-11-20 12:40:08,2023-11-27,2,Cancelled,Website,,0,21852.0
7558,8001,75,5487.0,2026-07-02 12:50:54,2026-11-06,5,Confirmed,Instagram,,0,108510.0
7559,8001,77,566.0,2025-06-25 23:35:00,2025-08-24,5,Completed,Website,TP5OFF,5,94719.75
7560,8005,57,11530.0,2024-08-27 00:03:33,2024-09-08,3,Completed,Website,TP10OFF,10,63020.7
7561,8005,77,8540.0,2026-06-18 17:17:26,2026-08-05,3,Completed,Mobile App,,0,59823.0
7562,8006,54,11661.0,2026-06-15 02:24:38,2026-11-13,3,Pending,Website,TP20OFF,20,28118.4
7563,8008,26,,2026-07-11 18:39:24,2026-09-08,2,Confirmed,Mobile App,TP5OFF,5,49318.3
7564,8008,98,,2026-02-21 12:09:00,2026-03-16,4,Completed,Website,TP20OFF,20,49145.6
7565,8010,26,14522.0,2026-08-22 06:22:58,2026-12-26,3,Pending,Website,TP10OFF,10,70083.9
7566,8012,75,,2025-02-01 08:33:28,2025-03-20,4,Completed,Website,TP10OFF,10,78127.2
7567,8012,73,,2024-10-23 05:21:10,2024-12-13,3,Completed,Website,,0,77505.0
7568,8012,68,,2026-05-17 02:29:17,2026-05-24,6,Cancelled,Mobile App,,0,138840.0
7569,8012,66,,2026-08-28 12:52:41,2027-01-25,3,Confirmed,Mobile App,TP5OFF,5,88652.1
7570,8013,47,,2024-05-30 01:27:10,2024-07-18,4,Completed,Website,TP20OFF,20,97056.0
7571,8013,84,,2026-07-10 21:45:18,2026-07-26,6,Completed,Referral Link,,0,130572.0
7572,8017,59,12912.0,2024-02-21 00:27:17,2024-02-28,3,Cancelled,Mobile App,TP15OFF,15,51219.3
7573,8018,90,,2026-06-08 19:37:14,2026-11-21,4,Confirmed,Mobile App,,0,83056.0
7574,8020,93,,2026-09-01 03:48:16,2026-09-12,5,Confirmed,Website,,0,89900.0
7575,8021,69,,2026-03-11 19:09:55,2026-04-03,3,Completed,Website,TP5OFF,5,67431.0
7576,8023,52,,2024-08-29 02:02:06,2024-10-23,2,Completed,Referral Link,,0,61398.0
7577,8025,53,3639.0,2025-08-05 05:41:26,2025-08-19,2,Completed,Mobile App,TP20OFF,20,18459.2
7578,8026,76,,2023-10-18 04:30:35,2023-10-25,3,Completed,Website,,0,46329.0
7579,8030,66,11823.0,2026-06-16 02:46:01,2026-12-06,3,Confirmed,Website,TP10OFF,10,83986.2
7580,8030,68,7715.0,2024-10-02 01:18:08,2024-11-19,6,Completed,Referral Link,,0,138840.0
7581,8030,59,11359.0,2026-07-18 04:14:59,2027-01-03,3,Confirmed,Referral Link,,0,60258.0
7582,8031,2,12073.0,2026-06-25 20:42:09,2026-10-21,4,Confirmed,Website,TP15OFF,15,112414.2
7583,8031,32,9737.0,2026-04-03 15:10:45,2026-05-09,3,Cancelled,Mobile App,TP5OFF,5,73994.55
7584,8032,87,1764.0,2026-08-31 15:18:41,2027-01-23,4,Confirmed,Website,,0,87080.0
7585,8035,32,,2025-06-17 22:22:32,2025-08-05,4,Cancelled,Mobile App,,0,103852.0
7586,8036,77,4830.0,2026-08-30 22:33:27,2027-02-26,4,Cancelled,Referral Link,TP5OFF,5,75775.8
7587,8037,96,,2026-08-28 12:24:54,2026-12-29,2,Confirmed,Mobile App,,0,43622.0
7588,8037,16,,2025-09-04 17:04:47,2025-10-14,3,Completed,Website,,0,32778.0
7589,8038,2,13719.0,2026-03-13 01:22:50,2026-04-13,3,Completed,Website,,0,99189.0
7590,8039,13,,2024-05-08 09:06:02,2024-06-18,3,Completed,Instagram,,0,32322.0
7591,8039,28,,2026-07-25 02:20:45,2026-08-06,3,Completed,Website,TP5OFF,5,26661.75
7592,8041,91,6043.0,2026-07-03 17:55:16,2026-11-30,4,Confirmed,Mobile App,,0,51816.0
7593,8041,91,7219.0,2026-08-24 05:03:49,2026-09-10,5,Confirmed,Website,TP20OFF,20,51816.0
7594,8041,86,,2026-07-26 22:00:18,2027-01-01,3,Cancelled,Website,,0,22968.0
7595,8041,72,6156.0,2026-06-10 11:30:48,2026-07-30,4,Completed,Mobile App,,0,44468.0
7596,8041,1,5621.0,2026-07-10 13:04:54,2026-09-24,2,Confirmed,Mobile App,,0,21974.0
7597,8041,86,9056.0,2024-05-30 10:55:37,2024-06-18,3,Completed,Website,TP10OFF,10,20671.2
7598,8043,76,,2026-08-14 23:14:51,2026-08-28,2,Completed,Instagram,,0,30886.0
7599,8045,53,,2026-06-29 01:03:51,2026-07-13,3,Completed,Mobile App,,0,34611.0
7600,8045,17,,2026-08-31 06:06:12,2026-12-08,3,Cancelled,Mobile App,,0,121686.0
7601,8045,29,,2026-09-05 16:01:38,2027-01-10,4,Confirmed,Website,TP20OFF,20,96883.2
7602,8045,33,14771.0,2026-07-02 15:52:53,2026-09-12,2,Confirmed,Website,TP15OFF,15,18824.1
7603,8047,82,,2026-07-10 23:01:11,2027-01-06,2,Confirmed,Mobile App,TP15OFF,15,16738.2
7604,8048,82,5532.0,2024-05-06 18:19:23,2024-06-11,2,Completed,Mobile App,TP15OFF,15,16738.2
7605,8048,72,574.0,2026-08-02 18:12:22,2026-10-30,3,Confirmed,Website,,0,33351.0
7606,8049,90,,2024-05-22 00:47:28,2024-06-15,5,Completed,Website,,0,103820.0
7607,8051,92,8772.0,2026-01-13 11:14:26,2026-02-22,2,Completed,Website,TP5OFF,5,14073.3
7608,8052,44,,2026-07-27 02:48:05,2026-08-18,3,Completed,Website,,0,20070.0
7609,8055,16,663.0,2026-02-04 03:24:29,2026-02-21,2,Completed,Mobile App,,0,21852.0
7610,8057,33,4546.0,2026-07-29 03:20:44,2027-01-23,3,Confirmed,Website,,0,33219.0
7611,8058,88,13029.0,2026-07-22 05:42:21,2026-12-27,5,Confirmed,Mobile App,,0,40555.0
7612,8060,20,,2023-11-15 18:13:05,2023-12-24,3,Completed,Mobile App,,0,109815.0
7613,8060,58,4106.0,2026-06-19 11:43:43,2026-07-03,4,Completed,Website,,0,48644.0
7614,8061,44,3669.0,2026-08-31 13:16:16,2026-12-29,5,Confirmed,Mobile App,,0,33450.0
7615,8061,70,,2026-09-06 03:17:19,2026-12-20,4,Confirmed,Website,,0,57296.0
7616,8063,73,,2025-01-27 07:30:56,2025-03-06,6,Completed,Instagram,,0,155010.0
7617,8064,64,,2025-09-14 03:01:23,2025-10-17,5,Completed,Mobile App,TP5OFF,5,76916.75
7618,8064,6,,2026-06-20 11:49:29,2026-07-01,5,Completed,Mobile App,,0,44115.0
7619,8065,77,4268.0,2026-08-18 12:56:32,2026-12-05,6,Cancelled,Website,TP5OFF,5,113663.7
7620,8067,10,,2026-06-12 02:32:43,2026-11-13,2,Confirmed,Mobile App,,0,18944.0
7621,8068,4,,2024-05-11 20:54:44,2024-05-20,1,Completed,Referral Link,,0,8453.0
7622,8070,64,,2026-08-05 05:32:05,2026-11-11,5,Confirmed,Website,TP15OFF,15,68820.25
7623,8070,66,,2026-08-02 23:50:37,2026-11-16,4,Confirmed,Referral Link,,0,124424.0
7624,8070,77,10000.0,2024-10-08 01:48:20,2024-11-27,6,Completed,Website,,0,119646.0
7625,8070,23,12683.0,2025-10-18 14:31:36,2025-11-28,4,Completed,Mobile App,,0,155924.0
7626,8071,16,1416.0,2023-11-12 11:06:36,2023-12-23,3,Cancelled,Website,,0,32778.0
7627,8072,81,5731.0,2026-06-16 14:50:24,2026-07-31,6,Completed,Website,,0,151662.0
7628,8073,1,11155.0,2026-04-01 12:51:44,2026-05-18,2,Completed,Website,TP10OFF,10,19776.6
7629,8074,34,13357.0,2023-12-29 05:19:22,2024-01-12,2,Completed,Website,,0,19786.0
7630,8075,44,,2026-06-11 16:10:02,2026-07-17,3,Completed,Mobile App,TP15OFF,15,17059.5
7631,8075,4,,2026-09-06 04:21:45,2026-11-18,4,Confirmed,Referral Link,TP5OFF,5,32121.4
7632,8077,24,,2026-06-14 06:13:50,2026-10-22,5,Confirmed,Website,,0,47945.0
7633,8078,67,,2026-05-10 16:54:39,2026-07-07,2,Completed,Referral Link,TP10OFF,10,30112.2
7634,8079,75,,2026-06-14 02:21:19,2026-08-23,5,Completed,Mobile App,,0,108510.0
7635,8082,59,,2026-07-31 09:27:19,2026-12-08,3,Confirmed,Mobile App,,0,60258.0
7636,8082,57,,2026-09-02 00:37:30,2026-12-28,5,Confirmed,Referral Link,TP10OFF,10,105034.5
7637,8082,77,9784.0,2024-05-22 10:03:40,2024-06-06,4,Completed,Mobile App,,0,79764.0
7638,8082,77,,2026-05-25 01:45:13,2026-06-05,6,Completed,Mobile App,,0,119646.0
7639,8082,77,4731.0,2026-02-23 02:17:56,2026-04-22,3,Completed,Instagram,,0,59823.0
7640,8082,66,4902.0,2024-11-23 11:53:13,2024-12-17,3,Completed,Website,,0,93318.0
7641,8084,54,,2026-09-06 06:16:48,2026-12-28,2,Confirmed,Website,,0,23432.0
7642,8084,79,,2025-05-15 12:11:51,2025-07-03,3,Completed,Website,,0,29076.0
7643,8086,23,8252.0,2026-08-04 01:28:36,2026-10-22,3,Pending,Website,,0,116943.0
7644,8088,57,,2024-08-20 13:11:31,2024-09-25,3,Completed,Mobile App,,0,70023.0
7645,8088,66,14135.0,2024-09-06 11:21:57,2024-10-07,3,Completed,Mobile App,,0,93318.0
7646,8088,59,,2026-06-12 21:16:57,2026-07-24,3,Completed,Referral Link,,0,60258.0
7647,8088,77,,2025-01-17 12:10:16,2025-02-06,6,Completed,Website,TP15OFF,15,101699.1
7648,8090,69,,2026-03-02 14:54:36,2026-04-06,6,Cancelled,Mobile App,,0,141960.0
7649,8094,11,,2026-08-26 23:02:45,2027-01-27,3,Confirmed,Mobile App,TP5OFF,5,80751.9
7650,8097,71,8160.0,2025-04-02 15:49:16,2025-05-19,2,Completed,Referral Link,TP5OFF,5,11428.5
7651,8098,22,,2026-05-19 12:31:44,2026-06-21,1,Cancelled,Website,TP5OFF,5,8609.85
7652,8098,28,,2026-08-23 22:57:09,2027-02-03,2,Cancelled,Website,TP5OFF,5,17774.5
7653,8100,38,11994.0,2026-07-21 10:26:15,2026-11-27,3,Confirmed,Referral Link,,0,24099.0
7654,8101,1,8643.0,2024-04-14 14:17:45,2024-06-06,3,Cancelled,Mobile App,,0,32961.0
7655,8102,62,3446.0,2026-06-25 06:57:44,2026-12-19,3,Confirmed,Instagram,,0,56061.0
7656,8104,22,,2026-08-28 12:12:25,2026-10-26,3,Confirmed,Mobile App,,0,27189.0
7657,8104,7,2060.0,2023-11-13 01:10:40,2023-12-12,4,Completed,Referral Link,TP5OFF,5,49662.2
7658,8105,98,,2026-09-05 17:37:53,2027-01-10,4,Confirmed,Instagram,TP15OFF,15,52217.2
7659,8105,23,9547.0,2024-06-13 17:30:07,2024-07-08,2,Completed,Website,,0,77962.0
7660,8105,67,,2026-06-24 16:58:20,2026-11-20,4,Confirmed,Website,,0,66916.0
7661,8105,72,,2024-04-24 18:42:06,2024-05-27,3,Completed,Website,,0,33351.0
7662,8105,76,4824.0,2024-02-07 14:56:31,2024-03-11,4,Completed,Instagram,,0,61772.0
7663,8106,28,11121.0,2026-08-04 11:04:27,2027-01-19,3,Confirmed,Website,,0,28065.0
7664,8106,39,10024.0,2026-06-09 18:04:46,2026-10-14,3,Confirmed,Website,,0,21534.0
7665,8107,65,4066.0,2024-05-06 23:02:04,2024-05-22,5,Completed,Website,TP15OFF,15,74536.5
7666,8112,48,,2025-05-08 23:17:32,2025-06-16,2,Completed,Instagram,TP5OFF,5,15276.0
7667,8113,22,11073.0,2025-08-28 06:41:51,2025-10-24,2,Completed,Mobile App,TP5OFF,5,17219.7
7668,8115,57,,2024-09-05 17:16:09,2024-11-02,3,Cancelled,Mobile App,,0,70023.0
7669,8116,6,6657.0,2026-09-05 08:01:23,2026-11-17,5,Confirmed,Website,,0,44115.0
7670,8117,80,,2026-06-11 01:47:53,2026-06-23,2,Completed,Website,,0,12834.0
7671,8118,70,,2026-07-26 04:27:34,2026-08-18,2,Cancelled,Instagram,TP5OFF,5,27215.6
7672,8120,14,6538.0,2026-06-15 12:00:10,2026-09-18,2,Confirmed,Website,TP15OFF,15,64945.1
7673,8121,32,12499.0,2026-08-30 23:02:22,2027-01-04,4,Confirmed,Mobile App,,0,103852.0
7674,8121,72,,2023-12-12 20:49:29,2024-01-06,4,Completed,Website,,0,44468.0
7675,8121,52,,2026-08-24 19:00:13,2026-10-05,3,Pending,Website,,0,92097.0
7676,8121,17,6564.0,2026-07-07 09:43:59,2026-10-10,2,Pending,Website,,0,81124.0
7677,8121,93,,2023-11-16 04:06:58,2023-12-19,4,Completed,Mobile App,TP10OFF,10,64728.0
7678,8121,29,14951.0,2025-04-05 14:38:51,2025-05-01,2,Completed,Website,TP15OFF,15,51469.2
7679,8122,42,14193.0,2026-06-23 10:36:03,2026-12-01,3,Confirmed,Website,,0,116151.0
7680,8122,20,,2026-08-04 15:38:33,2026-11-19,4,Confirmed,Website,,0,146420.0
7681,8122,11,13426.0,2023-12-26 09:13:31,2024-02-01,2,Cancelled,Mobile App,TP5OFF,5,53834.6
7682,8122,2,,2026-07-05 10:26:41,2026-07-17,3,Completed,Website,TP5OFF,5,94229.55
7683,8122,37,,2026-07-09 22:41:41,2026-09-10,4,Pending,Mobile App,,0,150964.0
7684,8123,9,,2023-11-27 12:37:56,2024-01-01,3,Completed,Website,,0,30108.0
7685,8126,54,,2025-01-22 15:25:44,2025-02-09,2,Completed,Mobile App,,0,23432.0
7686,8130,91,,2026-07-13 10:57:39,2026-10-11,4,Confirmed,Website,TP20OFF,20,41452.8
7687,8131,57,10262.0,2024-07-13 14:03:48,2024-09-05,5,Completed,Mobile App,,0,116705.0
7688,8133,79,,2026-08-17 05:11:22,2026-11-18,5,Confirmed,Website,,0,48460.0
7689,8134,93,924.0,2026-08-30 18:25:32,2027-01-11,4,Confirmed,Mobile App,,0,71920.0
7690,8136,93,8136.0,2026-06-27 16:49:30,2026-12-22,6,Confirmed,Referral Link,,0,107880.0
7691,8136,46,329.0,2025-05-29 03:17:32,2025-06-14,2,Cancelled,Website,,0,60886.0
7692,8138,30,,2024-09-16 17:45:33,2024-10-27,5,Completed,Website,,0,45180.0
7693,8138,83,9656.0,2026-07-17 13:22:13,2026-09-03,3,Completed,Website,,0,28728.0
7694,8140,65,,2026-08-27 17:06:05,2027-02-07,4,Confirmed,Mobile App,,0,70152.0
7695,8140,25,,2026-07-07 12:43:55,2026-11-27,2,Confirmed,Website,TP15OFF,15,20150.1
7696,8141,94,,2026-06-27 02:28:19,2026-10-01,3,Pending,Referral Link,,0,36963.0
7697,8145,89,,2024-02-05 23:03:51,2024-03-21,2,Completed,Mobile App,,0,16616.0
7698,8146,82,,2025-07-07 06:53:57,2025-08-26,4,Completed,Instagram,,0,39384.0
7699,8148,88,,2024-04-28 06:36:58,2024-05-04,2,Completed,Instagram,,0,16222.0
7700,8152,59,7582.0,2026-06-12 18:53:09,2026-11-21,4,Confirmed,Website,,0,80344.0
7701,8153,88,1066.0,2026-06-13 08:27:25,2026-11-30,4,Pending,Mobile App,,0,32444.0
7702,8154,28,,2026-07-13 23:49:15,2026-07-30,2,Completed,Website,,0,18710.0
7703,8154,62,11066.0,2026-06-16 03:14:31,2026-07-03,1,Completed,Mobile App,,0,18687.0
7704,8155,57,,2026-09-02 01:21:28,2027-02-16,4,Confirmed,Website,TP5OFF,5,88695.8
7705,8155,59,2726.0,2026-06-18 23:27:32,2026-10-02,3,Confirmed,Website,TP5OFF,5,57245.1
7706,8155,59,,2026-06-27 03:29:07,2026-12-08,4,Cancelled,Instagram,,0,80344.0
7707,8156,73,,2026-01-12 15:46:52,2026-01-20,4,Cancelled,Website,,0,103340.0
7708,8156,81,11190.0,2026-07-21 21:54:24,2027-01-06,5,Confirmed,Instagram,,0,126385.0
7709,8158,42,1.0,2026-08-01 19:02:24,2026-11-02,2,Confirmed,Website,TP15OFF,15,65818.9
7710,8158,17,11150.0,2026-06-30 04:55:21,2026-08-13,2,Completed,Mobile App,,0,81124.0
7711,8158,14,1699.0,2026-08-14 15:43:35,2026-09-11,2,Confirmed,Mobile App,,0,76406.0
7712,8158,20,14314.0,2024-08-31 08:21:49,2024-10-11,4,Completed,Website,,0,146420.0
7713,8158,14,,2025-04-13 02:18:02,2025-04-19,4,Completed,Website,,0,152812.0
7714,8158,30,,2026-05-08 23:09:06,2026-06-13,4,Cancelled,Website,TP10OFF,10,32529.6
7715,8159,91,,2024-09-01 07:12:17,2024-09-16,5,Completed,Mobile App,,0,64770.0
7716,8161,70,,2026-06-09 21:10:32,2026-06-27,5,Cancelled,Instagram,,0,71620.0
7717,8162,58,,2025-09-20 13:28:48,2025-10-26,5,Completed,Website,,0,60805.0
7718,8162,72,,2026-08-15 22:47:34,2026-11-21,4,Pending,Mobile App,TP5OFF,5,42244.6
7719,8162,74,4941.0,2026-06-10 08:35:34,2026-10-14,2,Confirmed,Referral Link,,0,21682.0
7720,8162,60,3039.0,2026-04-04 05:45:21,2026-04-17,4,Completed,Website,,0,51620.0
7721,8163,91,461.0,2024-08-29 08:21:33,2024-09-11,2,Completed,Website,,0,25908.0
7722,8163,96,,2025-05-22 01:54:09,2025-06-13,1,Completed,Mobile App,,0,21811.0
7723,8164,33,,2026-08-08 00:25:42,2026-09-12,3,Confirmed,Referral Link,,0,33219.0
7724,8165,94,9096.0,2023-10-16 22:37:34,2023-11-09,4,Completed,Website,,0,49284.0
7725,8169,31,,2024-02-14 07:36:16,2024-03-10,2,Completed,Website,,0,80496.0
7726,8170,22,1148.0,2026-09-02 16:06:21,2026-10-13,2,Confirmed,Website,TP5OFF,5,17219.7
7727,8173,42,,2026-06-09 21:07:30,2026-11-28,4,Confirmed,Instagram,,0,154868.0
7728,8174,16,11187.0,2025-11-03 13:08:18,2025-11-10,4,Completed,Website,TP5OFF,5,41518.8
7729,8177,85,13085.0,2026-08-26 10:36:06,2026-10-19,5,Cancelled,Website,TP15OFF,15,36312.0
7730,8178,11,,2026-07-17 11:43:32,2026-11-17,3,Confirmed,Mobile App,,0,85002.0
7731,8179,50,13114.0,2025-01-28 14:56:53,2025-02-03,1,Completed,Website,TP10OFF,10,17565.3
7732,8180,7,,2026-08-14 09:35:28,2026-12-24,3,Confirmed,Mobile App,,0,39207.0
7733,8181,92,13392.0,2025-05-13 23:06:07,2025-05-18,3,Completed,Mobile App,,0,22221.0
7734,8182,16,,2024-09-22 23:19:20,2024-10-16,2,Completed,Mobile App,,0,21852.0
7735,8184,29,10443.0,2024-02-19 07:50:54,2024-04-06,4,Completed,Mobile App,,0,121104.0
7736,8185,32,1261.0,2026-06-17 02:06:10,2026-09-22,4,Pending,Mobile App,TP5OFF,5,98659.4
7737,8186,21,,2024-12-24 23:01:43,2025-02-12,2,Completed,Website,,0,14818.0
7738,8186,48,14351.0,2024-06-18 21:39:20,2024-07-25,5,Completed,Website,TP15OFF,15,34170.0
7739,8187,83,,2026-06-28 23:48:18,2026-10-01,3,Confirmed,Instagram,,0,28728.0
7740,8188,52,,2024-08-01 10:23:28,2024-08-16,4,Cancelled,Mobile App,TP20OFF,20,98236.8
7741,8188,93,3029.0,2024-07-22 02:08:13,2024-08-02,3,Completed,Mobile App,TP15OFF,15,45849.0
7742,8188,84,5148.0,2026-07-07 05:42:03,2026-10-10,3,Confirmed,Mobile App,,0,65286.0
7743,8188,41,3355.0,2025-12-19 06:31:03,2026-01-20,2,Completed,Mobile App,TP5OFF,5,92777.0
7744,8188,11,,2026-03-21 08:46:19,2026-05-09,4,Completed,Mobile App,TP20OFF,20,90668.8
7745,8194,19,,2026-09-02 21:51:55,2027-02-02,4,Cancelled,Website,TP15OFF,15,30045.8
7746,8195,13,,2025-08-13 17:42:30,2025-10-11,3,Completed,Website,,0,32322.0
7747,8197,3,,2026-07-12 07:14:35,2026-09-23,5,Confirmed,Website,,0,32605.0
7748,8197,27,2395.0,2024-10-11 00:00:07,2024-10-29,3,Cancelled,Website,,0,20088.0
7749,8198,13,1131.0,2026-07-16 22:25:59,2027-01-12,4,Confirmed,Website,TP20OFF,20,34476.8
7750,8199,91,12398.0,2025-01-27 15:19:08,2025-02-13,5,Completed,Website,TP5OFF,5,61531.5
7751,8199,65,,2025-07-25 11:07:55,2025-08-12,1,Completed,Website,,0,17538.0
7752,8199,86,,2025-11-26 20:48:57,2026-01-12,3,Completed,Referral Link,TP10OFF,10,20671.2
7753,8199,65,,2026-07-04 04:40:44,2026-11-22,4,Cancelled,Instagram,TP5OFF,5,66644.4
7754,8202,91,,2026-07-04 15:15:56,2026-11-02,2,Confirmed,Instagram,,0,25908.0
7755,8205,79,3182.0,2024-02-10 17:26:07,2024-03-09,5,Completed,Website,TP15OFF,15,41191.0
7756,8207,25,8943.0,2025-03-09 00:17:02,2025-04-30,4,Completed,Mobile App,TP20OFF,20,37929.6
7757,8211,64,8547.0,2026-09-04 17:07:52,2026-10-18,2,Confirmed,Referral Link,,0,32386.0
7758,8212,84,9804.0,2026-07-27 17:00:47,2026-09-11,6,Confirmed,Website,,0,130572.0
7759,8212,36,6671.0,2026-07-29 07:26:37,2026-11-22,2,Confirmed,Website,,0,86226.0
7760,8212,23,8807.0,2026-08-12 08:04:56,2027-01-14,2,Confirmed,Website,,0,77962.0
7761,8212,51,5605.0,2024-01-29 08:03:24,2024-02-29,2,Completed,Website,TP15OFF,15,62452.9
7762,8212,69,5366.0,2024-12-20 13:17:30,2025-01-26,4,Completed,Mobile App,,0,94640.0
7763,8214,56,3030.0,2026-08-03 00:48:37,2027-01-10,4,Confirmed,Website,,0,67296.0
7764,8215,66,,2023-11-17 20:01:04,2023-11-26,6,Completed,Website,TP15OFF,15,158640.6
7765,8216,9,,2024-06-13 04:04:40,2024-07-06,5,Completed,Website,,0,50180.0
7766,8216,33,,2026-03-16 19:01:39,2026-04-21,5,Completed,Website,,0,55365.0
7767,8217,34,,2026-07-27 01:48:33,2026-12-18,5,Pending,Mobile App,TP10OFF,10,44518.5
7768,8219,85,,2026-07-24 06:23:04,2026-09-07,2,Cancelled,Website,,0,17088.0
7769,8219,28,2369.0,2026-07-10 08:53:14,2026-09-12,4,Confirmed,Website,TP5OFF,5,35549.0
7770,8220,49,,2024-12-27 19:47:39,2025-01-09,4,Completed,Mobile App,,0,46424.0
7771,8220,85,3934.0,2025-01-28 11:27:28,2025-03-23,3,Completed,Instagram,,0,25632.0
7772,8221,16,,2026-06-10 19:22:42,2026-09-11,2,Pending,Website,,0,21852.0
7773,8226,94,5978.0,2026-07-25 17:39:04,2026-11-19,3,Confirmed,Website,,0,36963.0
7774,8228,59,4720.0,2026-09-04 02:56:18,2026-11-26,4,Confirmed,Mobile App,TP15OFF,15,68292.4
7775,8229,83,,2024-12-14 18:02:05,2025-01-07,5,Completed,Mobile App,,0,47880.0
7776,8229,40,,2026-06-17 16:16:25,2026-11-05,2,Confirmed,Website,,0,66298.0
7777,8230,54,,2026-05-28 05:40:49,2026-06-30,5,Completed,Website,,0,58580.0
7778,8231,18,9971.0,2026-04-19 09:18:11,2026-06-06,2,Cancelled,Website,TP5OFF,5,11802.8
7779,8232,78,,2025-02-01 20:10:44,2025-03-21,5,Completed,Mobile App,TP5OFF,5,95826.5
7780,8232,17,,2026-07-21 02:28:13,2026-09-20,3,Pending,Referral Link,,0,121686.0
7781,8233,70,,2024-07-09 03:44:01,2024-08-02,3,Cancelled,Mobile App,,0,42972.0
7782,8233,79,,2026-08-19 07:09:37,2026-12-27,4,Confirmed,Website,,0,38768.0
7783,8234,90,,2024-02-11 03:59:49,2024-02-19,5,Completed,Mobile App,,0,103820.0
7784,8234,90,,2026-04-29 23:50:43,2026-05-04,6,Completed,Instagram,,0,124584.0
7785,8234,20,1243.0,2023-12-06 23:56:42,2024-01-10,2,Completed,Website,,0,73210.0
7786,8234,69,,2026-08-14 16:12:43,2027-01-09,3,Confirmed,Instagram,TP10OFF,10,63882.0
7787,8234,26,,2024-12-17 12:27:24,2025-01-28,2,Completed,Website,,0,51914.0
7788,8234,46,,2025-09-28 01:26:49,2025-10-26,2,Cancelled,Mobile App,,0,60886.0
7789,8235,35,14653.0,2026-09-06 14:08:55,2026-11-19,2,Confirmed,Website,,0,62006.0
7790,8237,65,,2025-12-09 15:55:07,2026-01-07,1,Completed,Website,,0,17538.0
7791,8237,28,12449.0,2026-07-03 01:44:02,2026-08-05,3,Completed,Website,,0,28065.0
7792,8239,66,,2024-06-28 07:25:22,2024-08-17,5,Cancelled,Website,,0,155530.0
7793,8240,10,,2026-07-24 13:51:55,2026-10-12,1,Confirmed,Website,,0,9472.0
7794,8241,24,,2026-06-28 21:14:39,2026-10-13,4,Confirmed,Instagram,,0,38356.0
7795,8242,10,6235.0,2026-08-19 16:21:16,2026-10-18,2,Confirmed,Instagram,,0,18944.0
7796,8242,94,12961.0,2026-08-09 09:17:34,2026-12-12,2,Confirmed,Website,TP5OFF,5,23409.9
7797,8243,59,,2026-06-27 19:53:49,2026-07-07,4,Cancelled,Referral Link,,0,80344.0
7798,8245,37,446.0,2024-11-14 15:15:11,2024-11-19,3,Completed,Website,,0,113223.0
7799,8246,87,,2024-09-21 05:22:09,2024-10-22,3,Completed,Referral Link,,0,65310.0
7800,8249,61,,2026-07-03 15:54:20,2026-10-10,6,Confirmed,Website,TP5OFF,5,108613.5
7801,8250,72,,2024-09-07 19:05:51,2024-11-05,2,Completed,Website,,0,22234.0
7802,8251,59,,2026-02-24 14:23:37,2026-03-31,4,Completed,Website,,0,80344.0
7803,8251,59,,2026-07-07 09:50:19,2026-12-07,6,Confirmed,Instagram,TP15OFF,15,102438.6
7804,8252,25,,2026-06-19 12:33:41,2026-10-09,4,Pending,Website,TP5OFF,5,45041.4
7805,8254,86,,2026-07-22 08:12:40,2026-10-14,3,Confirmed,Instagram,,0,22968.0
7806,8255,64,,2024-10-08 14:08:43,2024-10-15,3,Completed,Instagram,,0,48579.0
7807,8256,72,,2026-06-08 21:01:44,2026-08-26,3,Completed,Mobile App,,0,33351.0
7808,8256,5,10380.0,2026-07-14 12:38:05,2026-11-29,3,Confirmed,Mobile App,,0,121965.0
7809,8256,8,1552.0,2026-09-01 10:00:54,2026-10-15,4,Confirmed,Instagram,,0,139032.0
7810,8256,76,8611.0,2023-11-11 17:41:59,2023-11-26,1,Completed,Mobile App,,0,15443.0
7811,8257,92,,2025-02-14 09:00:57,2025-04-01,2,Completed,Instagram,,0,14814.0
7812,8261,82,,2024-05-24 15:33:47,2024-07-10,4,Cancelled,Instagram,,0,39384.0
7813,8265,85,1115.0,2026-07-09 18:10:46,2026-12-06,2,Cancelled,Website,,0,17088.0
7814,8267,95,,2026-04-21 16:15:49,2026-05-03,2,Completed,Website,,0,14620.0
7815,8267,4,,2026-09-04 13:07:09,2027-02-10,2,Confirmed,Mobile App,TP5OFF,5,16060.7
7816,8268,61,13583.0,2024-12-19 19:09:46,2025-01-22,3,Cancelled,Website,,0,57165.0
7817,8270,25,,2024-09-08 23:46:54,2024-10-31,3,Cancelled,Website,,0,35559.0
7818,8271,97,,2026-06-27 00:47:31,2026-12-21,5,Confirmed,Mobile App,,0,84795.0
7819,8272,56,,2026-08-09 02:52:49,2027-01-20,3,Confirmed,Website,,0,50472.0
7820,8272,98,5575.0,2024-07-31 12:06:02,2024-08-14,4,Completed,Website,TP5OFF,5,58360.4
7821,8272,72,,2026-08-19 04:34:51,2026-10-08,4,Confirmed,Mobile App,TP20OFF,20,35574.4
7822,8272,36,10553.0,2026-07-23 00:05:14,2027-01-03,2,Cancelled,Instagram,,0,86226.0
7823,8272,60,,2024-08-04 13:15:13,2024-08-23,5,Completed,Instagram,,0,64525.0
7824,8272,20,3951.0,2026-03-03 08:04:43,2026-03-10,2,Cancelled,Mobile App,,0,73210.0
7825,8273,71,9213.0,2024-05-16 19:53:13,2024-06-28,3,Completed,Instagram,,0,18045.0
7826,8274,57,7347.0,2024-05-24 01:21:33,2024-06-18,4,Completed,Referral Link,,0,93364.0
7827,8275,71,,2024-09-22 01:29:13,2024-10-31,3,Completed,Website,,0,18045.0
7828,8279,78,,2024-08-20 01:54:20,2024-09-12,4,Completed,Website,,0,80696.0
7829,8279,8,5231.0,2026-06-21 02:34:16,2026-07-29,2,Completed,Mobile App,TP5OFF,5,66040.2
7830,8281,10,,2025-03-30 02:55:49,2025-04-24,2,Completed,Mobile App,,0,18944.0
7831,8283,35,,2026-07-19 22:40:27,2026-10-19,2,Pending,Website,,0,62006.0
7832,8283,40,,2023-09-16 01:24:11,2023-09-26,1,Completed,Website,,0,33149.0
7833,8287,93,561.0,2024-06-07 11:21:44,2024-07-13,4,Completed,Website,TP5OFF,5,68324.0
7834,8288,21,2960.0,2025-02-07 19:28:34,2025-03-24,5,Completed,Instagram,,0,37045.0
7835,8290,10,,2026-07-26 20:48:14,2026-12-10,4,Pending,Website,,0,37888.0
7836,8292,77,12043.0,2026-06-15 23:24:32,2026-09-05,4,Completed,Website,,0,79764.0
7837,8292,73,,2026-01-09 05:25:42,2026-01-22,5,Completed,Website,TP15OFF,15,109798.75
7838,8293,43,,2026-06-08 21:20:42,2026-09-21,4,Confirmed,Website,,0,44756.0
7839,8295,21,6985.0,2026-06-11 13:43:02,2026-09-04,2,Completed,Instagram,TP5OFF,5,14077.1
7840,8295,59,12338.0,2026-04-13 12:46:14,2026-04-29,3,Completed,Mobile App,,0,60258.0
7841,8295,77,8441.0,2023-11-24 01:43:28,2024-01-14,5,Completed,Website,,0,99705.0
7842,8295,75,,2026-07-27 02:59:00,2027-01-17,4,Cancelled,Website,,0,86808.0
7843,8295,93,,2023-10-05 13:36:36,2023-11-02,4,Completed,Website,,0,71920.0
7844,8295,20,,2026-07-17 23:29:50,2026-10-19,4,Confirmed,Mobile App,TP5OFF,5,139099.0
7845,8299,93,,2024-05-31 02:42:07,2024-06-19,5,Completed,Mobile App,,0,89900.0
7846,8299,64,11921.0,2026-07-18 08:51:59,2026-11-10,4,Confirmed,Website,TP10OFF,10,58294.8
7847,8301,54,2251.0,2023-10-16 05:38:33,2023-10-23,5,Completed,Mobile App,TP5OFF,5,55651.0
7848,8304,20,,2026-09-01 16:31:45,2027-02-14,4,Confirmed,Mobile App,,0,146420.0
7849,8307,30,10367.0,2026-07-12 01:02:25,2026-10-21,2,Confirmed,Mobile App,,0,18072.0
7850,8308,91,,2026-06-23 23:49:29,2026-11-19,3,Confirmed,Referral Link,TP5OFF,5,36918.9
7851,8309,75,,2026-07-28 13:06:58,2026-09-14,6,Confirmed,Website,TP15OFF,15,110680.2
7852,8310,13,,2024-05-09 13:24:48,2024-06-13,3,Completed,Mobile App,,0,32322.0
7853,8313,42,2630.0,2026-06-12 08:07:32,2026-08-23,2,Completed,Website,TP15OFF,15,65818.9
7854,8315,56,13376.0,2026-08-05 12:31:16,2027-01-12,2,Confirmed,Referral Link,,0,33648.0
7855,8318,97,,2024-06-28 06:46:47,2024-08-23,4,Completed,Website,,0,67836.0
7856,8318,38,730.0,2025-07-10 09:02:06,2025-08-24,4,Completed,Website,TP5OFF,5,30525.4
7857,8318,71,10224.0,2025-06-07 19:15:16,2025-08-01,4,Completed,Website,,0,24060.0
7858,8318,18,14589.0,2024-05-11 22:43:02,2024-06-22,3,Completed,Mobile App,TP10OFF,10,16772.4
7859,8320,85,,2026-08-25 01:15:12,2026-10-09,5,Confirmed,Instagram,,0,42720.0
7860,8323,57,,2025-03-06 12:57:20,2025-03-26,4,Completed,Mobile App,,0,93364.0
7861,8326,70,11801.0,2025-12-29 01:29:03,2026-01-15,2,Completed,Mobile App,,0,28648.0
7862,8327,20,,2026-07-08 06:13:28,2026-08-31,4,Completed,Mobile App,,0,146420.0
7863,8328,30,,2026-07-12 03:28:59,2026-11-17,3,Cancelled,Website,,0,27108.0
7864,8329,74,,2026-08-18 14:34:49,2026-10-13,1,Confirmed,Mobile App,TP10OFF,10,9756.9
7865,8331,91,,2024-12-08 08:10:36,2024-12-25,3,Completed,Website,,0,38862.0
7866,8331,19,,2024-10-15 02:08:15,2024-11-25,3,Completed,Website,,0,26511.0
7867,8334,18,,2026-06-16 03:27:09,2026-09-20,2,Pending,Instagram,,0,12424.0
7868,8336,98,,2026-07-10 11:51:57,2026-11-23,2,Confirmed,Website,,0,30716.0
7869,8337,62,,2026-07-24 04:02:02,2026-08-25,2,Completed,Website,TP10OFF,10,33636.6
7870,8337,85,,2026-07-05 08:17:27,2026-08-15,5,Completed,Website,,0,42720.0
7871,8337,4,1082.0,2026-09-04 06:37:47,2027-01-23,4,Confirmed,Website,,0,33812.0
7872,8337,10,3018.0,2025-06-21 11:32:50,2025-07-08,4,Completed,Website,,0,37888.0
7873,8337,28,,2026-06-20 14:58:13,2026-06-30,4,Completed,Website,,0,37420.0
7874,8338,91,,2026-04-01 01:52:13,2026-05-10,5,Completed,Referral Link,,0,64770.0
7875,8338,44,,2024-09-15 13:08:01,2024-11-11,3,Completed,Mobile App,TP15OFF,15,17059.5
7876,8341,71,,2026-08-10 17:00:17,2026-08-30,2,Completed,Website,,0,12030.0
7877,8344,76,5745.0,2026-03-12 09:37:31,2026-03-23,5,Cancelled,Website,TP15OFF,15,65632.75
7878,8345,31,13327.0,2026-08-31 04:17:51,2027-01-24,2,Confirmed,Website,,0,80496.0
7879,8345,36,4628.0,2026-06-23 14:18:53,2026-11-05,2,Pending,Instagram,,0,86226.0
7880,8345,78,,2025-08-30 02:44:48,2025-09-12,4,Cancelled,Website,TP5OFF,5,76661.2
7881,8346,15,11543.0,2026-08-12 16:43:21,2026-10-18,4,Confirmed,Mobile App,,0,41868.0
7882,8347,3,,2026-07-24 17:22:37,2026-11-14,3,Confirmed,Website,TP15OFF,15,16628.55
7883,8348,74,,2023-11-28 10:42:51,2024-01-13,5,Cancelled,Website,,0,54205.0
7884,8350,59,,2025-04-18 03:20:12,2025-05-13,6,Cancelled,Website,,0,120516.0
7885,8352,59,6027.0,2026-06-23 21:07:56,2026-11-29,4,Confirmed,Mobile App,TP10OFF,10,72309.6
7886,8355,28,,2026-07-12 19:24:49,2026-09-09,2,Pending,Website,,0,18710.0
7887,8357,80,,2026-07-03 12:54:53,2026-10-24,4,Pending,Mobile App,,0,25668.0
7888,8358,69,14445.0,2026-08-27 17:52:26,2026-09-23,3,Confirmed,Mobile App,TP5OFF,5,67431.0
7889,8358,84,,2026-06-27 06:30:39,2026-12-04,5,Confirmed,Website,,0,108810.0
7890,8358,9,14940.0,2026-07-14 09:24:29,2026-09-04,3,Cancelled,Mobile App,TP5OFF,5,28602.6
7891,8358,69,11231.0,2024-02-20 15:48:53,2024-03-06,6,Completed,Instagram,TP5OFF,5,134862.0
7892,8359,67,9247.0,2026-07-18 08:36:08,2026-09-22,1,Confirmed,Mobile App,TP15OFF,15,14219.65
7893,8360,49,,2025-03-04 07:32:09,2025-03-20,4,Cancelled,Instagram,TP20OFF,20,37139.2
7894,8362,1,11817.0,2025-01-08 21:35:05,2025-02-12,1,Completed,Mobile App,,0,10987.0
7895,8364,24,,2026-07-12 02:05:27,2026-08-05,5,Completed,Website,TP10OFF,10,43150.5
7896,8365,23,9986.0,2025-08-06 20:00:50,2025-08-25,3,Completed,Website,,0,116943.0
7897,8366,79,,2026-07-03 01:34:48,2026-12-15,5,Cancelled,Website,TP5OFF,5,46037.0
7898,8366,70,,2026-08-07 12:09:16,2027-01-20,4,Confirmed,Mobile App,,0,57296.0
7899,8366,19,12849.0,2025-08-08 18:07:08,2025-10-07,1,Completed,Website,TP5OFF,5,8395.15
7900,8366,28,,2026-07-08 22:52:47,2026-12-19,1,Confirmed,Referral Link,,0,9355.0
7901,8368,73,6201.0,2026-08-22 15:38:24,2026-10-28,5,Confirmed,Website,TP10OFF,10,116257.5
7902,8368,66,12467.0,2026-06-13 07:00:22,2026-07-29,3,Completed,Mobile App,TP10OFF,10,83986.2
7903,8368,87,3726.0,2026-07-21 07:21:39,2026-12-27,5,Confirmed,Mobile App,,0,108850.0
7904,8368,18,,2026-08-07 22:55:57,2027-01-05,4,Pending,Mobile App,,0,24848.0
7905,8368,23,,2025-02-24 19:27:25,2025-03-07,2,Cancelled,Mobile App,,0,77962.0
7906,8370,89,,2026-07-02 04:21:55,2026-10-16,3,Confirmed,Website,TP5OFF,5,23677.8
7907,8370,86,7655.0,2026-08-27 00:09:05,2026-11-20,4,Confirmed,Website,,0,30624.0
7908,8370,58,,2025-03-06 03:50:29,2025-04-03,4,Cancelled,Website,TP5OFF,5,46211.8
7909,8373,17,,2025-09-06 21:54:25,2025-10-13,3,Completed,Referral Link,,0,121686.0
7910,8378,70,3549.0,2025-11-06 11:01:42,2025-11-20,3,Completed,Referral Link,TP5OFF,5,40823.4
7911,8380,22,,2026-05-27 22:00:45,2026-07-14,2,Completed,Instagram,,0,18126.0
7912,8382,56,,2026-08-18 01:28:37,2026-11-12,4,Confirmed,Mobile App,TP5OFF,5,63931.2
7913,8382,67,5359.0,2026-07-04 19:46:25,2026-07-23,3,Completed,Website,,0,50187.0
7914,8385,1,,2026-07-03 17:05:58,2026-07-24,1,Completed,Instagram,,0,10987.0
7915,8387,32,11467.0,2024-05-19 17:22:48,2024-06-29,4,Completed,Mobile App,,0,103852.0
7916,8389,74,,2025-10-02 05:30:11,2025-11-23,3,Completed,Mobile App,,0,32523.0
7917,8389,47,7675.0,2026-08-13 22:18:50,2026-11-18,2,Confirmed,Website,,0,60660.0
7918,8389,26,,2026-08-13 02:15:29,2026-10-24,3,Confirmed,Website,,0,77871.0
7919,8389,8,2017.0,2024-08-29 13:03:12,2024-10-13,3,Completed,Mobile App,,0,104274.0
7920,8391,84,,2026-01-09 09:47:38,2026-01-14,6,Completed,Mobile App,,0,130572.0
7921,8392,29,3776.0,2026-07-31 07:30:40,2026-11-15,4,Confirmed,Mobile App,,0,121104.0
7922,8392,2,8767.0,2026-06-25 08:44:54,2026-08-21,4,Completed,Mobile App,TP15OFF,15,112414.2
7923,8393,19,642.0,2024-05-12 00:56:19,2024-06-22,1,Completed,Instagram,,0,8837.0
7924,8394,25,,2025-11-07 10:58:40,2025-12-12,3,Cancelled,Instagram,TP10OFF,10,32003.1
7925,8396,57,4834.0,2026-04-05 20:09:04,2026-05-16,5,Completed,Mobile App,TP5OFF,5,110869.75
7926,8396,48,14460.0,2026-06-20 01:34:10,2026-07-26,5,Completed,Website,,0,40200.0
7927,8397,20,14317.0,2026-08-06 22:15:11,2027-01-30,4,Confirmed,Mobile App,,0,146420.0
7928,8399,73,,2026-08-19 18:35:30,2026-10-14,5,Confirmed,Mobile App,TP5OFF,5,122716.25
7929,8403,47,,2025-07-08 07:21:59,2025-09-04,2,Completed,Website,TP10OFF,10,54594.0
7930,8404,93,,2026-08-11 06:27:00,2026-10-03,4,Confirmed,Instagram,,0,71920.0
7931,8404,65,,2026-08-01 22:14:03,2026-12-06,1,Confirmed,Instagram,TP5OFF,5,16661.1
7932,8405,59,,2026-08-22 08:51:12,2027-02-16,3,Pending,Website,TP10OFF,10,54232.2
7933,8406,84,,2025-06-26 15:05:22,2025-08-11,6,Completed,Instagram,TP20OFF,20,104457.6
7934,8406,9,7038.0,2026-08-23 01:18:51,2027-02-08,4,Confirmed,Website,,0,40144.0
7935,8408,49,11962.0,2026-07-18 14:30:27,2026-09-03,5,Completed,Referral Link,,0,58030.0
7936,8410,93,,2026-08-31 02:13:30,2026-11-19,3,Confirmed,Website,,0,53940.0
7937,8411,47,,2026-09-05 06:14:39,2026-09-24,3,Cancelled,Website,,0,90990.0
7938,8412,34,,2024-04-01 07:49:46,2024-05-12,4,Completed,Website,,0,39572.0
7939,8413,1,6427.0,2026-08-24 17:42:53,2027-01-12,4,Confirmed,Instagram,,0,43948.0
7940,8413,96,12223.0,2026-01-14 12:48:15,2026-01-31,1,Cancelled,Mobile App,TP5OFF,5,20720.45
7941,8415,1,5733.0,2026-08-06 00:23:02,2027-01-11,3,Confirmed,Instagram,,0,32961.0
7942,8415,70,,2026-08-28 15:23:00,2027-01-11,4,Confirmed,Mobile App,,0,57296.0
7943,8415,44,,2025-08-15 06:15:44,2025-09-28,3,Completed,Mobile App,,0,20070.0
7944,8415,19,2436.0,2026-08-20 09:44:10,2026-09-22,2,Confirmed,Referral Link,TP5OFF,5,16790.3
7945,8415,85,402.0,2026-08-12 17:58:27,2026-10-08,3,Confirmed,Website,,0,25632.0
7946,8415,28,,2026-06-20 15:50:15,2026-11-05,2,Confirmed,Website,,0,18710.0
7947,8417,17,,2026-07-14 18:35:42,2026-09-19,2,Confirmed,Website,,0,81124.0
7948,8418,76,,2024-08-11 18:05:56,2024-09-17,3,Completed,Website,TP10OFF,10,41696.1
7949,8418,56,265.0,2026-07-06 05:42:26,2026-09-19,2,Confirmed,Website,,0,33648.0
7950,8418,1,300.0,2026-08-17 23:40:21,2026-12-17,4,Confirmed,Website,,0,43948.0
7951,8419,56,,2026-06-29 22:35:51,2026-11-23,5,Pending,Mobile App,,0,84120.0
7952,8422,66,,2026-09-04 01:02:42,2026-11-01,3,Confirmed,Website,,0,93318.0
7953,8425,62,,2026-02-01 21:29:33,2026-02-17,1,Completed,Website,,0,18687.0
7954,8425,4,13578.0,2024-04-15 20:57:39,2024-06-07,1,Completed,Instagram,,0,8453.0
7955,8429,94,,2025-09-05 01:02:12,2025-09-24,5,Completed,Mobile App,,0,61605.0
7956,8430,33,,2025-12-05 17:15:41,2025-12-13,5,Completed,Mobile App,,0,55365.0
7957,8430,83,11149.0,2024-06-06 18:21:04,2024-07-24,5,Completed,Mobile App,TP15OFF,15,40698.0
7958,8430,92,,2026-06-22 03:56:05,2026-10-27,4,Cancelled,Referral Link,,0,29628.0
7959,8430,40,,2026-07-18 12:45:49,2026-10-10,2,Confirmed,Mobile App,,0,66298.0
7960,8430,15,,2026-08-05 05:50:13,2026-08-16,3,Completed,Referral Link,,0,31401.0
7961,8431,8,14490.0,2025-01-06 00:48:04,2025-01-18,3,Cancelled,Website,,0,104274.0
7962,8431,5,,2025-08-25 03:50:53,2025-09-23,4,Completed,Website,TP15OFF,15,138227.0
7963,8432,59,,2023-12-31 09:20:46,2024-02-23,6,Completed,Instagram,,0,120516.0
7964,8433,26,4214.0,2026-07-08 20:31:52,2026-12-18,2,Pending,Mobile App,,0,51914.0
7965,8434,4,,2026-08-13 23:31:40,2026-09-15,2,Pending,Website,,0,16906.0
7966,8435,52,,2023-12-10 10:56:08,2024-01-26,3,Completed,Mobile App,,0,92097.0
7967,8435,65,4392.0,2024-01-25 23:21:24,2024-03-17,4,Completed,Website,,0,70152.0
7968,8437,33,,2026-07-02 09:50:31,2026-10-26,4,Confirmed,Mobile App,,0,44292.0
7969,8437,98,530.0,2026-08-08 03:48:18,2027-01-07,5,Confirmed,Mobile App,,0,76790.0
7970,8437,81,,2026-08-11 17:48:45,2027-01-09,6,Confirmed,Mobile App,,0,151662.0
7971,8438,44,7417.0,2026-07-25 15:00:30,2027-01-19,4,Confirmed,Mobile App,TP5OFF,5,25422.0
7972,8443,82,12329.0,2025-11-03 20:03:29,2025-11-18,5,Completed,Website,TP15OFF,15,41845.5
7973,8443,7,,2023-11-24 18:43:52,2024-01-08,1,Completed,Mobile App,,0,13069.0
7974,8444,71,,2026-06-28 11:16:22,2026-09-03,2,Completed,Mobile App,,0,12030.0
7975,8447,3,,2025-08-26 08:45:19,2025-10-24,2,Completed,Mobile App,,0,13042.0
7976,8448,49,,2026-09-01 09:52:58,2027-02-13,3,Confirmed,Website,,0,34818.0
7977,8449,95,10972.0,2026-07-21 13:27:46,2027-01-02,3,Confirmed,Website,,0,21930.0
7978,8449,89,7011.0,2026-06-25 03:56:15,2026-07-28,4,Completed,Referral Link,TP5OFF,5,31570.4
7979,8450,94,460.0,2026-07-22 06:24:44,2026-10-27,4,Confirmed,Instagram,TP15OFF,15,41891.4
7980,8451,30,,2026-06-16 15:38:56,2026-10-22,4,Confirmed,Mobile App,,0,36144.0
7981,8452,79,3287.0,2026-06-26 17:01:36,2026-11-12,2,Pending,Website,,0,19384.0
7982,8454,88,7974.0,2025-07-25 06:19:53,2025-08-16,5,Cancelled,Instagram,,0,40555.0
7983,8456,73,,2026-07-19 04:39:25,2026-12-26,4,Pending,Mobile App,,0,103340.0
7984,8456,59,13746.0,2024-10-07 15:51:47,2024-11-03,4,Completed,Website,,0,80344.0
7985,8458,31,,2024-09-15 03:23:03,2024-10-13,2,Completed,Website,,0,80496.0
7986,8459,58,7712.0,2026-08-28 19:56:04,2026-10-17,2,Confirmed,Website,,0,24322.0
7987,8461,51,10683.0,2026-07-28 17:45:12,2026-11-11,2,Confirmed,Website,TP20OFF,20,58779.2
7988,8461,42,11775.0,2026-06-17 03:18:49,2026-12-12,2,Confirmed,Website,,0,77434.0
7989,8462,1,,2024-08-12 16:41:50,2024-10-04,1,Completed,Website,,0,10987.0
7990,8463,30,,2024-10-21 07:40:16,2024-12-17,2,Cancelled,Website,,0,18072.0
7991,8467,18,5652.0,2024-02-18 21:55:26,2024-03-26,4,Completed,Referral Link,TP5OFF,5,23605.6
7992,8474,12,9244.0,2026-08-03 01:37:24,2026-10-30,2,Confirmed,Instagram,,0,20698.0
7993,8474,33,,2026-07-23 05:46:10,2026-08-07,3,Completed,Mobile App,,0,33219.0
7994,8477,46,9725.0,2024-01-05 20:03:12,2024-02-24,2,Completed,Mobile App,TP5OFF,5,57841.7
7995,8479,28,,2024-03-05 10:44:41,2024-04-12,2,Completed,Instagram,TP15OFF,15,15903.5
7996,8479,82,6586.0,2025-11-06 15:58:22,2026-01-03,3,Cancelled,Referral Link,,0,29538.0
7997,8479,39,,2026-07-14 19:44:16,2026-11-10,5,Confirmed,Referral Link,,0,35890.0
7998,8479,7,,2026-06-24 09:22:04,2026-10-22,4,Confirmed,Website,,0,52276.0
7999,8479,62,763.0,2025-01-20 14:56:34,2025-02-09,4,Completed,Mobile App,,0,74748.0
8000,8480,6,11207.0,2026-07-25 08:57:16,2026-09-01,4,Completed,Mobile App,,0,35292.0
8001,8482,4,1316.0,2023-12-07 23:59:41,2024-01-12,2,Completed,Website,,0,16906.0
8002,8484,33,,2026-04-17 10:32:29,2026-05-02,4,Completed,Website,,0,44292.0
8003,8484,71,12397.0,2026-08-04 03:29:29,2026-12-12,2,Confirmed,Website,,0,12030.0
8004,8485,41,,2024-10-04 03:16:25,2024-11-21,2,Completed,Website,TP5OFF,5,92777.0
8005,8485,93,,2023-09-18 20:05:40,2023-11-16,5,Completed,Referral Link,TP5OFF,5,85405.0
8006,8486,94,1548.0,2025-11-18 19:09:19,2026-01-03,4,Completed,Mobile App,,0,49284.0
8007,8486,25,,2026-09-02 10:04:50,2026-09-17,1,Confirmed,Mobile App,,0,11853.0
8008,8486,86,12677.0,2026-07-11 03:52:23,2026-08-25,2,Completed,Website,,0,15312.0
8009,8486,67,,2025-08-01 04:29:20,2025-08-17,2,Completed,Website,TP15OFF,15,28439.3
8010,8487,82,726.0,2026-07-28 18:39:51,2027-01-09,3,Confirmed,Website,TP5OFF,5,28061.1
8011,8487,96,4542.0,2026-08-29 04:27:49,2026-12-03,5,Pending,Mobile App,,0,109055.0
8012,8492,96,9365.0,2026-06-20 07:51:39,2026-09-10,1,Confirmed,Website,,0,21811.0
8013,8493,95,,2026-06-30 09:09:59,2026-07-29,2,Cancelled,Instagram,,0,14620.0
8014,8494,88,9690.0,2026-08-07 02:04:42,2026-09-05,4,Completed,Website,,0,32444.0
8015,8494,70,,2026-08-16 01:55:43,2026-10-06,3,Confirmed,Website,TP5OFF,5,40823.4
8016,8494,19,,2026-06-29 20:34:45,2026-11-07,1,Confirmed,Website,TP5OFF,5,8395.15
8017,8495,9,,2024-10-18 23:19:37,2024-11-06,3,Completed,Mobile App,TP5OFF,5,28602.6
8018,8496,82,,2024-03-09 13:12:17,2024-04-03,5,Completed,Mobile App,TP15OFF,15,41845.5
8019,8498,82,5511.0,2025-12-30 14:02:34,2026-01-29,2,Cancelled,Instagram,,0,19692.0
8020,8499,19,,2025-08-21 01:01:11,2025-09-15,4,Cancelled,Mobile App,,0,35348.0
8021,8500,86,,2026-08-04 09:11:32,2026-10-27,5,Confirmed,Referral Link,,0,38280.0
8022,8500,76,7254.0,2025-03-27 04:44:34,2025-04-26,4,Completed,Website,TP10OFF,10,55594.8
8023,8501,9,,2026-07-09 11:21:45,2026-08-04,4,Completed,Website,,0,40144.0
8024,8502,94,,2026-08-22 20:37:03,2026-11-30,5,Pending,Mobile App,,0,61605.0
8025,8503,76,3297.0,2024-06-10 12:55:47,2024-07-05,1,Completed,Website,,0,15443.0
8026,8503,67,1300.0,2026-06-13 00:02:10,2026-12-07,5,Confirmed,Website,,0,83645.0
8027,8503,72,,2026-08-24 21:03:42,2026-09-27,1,Confirmed,Mobile App,,0,11117.0
8028,8503,60,,2024-02-02 00:01:26,2024-03-29,3,Completed,Mobile App,,0,38715.0
8029,8504,94,,2023-09-17 22:15:35,2023-10-16,5,Completed,Instagram,TP5OFF,5,58524.75
8030,8504,19,9573.0,2026-07-18 21:46:48,2026-11-16,4,Confirmed,Referral Link,,0,35348.0
8031,8505,31,,2025-07-08 07:02:34,2025-08-05,2,Completed,Website,,0,80496.0
8032,8505,87,,2024-09-19 04:41:42,2024-11-13,5,Cancelled,Instagram,,0,108850.0
8033,8507,53,,2025-11-03 11:35:26,2026-01-02,4,Completed,Instagram,TP10OFF,10,41533.2
8034,8508,25,7984.0,2026-04-12 01:55:08,2026-04-17,4,Completed,Instagram,,0,47412.0
8035,8508,49,8300.0,2026-06-12 12:20:08,2026-11-26,3,Confirmed,Website,,0,34818.0
8036,8508,79,10717.0,2024-11-04 10:36:42,2024-11-25,4,Completed,Website,,0,38768.0
8037,8508,96,8888.0,2026-07-07 12:39:01,2026-09-06,4,Completed,Website,,0,87244.0
8038,8508,62,,2026-01-04 22:08:29,2026-01-13,1,Cancelled,Mobile App,TP5OFF,5,17752.65
8039,8508,62,8145.0,2025-02-05 10:35:57,2025-03-06,2,Completed,Website,TP5OFF,5,35505.3
8040,8510,25,13140.0,2025-12-28 01:12:37,2026-02-03,2,Completed,Website,TP20OFF,20,18964.8
8041,8511,40,,2026-07-13 01:45:14,2026-09-30,1,Cancelled,Mobile App,TP5OFF,5,31491.55
8042,8512,13,6246.0,2026-08-11 06:07:20,2026-11-13,3,Pending,Referral Link,,0,32322.0
8043,8512,85,,2026-07-25 23:28:46,2026-08-13,5,Completed,Mobile App,,0,42720.0
8044,8514,54,8857.0,2026-06-10 17:06:53,2026-08-12,5,Completed,Website,,0,58580.0
8045,8516,57,21.0,2026-08-21 19:36:30,2026-10-04,5,Confirmed,Website,,0,116705.0
8046,8516,73,,2026-07-02 18:14:47,2026-11-01,6,Confirmed,Referral Link,TP5OFF,5,147259.5
8047,8517,91,1697.0,2026-06-14 20:44:06,2026-11-14,3,Confirmed,Mobile App,,0,38862.0
8048,8517,96,,2025-12-04 01:46:08,2025-12-15,5,Completed,Website,,0,109055.0
8049,8517,96,6465.0,2026-08-08 21:06:38,2026-11-27,4,Confirmed,Instagram,,0,87244.0
8050,8518,77,,2026-08-02 00:09:04,2026-09-02,6,Completed,Website,TP20OFF,20,95716.8
8051,8518,73,11468.0,2026-06-12 02:32:34,2026-11-24,3,Pending,Website,,0,77505.0
8052,8519,79,,2026-08-11 01:01:34,2026-11-23,4,Confirmed,Website,,0,38768.0
8053,8520,28,6746.0,2025-04-21 13:07:34,2025-06-12,2,Completed,Website,,0,18710.0
8054,8523,43,10596.0,2026-03-10 13:05:20,2026-05-03,4,Completed,Website,,0,44756.0
8055,8524,23,,2024-01-24 06:30:00,2024-02-08,3,Completed,Mobile App,,0,116943.0
8056,8525,8,,2025-02-09 21:41:57,2025-04-01,2,Completed,Website,,0,69516.0
8057,8527,77,,2025-01-26 03:43:20,2025-02-14,6,Completed,Mobile App,,0,119646.0
8058,8527,68,1818.0,2026-06-12 20:39:19,2026-12-02,4,Confirmed,Website,,0,92560.0
8059,8528,43,6756.0,2026-07-05 12:20:54,2026-08-22,4,Completed,Instagram,,0,44756.0
8060,8528,23,,2026-07-22 22:51:51,2026-09-10,3,Confirmed,Mobile App,,0,116943.0
8061,8529,19,7235.0,2026-06-12 04:54:20,2026-08-11,4,Completed,Website,,0,35348.0
8062,8529,13,7490.0,2026-04-13 16:26:24,2026-05-31,1,Cancelled,Instagram,,0,10774.0
8063,8529,22,10006.0,2026-05-10 09:01:01,2026-07-02,1,Completed,Mobile App,,0,9063.0
8064,8529,44,14407.0,2026-07-21 19:43:28,2026-10-23,3,Confirmed,Website,TP20OFF,20,16056.0
8065,8530,52,,2026-06-20 23:00:10,2026-10-31,2,Cancelled,Mobile App,,0,61398.0
8066,8532,91,,2024-11-05 23:47:02,2024-11-10,2,Completed,Mobile App,TP15OFF,15,22021.8
8067,8533,26,12725.0,2024-03-03 08:57:22,2024-03-15,2,Completed,Instagram,,0,51914.0
8068,8537,87,,2026-06-09 02:55:10,2026-10-10,3,Confirmed,Website,,0,65310.0
8069,8538,5,,2026-06-25 21:24:30,2026-09-12,3,Confirmed,Website,TP10OFF,10,109768.5
8070,8539,3,,2026-06-28 21:19:31,2026-08-16,4,Completed,Website,TP5OFF,5,24779.8
8071,8539,30,,2024-08-06 00:16:02,2024-09-12,3,Completed,Website,,0,27108.0
8072,8540,13,,2026-07-25 02:16:23,2026-10-26,4,Cancelled,Website,,0,43096.0
8073,8541,38,,2026-06-26 00:49:26,2026-12-19,4,Confirmed,Website,TP5OFF,5,30525.4
8074,8541,86,2927.0,2024-07-08 02:39:20,2024-07-22,3,Completed,Mobile App,TP15OFF,15,19522.8
8075,8541,50,,2026-07-10 01:29:21,2027-01-03,2,Confirmed,Website,,0,39034.0
8076,8541,86,,2026-08-12 14:46:41,2026-11-11,5,Confirmed,Referral Link,,0,38280.0
8077,8541,83,,2026-07-19 22:29:35,2026-10-01,2,Pending,Referral Link,,0,19152.0
8078,8541,27,,2025-05-18 23:58:29,2025-07-17,5,Completed,Mobile App,,0,33480.0
8079,8542,63,12238.0,2025-09-19 13:10:27,2025-10-11,4,Cancelled,Website,TP15OFF,15,57718.4
8080,8545,26,30.0,2026-08-05 09:22:55,2026-10-06,4,Confirmed,Website,,0,103828.0
8081,8546,69,,2025-12-25 14:17:21,2026-01-08,5,Completed,Mobile App,,0,118300.0
8082,8547,23,3333.0,2026-09-06 15:37:20,2026-12-31,3,Confirmed,Website,,0,116943.0
8083,8548,4,708.0,2024-02-11 21:59:58,2024-03-13,1,Completed,Mobile App,TP15OFF,15,7185.05
8084,8548,74,5130.0,2024-05-26 12:55:18,2024-07-17,4,Completed,Website,,0,43364.0
8085,8550,68,,2026-07-22 08:10:50,2026-08-14,6,Completed,Referral Link,TP15OFF,15,118014.0
8086,8552,72,4799.0,2024-07-29 22:03:17,2024-09-03,5,Completed,Mobile App,,0,55585.0
8087,8555,97,,2024-07-10 19:24:20,2024-07-23,3,Cancelled,Referral Link,,0,50877.0
8088,8555,53,,2026-08-05 11:38:21,2027-01-04,2,Confirmed,Mobile App,TP15OFF,15,19612.9
8089,8555,18,,2026-07-15 14:44:15,2026-09-09,5,Confirmed,Mobile App,TP10OFF,10,27954.0
8090,8555,30,,2025-08-08 16:45:37,2025-08-20,4,Completed,Mobile App,,0,36144.0
8091,8555,63,,2026-06-27 14:31:22,2026-09-20,4,Confirmed,Instagram,TP15OFF,15,57718.4
8092,8555,30,11842.0,2025-03-03 11:25:16,2025-04-10,2,Completed,Website,TP15OFF,15,15361.2
8093,8556,10,11779.0,2024-05-14 07:27:24,2024-06-13,1,Completed,Mobile App,,0,9472.0
8094,8558,78,5098.0,2024-07-22 09:55:35,2024-08-05,5,Completed,Mobile App,,0,100870.0
8095,8561,8,14824.0,2026-01-23 00:28:20,2026-01-28,2,Completed,Instagram,,0,69516.0
8096,8562,54,14761.0,2026-07-08 21:23:53,2026-10-18,3,Confirmed,Website,TP5OFF,5,33390.6
8097,8563,72,13390.0,2024-05-10 17:33:44,2024-06-20,2,Completed,Referral Link,TP10OFF,10,20010.6
8098,8563,13,,2026-09-04 15:14:32,2027-02-15,2,Pending,Mobile App,,0,21548.0
8099,8563,71,,2026-06-12 10:59:29,2026-08-06,4,Completed,Website,TP15OFF,15,20451.0
8100,8563,91,4279.0,2024-07-20 06:14:06,2024-08-16,4,Completed,Mobile App,,0,51816.0
8101,8563,7,,2026-08-02 19:27:35,2026-08-25,3,Completed,Website,TP5OFF,5,37246.65
8102,8566,41,,2026-07-04 06:15:08,2026-07-24,2,Completed,Website,,0,97660.0
8103,8566,72,3891.0,2026-07-29 14:37:46,2026-10-01,4,Confirmed,Referral Link,,0,44468.0
8104,8567,11,946.0,2026-08-16 14:46:38,2026-10-13,3,Confirmed,Website,,0,85002.0
8105,8568,95,10771.0,2026-02-06 05:20:21,2026-04-01,5,Completed,Mobile App,TP15OFF,15,31067.5
8106,8569,23,,2026-08-20 06:40:36,2027-01-27,4,Confirmed,Website,,0,155924.0
8107,8569,32,116.0,2025-09-11 20:58:30,2025-10-26,2,Completed,Website,,0,51926.0
8108,8571,27,4005.0,2026-08-11 05:39:47,2026-09-03,3,Completed,Website,,0,20088.0
8109,8572,42,,2026-06-27 21:23:25,2026-07-15,3,Completed,Website,TP10OFF,10,104535.9
8110,8576,6,458.0,2026-07-21 23:49:05,2026-10-07,4,Confirmed,Website,TP15OFF,15,29998.2
8111,8577,62,,2025-08-07 02:15:33,2025-08-18,4,Completed,Website,,0,74748.0
8112,8580,54,,2026-08-02 02:32:53,2026-11-10,4,Pending,Referral Link,,0,46864.0
8113,8584,73,,2026-07-15 04:21:48,2026-10-06,5,Confirmed,Mobile App,,0,129175.0
8114,8586,79,,2024-09-09 22:46:15,2024-11-07,3,Completed,Instagram,,0,29076.0
8115,8586,96,,2026-05-24 06:37:20,2026-06-15,2,Completed,Website,,0,43622.0
8116,8586,34,7791.0,2026-08-07 09:59:35,2027-01-31,5,Confirmed,Mobile App,,0,49465.0
8117,8586,62,,2026-07-25 12:29:02,2026-12-02,2,Confirmed,Instagram,,0,37374.0
8118,8586,49,,2026-07-31 21:27:05,2026-09-02,3,Completed,Mobile App,TP15OFF,15,29595.3
8119,8589,6,6822.0,2026-06-14 05:15:29,2026-11-10,5,Pending,Mobile App,TP10OFF,10,39703.5
8120,8589,21,,2026-06-20 21:52:18,2026-10-04,3,Cancelled,Mobile App,,0,22227.0
8121,8589,93,5077.0,2026-06-09 21:53:08,2026-11-05,3,Cancelled,Mobile App,,0,53940.0
8122,8589,52,12986.0,2026-03-17 06:40:30,2026-03-23,3,Completed,Referral Link,TP15OFF,15,78282.45
8123,8589,12,,2026-09-04 20:21:03,2026-09-21,4,Pending,Mobile App,TP15OFF,15,35186.6
8124,8589,59,,2026-06-21 15:21:55,2026-07-12,6,Completed,Website,,0,120516.0
8125,8592,6,2824.0,2026-08-15 11:30:50,2026-09-11,3,Confirmed,Website,TP5OFF,5,25145.55
8126,8593,37,9841.0,2025-12-09 21:17:04,2026-01-07,3,Completed,Mobile App,,0,113223.0
8127,8593,5,12765.0,2026-07-27 07:43:01,2027-01-08,4,Confirmed,Instagram,,0,162620.0
8128,8593,78,2948.0,2025-04-09 17:32:38,2025-05-08,6,Completed,Website,,0,121044.0
8129,8593,72,,2025-10-26 18:33:08,2025-11-06,5,Completed,Website,TP5OFF,5,52805.75
8130,8593,36,,2026-06-18 15:11:30,2026-06-26,2,Cancelled,Website,,0,86226.0
8131,8593,90,3437.0,2026-07-30 01:02:18,2026-11-17,6,Confirmed,Website,,0,124584.0
8132,8595,75,,2024-08-12 12:30:30,2024-08-26,5,Completed,Mobile App,,0,108510.0
8133,8595,77,1067.0,2026-08-27 02:56:20,2026-12-15,3,Confirmed,Website,TP5OFF,5,56831.85
8134,8596,11,586.0,2026-06-26 17:46:28,2026-08-16,3,Completed,Website,,0,85002.0
8135,8596,5,4495.0,2026-08-01 16:39:11,2027-01-03,3,Confirmed,Mobile App,,0,121965.0
8136,8597,10,,2026-06-24 19:10:46,2026-08-19,4,Completed,Website,,0,37888.0
8137,8598,75,4465.0,2024-06-28 20:15:42,2024-07-21,5,Completed,Website,,0,108510.0
8138,8600,70,,2026-09-05 12:23:37,2026-10-01,3,Confirmed,Mobile App,TP15OFF,15,36526.2
8139,8600,39,,2026-08-12 08:54:25,2026-08-22,2,Cancelled,Website,,0,14356.0
8140,8601,63,,2023-09-18 21:27:12,2023-10-05,2,Completed,Referral Link,TP10OFF,10,30556.8
8141,8601,83,12552.0,2024-09-16 15:17:33,2024-10-18,4,Completed,Mobile App,,0,38304.0
8142,8601,30,,2026-06-16 12:23:31,2026-11-13,4,Confirmed,Website,,0,36144.0
8143,8603,88,,2026-08-22 23:05:24,2026-12-13,3,Pending,Instagram,TP5OFF,5,23116.35
8144,8606,6,,2026-06-12 07:26:48,2026-08-25,2,Cancelled,Mobile App,TP15OFF,15,14999.1
8145,8607,67,,2025-09-26 17:04:58,2025-11-15,4,Completed,Website,,0,66916.0
8146,8607,44,,2026-06-16 16:31:56,2026-09-16,3,Confirmed,Website,,0,20070.0
8147,8608,59,,2026-07-04 07:59:44,2026-08-02,5,Completed,Referral Link,TP10OFF,10,90387.0
8148,8610,33,2907.0,2026-07-19 01:37:11,2026-07-31,4,Cancelled,Website,TP10OFF,10,39862.8
8149,8610,27,,2025-02-23 02:19:57,2025-03-24,4,Completed,Referral Link,TP10OFF,10,24105.6
8150,8610,21,4843.0,2026-06-09 14:59:07,2026-11-26,5,Pending,Referral Link,,0,37045.0
8151,8610,81,12382.0,2023-09-23 02:21:00,2023-10-03,5,Completed,Website,,0,126385.0
8152,8610,27,13325.0,2023-12-12 13:24:41,2023-12-26,4,Cancelled,Website,TP5OFF,5,25444.8
8153,8611,49,8717.0,2026-06-29 18:56:48,2026-12-15,2,Confirmed,Mobile App,,0,23212.0
8154,8613,61,10321.0,2026-01-31 06:31:16,2026-03-28,6,Completed,Mobile App,,0,114330.0
8155,8614,81,,2026-06-09 08:52:50,2026-08-16,5,Completed,Website,,0,126385.0
8156,8615,27,9853.0,2026-07-20 01:06:19,2026-08-22,4,Completed,Website,,0,26784.0
8157,8616,40,5026.0,2026-07-16 18:23:17,2026-08-18,1,Completed,Mobile App,,0,33149.0
8158,8617,24,5716.0,2026-08-28 22:37:33,2026-09-18,3,Confirmed,Website,TP5OFF,5,27328.65
8159,8617,66,,2026-08-03 08:43:28,2026-12-09,6,Confirmed,Referral Link,,0,186636.0
8160,8617,93,8732.0,2026-01-16 04:14:49,2026-02-03,3,Completed,Website,,0,53940.0
8161,8617,29,,2023-12-28 20:04:16,2024-02-12,2,Completed,Website,TP10OFF,10,54496.8
8162,8617,20,5772.0,2024-12-24 07:05:21,2025-02-14,3,Completed,Website,,0,109815.0
8163,8618,77,9689.0,2026-07-08 08:21:17,2026-11-23,4,Confirmed,Mobile App,TP5OFF,5,75775.8
8164,8618,75,821.0,2026-07-08 06:23:54,2026-11-13,6,Confirmed,Website,,0,130212.0
8165,8619,13,,2026-06-22 06:25:08,2026-08-31,4,Completed,Referral Link,,0,43096.0
8166,8620,98,,2026-07-12 22:09:00,2026-09-03,4,Completed,Website,TP15OFF,15,52217.2
8167,8621,8,5658.0,2026-06-13 20:46:04,2026-09-04,2,Completed,Website,,0,69516.0
8168,8621,87,,2024-03-30 19:57:59,2024-05-17,5,Completed,Instagram,TP5OFF,5,103407.5
8169,8626,81,,2026-07-01 20:03:17,2026-11-27,4,Pending,Website,,0,101108.0
8170,8628,66,10709.0,2024-08-21 00:23:45,2024-10-07,5,Completed,Referral Link,,0,155530.0
8171,8629,57,10310.0,2025-05-25 07:30:03,2025-06-01,6,Completed,Mobile App,TP15OFF,15,119039.1
8172,8632,54,,2024-08-29 07:28:52,2024-09-05,5,Cancelled,Mobile App,,0,58580.0
8173,8633,95,,2026-09-01 21:24:31,2026-12-03,2,Cancelled,Instagram,TP10OFF,10,13158.0
8174,8634,68,4639.0,2024-05-22 14:26:15,2024-06-26,3,Cancelled,Mobile App,TP20OFF,20,55536.0
8175,8634,77,,2025-02-11 11:25:45,2025-02-23,3,Completed,Website,,0,59823.0
8176,8635,49,,2026-09-02 20:19:51,2026-10-10,3,Confirmed,Mobile App,TP15OFF,15,29595.3
8177,8638,90,13117.0,2026-08-13 16:48:26,2026-09-23,3,Confirmed,Mobile App,,0,62292.0
8178,8640,10,5217.0,2024-04-15 04:45:40,2024-05-02,1,Cancelled,Website,,0,9472.0
8179,8641,39,,2024-03-27 19:45:59,2024-05-25,5,Completed,Website,,0,35890.0
8180,8642,92,,2026-08-21 14:08:46,2026-12-13,2,Confirmed,Mobile App,,0,14814.0
8181,8643,26,5860.0,2026-06-18 02:30:56,2026-07-18,2,Completed,Mobile App,,0,51914.0
8182,8643,32,,2026-08-10 04:07:18,2027-01-12,4,Pending,Mobile App,TP5OFF,5,98659.4
8183,8644,23,,2024-06-11 12:12:48,2024-06-26,4,Completed,Instagram,,0,155924.0
8184,8649,70,,2026-08-27 07:27:17,2026-10-23,4,Confirmed,Referral Link,,0,57296.0
8185,8650,2,,2026-07-25 13:28:49,2026-11-30,4,Confirmed,Website,,0,132252.0
8186,8650,5,4571.0,2026-08-08 12:11:05,2027-01-15,3,Confirmed,Mobile App,,0,121965.0
8187,8651,57,2629.0,2026-08-13 17:13:33,2026-08-27,3,Completed,Website,,0,70023.0
8188,8651,75,13415.0,2026-06-17 09:06:06,2026-07-03,4,Completed,Mobile App,,0,86808.0
8189,8651,18,,2024-02-06 04:40:52,2024-03-02,5,Completed,Website,TP15OFF,15,26401.0
8190,8654,98,,2024-08-04 00:53:49,2024-09-23,3,Completed,Website,,0,46074.0
8191,8656,58,,2026-07-30 22:12:54,2026-12-01,3,Confirmed,Website,,0,36483.0
8192,8657,19,401.0,2024-02-10 09:56:01,2024-03-31,4,Cancelled,Website,,0,35348.0
8193,8658,87,,2026-06-29 18:20:21,2026-09-18,3,Pending,Website,,0,65310.0
8194,8658,47,11677.0,2026-08-12 01:05:47,2027-01-23,3,Pending,Mobile App,TP15OFF,15,77341.5
8195,8659,19,,2025-06-28 22:01:20,2025-08-05,2,Cancelled,Website,,0,17674.0
8196,8659,94,,2026-07-08 15:18:18,2026-09-12,2,Confirmed,Website,TP5OFF,5,23409.9
8197,8660,62,830.0,2026-06-12 05:11:28,2026-07-05,4,Completed,Referral Link,TP10OFF,10,67273.2
8198,8660,96,,2026-07-03 20:32:39,2026-11-27,1,Confirmed,Referral Link,TP10OFF,10,19629.9
8199,8662,34,,2026-07-21 01:49:51,2026-10-12,4,Confirmed,Website,TP15OFF,15,33636.2
8200,8663,71,,2026-07-13 01:33:51,2026-09-01,2,Completed,Instagram,,0,12030.0
8201,8663,82,3844.0,2026-08-10 21:02:04,2027-01-06,2,Pending,Mobile App,,0,19692.0
8202,8664,19,,2024-01-25 17:55:17,2024-03-17,2,Cancelled,Website,,0,17674.0
8203,8666,84,,2026-08-29 08:05:08,2026-11-23,5,Confirmed,Mobile App,,0,108810.0
8204,8666,23,4653.0,2025-02-11 04:06:02,2025-03-25,4,Completed,Instagram,TP5OFF,5,148127.8
8205,8667,96,,2024-05-09 17:34:55,2024-05-27,4,Completed,Mobile App,TP5OFF,5,82881.8
8206,8668,62,4551.0,2026-09-05 08:52:43,2026-12-19,2,Pending,Website,,0,37374.0
8207,8670,68,4954.0,2026-04-30 10:00:16,2026-05-23,3,Completed,Referral Link,,0,69420.0
8208,8670,73,7009.0,2026-06-23 20:07:51,2026-07-11,5,Completed,Instagram,,0,129175.0
8209,8670,59,4757.0,2025-07-27 01:53:27,2025-08-18,5,Completed,Website,,0,100430.0
8210,8670,61,10776.0,2026-07-11 03:51:40,2026-10-24,4,Confirmed,Mobile App,,0,76220.0
8211,8671,92,,2026-08-16 16:21:47,2027-02-11,5,Pending,Website,,0,37035.0
8212,8671,60,,2026-06-09 22:23:01,2026-07-26,5,Completed,Referral Link,,0,64525.0
8213,8671,10,,2026-07-15 01:12:30,2026-11-26,1,Cancelled,Website,,0,9472.0
8214,8671,88,,2026-08-07 19:48:06,2026-09-30,3,Pending,Mobile App,,0,24333.0
8215,8671,92,12877.0,2026-08-25 14:55:21,2027-02-13,5,Cancelled,Referral Link,,0,37035.0
8216,8671,88,2476.0,2024-10-02 23:03:52,2024-11-11,3,Completed,Mobile App,TP15OFF,15,20683.05
8217,8672,85,,2025-01-03 17:34:09,2025-01-12,5,Completed,Website,TP10OFF,10,38448.0
8218,8673,41,5591.0,2026-08-17 06:35:38,2027-01-01,2,Pending,Instagram,TP5OFF,5,92777.0
8219,8676,1,13384.0,2026-06-17 17:58:34,2026-07-18,2,Completed,Mobile App,,0,21974.0
8220,8676,19,,2025-09-13 15:24:47,2025-11-12,2,Completed,Mobile App,TP10OFF,10,15906.6
8221,8676,7,6467.0,2026-06-17 03:51:12,2026-07-07,2,Completed,Website,,0,26138.0
8222,8676,95,,2026-09-04 23:19:35,2027-03-01,3,Confirmed,Website,TP5OFF,5,20833.5
8223,8676,88,,2026-07-13 09:41:42,2026-10-17,2,Confirmed,Referral Link,,0,16222.0
8224,8678,5,,2024-10-04 18:01:22,2024-10-14,3,Completed,Referral Link,TP10OFF,10,109768.5
8225,8678,42,,2026-07-08 07:33:10,2026-11-03,3,Confirmed,Mobile App,,0,116151.0
8226,8679,42,11663.0,2026-06-30 02:54:08,2026-12-27,2,Confirmed,Mobile App,,0,77434.0
8227,8679,37,,2026-07-13 18:36:31,2026-09-10,4,Confirmed,Website,TP5OFF,5,143415.8
8228,8680,42,,2024-04-20 07:13:35,2024-05-24,2,Completed,Website,,0,77434.0
8229,8681,85,,2026-07-25 21:22:55,2027-01-16,5,Pending,Mobile App,TP15OFF,15,36312.0
8230,8681,62,,2026-07-13 08:42:20,2026-07-29,1,Completed,Website,,0,18687.0
8231,8681,54,644.0,2026-07-01 17:17:15,2026-08-09,5,Completed,Mobile App,,0,58580.0
8232,8681,70,3715.0,2023-10-09 10:11:52,2023-10-23,5,Completed,Mobile App,,0,71620.0
8233,8682,20,,2026-07-27 10:54:58,2026-12-07,3,Confirmed,Website,TP15OFF,15,93342.75
8234,8682,69,,2025-02-21 05:37:54,2025-04-16,6,Completed,Mobile App,TP15OFF,15,120666.0
8235,8684,26,4262.0,2024-05-11 11:08:28,2024-07-06,3,Completed,Mobile App,,0,77871.0
8236,8685,1,4166.0,2026-07-21 05:53:17,2026-08-19,4,Completed,Website,,0,43948.0
8237,8685,44,,2025-02-09 17:52:25,2025-03-09,2,Completed,Website,,0,13380.0
8238,8686,97,,2026-06-11 13:08:40,2026-07-04,4,Completed,Website,TP5OFF,5,64444.2
8239,8687,94,,2026-08-09 13:45:37,2026-09-18,4,Confirmed,Mobile App,TP10OFF,10,44355.6
8240,8688,59,,2026-08-01 04:52:24,2026-08-18,3,Cancelled,Website,TP10OFF,10,54232.2
8241,8689,61,931.0,2026-07-23 19:33:18,2027-01-11,4,Confirmed,Website,,0,76220.0
8242,8690,13,12526.0,2026-06-21 10:54:16,2026-08-04,3,Completed,Mobile App,,0,32322.0
8243,8691,30,7539.0,2026-07-13 04:55:43,2026-10-19,2,Confirmed,Mobile App,,0,18072.0
8244,8692,16,11037.0,2025-10-31 10:58:47,2025-11-28,3,Completed,Instagram,,0,32778.0
8245,8692,88,4501.0,2025-04-06 01:33:42,2025-04-20,4,Completed,Website,,0,32444.0
8246,8693,68,14333.0,2026-07-04 11:50:07,2026-11-14,4,Confirmed,Mobile App,,0,92560.0
8247,8695,14,,2026-07-17 03:09:48,2026-12-08,3,Confirmed,Mobile App,,0,114609.0
8248,8697,54,12111.0,2023-11-23 16:45:30,2024-01-12,3,Completed,Website,,0,35148.0
8249,8699,82,,2026-08-09 10:03:10,2026-12-17,5,Pending,Instagram,,0,49230.0
8250,8699,85,,2025-10-31 10:42:00,2025-11-17,2,Completed,Website,TP20OFF,20,13670.4
8251,8704,2,,2026-08-25 06:27:56,2027-01-23,2,Confirmed,Website,TP15OFF,15,56207.1
8252,8704,26,10057.0,2025-11-18 03:41:37,2025-12-24,4,Cancelled,Instagram,TP5OFF,5,98636.6
8253,8705,49,,2026-06-10 07:31:03,2026-09-15,3,Confirmed,Mobile App,,0,34818.0
8254,8706,69,1186.0,2026-06-28 17:45:36,2026-11-12,3,Confirmed,Instagram,,0,70980.0
8255,8707,55,10959.0,2026-08-14 22:41:31,2026-10-20,1,Confirmed,Website,,0,24125.0
8256,8708,59,409.0,2026-06-16 15:47:49,2026-07-03,3,Completed,Referral Link,,0,60258.0
8257,8710,64,2829.0,2026-07-10 15:57:54,2026-12-12,2,Confirmed,Website,TP20OFF,20,25908.8
8258,8711,59,,2026-08-07 13:56:04,2026-08-30,4,Completed,Instagram,,0,80344.0
8259,8713,29,,2026-06-17 20:36:46,2026-09-19,2,Confirmed,Mobile App,,0,60552.0
8260,8718,25,14778.0,2025-08-29 00:01:05,2025-10-15,1,Completed,Instagram,,0,11853.0
8261,8718,22,14456.0,2025-08-18 21:39:22,2025-09-01,2,Completed,Website,,0,18126.0
8262,8719,52,,2026-07-11 05:59:07,2026-12-25,3,Confirmed,Mobile App,,0,92097.0
8263,8719,11,11199.0,2026-04-02 10:18:09,2026-05-06,2,Cancelled,Mobile App,TP15OFF,15,48167.8
8264,8721,58,,2026-08-10 04:56:08,2026-12-05,3,Confirmed,Website,TP10OFF,10,32834.7
8265,8722,49,3217.0,2025-08-27 13:48:58,2025-09-05,5,Cancelled,Mobile App,,0,58030.0
8266,8723,55,,2026-06-30 05:58:22,2026-07-10,1,Completed,Website,TP5OFF,5,22918.75
8267,8724,5,1193.0,2023-11-14 07:29:17,2023-11-30,4,Completed,Mobile App,,0,162620.0
8268,8724,37,6108.0,2024-07-27 23:34:57,2024-08-18,3,Completed,Website,,0,113223.0
8269,8725,94,12184.0,2026-07-04 23:40:10,2026-09-14,2,Confirmed,Instagram,TP5OFF,5,23409.9
8270,8725,70,7633.0,2025-08-26 19:17:17,2025-09-16,3,Completed,Website,,0,42972.0
8271,8727,75,10932.0,2026-06-21 10:43:22,2026-11-18,6,Confirmed,Website,,0,130212.0
8272,8728,25,,2026-06-08 18:15:27,2026-08-03,3,Completed,Website,,0,35559.0
8273,8729,28,,2024-08-24 23:26:02,2024-09-09,1,Completed,Mobile App,TP5OFF,5,8887.25
8274,8731,70,,2026-08-13 08:22:14,2027-01-24,5,Confirmed,Website,,0,71620.0
8275,8732,35,,2026-09-02 12:13:04,2027-02-08,2,Confirmed,Website,,0,62006.0
8276,8732,9,,2026-07-15 22:07:06,2026-10-06,3,Confirmed,Referral Link,,0,30108.0
8277,8733,16,,2024-03-18 21:12:24,2024-05-17,4,Completed,Website,TP15OFF,15,37148.4
8278,8733,1,10695.0,2026-08-15 01:08:33,2026-11-30,3,Confirmed,Website,TP15OFF,15,28016.85
8279,8734,49,,2024-09-05 02:47:20,2024-10-28,3,Completed,Mobile App,TP15OFF,15,29595.3
8280,8735,53,,2024-07-02 04:54:21,2024-07-12,4,Completed,Referral Link,TP15OFF,15,39225.8
8281,8735,71,4908.0,2026-06-14 08:53:40,2026-07-11,5,Completed,Website,,0,30075.0
8282,8736,86,,2024-12-01 22:53:29,2024-12-23,2,Completed,Instagram,,0,15312.0
8283,8739,49,,2026-07-15 18:50:17,2026-11-05,4,Confirmed,Website,TP10OFF,10,41781.6
8284,8741,25,,2026-07-27 04:20:15,2026-09-24,1,Confirmed,Website,,0,11853.0
8285,8743,46,12424.0,2023-11-24 18:14:10,2024-01-04,2,Completed,Website,TP5OFF,5,57841.7
8286,8743,81,,2023-10-21 16:38:49,2023-12-03,5,Completed,Website,,0,126385.0
8287,8743,17,,2024-03-23 20:31:56,2024-05-04,4,Completed,Mobile App,,0,162248.0
8288,8743,90,3032.0,2026-07-24 19:30:06,2026-11-09,3,Confirmed,Website,TP5OFF,5,59177.4
8289,8743,8,,2026-08-14 05:48:04,2026-10-06,2,Cancelled,Instagram,,0,69516.0
8290,8743,46,,2026-07-13 06:57:31,2026-08-06,2,Completed,Mobile App,TP5OFF,5,57841.7
8291,8744,81,,2026-07-25 09:21:44,2026-12-03,6,Confirmed,Website,,0,151662.0
8292,8744,93,7471.0,2025-10-02 11:40:42,2025-12-01,6,Completed,Website,,0,107880.0
8293,8746,77,,2026-09-03 22:07:03,2026-11-29,5,Confirmed,Website,,0,99705.0
8294,8747,54,8621.0,2026-07-15 03:58:19,2026-10-15,2,Confirmed,Website,TP5OFF,5,22260.4
8295,8750,56,,2024-09-28 02:09:39,2024-11-13,2,Completed,Mobile App,,0,33648.0
8296,8754,66,,2023-09-09 14:32:28,2023-10-27,3,Completed,Website,,0,93318.0
8297,8755,17,6684.0,2026-06-29 04:59:24,2026-09-05,2,Completed,Mobile App,,0,81124.0
8298,8756,62,,2026-07-22 09:33:36,2026-10-30,1,Cancelled,Website,TP5OFF,5,17752.65
8299,8756,88,6239.0,2026-07-01 11:17:34,2026-11-07,2,Confirmed,Website,TP5OFF,5,15410.9
8300,8757,85,,2026-09-04 09:31:55,2026-10-12,5,Confirmed,Website,TP5OFF,5,40584.0
8301,8759,87,6943.0,2026-08-09 23:28:01,2026-10-23,3,Confirmed,Instagram,,0,65310.0
8302,8760,86,,2026-06-17 04:20:26,2026-10-22,3,Cancelled,Website,,0,22968.0
8303,8762,61,9688.0,2026-03-06 15:17:08,2026-04-03,4,Completed,Website,,0,76220.0
8304,8765,22,,2024-05-29 10:44:29,2024-07-09,4,Completed,Mobile App,,0,36252.0
8305,8768,70,,2026-06-27 20:21:56,2026-11-22,3,Confirmed,Website,TP5OFF,5,40823.4
8306,8770,5,13823.0,2024-12-06 09:08:03,2025-01-27,2,Completed,Mobile App,TP5OFF,5,77244.5
8307,8771,25,,2024-08-29 22:26:17,2024-10-01,2,Completed,Mobile App,,0,23706.0
8308,8771,34,8507.0,2026-08-25 22:11:35,2027-01-06,4,Cancelled,Website,TP15OFF,15,33636.2
8309,8771,54,12546.0,2026-09-03 14:22:11,2026-10-15,4,Confirmed,Mobile App,,0,46864.0
8310,8771,4,,2024-05-22 10:40:08,2024-06-17,2,Completed,Mobile App,TP5OFF,5,16060.7
8311,8771,13,11637.0,2026-08-10 09:49:47,2026-09-05,3,Completed,Mobile App,,0,32322.0
8312,8772,88,3713.0,2024-03-07 02:13:59,2024-04-24,3,Completed,Instagram,,0,24333.0
8313,8772,25,,2026-07-10 07:50:12,2026-12-18,2,Pending,Website,,0,23706.0
8314,8772,62,2452.0,2026-06-21 15:20:10,2026-07-14,3,Completed,Mobile App,,0,56061.0
8315,8772,85,,2026-07-05 11:58:53,2026-10-04,2,Confirmed,Referral Link,,0,17088.0
8316,8772,13,,2024-05-05 02:13:53,2024-05-31,2,Completed,Website,TP20OFF,20,17238.4
8317,8772,22,9076.0,2024-12-06 01:28:58,2025-01-02,4,Completed,Instagram,,0,36252.0
8318,8773,76,,2026-06-26 10:21:23,2026-11-07,2,Pending,Mobile App,,0,30886.0
8319,8773,23,,2025-03-28 16:24:13,2025-05-15,2,Completed,Mobile App,TP10OFF,10,70165.8
8320,8773,8,9391.0,2024-10-10 15:59:28,2024-10-26,3,Completed,Website,TP15OFF,15,88632.9
8321,8775,85,2968.0,2024-11-28 14:25:56,2025-01-27,3,Cancelled,Website,,0,25632.0
8322,8777,14,,2026-07-22 20:02:48,2026-12-09,4,Confirmed,Instagram,TP10OFF,10,137530.8
8323,8779,1,,2026-06-23 13:16:28,2026-12-14,4,Confirmed,Mobile App,,0,43948.0
8324,8779,4,578.0,2026-08-02 22:02:13,2026-12-05,2,Pending,Mobile App,,0,16906.0
8325,8780,52,9571.0,2026-08-05 03:13:43,2026-10-03,2,Confirmed,Referral Link,,0,61398.0
8326,8781,42,12532.0,2026-06-10 09:49:58,2026-12-07,2,Pending,Mobile App,,0,77434.0
8327,8784,1,,2024-11-12 21:35:35,2024-11-24,1,Completed,Website,,0,10987.0
8328,8784,79,9708.0,2026-05-21 23:16:07,2026-06-27,3,Completed,Website,TP15OFF,15,24714.6
8329,8785,12,3257.0,2024-01-25 23:19:09,2024-03-12,4,Completed,Instagram,,0,41396.0
8330,8785,38,,2026-06-09 05:52:57,2026-09-01,5,Completed,Website,,0,40165.0
8331,8785,29,13917.0,2025-11-23 05:21:47,2026-01-18,2,Completed,Referral Link,,0,60552.0
8332,8785,64,4591.0,2026-09-06 02:48:16,2026-12-23,2,Pending,Website,,0,32386.0
8333,8785,57,,2025-03-24 15:47:06,2025-04-27,4,Completed,Referral Link,TP20OFF,20,74691.2
8334,8785,64,,2025-09-23 13:31:52,2025-10-06,4,Completed,Mobile App,,0,64772.0
8335,8786,3,9807.0,2025-03-30 02:51:34,2025-05-22,5,Cancelled,Website,TP5OFF,5,30974.75
8336,8788,38,,2026-07-12 19:54:26,2026-09-04,5,Cancelled,Mobile App,,0,40165.0
8337,8788,80,9968.0,2024-04-12 21:14:48,2024-05-06,4,Completed,Website,TP10OFF,10,23101.2
8338,8790,34,,2023-12-18 08:41:04,2024-01-13,3,Completed,Mobile App,,0,29679.0
8339,8792,12,8567.0,2024-12-19 02:29:00,2025-01-28,5,Completed,Website,,0,51745.0
8340,8793,4,,2026-07-03 14:18:34,2026-08-27,2,Completed,Website,,0,16906.0
8341,8793,22,14398.0,2026-09-01 01:47:13,2026-10-20,2,Confirmed,Mobile App,,0,18126.0
8342,8794,97,9347.0,2024-01-29 09:04:27,2024-02-11,2,Completed,Mobile App,TP15OFF,15,28830.3
8343,8796,45,,2025-06-16 15:38:40,2025-08-15,2,Completed,Website,,0,67618.0
8344,8797,26,6107.0,2026-07-25 05:26:19,2026-10-27,3,Confirmed,Instagram,,0,77871.0
8345,8797,26,14794.0,2026-06-10 02:10:01,2026-07-13,3,Completed,Mobile App,,0,77871.0
8346,8801,96,892.0,2026-08-03 19:26:21,2026-09-17,2,Confirmed,Website,,0,43622.0
8347,8803,3,,2023-12-23 13:10:41,2024-01-16,5,Cancelled,Website,,0,32605.0
8348,8804,19,12603.0,2024-11-03 11:39:05,2024-11-21,4,Completed,Mobile App,,0,35348.0
8349,8807,76,,2026-01-18 02:04:05,2026-01-26,5,Completed,Website,,0,77215.0
8350,8810,59,,2023-11-10 10:34:29,2023-12-16,3,Completed,Mobile App,TP5OFF,5,57245.1
8351,8811,67,,2026-08-06 05:08:09,2026-10-22,4,Confirmed,Mobile App,,0,66916.0
8352,8812,7,,2024-08-26 02:35:17,2024-09-28,1,Completed,Mobile App,TP5OFF,5,12415.55
8353,8814,67,,2026-08-28 04:57:15,2026-11-20,5,Pending,Mobile App,TP10OFF,10,75280.5
8354,8814,65,6026.0,2026-08-22 18:58:42,2026-12-13,5,Confirmed,Website,,0,87690.0
8355,8815,96,,2026-07-13 09:58:02,2026-11-02,3,Pending,Mobile App,,0,65433.0
8356,8815,85,,2026-08-11 04:48:22,2027-01-21,2,Confirmed,Referral Link,TP5OFF,5,16233.6
8357,8815,34,2955.0,2026-07-08 16:00:01,2026-10-26,2,Confirmed,Website,,0,19786.0
8358,8815,70,1964.0,2026-07-20 16:56:13,2026-09-12,5,Confirmed,Instagram,TP10OFF,10,64458.0
8359,8815,16,,2026-08-27 06:30:55,2026-11-29,1,Confirmed,Website,,0,10926.0
8360,8815,10,4253.0,2024-07-01 16:58:37,2024-08-16,2,Cancelled,Website,TP5OFF,5,17996.8
8361,8817,17,,2026-08-29 00:06:26,2026-11-14,3,Confirmed,Website,,0,121686.0
8362,8820,88,13188.0,2025-05-30 14:45:31,2025-07-07,5,Completed,Mobile App,,0,40555.0
8363,8821,12,,2026-07-27 19:44:20,2026-08-20,4,Completed,Website,,0,41396.0
8364,8821,3,12657.0,2026-08-03 11:16:03,2027-01-27,5,Confirmed,Referral Link,TP10OFF,10,29344.5
8365,8825,32,,2026-08-13 06:36:29,2026-11-23,3,Confirmed,Referral Link,,0,77889.0
8366,8827,15,,2026-09-01 20:37:46,2026-11-30,3,Confirmed,Mobile App,TP15OFF,15,26690.85
8367,8828,76,9861.0,2024-01-03 16:08:23,2024-01-29,4,Completed,Website,TP5OFF,5,58683.4
8368,8829,44,,2025-01-01 05:47:36,2025-01-28,5,Cancelled,Website,,0,33450.0
8369,8831,82,14738.0,2026-08-25 16:36:13,2027-02-02,5,Pending,Referral Link,,0,49230.0
8370,8832,60,,2023-10-20 22:49:47,2023-12-08,3,Completed,Instagram,TP5OFF,5,36779.25
8371,8832,26,12267.0,2025-07-20 14:30:42,2025-09-15,3,Completed,Website,,0,77871.0
8372,8834,68,,2026-07-03 23:54:41,2026-10-21,3,Confirmed,Website,,0,69420.0
8373,8835,47,6434.0,2026-07-31 16:15:45,2026-11-05,4,Confirmed,Mobile App,TP5OFF,5,115254.0
8374,8837,84,12673.0,2026-07-31 17:37:09,2027-01-08,5,Pending,Website,TP5OFF,5,103369.5
8375,8839,40,3636.0,2026-08-04 05:09:22,2026-12-17,2,Confirmed,Mobile App,,0,66298.0
8376,8840,69,,2026-07-25 08:50:43,2026-10-20,3,Confirmed,Mobile App,TP10OFF,10,63882.0
8377,8840,27,3171.0,2026-03-15 03:21:34,2026-05-05,3,Completed,Mobile App,,0,20088.0
8378,8840,5,,2023-10-20 00:06:41,2023-12-16,4,Completed,Referral Link,TP5OFF,5,154489.0
8379,8840,24,,2026-01-18 09:05:38,2026-03-05,4,Completed,Referral Link,,0,38356.0
8380,8840,68,6074.0,2024-09-16 11:38:51,2024-11-08,3,Completed,Instagram,TP5OFF,5,65949.0
8381,8844,82,,2024-06-22 16:51:20,2024-08-21,2,Completed,Website,TP5OFF,5,18707.4
8382,8845,77,1951.0,2025-05-01 15:51:22,2025-06-13,5,Cancelled,Website,TP5OFF,5,94719.75
8383,8845,73,12241.0,2026-06-19 18:02:49,2026-12-09,5,Confirmed,Mobile App,,0,129175.0
8384,8846,81,,2026-08-11 01:10:01,2026-11-03,6,Confirmed,Website,TP5OFF,5,144078.9
8385,8847,58,,2026-07-16 12:25:17,2026-09-14,5,Confirmed,Mobile App,TP10OFF,10,54724.5
8386,8847,89,3608.0,2024-08-08 00:30:41,2024-08-18,3,Completed,Instagram,,0,24924.0
8387,8848,24,,2026-08-22 01:50:49,2026-09-09,3,Confirmed,Mobile App,,0,28767.0
8388,8849,38,3644.0,2026-08-23 15:23:02,2026-12-26,3,Pending,Mobile App,TP15OFF,15,20484.15
8389,8849,53,14297.0,2026-02-04 12:27:13,2026-03-18,3,Completed,Website,,0,34611.0
8390,8849,53,4339.0,2026-07-13 05:50:45,2026-08-24,5,Completed,Mobile App,,0,57685.0
8391,8849,27,,2025-06-04 22:57:01,2025-06-15,5,Completed,Mobile App,,0,33480.0
8392,8849,89,,2026-08-25 18:55:42,2027-01-14,4,Pending,Referral Link,,0,33232.0
8393,8850,44,,2026-07-01 01:20:17,2026-10-03,5,Confirmed,Website,,0,33450.0
8394,8853,62,6857.0,2025-09-05 18:51:05,2025-10-08,2,Completed,Mobile App,TP15OFF,15,31767.9
8395,8853,91,,2026-08-13 22:41:59,2027-01-19,3,Confirmed,Mobile App,TP20OFF,20,31089.6
8396,8854,62,9386.0,2026-09-01 19:01:19,2026-10-04,4,Confirmed,Website,,0,74748.0
8397,8854,92,9501.0,2026-08-16 00:30:30,2026-09-17,3,Confirmed,Mobile App,,0,22221.0
8398,8855,27,,2026-08-06 17:09:57,2026-09-19,2,Confirmed,Referral Link,,0,13392.0
8399,8855,47,,2026-06-13 18:35:49,2026-09-08,2,Confirmed,Website,,0,60660.0
8400,8857,16,,2026-08-13 09:47:50,2026-11-05,1,Confirmed,Mobile App,,0,10926.0
8401,8858,80,,2026-08-12 07:16:03,2027-01-08,2,Confirmed,Website,TP15OFF,15,10908.9
8402,8858,21,13256.0,2026-09-03 10:16:55,2026-12-17,3,Confirmed,Website,,0,22227.0
8403,8858,40,321.0,2026-08-20 06:40:43,2026-12-11,2,Pending,Website,TP15OFF,15,56353.3
8404,8859,81,14453.0,2024-11-23 03:21:00,2024-12-23,5,Completed,Website,TP5OFF,5,120065.75
8405,8859,46,14685.0,2026-07-28 22:24:47,2026-11-30,2,Pending,Website,,0,60886.0
8406,8860,75,,2026-08-22 23:45:59,2027-02-08,6,Confirmed,Mobile App,,0,130212.0
8407,8863,9,,2026-07-03 12:14:53,2026-11-07,5,Cancelled,Instagram,TP20OFF,20,40144.0
8408,8863,21,,2026-07-16 04:51:42,2027-01-11,3,Confirmed,Referral Link,TP10OFF,10,20004.3
8409,8864,44,1643.0,2026-07-24 11:02:58,2026-10-22,4,Confirmed,Website,,0,26760.0
8410,8870,7,,2026-07-17 17:03:27,2026-12-07,1,Pending,Instagram,,0,13069.0
8411,8870,25,,2023-12-10 19:18:40,2024-02-03,2,Completed,Mobile App,,0,23706.0
8412,8870,39,6401.0,2026-08-16 21:35:44,2026-09-13,4,Confirmed,Website,,0,28712.0
8413,8871,98,10086.0,2024-06-26 06:01:06,2024-08-01,2,Completed,Website,TP5OFF,5,29180.2
8414,8873,76,,2024-05-14 01:22:49,2024-05-20,4,Cancelled,Mobile App,,0,61772.0
8415,8873,29,9035.0,2026-06-17 13:45:33,2026-11-06,4,Pending,Website,,0,121104.0
8416,8875,91,7116.0,2025-02-28 17:47:12,2025-04-06,4,Completed,Mobile App,,0,51816.0
8417,8876,18,,2026-07-07 19:04:14,2026-09-06,3,Completed,Website,TP5OFF,5,17704.2
8418,8880,71,,2024-11-27 08:32:56,2025-01-22,4,Completed,Mobile App,,0,24060.0
8419,8882,43,13035.0,2025-11-08 03:19:27,2025-12-02,2,Completed,Referral Link,TP10OFF,10,20140.2
8420,8882,86,12909.0,2026-06-19 11:15:27,2026-12-09,4,Pending,Website,TP15OFF,15,26030.4
8421,8886,82,,2026-08-23 09:20:49,2026-11-06,5,Pending,Website,TP5OFF,5,46768.5
8422,8886,91,3899.0,2026-06-26 13:03:04,2026-08-06,2,Completed,Website,,0,25908.0
8423,8887,67,,2024-01-16 05:12:33,2024-03-02,1,Completed,Mobile App,TP10OFF,10,15056.1
8424,8888,33,,2026-07-13 13:42:46,2026-08-15,5,Completed,Referral Link,,0,55365.0
8425,8889,30,,2025-02-04 03:57:29,2025-02-19,5,Completed,Instagram,TP5OFF,5,42921.0
8426,8891,94,,2025-03-04 15:53:16,2025-04-21,2,Completed,Website,,0,24642.0
8427,8892,88,,2023-09-23 08:34:38,2023-10-06,3,Completed,Website,,0,24333.0
8428,8895,77,5052.0,2026-07-08 13:22:19,2026-09-25,5,Pending,Website,TP10OFF,10,89734.5
8429,8897,9,,2024-09-11 16:09:19,2024-10-12,3,Completed,Website,TP5OFF,5,28602.6
8430,8897,68,,2025-03-20 00:12:46,2025-05-09,5,Cancelled,Mobile App,,0,115700.0
8431,8898,58,,2026-01-19 10:32:57,2026-01-29,4,Completed,Website,TP20OFF,20,38915.2
8432,8900,14,,2026-08-01 18:06:53,2026-11-30,4,Confirmed,Instagram,,0,152812.0
8433,8900,23,,2025-10-04 23:40:55,2025-11-15,4,Completed,Website,TP10OFF,10,140331.6
8434,8901,48,,2024-12-30 11:10:02,2025-02-28,3,Completed,Mobile App,,0,24120.0
8435,8901,3,11717.0,2026-01-21 19:22:28,2026-02-12,5,Completed,Mobile App,,0,32605.0
8436,8903,94,11379.0,2024-12-25 14:24:01,2025-01-12,3,Completed,Website,TP10OFF,10,33266.7
8437,8903,25,,2026-08-15 19:37:14,2027-01-24,2,Confirmed,Website,TP5OFF,5,22520.7
8438,8904,85,5560.0,2026-08-02 00:16:59,2026-12-29,3,Confirmed,Website,,0,25632.0
8439,8905,77,,2024-05-24 22:48:07,2024-06-21,5,Completed,Mobile App,,0,99705.0
8440,8905,66,,2026-09-06 09:24:54,2026-10-22,4,Confirmed,Website,TP5OFF,5,118202.8
8441,8909,64,,2026-08-18 19:45:20,2026-11-10,2,Confirmed,Mobile App,,0,32386.0
8442,8909,8,9701.0,2026-08-13 20:16:10,2026-10-29,3,Confirmed,Website,TP20OFF,20,83419.2
8443,8910,67,,2026-08-12 06:52:29,2027-02-05,2,Pending,Website,,0,33458.0
8444,8914,42,,2026-08-01 06:33:47,2027-01-02,4,Confirmed,Website,TP5OFF,5,147124.6
8445,8915,48,11290.0,2024-12-14 21:21:44,2025-01-07,3,Completed,Website,TP5OFF,5,22914.0
8446,8916,32,2337.0,2026-05-07 11:43:13,2026-06-13,3,Cancelled,Mobile App,,0,77889.0
8447,8916,93,6809.0,2026-07-04 07:43:41,2026-12-16,3,Confirmed,Referral Link,,0,53940.0
8448,8918,57,,2026-08-30 15:45:04,2026-11-15,6,Confirmed,Instagram,,0,140046.0
8449,8919,84,10525.0,2026-08-17 12:58:25,2026-10-19,3,Confirmed,Instagram,TP15OFF,15,55493.1
8450,8925,71,,2026-09-04 13:31:55,2026-10-29,4,Confirmed,Mobile App,,0,24060.0
8451,8925,28,,2025-09-28 07:59:29,2025-10-19,4,Completed,Referral Link,TP5OFF,5,35549.0
8452,8926,44,,2024-12-12 18:14:58,2025-02-08,2,Completed,Website,,0,13380.0
8453,8927,31,,2025-11-24 10:53:12,2026-01-23,2,Completed,Website,TP20OFF,20,64396.8
8454,8928,4,4942.0,2024-07-07 18:59:55,2024-08-01,3,Completed,Website,TP15OFF,15,21555.15
8455,8929,88,14736.0,2026-07-02 06:10:42,2026-12-16,5,Confirmed,Website,TP15OFF,15,34471.75
8456,8929,63,,2026-07-10 05:11:41,2026-12-12,4,Confirmed,Mobile App,,0,67904.0
8457,8930,30,,2026-08-26 16:34:01,2027-01-30,2,Cancelled,Mobile App,,0,18072.0
8458,8930,38,,2025-06-15 22:24:55,2025-07-29,2,Completed,Referral Link,TP5OFF,5,15262.7
8459,8932,43,,2026-07-21 19:18:18,2026-10-06,2,Pending,Mobile App,,0,22378.0
8460,8934,52,,2025-02-01 05:06:52,2025-03-31,2,Completed,Mobile App,TP10OFF,10,55258.2
8461,8936,80,8280.0,2026-01-29 17:38:07,2026-03-07,2,Completed,Instagram,,0,12834.0
8462,8938,49,14584.0,2026-07-11 11:07:24,2026-09-17,3,Confirmed,Website,,0,34818.0
8463,8939,74,5505.0,2026-08-07 12:27:07,2026-12-24,3,Confirmed,Website,,0,32523.0
8464,8943,60,5817.0,2025-12-17 05:06:14,2026-01-02,4,Completed,Mobile App,,0,51620.0
8465,8948,93,9043.0,2025-07-06 07:12:22,2025-08-26,4,Cancelled,Referral Link,TP20OFF,20,57536.0
8466,8948,17,,2025-11-22 12:54:44,2025-12-18,3,Completed,Instagram,TP5OFF,5,115601.7
8467,8948,56,,2026-07-01 21:05:04,2026-10-11,3,Pending,Website,TP5OFF,5,47948.4
8468,8948,65,,2023-10-06 06:37:37,2023-12-04,3,Completed,Instagram,,0,52614.0
8469,8948,23,14678.0,2026-07-22 10:48:38,2026-11-13,3,Confirmed,Website,,0,116943.0
8470,8949,22,,2025-02-04 18:41:55,2025-03-23,1,Completed,Website,,0,9063.0
8471,8949,88,,2026-08-31 07:34:37,2027-01-22,5,Cancelled,Mobile App,,0,40555.0
8472,8950,97,6110.0,2026-06-11 10:50:26,2026-08-14,3,Completed,Website,,0,50877.0
8473,8951,53,,2026-09-04 15:44:24,2026-09-26,2,Confirmed,Website,,0,23074.0
8474,8953,98,14856.0,2026-08-14 06:43:34,2026-09-04,5,Completed,Website,,0,76790.0
8475,8954,88,198.0,2026-07-06 23:36:59,2026-12-16,2,Confirmed,Mobile App,TP5OFF,5,15410.9
8476,8956,62,2606.0,2026-08-21 15:26:07,2026-11-15,3,Confirmed,Mobile App,,0,56061.0
8477,8957,64,1217.0,2026-03-13 16:59:25,2026-03-20,5,Cancelled,Website,TP20OFF,20,64772.0
8478,8959,72,1091.0,2025-03-29 03:00:43,2025-04-21,3,Completed,Mobile App,,0,33351.0
8479,8959,42,2347.0,2026-08-23 05:27:43,2027-02-09,3,Confirmed,Instagram,TP5OFF,5,110343.45
8480,8959,17,14103.0,2026-08-04 18:14:23,2026-10-27,4,Confirmed,Website,,0,162248.0
8481,8962,96,6800.0,2025-03-02 23:51:17,2025-05-01,4,Completed,Website,TP10OFF,10,78519.6
8482,8963,24,,2024-01-05 22:41:26,2024-02-17,4,Completed,Website,,0,38356.0
8483,8970,61,,2024-03-29 19:45:36,2024-04-26,6,Cancelled,Mobile App,,0,114330.0
8484,8971,64,11895.0,2025-08-12 10:18:02,2025-09-11,4,Cancelled,Website,TP5OFF,5,61533.4
8485,8971,58,,2025-11-17 15:47:11,2025-12-23,2,Completed,Website,TP10OFF,10,21889.8
8486,8972,98,6261.0,2026-06-06 15:40:53,2026-07-30,4,Completed,Mobile App,TP15OFF,15,52217.2
8487,8973,1,2947.0,2026-08-05 08:16:01,2026-09-28,4,Cancelled,Website,,0,43948.0
8488,8973,7,,2024-12-06 10:48:00,2025-01-21,2,Completed,Website,,0,26138.0
8489,8974,18,,2026-06-26 17:15:14,2026-10-01,5,Confirmed,Mobile App,TP10OFF,10,27954.0
8490,8974,35,2525.0,2026-07-10 06:32:35,2026-12-05,2,Confirmed,Mobile App,,0,62006.0
8491,8974,45,,2023-09-19 23:52:28,2023-11-05,1,Completed,Website,,0,33809.0
8492,8975,25,,2026-08-31 10:15:51,2026-12-22,2,Pending,Website,,0,23706.0
8493,8976,10,,2026-07-14 16:25:08,2026-08-21,3,Cancelled,Website,TP10OFF,10,25574.4
8494,8977,16,,2023-09-29 06:35:15,2023-11-13,4,Cancelled,Website,,0,43704.0
8495,8977,34,11415.0,2026-06-21 23:46:27,2026-10-26,4,Confirmed,Referral Link,TP10OFF,10,35614.8
8496,8978,34,,2026-07-03 09:13:30,2026-12-01,2,Confirmed,Website,,0,19786.0
8497,8979,54,5082.0,2026-08-03 01:26:51,2026-12-13,3,Pending,Website,TP20OFF,20,28118.4
8498,8979,91,,2026-09-05 12:33:11,2026-09-20,5,Confirmed,Website,,0,64770.0
8499,8979,60,,2026-06-10 16:20:08,2026-10-03,1,Confirmed,Website,TP5OFF,5,12259.75
8500,8979,28,1549.0,2026-04-18 12:54:50,2026-05-16,3,Completed,Instagram,TP5OFF,5,26661.75
8501,8980,82,4938.0,2025-07-16 23:58:48,2025-08-31,4,Completed,Mobile App,,0,39384.0
8502,8981,18,294.0,2026-08-22 15:49:36,2026-12-21,4,Confirmed,Website,,0,24848.0
8503,8982,87,,2026-06-16 14:27:59,2026-08-04,4,Completed,Website,,0,87080.0
8504,8983,96,,2026-08-30 15:57:55,2027-02-09,1,Confirmed,Mobile App,,0,21811.0
8505,8984,16,3620.0,2025-08-14 18:04:02,2025-09-17,2,Cancelled,Website,TP20OFF,20,17481.6
8506,8986,66,,2024-10-10 13:23:11,2024-12-02,5,Completed,Mobile App,TP20OFF,20,124424.0
8507,8986,48,3619.0,2026-08-09 00:24:37,2026-12-14,4,Confirmed,Website,TP20OFF,20,25728.0
8508,8988,23,7535.0,2026-08-29 23:32:02,2026-10-13,3,Confirmed,Mobile App,TP20OFF,20,93554.4
8509,8988,66,,2026-06-30 05:33:37,2026-07-20,4,Cancelled,Mobile App,,0,124424.0
8510,8989,64,9540.0,2026-07-24 06:15:48,2026-12-26,3,Cancelled,Referral Link,,0,48579.0
8511,8990,81,,2026-08-28 16:21:49,2027-01-14,3,Confirmed,Mobile App,,0,75831.0
8512,8990,64,,2025-12-17 07:48:18,2025-12-29,5,Completed,Website,,0,80965.0
8513,8991,8,,2026-07-20 18:37:10,2026-12-18,2,Pending,Website,,0,69516.0
8514,8991,23,11608.0,2025-09-15 09:15:35,2025-10-15,3,Completed,Website,TP5OFF,5,111095.85
8515,8991,42,,2023-10-08 10:13:27,2023-11-21,3,Completed,Website,,0,116151.0
8516,8991,59,14523.0,2024-02-19 10:09:54,2024-04-12,4,Completed,Mobile App,,0,80344.0
8517,8991,47,11698.0,2025-09-18 00:23:36,2025-09-23,2,Cancelled,Mobile App,TP5OFF,5,57627.0
8518,8992,20,5775.0,2026-07-31 01:10:21,2026-09-13,2,Confirmed,Mobile App,TP5OFF,5,69549.5
8519,8992,93,836.0,2026-07-24 18:25:13,2026-12-17,4,Pending,Website,,0,71920.0
8520,8993,46,507.0,2023-12-12 06:31:57,2024-02-06,2,Completed,Website,TP10OFF,10,54797.4
8521,8994,54,1687.0,2026-06-06 12:09:37,2026-07-13,2,Cancelled,Mobile App,,0,23432.0
8522,8996,81,,2026-08-11 13:03:36,2026-08-30,6,Completed,Website,,0,151662.0
8523,8996,60,3186.0,2023-10-12 00:49:02,2023-11-19,4,Completed,Mobile App,,0,51620.0
8524,8997,42,,2025-08-14 01:32:18,2025-09-05,2,Completed,Website,TP10OFF,10,69690.6
8525,8997,66,,2024-09-07 08:35:01,2024-10-23,3,Completed,Website,,0,93318.0
8526,8998,47,,2025-09-19 13:29:06,2025-10-11,2,Completed,Mobile App,,0,60660.0
8527,8999,55,,2024-12-08 13:04:21,2025-02-06,2,Completed,Mobile App,,0,48250.0
8528,9000,21,2316.0,2025-08-31 12:06:46,2025-09-12,3,Completed,Referral Link,,0,22227.0
8529,9001,43,3781.0,2026-01-13 02:55:16,2026-03-14,5,Completed,Referral Link,,0,55945.0
8530,9002,92,,2025-07-05 11:03:24,2025-07-22,5,Completed,Mobile App,,0,37035.0
8531,9004,12,4844.0,2025-06-14 12:48:58,2025-07-23,4,Completed,Mobile App,,0,41396.0
8532,9005,42,,2024-01-06 08:54:20,2024-01-25,4,Completed,Website,,0,154868.0
8533,9009,19,,2024-09-01 16:02:33,2024-10-02,4,Completed,Website,,0,35348.0
8534,9013,10,11371.0,2025-02-25 13:37:59,2025-04-12,1,Completed,Referral Link,,0,9472.0
8535,9014,20,,2025-10-26 16:57:09,2025-11-09,4,Completed,Referral Link,,0,146420.0
8536,9016,91,,2026-06-26 21:18:01,2026-12-04,2,Confirmed,Mobile App,,0,25908.0
8537,9020,73,7915.0,2026-07-02 12:18:46,2026-10-17,6,Confirmed,Mobile App,TP5OFF,5,147259.5
8538,9021,91,11259.0,2026-08-01 03:26:23,2027-01-08,3,Confirmed,Mobile App,TP5OFF,5,36918.9
8539,9021,88,12512.0,2026-09-02 09:30:58,2026-10-12,5,Confirmed,Mobile App,,0,40555.0
8540,9021,65,,2026-05-13 20:18:29,2026-05-29,3,Completed,Website,TP10OFF,10,47352.6
8541,9021,80,2906.0,2026-07-04 16:41:40,2026-12-16,5,Confirmed,Instagram,,0,32085.0
8542,9023,43,,2026-07-03 22:35:33,2026-07-28,5,Completed,Mobile App,TP10OFF,10,50350.5
8543,9025,62,3617.0,2025-09-29 22:53:10,2025-11-18,1,Completed,Instagram,,0,18687.0
8544,9026,94,2286.0,2023-09-17 12:47:13,2023-10-02,3,Completed,Instagram,,0,36963.0
8545,9028,58,,2026-07-13 22:23:23,2026-10-07,2,Confirmed,Website,,0,24322.0
8546,9029,62,,2026-04-18 14:02:45,2026-05-04,4,Completed,Website,TP15OFF,15,63535.8
8547,9030,97,11317.0,2026-06-21 02:32:50,2026-09-16,2,Confirmed,Mobile App,,0,33918.0
8548,9030,53,,2024-02-26 02:10:51,2024-03-11,4,Completed,Referral Link,,0,46148.0
8549,9031,39,865.0,2025-09-04 12:00:00,2025-10-18,5,Completed,Website,TP5OFF,5,34095.5
8550,9033,91,,2025-10-31 04:58:31,2025-11-14,3,Completed,Website,,0,38862.0
8551,9033,16,,2026-06-25 22:17:45,2026-12-19,3,Cancelled,Mobile App,TP5OFF,5,31139.1
8552,9033,96,9558.0,2026-08-04 10:19:28,2026-12-25,5,Confirmed,Mobile App,TP5OFF,5,103602.25
8553,9033,22,,2025-08-01 15:37:50,2025-09-10,2,Completed,Mobile App,TP5OFF,5,17219.7
8554,9033,44,,2026-08-23 16:03:32,2026-10-14,2,Confirmed,Mobile App,,0,13380.0
8555,9034,5,1812.0,2026-07-24 08:41:58,2027-01-03,4,Confirmed,Mobile App,TP15OFF,15,138227.0
8556,9035,1,,2026-07-17 03:18:03,2026-10-08,3,Pending,Mobile App,,0,32961.0
8557,9038,92,2199.0,2023-11-09 20:26:26,2023-12-10,5,Completed,Mobile App,,0,37035.0
8558,9040,96,1620.0,2026-08-04 04:07:44,2026-10-11,5,Confirmed,Website,TP5OFF,5,103602.25
8559,9041,85,14035.0,2026-08-19 16:18:35,2026-10-02,3,Cancelled,Website,,0,25632.0
8560,9042,57,,2026-08-27 08:51:23,2027-02-01,6,Confirmed,Website,,0,140046.0
8561,9044,84,,2024-04-28 19:25:59,2024-05-29,4,Completed,Website,TP5OFF,5,82695.6
8562,9047,78,,2026-08-05 04:58:15,2027-01-31,6,Confirmed,Website,TP5OFF,5,114991.8
8563,9048,77,8851.0,2026-06-30 07:43:18,2026-08-30,3,Completed,Instagram,,0,59823.0
8564,9049,74,12372.0,2026-07-14 10:59:52,2026-09-21,3,Confirmed,Instagram,,0,32523.0
8565,9049,96,,2026-06-21 08:54:08,2026-09-05,3,Completed,Mobile App,TP5OFF,5,62161.35
8566,9051,16,8079.0,2026-02-08 10:48:08,2026-03-26,2,Completed,Website,,0,21852.0
8567,9057,11,13907.0,2026-03-20 18:43:00,2026-04-16,3,Completed,Website,TP20OFF,20,68001.6
8568,9057,76,,2026-06-28 17:41:06,2026-08-25,1,Cancelled,Website,,0,15443.0
8569,9058,29,8926.0,2023-11-30 09:19:44,2023-12-20,3,Completed,Referral Link,,0,90828.0
8570,9061,7,,2026-07-31 19:02:07,2026-08-18,2,Completed,Mobile App,,0,26138.0
8571,9061,16,10736.0,2026-06-15 11:55:09,2026-10-30,3,Pending,Instagram,TP5OFF,5,31139.1
8572,9062,81,,2026-01-21 23:58:56,2026-02-04,6,Completed,Instagram,TP20OFF,20,121329.6
8573,9065,7,1226.0,2024-08-29 21:11:01,2024-10-11,3,Completed,Mobile App,,0,39207.0
8574,9066,9,,2026-08-31 16:12:28,2026-12-23,2,Confirmed,Referral Link,,0,20072.0
8575,9066,5,,2026-06-17 21:21:54,2026-08-01,2,Completed,Website,,0,81310.0
8576,9067,74,,2024-03-25 00:29:25,2024-04-23,5,Completed,Website,,0,54205.0
8577,9067,5,,2026-07-09 08:06:18,2026-08-09,2,Completed,Mobile App,,0,81310.0
8578,9067,51,,2025-04-07 07:58:22,2025-05-20,2,Completed,Website,,0,73474.0
8579,9067,74,,2023-10-18 15:52:40,2023-11-13,3,Cancelled,Instagram,,0,32523.0
8580,9068,14,7666.0,2025-02-18 12:55:22,2025-02-24,2,Completed,Website,,0,76406.0
8581,9069,23,,2024-02-13 22:22:46,2024-03-10,4,Completed,Mobile App,,0,155924.0
8582,9069,9,,2026-08-26 08:45:47,2026-10-04,5,Confirmed,Instagram,TP10OFF,10,45162.0
8583,9070,26,,2026-07-30 02:37:50,2026-12-28,4,Confirmed,Mobile App,,0,103828.0
8584,9071,59,,2026-08-03 18:24:03,2026-10-01,3,Confirmed,Mobile App,,0,60258.0
8585,9073,16,,2026-08-13 19:28:10,2026-12-17,2,Confirmed,Website,TP5OFF,5,20759.4
8586,9075,63,,2024-05-20 08:29:58,2024-06-16,5,Completed,Referral Link,,0,84880.0
8587,9077,38,6831.0,2026-08-10 04:30:37,2026-08-30,4,Completed,Website,TP15OFF,15,27312.2
8588,9077,93,5727.0,2026-06-19 15:12:41,2026-11-09,4,Confirmed,Website,,0,71920.0
8589,9078,72,,2024-05-12 21:33:57,2024-07-10,5,Cancelled,Instagram,TP5OFF,5,52805.75
8590,9079,59,10814.0,2026-07-16 14:11:09,2026-11-22,3,Confirmed,Mobile App,TP10OFF,10,54232.2
8591,9080,50,10004.0,2025-03-23 10:20:24,2025-05-09,2,Completed,Website,,0,39034.0
8592,9081,54,,2026-08-26 10:54:32,2026-10-17,4,Confirmed,Mobile App,TP10OFF,10,42177.6
8593,9084,42,,2024-11-08 18:42:42,2024-12-20,2,Completed,Website,,0,77434.0
8594,9085,55,,2026-08-29 03:43:54,2026-10-07,1,Confirmed,Website,,0,24125.0
8595,9085,30,,2025-06-08 07:55:53,2025-06-23,5,Completed,Mobile App,TP10OFF,10,40662.0
8596,9086,75,11754.0,2025-01-18 11:41:54,2025-02-05,6,Completed,Instagram,,0,130212.0
8597,9088,24,8322.0,2026-06-29 23:47:16,2026-09-13,5,Confirmed,Mobile App,,0,47945.0
8598,9088,63,,2026-07-29 11:20:27,2026-12-13,3,Confirmed,Mobile App,,0,50928.0
8599,9089,20,10226.0,2025-03-12 20:33:45,2025-04-16,4,Completed,Referral Link,,0,146420.0
8600,9090,29,9732.0,2025-06-26 06:32:32,2025-07-17,4,Completed,Mobile App,,0,121104.0
8601,9090,90,,2024-08-26 09:30:31,2024-10-07,3,Completed,Referral Link,,0,62292.0
8602,9092,61,,2025-04-29 19:13:16,2025-05-28,3,Completed,Referral Link,,0,57165.0
8603,9093,82,,2026-06-19 07:56:57,2026-09-13,2,Confirmed,Website,,0,19692.0
8604,9094,32,,2026-07-19 12:38:04,2026-11-30,2,Pending,Website,TP10OFF,10,46733.4
8605,9096,97,9844.0,2025-09-07 15:02:17,2025-10-18,2,Completed,Website,,0,33918.0
8606,9096,83,10846.0,2025-10-11 15:37:09,2025-12-09,4,Completed,Instagram,TP10OFF,10,34473.6
8607,9098,30,,2024-06-30 11:15:15,2024-07-22,4,Cancelled,Referral Link,TP10OFF,10,32529.6
8608,9100,38,2547.0,2026-07-11 23:43:11,2026-07-29,4,Completed,Website,,0,32132.0
8609,9100,38,,2024-05-05 16:05:26,2024-06-28,3,Completed,Mobile App,,0,24099.0
8610,9101,60,9692.0,2026-08-07 05:48:46,2027-01-01,3,Confirmed,Referral Link,,0,38715.0
8611,9103,59,831.0,2025-05-11 18:56:46,2025-06-07,3,Completed,Referral Link,TP5OFF,5,57245.1
8612,9103,59,,2026-06-15 02:15:32,2026-06-20,5,Completed,Website,TP20OFF,20,80344.0
8613,9105,25,,2026-01-30 12:18:48,2026-03-10,2,Completed,Website,,0,23706.0
8614,9105,65,5309.0,2026-02-03 21:13:45,2026-04-01,5,Cancelled,Mobile App,,0,87690.0
8615,9107,63,,2023-12-28 22:19:18,2024-02-23,2,Completed,Website,TP5OFF,5,32254.4
8616,9108,75,,2026-08-18 06:12:40,2026-11-04,5,Confirmed,Website,TP10OFF,10,97659.0
8617,9109,64,,2026-08-18 09:37:49,2026-10-26,4,Cancelled,Referral Link,,0,64772.0
8618,9109,73,,2026-07-21 02:36:19,2026-09-26,6,Confirmed,Website,,0,155010.0
8619,9110,48,3467.0,2023-12-26 01:34:11,2024-02-12,4,Completed,Referral Link,TP15OFF,15,27336.0
8620,9111,20,6160.0,2026-07-28 22:35:42,2026-09-15,2,Confirmed,Mobile App,,0,73210.0
8621,9111,58,,2026-07-26 12:12:54,2026-12-02,4,Confirmed,Instagram,,0,48644.0
8622,9112,67,14332.0,2026-04-13 14:15:41,2026-05-15,1,Completed,Website,,0,16729.0
8623,9112,28,,2026-06-17 15:13:03,2026-07-09,3,Cancelled,Mobile App,TP20OFF,20,22452.0
8624,9114,45,,2026-08-01 02:04:14,2026-10-19,1,Cancelled,Referral Link,TP5OFF,5,32118.55
8625,9115,42,6251.0,2026-06-16 16:14:49,2026-09-10,4,Confirmed,Website,,0,154868.0
8626,9115,46,,2024-02-25 04:04:15,2024-03-16,2,Completed,Mobile App,TP5OFF,5,57841.7
8627,9118,61,,2026-08-01 21:58:49,2026-12-05,4,Confirmed,Mobile App,TP5OFF,5,72409.0
8628,9118,57,,2024-09-14 22:37:42,2024-10-17,6,Completed,Mobile App,,0,140046.0
8629,9118,59,11932.0,2026-06-18 17:26:25,2026-11-20,5,Pending,Mobile App,,0,100430.0
8630,9119,84,5514.0,2026-02-17 08:42:08,2026-03-21,6,Completed,Mobile App,TP5OFF,5,124043.4
8631,9121,82,,2026-08-22 10:16:17,2026-12-17,4,Confirmed,Mobile App,,0,39384.0
8632,9121,39,2479.0,2024-03-17 15:39:28,2024-05-13,4,Completed,Instagram,TP5OFF,5,27276.4
8633,9123,78,,2024-12-16 20:56:41,2025-01-18,5,Completed,Website,,0,100870.0
8634,9123,90,,2026-06-28 21:27:49,2026-09-10,5,Confirmed,Mobile App,TP10OFF,10,93438.0
8635,9123,78,,2026-08-26 02:42:02,2027-02-12,6,Confirmed,Mobile App,,0,121044.0
8636,9126,59,,2026-08-23 17:24:00,2027-01-05,4,Confirmed,Mobile App,TP10OFF,10,72309.6
8637,9126,57,,2026-06-10 12:58:47,2026-06-22,4,Completed,Instagram,,0,93364.0
8638,9128,56,1903.0,2026-02-22 01:55:11,2026-04-01,5,Completed,Website,TP15OFF,15,71502.0
8639,9130,47,929.0,2026-07-24 09:56:29,2026-08-26,2,Cancelled,Website,,0,60660.0
8640,9130,48,11257.0,2026-06-24 02:51:10,2026-09-05,2,Cancelled,Instagram,,0,16080.0
8641,9132,89,,2023-10-11 07:10:11,2023-11-10,4,Cancelled,Referral Link,,0,33232.0
8642,9133,61,9729.0,2023-11-09 23:34:51,2024-01-06,4,Completed,Mobile App,,0,76220.0
8643,9134,66,,2026-08-05 12:30:16,2026-11-20,4,Confirmed,Website,,0,124424.0
8644,9135,18,13808.0,2026-05-14 05:44:55,2026-07-04,4,Completed,Mobile App,TP5OFF,5,23605.6
8645,9135,21,9520.0,2026-07-04 20:50:45,2026-08-10,2,Cancelled,Mobile App,TP15OFF,15,12595.3
8646,9137,9,,2025-03-12 21:05:19,2025-04-28,2,Completed,Referral Link,,0,20072.0
8647,9138,95,,2026-07-18 13:17:30,2026-07-30,3,Completed,Mobile App,TP5OFF,5,20833.5
8648,9139,8,8089.0,2025-04-03 04:52:06,2025-04-26,4,Completed,Website,,0,139032.0
8649,9140,83,7418.0,2026-01-22 11:09:33,2026-01-30,2,Completed,Website,TP20OFF,20,15321.6
8650,9142,44,,2024-01-19 14:15:40,2024-03-14,2,Completed,Referral Link,,0,13380.0
8651,9143,2,,2024-11-08 20:22:21,2024-11-17,4,Completed,Instagram,,0,132252.0
8652,9144,78,1824.0,2026-07-31 21:29:31,2026-09-19,5,Confirmed,Mobile App,,0,100870.0
8653,9144,69,6880.0,2024-05-29 00:59:22,2024-07-07,3,Cancelled,Mobile App,TP15OFF,15,60333.0
8654,9144,27,,2026-02-18 22:14:14,2026-03-15,3,Completed,Website,TP20OFF,20,16070.4
8655,9146,13,,2023-11-20 22:44:45,2023-12-01,1,Completed,Website,TP10OFF,10,9696.6
8656,9146,16,11242.0,2026-09-05 14:04:12,2026-11-12,1,Confirmed,Website,TP5OFF,5,10379.7
8657,9147,46,7893.0,2024-03-13 19:19:20,2024-03-25,2,Completed,Mobile App,TP15OFF,15,51753.1
8658,9147,23,12362.0,2026-08-03 22:21:34,2027-01-01,2,Confirmed,Mobile App,TP20OFF,20,62369.6
8659,9148,9,5047.0,2026-08-02 08:48:03,2026-09-26,3,Confirmed,Mobile App,TP10OFF,10,27097.2
8660,9149,96,12568.0,2026-06-28 11:17:40,2026-07-21,5,Completed,Referral Link,TP20OFF,20,87244.0
8661,9152,85,,2026-08-25 05:39:31,2026-10-27,5,Confirmed,Mobile App,TP10OFF,10,38448.0
8662,9157,54,,2024-09-14 12:50:00,2024-09-27,2,Completed,Website,,0,23432.0
8663,9157,34,,2025-02-26 15:01:34,2025-03-30,2,Cancelled,Website,,0,19786.0
8664,9158,16,,2023-10-21 22:56:00,2023-12-19,2,Completed,Referral Link,,0,21852.0
8665,9160,36,14101.0,2026-07-01 14:02:54,2026-07-19,2,Completed,Website,,0,86226.0
8666,9161,17,2557.0,2026-02-16 07:29:43,2026-03-27,2,Completed,Mobile App,,0,81124.0
8667,9161,11,,2025-09-30 05:24:00,2025-10-28,2,Completed,Website,TP20OFF,20,45334.4
8668,9162,22,,2026-07-28 06:21:16,2026-10-26,2,Confirmed,Website,,0,18126.0
8669,9165,98,14913.0,2024-03-03 16:37:09,2024-04-04,5,Completed,Mobile App,TP5OFF,5,72950.5
8670,9165,64,7773.0,2026-07-04 04:02:42,2026-12-30,3,Confirmed,Website,,0,48579.0
8671,9165,14,,2026-07-24 17:34:37,2026-08-14,2,Completed,Website,,0,76406.0
8672,9168,19,6381.0,2026-03-24 04:49:37,2026-03-29,4,Cancelled,Referral Link,TP5OFF,5,33580.6
8673,9168,22,,2024-03-12 19:11:00,2024-05-01,2,Completed,Instagram,,0,18126.0
8674,9169,49,,2026-08-05 16:39:53,2027-01-20,2,Cancelled,Website,TP20OFF,20,18569.6
8675,9170,6,8553.0,2026-06-17 00:37:08,2026-10-12,2,Confirmed,Mobile App,,0,17646.0
8676,9171,82,12178.0,2024-06-19 01:19:06,2024-07-30,4,Completed,Mobile App,TP15OFF,15,33476.4
8677,9171,89,,2024-03-19 11:39:06,2024-05-16,4,Completed,Website,,0,33232.0
8678,9172,56,,2026-08-29 09:19:56,2026-12-24,5,Pending,Website,,0,84120.0
8679,9173,13,14439.0,2026-02-03 17:31:04,2026-03-15,3,Completed,Mobile App,,0,32322.0
8680,9173,49,,2026-07-10 22:50:34,2026-11-14,4,Confirmed,Website,,0,46424.0
8681,9177,35,,2024-03-05 10:08:21,2024-04-02,2,Completed,Mobile App,,0,62006.0
8682,9177,63,,2025-09-04 06:37:20,2025-10-03,3,Completed,Website,,0,50928.0
8683,9177,3,12800.0,2026-01-05 13:29:34,2026-02-06,4,Completed,Mobile App,,0,26084.0
8684,9177,33,,2026-06-09 22:55:19,2026-11-19,3,Pending,Mobile App,,0,33219.0
8685,9177,30,7835.0,2026-03-10 09:41:12,2026-03-27,4,Completed,Mobile App,TP20OFF,20,28915.2
8686,9177,71,5330.0,2026-07-16 14:33:29,2026-08-31,4,Completed,Website,TP15OFF,15,20451.0
8687,9179,54,,2025-12-19 11:36:12,2026-02-10,4,Completed,Website,,0,46864.0
8688,9181,4,,2026-09-06 11:54:49,2026-12-06,4,Confirmed,Website,TP5OFF,5,32121.4
8689,9181,28,10544.0,2024-10-31 15:31:01,2024-11-13,1,Completed,Mobile App,TP5OFF,5,8887.25
8690,9183,64,,2026-08-06 02:13:59,2026-11-25,4,Pending,Referral Link,TP10OFF,10,58294.8
8691,9185,68,2862.0,2026-07-06 18:52:27,2026-07-15,6,Completed,Mobile App,,0,138840.0
8692,9185,68,,2023-12-27 23:02:36,2024-02-02,5,Completed,Website,,0,115700.0
8693,9186,7,5429.0,2026-09-05 06:38:37,2026-12-13,3,Cancelled,Mobile App,,0,39207.0
8694,9187,75,12917.0,2024-07-08 18:53:54,2024-07-23,4,Cancelled,Website,,0,86808.0
8695,9189,83,14223.0,2024-01-26 18:58:17,2024-03-15,4,Completed,Website,,0,38304.0
8696,9189,7,,2026-06-19 18:19:43,2026-07-13,1,Completed,Website,TP10OFF,10,11762.1
8697,9190,53,,2026-08-18 18:05:56,2026-10-01,4,Confirmed,Website,TP5OFF,5,43840.6
8698,9190,45,,2024-04-21 08:40:41,2024-06-08,2,Completed,Website,TP20OFF,20,54094.4
8699,9191,57,,2026-08-16 00:51:44,2026-09-11,4,Pending,Website,,0,93364.0
8700,9191,73,,2026-07-01 07:04:24,2026-08-23,6,Completed,Website,,0,155010.0
8701,9191,59,,2023-12-23 08:26:04,2024-02-17,5,Completed,Website,,0,100430.0
8702,9192,62,,2025-04-11 05:05:33,2025-04-29,3,Completed,Website,TP20OFF,20,44848.8
8703,9193,34,3998.0,2026-06-25 22:49:13,2026-11-15,2,Confirmed,Website,,0,19786.0
8704,9194,59,4052.0,2024-03-05 08:05:54,2024-05-02,4,Completed,Mobile App,,0,80344.0
8705,9194,59,,2026-07-23 16:24:08,2026-08-14,6,Completed,Mobile App,,0,120516.0
8706,9195,66,12868.0,2023-11-21 05:56:35,2024-01-01,4,Completed,Website,TP10OFF,10,111981.6
8707,9195,73,1070.0,2026-08-14 05:20:09,2027-01-31,4,Confirmed,Mobile App,,0,103340.0
8708,9196,60,6979.0,2024-11-20 23:44:29,2024-12-14,1,Completed,Mobile App,,0,12905.0
8709,9197,54,7716.0,2024-03-12 13:37:33,2024-04-29,2,Completed,Mobile App,,0,23432.0
8710,9198,19,4431.0,2026-06-21 05:56:04,2026-12-12,2,Confirmed,Mobile App,,0,17674.0
8711,9199,62,1501.0,2024-03-06 17:15:09,2024-03-27,1,Cancelled,Website,TP5OFF,5,17752.65
8712,9200,57,2238.0,2026-08-03 20:52:54,2026-11-24,3,Pending,Mobile App,,0,70023.0
8713,9202,23,,2026-06-26 06:26:20,2026-12-10,4,Confirmed,Website,TP15OFF,15,132535.4
8714,9203,53,,2026-06-20 19:10:43,2026-09-09,5,Cancelled,Website,TP10OFF,10,51916.5
8715,9204,72,,2026-03-15 16:16:55,2026-04-30,2,Completed,Instagram,,0,22234.0
8716,9205,91,,2023-10-29 00:33:02,2023-11-20,2,Completed,Website,,0,25908.0
8717,9206,13,14935.0,2026-04-23 04:24:14,2026-05-14,2,Completed,Website,,0,21548.0
8718,9207,82,,2024-06-18 01:06:50,2024-07-14,4,Completed,Mobile App,TP10OFF,10,35445.6
8719,9207,54,,2026-03-26 00:08:26,2026-04-06,3,Cancelled,Instagram,,0,35148.0
8720,9208,38,,2024-08-08 06:32:39,2024-09-16,4,Completed,Mobile App,TP5OFF,5,30525.4
8721,9208,64,1864.0,2024-11-21 09:42:36,2024-12-01,2,Cancelled,Referral Link,,0,32386.0
8722,9209,12,6833.0,2026-06-15 16:06:53,2026-12-03,4,Confirmed,Mobile App,,0,41396.0
8723,9209,23,5564.0,2026-07-17 20:02:30,2026-11-11,3,Confirmed,Website,TP5OFF,5,111095.85
8724,9212,49,5736.0,2024-01-04 00:26:02,2024-02-21,3,Completed,Website,TP5OFF,5,33077.1
8725,9212,44,,2026-09-01 09:00:42,2026-11-14,4,Pending,Website,,0,26760.0
8726,9213,67,,2024-07-22 11:09:25,2024-08-17,1,Completed,Mobile App,TP15OFF,15,14219.65
8727,9214,4,,2024-08-10 00:20:12,2024-08-25,3,Cancelled,Website,TP5OFF,5,24091.05
8728,9218,61,12624.0,2025-01-24 01:44:34,2025-02-26,6,Completed,Referral Link,,0,114330.0
8729,9218,3,5235.0,2025-01-22 03:09:37,2025-03-09,2,Completed,Mobile App,,0,13042.0
8730,9219,94,,2026-05-28 20:44:05,2026-07-22,3,Cancelled,Mobile App,TP10OFF,10,33266.7
8731,9220,13,9004.0,2025-06-21 09:20:44,2025-07-08,2,Completed,Mobile App,TP15OFF,15,18315.8
8732,9220,19,3347.0,2026-07-26 06:16:30,2027-01-14,3,Confirmed,Website,,0,26511.0
8733,9220,96,10022.0,2026-07-29 11:42:28,2026-10-30,3,Confirmed,Website,TP10OFF,10,58889.7
8734,9220,25,,2026-08-31 09:50:55,2027-01-19,4,Cancelled,Website,,0,47412.0
8735,9220,88,2447.0,2026-07-20 02:11:48,2026-10-22,3,Cancelled,Referral Link,,0,24333.0
8736,9222,90,11860.0,2026-07-17 08:30:15,2026-12-22,4,Confirmed,Mobile App,,0,83056.0
8737,9222,42,,2026-06-21 20:27:36,2026-08-14,2,Completed,Website,TP10OFF,10,69690.6
8738,9223,71,7839.0,2026-08-15 03:20:53,2026-10-19,4,Pending,Referral Link,,0,24060.0
8739,9224,89,,2026-02-20 08:10:34,2026-04-20,5,Completed,Instagram,TP5OFF,5,39463.0
8740,9225,44,5785.0,2026-07-01 21:03:42,2026-09-07,5,Pending,Referral Link,TP5OFF,5,31777.5
8741,9225,79,,2023-09-17 06:20:02,2023-10-30,2,Cancelled,Mobile App,TP5OFF,5,18414.8
8742,9226,6,5443.0,2026-07-29 09:24:57,2026-12-04,4,Confirmed,Mobile App,,0,35292.0
8743,9227,69,,2026-06-24 00:48:31,2026-07-13,4,Completed,Website,,0,94640.0
8744,9228,72,4468.0,2026-06-10 20:54:16,2026-07-02,5,Cancelled,Mobile App,TP15OFF,15,47247.25
8745,9228,47,,2026-07-29 16:42:22,2026-11-20,4,Confirmed,Referral Link,TP5OFF,5,115254.0
8746,9228,58,12039.0,2025-08-28 19:03:29,2025-10-13,5,Completed,Mobile App,TP5OFF,5,57764.75
8747,9228,42,12052.0,2025-12-09 04:30:26,2026-01-25,4,Completed,Website,TP5OFF,5,147124.6
8748,9229,57,,2025-04-14 16:33:24,2025-04-21,5,Cancelled,Website,TP5OFF,5,110869.75
8749,9231,71,,2024-08-17 01:46:33,2024-09-20,3,Completed,Website,TP15OFF,15,15338.25
8750,9232,40,937.0,2025-05-25 22:05:08,2025-05-31,2,Completed,Referral Link,,0,66298.0
8751,9234,22,,2023-09-29 17:47:52,2023-10-09,4,Completed,Instagram,,0,36252.0
8752,9234,7,,2026-01-28 13:08:18,2026-02-28,2,Cancelled,Mobile App,TP5OFF,5,24831.1
8753,9237,25,8110.0,2024-08-14 14:07:10,2024-08-30,1,Completed,Mobile App,,0,11853.0
8754,9239,56,,2023-12-11 20:18:59,2023-12-30,1,Completed,Website,,0,16824.0
8755,9240,5,,2026-08-14 19:06:26,2027-02-01,4,Confirmed,Mobile App,,0,162620.0
8756,9241,93,,2026-09-03 22:38:14,2026-09-29,5,Confirmed,Website,,0,89900.0
8757,9243,28,6277.0,2026-06-29 08:58:48,2026-08-26,4,Completed,Website,,0,37420.0
8758,9245,80,12096.0,2026-08-22 04:59:52,2026-09-17,2,Confirmed,Mobile App,,0,12834.0
8759,9245,58,4600.0,2024-12-15 19:31:02,2024-12-25,2,Completed,Mobile App,TP15OFF,15,20673.7
8760,9245,65,9769.0,2026-07-29 19:47:29,2027-01-05,4,Cancelled,Website,,0,70152.0
8761,9247,14,,2023-10-11 19:37:51,2023-12-02,3,Completed,Mobile App,,0,114609.0
8762,9248,56,10550.0,2025-04-18 11:47:53,2025-05-28,4,Completed,Website,,0,67296.0
8763,9249,75,12665.0,2024-12-29 19:32:24,2025-01-16,5,Completed,Website,,0,108510.0
8764,9250,94,,2026-01-21 00:45:40,2026-02-06,4,Completed,Website,TP10OFF,10,44355.6
8765,9250,96,4962.0,2026-01-19 11:50:43,2026-03-17,5,Completed,Mobile App,TP15OFF,15,92696.75
8766,9251,1,6015.0,2026-09-05 16:29:36,2027-02-02,2,Pending,Mobile App,,0,21974.0
8767,9251,4,6376.0,2026-06-16 18:59:05,2026-09-27,4,Confirmed,Website,,0,33812.0
8768,9253,8,,2026-06-15 21:19:35,2026-11-21,4,Confirmed,Website,TP5OFF,5,132080.4
8769,9253,60,,2026-07-06 09:59:41,2026-12-20,5,Pending,Website,TP5OFF,5,61298.75
8770,9254,22,,2026-04-08 09:15:30,2026-05-02,2,Completed,Website,,0,18126.0
8771,9256,84,11701.0,2026-09-03 08:31:55,2027-01-27,3,Confirmed,Website,,0,65286.0
8772,9258,95,9946.0,2024-06-06 22:50:34,2024-07-20,5,Completed,Referral Link,,0,36550.0
8773,9259,60,,2024-03-08 10:06:07,2024-04-17,5,Completed,Mobile App,TP20OFF,20,51620.0
8774,9260,85,5284.0,2026-06-15 18:16:23,2026-10-14,2,Pending,Website,,0,17088.0
8775,9261,54,,2026-08-30 05:45:47,2026-10-31,2,Confirmed,Website,TP5OFF,5,22260.4
8776,9262,63,14592.0,2026-07-09 11:47:45,2026-08-20,4,Completed,Website,TP5OFF,5,64508.8
8777,9266,88,,2024-03-05 20:19:58,2024-03-13,2,Completed,Website,,0,16222.0
8778,9267,98,7621.0,2026-07-15 15:25:51,2026-10-25,5,Pending,Website,,0,76790.0
8779,9268,16,1694.0,2025-12-11 07:43:17,2026-01-29,1,Cancelled,Mobile App,,0,10926.0
8780,9268,22,,2024-10-15 07:22:23,2024-10-31,1,Completed,Mobile App,TP5OFF,5,8609.85
8781,9269,61,,2026-06-25 16:43:40,2026-07-29,4,Cancelled,Website,,0,76220.0
8782,9270,61,,2026-06-28 17:37:03,2026-07-30,5,Completed,Mobile App,TP5OFF,5,90511.25
8783,9273,94,12213.0,2026-08-12 11:00:15,2026-09-09,3,Cancelled,Website,,0,36963.0
8784,9275,21,5592.0,2026-06-22 20:38:43,2026-08-27,3,Cancelled,Website,,0,22227.0
8785,9276,39,,2026-07-20 23:44:06,2026-12-21,3,Confirmed,Website,,0,21534.0
8786,9276,39,1035.0,2025-11-02 07:07:00,2025-11-20,5,Completed,Referral Link,,0,35890.0
8787,9276,4,,2026-07-23 13:36:35,2026-08-12,3,Completed,Website,,0,25359.0
8788,9276,34,7722.0,2025-12-16 17:19:43,2026-02-05,5,Cancelled,Mobile App,TP10OFF,10,44518.5
8789,9276,91,6714.0,2023-11-07 16:18:49,2023-11-13,3,Completed,Website,,0,38862.0
8790,9278,87,,2023-11-05 02:42:23,2023-12-24,5,Completed,Website,,0,108850.0
8791,9278,64,,2024-05-24 11:00:39,2024-07-17,4,Completed,Website,,0,64772.0
8792,9278,17,,2025-07-27 04:24:16,2025-08-12,3,Cancelled,Website,TP10OFF,10,109517.4
8793,9279,86,,2026-08-18 01:35:02,2026-09-07,4,Confirmed,Mobile App,,0,30624.0
8794,9280,56,,2024-07-18 01:39:37,2024-09-11,5,Completed,Website,,0,84120.0
8795,9280,88,7649.0,2025-11-18 23:10:27,2025-12-05,3,Completed,Website,,0,24333.0
8796,9280,60,,2026-08-08 03:10:31,2027-01-18,1,Confirmed,Referral Link,TP5OFF,5,12259.75
8797,9280,63,11848.0,2024-12-14 20:59:06,2024-12-30,5,Completed,Website,TP5OFF,5,80636.0
8798,9280,94,11888.0,2025-11-28 10:55:00,2025-12-19,4,Completed,Mobile App,,0,49284.0
8799,9281,87,,2026-06-25 05:54:36,2026-12-17,5,Confirmed,Mobile App,,0,108850.0
8800,9282,17,14383.0,2026-08-04 04:55:45,2026-10-28,2,Confirmed,Mobile App,TP15OFF,15,68955.4
8801,9282,38,,2024-04-12 16:22:01,2024-04-17,4,Completed,Website,,0,32132.0
8802,9282,6,,2026-07-12 22:43:26,2026-11-09,5,Pending,Mobile App,,0,44115.0
8803,9282,33,,2026-08-09 19:51:50,2026-10-12,4,Confirmed,Website,,0,44292.0
8804,9282,6,,2026-08-05 17:05:56,2026-09-04,3,Completed,Mobile App,,0,26469.0
8805,9282,30,,2023-10-11 08:19:26,2023-12-08,3,Completed,Referral Link,,0,27108.0
8806,9283,47,7304.0,2026-08-09 04:56:30,2026-11-03,2,Pending,Instagram,,0,60660.0
8807,9284,4,,2026-08-26 10:58:04,2026-11-02,1,Confirmed,Mobile App,,0,8453.0
8808,9287,45,4170.0,2025-09-01 01:22:36,2025-09-21,1,Completed,Website,,0,33809.0
8809,9291,61,,2024-03-24 02:03:15,2024-05-01,4,Completed,Website,,0,76220.0
8810,9291,21,,2026-08-06 11:48:57,2026-09-25,3,Confirmed,Website,TP10OFF,10,20004.3
8811,9292,55,,2023-10-29 18:39:00,2023-11-29,1,Completed,Website,TP5OFF,5,22918.75
8812,9293,10,,2025-11-20 18:14:08,2025-12-26,4,Completed,Mobile App,TP10OFF,10,34099.2
8813,9295,87,,2026-07-03 23:16:10,2026-10-30,4,Pending,Instagram,,0,87080.0
8814,9296,11,,2026-06-28 11:37:42,2026-08-19,4,Completed,Mobile App,TP5OFF,5,107669.2
8815,9297,28,7438.0,2026-07-17 12:34:37,2026-12-04,2,Confirmed,Website,TP10OFF,10,16839.0
8816,9298,53,6978.0,2026-08-19 14:58:40,2026-09-30,4,Confirmed,Website,TP5OFF,5,43840.6
8817,9299,75,,2026-07-13 07:34:33,2026-10-22,3,Pending,Website,,0,65106.0
8818,9299,2,,2023-11-20 06:43:14,2023-12-26,3,Completed,Website,,0,99189.0
8819,9300,82,7510.0,2026-06-24 03:16:44,2026-09-01,2,Completed,Website,,0,19692.0
8820,9301,91,,2025-04-09 10:32:03,2025-05-26,2,Cancelled,Instagram,TP5OFF,5,24612.6
8821,9303,75,6495.0,2026-09-01 06:56:48,2026-09-18,6,Confirmed,Mobile App,TP15OFF,15,110680.2
8822,9304,1,6893.0,2026-05-30 20:28:55,2026-07-27,2,Completed,Website,,0,21974.0
8823,9304,86,8864.0,2026-06-15 04:54:32,2026-11-12,5,Confirmed,Mobile App,,0,38280.0
8824,9310,97,,2026-01-02 21:10:05,2026-01-23,2,Completed,Mobile App,TP5OFF,5,32222.1
8825,9310,49,,2026-07-21 01:39:50,2026-09-29,3,Pending,Instagram,TP10OFF,10,31336.2
8826,9313,20,,2026-09-02 12:16:42,2027-03-01,3,Confirmed,Mobile App,,0,109815.0
8827,9314,79,,2026-08-15 11:12:06,2026-11-27,5,Confirmed,Website,,0,48460.0
8828,9315,82,,2026-07-09 17:01:59,2026-12-14,5,Confirmed,Referral Link,,0,49230.0
8829,9316,29,,2023-11-22 21:29:39,2023-12-14,4,Completed,Referral Link,,0,121104.0
8830,9320,7,5549.0,2024-03-14 16:02:04,2024-05-10,1,Cancelled,Website,,0,13069.0
8831,9321,19,9722.0,2026-07-15 14:48:05,2026-12-31,1,Confirmed,Website,,0,8837.0
8832,9326,61,,2026-04-28 19:51:26,2026-06-12,4,Completed,Mobile App,TP5OFF,5,72409.0
8833,9327,39,2644.0,2026-07-16 23:34:35,2026-11-05,2,Pending,Mobile App,,0,14356.0
8834,9328,54,,2026-05-20 14:41:33,2026-06-04,2,Completed,Website,TP5OFF,5,22260.4
8835,9329,4,,2024-01-29 00:46:02,2024-03-11,3,Completed,Mobile App,,0,25359.0
8836,9334,63,,2024-02-28 12:25:18,2024-04-05,5,Completed,Mobile App,,0,84880.0
8837,9334,6,,2024-11-24 16:09:17,2025-01-05,2,Completed,Website,,0,17646.0
8838,9335,82,9993.0,2026-07-10 05:43:32,2026-12-28,3,Confirmed,Referral Link,,0,29538.0
8839,9335,4,5799.0,2026-08-17 10:59:19,2026-09-26,2,Confirmed,Referral Link,TP5OFF,5,16060.7
8840,9337,82,,2025-08-26 18:53:54,2025-10-08,3,Completed,Website,TP5OFF,5,28061.1
8841,9341,61,11255.0,2026-08-04 01:07:17,2026-12-05,4,Cancelled,Mobile App,,0,76220.0
8842,9341,66,,2026-08-19 16:13:35,2026-09-09,6,Pending,Website,,0,186636.0
8843,9342,82,,2026-07-06 00:27:42,2026-07-17,5,Completed,Website,,0,49230.0
8844,9342,79,,2026-07-10 20:49:38,2026-08-31,5,Completed,Instagram,,0,48460.0
8845,9343,88,10245.0,2025-09-04 13:58:42,2025-09-10,4,Completed,Mobile App,,0,32444.0
8846,9344,15,,2025-05-21 12:41:34,2025-06-09,2,Completed,Mobile App,,0,20934.0
8847,9344,21,6211.0,2026-08-12 13:42:50,2026-11-29,3,Confirmed,Website,TP10OFF,10,20004.3
8848,9344,33,,2024-12-08 17:11:49,2024-12-19,3,Completed,Mobile App,,0,33219.0
8849,9346,61,9112.0,2026-01-22 17:12:56,2026-02-19,3,Cancelled,Mobile App,TP5OFF,5,54306.75
8850,9346,61,,2026-08-06 07:04:10,2026-09-09,4,Confirmed,Mobile App,,0,76220.0
8851,9346,75,7920.0,2026-05-04 21:21:40,2026-07-03,3,Cancelled,Website,,0,65106.0
8852,9346,73,,2026-07-07 10:40:06,2026-09-21,4,Confirmed,Website,,0,103340.0
8853,9349,39,,2026-06-12 21:40:26,2026-06-22,2,Completed,Website,,0,14356.0
8854,9350,54,,2025-02-01 02:20:53,2025-02-25,4,Completed,Instagram,,0,46864.0
8855,9353,91,,2026-09-04 10:11:43,2027-01-05,4,Confirmed,Mobile App,,0,51816.0
8856,9355,26,11532.0,2026-08-06 03:59:27,2027-01-04,3,Cancelled,Mobile App,TP15OFF,15,66190.35
8857,9355,47,,2026-08-18 13:51:20,2026-12-29,2,Confirmed,Website,,0,60660.0
8858,9355,81,,2026-07-12 02:18:31,2026-12-30,3,Confirmed,Website,TP10OFF,10,68247.9
8859,9355,56,,2026-08-28 21:54:01,2027-01-21,4,Confirmed,Mobile App,,0,67296.0
8860,9356,22,,2026-08-26 15:51:32,2027-02-15,4,Cancelled,Website,,0,36252.0
8861,9356,10,,2024-10-27 17:42:01,2024-11-30,1,Completed,Mobile App,TP10OFF,10,8524.8
8862,9357,79,12127.0,2023-11-20 04:46:57,2024-01-12,4,Completed,Mobile App,,0,38768.0
8863,9357,39,,2023-12-22 08:14:49,2024-02-11,3,Completed,Mobile App,TP5OFF,5,20457.3
8864,9357,1,9941.0,2025-06-30 11:29:43,2025-08-13,3,Completed,Referral Link,TP10OFF,10,29664.9
8865,9357,39,,2026-08-21 10:11:39,2026-12-19,5,Confirmed,Website,TP15OFF,15,30506.5
8866,9357,91,,2024-05-30 16:24:44,2024-07-18,4,Completed,Website,,0,51816.0
8867,9358,28,,2026-07-02 03:28:12,2026-08-31,1,Cancelled,Website,,0,9355.0
8868,9358,62,6272.0,2026-06-16 18:47:05,2026-11-26,3,Confirmed,Mobile App,,0,56061.0
8869,9359,30,3775.0,2026-08-05 19:23:07,2026-09-14,5,Confirmed,Website,TP10OFF,10,40662.0
8870,9360,29,,2026-07-03 01:42:37,2026-10-23,2,Pending,Mobile App,,0,60552.0
8871,9361,4,9359.0,2026-06-21 23:20:35,2026-07-18,2,Completed,Website,,0,16906.0
8872,9361,88,,2025-07-28 06:29:37,2025-08-04,4,Completed,Instagram,,0,32444.0
8873,9362,40,157.0,2024-04-21 05:34:20,2024-05-30,2,Completed,Website,TP15OFF,15,56353.3
8874,9363,91,2788.0,2026-09-04 15:17:30,2026-10-29,3,Pending,Mobile App,TP5OFF,5,36918.9
8875,9364,2,14441.0,2025-03-04 04:54:59,2025-04-21,3,Completed,Mobile App,,0,99189.0
8876,9366,49,5449.0,2026-07-27 22:22:13,2027-01-19,3,Confirmed,Mobile App,,0,34818.0
8877,9366,94,3697.0,2026-08-25 16:52:54,2026-11-15,3,Confirmed,Referral Link,,0,36963.0
8878,9367,62,6459.0,2026-07-01 02:53:36,2026-08-20,1,Completed,Mobile App,TP10OFF,10,16818.3
8879,9368,53,,2026-08-16 15:29:22,2027-02-12,2,Confirmed,Website,TP10OFF,10,20766.6
8880,9368,63,,2025-08-07 15:26:08,2025-08-18,4,Completed,Mobile App,TP5OFF,5,64508.8
8881,9370,66,,2026-05-13 07:46:15,2026-06-11,5,Cancelled,Mobile App,,0,155530.0
8882,9370,18,,2026-08-03 22:23:57,2026-10-13,3,Confirmed,Instagram,,0,18636.0
8883,9370,5,,2026-08-18 03:14:33,2026-08-29,3,Completed,Website,,0,121965.0
8884,9370,5,5995.0,2024-05-19 10:15:55,2024-06-02,3,Completed,Mobile App,,0,121965.0
8885,9370,78,2837.0,2026-07-27 12:10:48,2026-12-17,5,Confirmed,Website,TP5OFF,5,95826.5
8886,9370,57,,2025-12-19 21:24:33,2026-01-28,6,Completed,Website,,0,140046.0
8887,9371,71,,2026-09-01 20:36:29,2027-02-10,4,Confirmed,Website,,0,24060.0
8888,9373,49,,2024-11-09 02:45:00,2024-12-23,2,Cancelled,Mobile App,,0,23212.0
8889,9373,34,,2025-08-04 11:45:35,2025-08-28,4,Cancelled,Referral Link,TP5OFF,5,37593.4
8890,9376,34,,2026-07-11 03:43:08,2026-10-31,5,Confirmed,Mobile App,,0,49465.0
8891,9377,75,13891.0,2026-09-05 06:18:30,2027-01-07,6,Confirmed,Instagram,TP10OFF,10,117190.8
8892,9379,44,,2025-07-20 12:52:51,2025-08-20,2,Completed,Website,,0,13380.0
8893,9379,85,,2025-06-23 11:18:55,2025-08-01,3,Completed,Referral Link,,0,25632.0
8894,9380,71,,2025-02-12 10:55:54,2025-03-31,5,Completed,Website,,0,30075.0
8895,9381,88,,2026-06-15 08:34:29,2026-11-01,4,Confirmed,Website,TP10OFF,10,29199.6
8896,9382,74,,2026-08-25 01:31:20,2026-12-09,4,Cancelled,Website,,0,43364.0
8897,9383,88,,2025-12-03 17:38:55,2025-12-29,4,Completed,Website,,0,32444.0
8898,9383,91,,2025-05-29 01:35:26,2025-06-20,5,Cancelled,Website,TP5OFF,5,61531.5
8899,9383,72,2868.0,2024-09-18 23:29:10,2024-10-04,1,Completed,Instagram,TP10OFF,10,10005.3
8900,9383,76,11531.0,2024-06-10 06:18:56,2024-07-04,2,Completed,Instagram,,0,30886.0
8901,9383,72,4408.0,2026-07-06 15:29:21,2026-08-26,2,Cancelled,Mobile App,,0,22234.0
8902,9385,22,5558.0,2026-08-08 01:02:41,2027-01-26,1,Confirmed,Mobile App,,0,9063.0
8903,9386,27,,2025-02-02 02:23:22,2025-02-26,3,Completed,Website,,0,20088.0
8904,9387,75,12822.0,2026-06-27 03:23:09,2026-11-03,4,Confirmed,Website,,0,86808.0
8905,9388,77,220.0,2026-07-09 14:01:48,2026-11-22,3,Cancelled,Website,,0,59823.0
8906,9388,77,,2024-06-19 05:11:57,2024-07-21,4,Completed,Mobile App,,0,79764.0
8907,9389,21,10899.0,2024-12-22 16:13:30,2025-01-13,4,Completed,Referral Link,TP15OFF,15,25190.6
8908,9391,34,,2026-07-08 04:39:59,2026-09-03,2,Completed,Website,,0,19786.0
8909,9392,68,,2024-02-08 04:49:33,2024-03-20,5,Completed,Mobile App,TP15OFF,15,98345.0
8910,9393,37,5064.0,2026-08-26 14:26:47,2026-09-26,3,Cancelled,Instagram,TP10OFF,10,101900.7
8911,9396,52,,2026-03-23 16:03:34,2026-05-08,2,Completed,Instagram,TP15OFF,15,52188.3
8912,9398,94,,2026-07-10 19:42:13,2026-09-17,4,Confirmed,Website,,0,49284.0
8913,9398,49,,2026-02-06 09:57:05,2026-02-12,3,Completed,Referral Link,,0,34818.0
8914,9400,78,8959.0,2026-06-08 20:20:49,2026-09-20,6,Cancelled,Mobile App,TP5OFF,5,114991.8
8915,9400,37,7951.0,2025-09-05 03:03:40,2025-09-25,4,Completed,Instagram,,0,150964.0
8916,9401,89,,2026-06-23 10:27:36,2026-07-07,2,Completed,Referral Link,,0,16616.0
8917,9402,85,,2024-11-15 10:24:18,2024-12-03,4,Completed,Website,,0,34176.0
8918,9402,82,14831.0,2026-07-29 16:07:11,2026-08-15,2,Completed,Referral Link,TP15OFF,15,16738.2
8919,9402,54,,2024-10-24 03:08:00,2024-12-16,4,Completed,Instagram,TP15OFF,15,39834.4
8920,9402,44,,2025-02-11 10:09:17,2025-04-11,4,Completed,Referral Link,,0,26760.0
8921,9402,4,5107.0,2024-12-20 21:21:53,2025-02-10,3,Completed,Website,,0,25359.0
8922,9406,69,8774.0,2025-07-14 23:37:59,2025-08-27,5,Completed,Website,,0,118300.0
8923,9406,37,7842.0,2026-08-31 06:41:36,2026-12-28,3,Confirmed,Mobile App,,0,113223.0
8924,9407,76,,2026-08-14 00:56:42,2026-09-11,5,Confirmed,Referral Link,TP10OFF,10,69493.5
8925,9409,17,,2026-07-21 03:25:41,2027-01-17,3,Pending,Website,,0,121686.0
8926,9410,1,,2026-03-13 07:46:01,2026-04-03,2,Completed,Mobile App,,0,21974.0
8927,9410,72,10477.0,2025-10-21 17:03:35,2025-11-09,1,Completed,Website,,0,11117.0
8928,9410,80,10969.0,2026-06-27 07:41:13,2026-11-14,2,Confirmed,Instagram,,0,12834.0
8929,9410,63,5741.0,2025-10-11 01:32:57,2025-10-19,2,Cancelled,Website,,0,33952.0
8930,9410,56,10706.0,2025-08-18 10:31:24,2025-09-14,4,Cancelled,Website,,0,67296.0
8931,9411,7,5868.0,2025-12-17 22:56:20,2026-01-03,4,Completed,Mobile App,TP5OFF,5,49662.2
8932,9412,75,,2026-06-29 11:57:36,2026-10-20,6,Confirmed,Mobile App,,0,130212.0
8933,9413,74,,2024-10-19 23:04:21,2024-10-28,4,Completed,Referral Link,,0,43364.0
8934,9414,10,,2025-07-05 09:00:01,2025-07-29,4,Cancelled,Website,,0,37888.0
8935,9415,86,8498.0,2025-03-26 17:14:03,2025-04-29,4,Completed,Website,TP5OFF,5,29092.8
8936,9416,40,8164.0,2025-01-16 16:52:48,2025-02-14,1,Completed,Website,,0,33149.0
8937,9417,49,,2026-07-04 16:58:12,2026-08-25,5,Completed,Mobile App,TP15OFF,15,49325.5
8938,9418,91,2089.0,2025-08-26 23:14:42,2025-10-24,2,Completed,Website,,0,25908.0
8939,9421,56,,2026-08-13 16:41:03,2026-09-20,3,Confirmed,Website,TP5OFF,5,47948.4
8940,9421,93,13075.0,2024-02-10 11:09:35,2024-02-29,3,Completed,Mobile App,TP15OFF,15,45849.0
8941,9424,45,1080.0,2026-05-01 09:28:08,2026-05-23,1,Completed,Mobile App,,0,33809.0
8942,9424,48,,2025-06-16 20:54:11,2025-07-28,5,Completed,Website,,0,40200.0
8943,9424,30,6904.0,2026-09-06 13:23:01,2027-01-05,2,Pending,Website,,0,18072.0
8944,9424,24,,2026-06-12 07:12:56,2026-10-25,4,Confirmed,Mobile App,,0,38356.0
8945,9424,21,1187.0,2025-06-20 13:22:03,2025-07-18,5,Completed,Website,,0,37045.0
8946,9424,95,,2026-06-18 16:44:30,2026-08-30,2,Completed,Website,,0,14620.0
8947,9425,81,9552.0,2026-07-12 10:23:41,2026-08-03,3,Cancelled,Referral Link,TP5OFF,5,72039.45
8948,9425,32,14169.0,2025-10-17 01:31:43,2025-11-26,2,Cancelled,Website,,0,51926.0
8949,9425,58,14028.0,2026-06-11 14:07:14,2026-08-10,2,Cancelled,Instagram,TP5OFF,5,23105.9
8950,9425,41,,2025-09-14 10:43:22,2025-10-23,2,Completed,Mobile App,,0,97660.0
8951,9425,29,9106.0,2026-07-27 08:12:31,2026-12-26,3,Confirmed,Mobile App,,0,90828.0
8952,9427,70,,2026-07-12 14:28:53,2026-12-16,3,Confirmed,Mobile App,TP10OFF,10,38674.8
8953,9429,34,,2026-08-27 10:07:48,2027-01-01,2,Confirmed,Mobile App,,0,19786.0
8954,9430,11,,2026-08-08 02:40:32,2026-09-10,3,Confirmed,Mobile App,,0,85002.0
8955,9430,98,4035.0,2026-06-21 04:50:53,2026-08-24,2,Cancelled,Mobile App,,0,30716.0
8956,9430,84,,2026-06-25 03:04:05,2026-08-27,4,Completed,Website,TP15OFF,15,73990.8
8957,9430,67,1734.0,2025-09-04 10:59:48,2025-10-23,5,Completed,Website,,0,83645.0
8958,9430,14,14853.0,2025-02-06 13:38:24,2025-03-21,3,Completed,Website,,0,114609.0
8959,9432,22,3879.0,2026-01-31 14:56:36,2026-03-25,2,Completed,Website,,0,18126.0
8960,9432,28,10479.0,2025-08-30 14:18:49,2025-10-12,4,Completed,Website,,0,37420.0
8961,9433,48,7207.0,2026-08-01 08:38:12,2026-08-22,4,Completed,Website,TP15OFF,15,27336.0
8962,9435,3,2268.0,2025-11-09 02:25:17,2025-11-20,5,Completed,Website,,0,32605.0
8963,9436,64,14520.0,2026-06-09 12:40:22,2026-11-07,2,Confirmed,Instagram,TP10OFF,10,29147.4
8964,9439,62,,2026-07-13 17:03:49,2026-11-01,5,Confirmed,Website,TP5OFF,5,88763.25
8965,9439,70,4557.0,2026-08-25 13:53:16,2027-01-20,4,Cancelled,Website,,0,57296.0
8966,9439,7,5872.0,2026-04-28 23:04:30,2026-05-10,3,Completed,Mobile App,,0,39207.0
8967,9439,94,,2026-07-12 18:09:39,2026-09-14,4,Cancelled,Website,,0,49284.0
8968,9439,16,,2026-08-31 12:02:59,2026-11-04,1,Pending,Website,TP10OFF,10,9833.4
8969,9439,10,,2025-02-15 19:03:30,2025-03-09,4,Completed,Website,,0,37888.0
8970,9443,81,4181.0,2026-06-17 18:10:35,2026-10-27,6,Confirmed,Website,,0,151662.0
8971,9446,98,10242.0,2025-01-01 23:55:39,2025-01-12,3,Completed,Mobile App,,0,46074.0
8972,9447,58,3396.0,2026-06-25 21:15:48,2026-08-05,5,Completed,Mobile App,,0,60805.0
8973,9447,64,1538.0,2026-08-15 05:33:00,2026-12-20,2,Confirmed,Mobile App,,0,32386.0
8974,9448,3,9165.0,2023-09-19 10:48:56,2023-09-30,4,Completed,Mobile App,,0,26084.0
8975,9448,81,7680.0,2026-08-07 08:00:03,2026-12-04,6,Confirmed,Instagram,TP5OFF,5,144078.9
8976,9449,4,,2026-06-26 17:49:41,2026-10-06,4,Confirmed,Mobile App,,0,33812.0
8977,9450,41,,2026-06-26 17:49:09,2026-12-16,2,Confirmed,Mobile App,TP20OFF,20,78128.0
8978,9450,93,760.0,2026-08-08 20:50:39,2026-10-02,5,Confirmed,Website,TP5OFF,5,85405.0
8979,9452,29,,2024-05-06 19:50:52,2024-06-27,4,Completed,Mobile App,,0,121104.0
8980,9453,64,,2026-06-30 13:29:29,2026-11-14,5,Confirmed,Website,,0,80965.0
8981,9454,50,,2024-02-19 08:53:30,2024-03-18,2,Completed,Instagram,TP15OFF,15,33178.9
8982,9455,44,,2026-07-20 19:18:45,2026-09-28,5,Confirmed,Mobile App,,0,33450.0
8983,9455,44,,2024-11-26 02:00:43,2024-12-02,4,Completed,Mobile App,,0,26760.0
8984,9456,75,,2026-07-07 20:54:39,2027-01-03,3,Confirmed,Website,,0,65106.0
8985,9457,92,,2026-06-21 22:55:29,2026-11-01,5,Cancelled,Website,,0,37035.0
8986,9459,13,453.0,2024-11-01 09:57:16,2024-11-24,1,Completed,Mobile App,,0,10774.0
8987,9459,7,13340.0,2026-07-27 16:07:54,2026-08-30,1,Completed,Website,TP10OFF,10,11762.1
8988,9459,4,2804.0,2026-07-04 06:42:47,2026-11-16,3,Confirmed,Website,,0,25359.0
8989,9459,94,,2026-06-20 22:29:22,2026-11-14,3,Pending,Website,TP5OFF,5,35114.85
8990,9459,49,8450.0,2025-06-16 14:31:30,2025-07-26,4,Completed,Referral Link,TP5OFF,5,44102.8
8991,9460,79,10295.0,2026-06-16 18:00:29,2026-10-02,5,Pending,Website,TP5OFF,5,46037.0
8992,9460,7,11938.0,2026-08-20 04:37:45,2026-08-31,2,Completed,Website,TP5OFF,5,24831.1
8993,9461,73,12355.0,2025-10-06 18:19:42,2025-11-15,4,Completed,Mobile App,,0,103340.0
8994,9463,22,14931.0,2024-01-16 12:07:09,2024-03-10,2,Completed,Website,TP5OFF,5,17219.7
8995,9463,25,,2026-06-16 16:55:01,2026-11-06,4,Confirmed,Website,,0,47412.0
8996,9466,96,8485.0,2026-06-23 04:26:57,2026-10-16,3,Confirmed,Referral Link,,0,65433.0
8997,9466,13,,2026-06-14 12:05:50,2026-09-25,1,Confirmed,Mobile App,,0,10774.0
8998,9469,65,7895.0,2026-08-09 09:25:41,2026-11-28,1,Confirmed,Website,TP10OFF,10,15784.2
8999,9469,42,12489.0,2025-08-14 17:42:52,2025-08-27,4,Completed,Referral Link,,0,154868.0
9000,9469,46,,2026-07-13 02:20:27,2026-08-29,2,Completed,Website,,0,60886.0
9001,9469,81,7014.0,2026-07-16 03:58:18,2026-10-17,5,Confirmed,Mobile App,TP10OFF,10,113746.5
9002,9470,67,13816.0,2026-08-06 07:43:50,2027-01-17,3,Cancelled,Website,,0,50187.0
9003,9471,3,1138.0,2026-06-05 19:58:49,2026-08-03,3,Completed,Website,,0,19563.0
9004,9474,53,,2026-08-21 14:36:03,2027-02-08,2,Confirmed,Mobile App,TP10OFF,10,20766.6
9005,9478,93,,2026-07-20 19:25:08,2026-08-27,6,Completed,Mobile App,,0,107880.0
9006,9479,68,,2024-05-31 13:40:53,2024-06-28,6,Completed,Mobile App,,0,138840.0
9007,9479,68,,2025-05-10 05:53:16,2025-05-24,5,Cancelled,Website,,0,115700.0
9008,9480,59,,2026-08-07 21:00:35,2026-12-17,4,Confirmed,Mobile App,TP5OFF,5,76326.8
9009,9480,68,,2026-09-06 03:20:49,2026-12-16,4,Confirmed,Website,,0,92560.0
9010,9483,32,,2026-02-06 04:12:27,2026-03-05,2,Completed,Website,TP10OFF,10,46733.4
9011,9486,64,,2026-07-11 01:20:34,2026-09-08,2,Confirmed,Instagram,,0,32386.0
9012,9488,28,,2024-08-15 10:54:06,2024-10-12,3,Cancelled,Mobile App,,0,28065.0
9013,9488,25,,2026-06-24 20:28:11,2026-11-09,3,Confirmed,Mobile App,,0,35559.0
9014,9489,25,,2026-08-13 02:25:58,2027-01-03,1,Confirmed,Instagram,TP5OFF,5,11260.35
9015,9490,77,,2026-07-18 02:45:21,2026-12-24,4,Pending,Referral Link,,0,79764.0
9016,9492,7,,2025-10-05 15:25:19,2025-11-19,1,Completed,Website,,0,13069.0
9017,9493,77,,2026-07-05 04:08:59,2026-08-29,4,Completed,Website,TP5OFF,5,75775.8
9018,9493,32,6118.0,2026-08-15 11:55:40,2027-01-14,2,Confirmed,Website,,0,51926.0
9019,9494,4,6598.0,2026-08-02 11:39:39,2026-08-14,1,Completed,Website,,0,8453.0
9020,9495,48,14570.0,2026-07-07 16:21:14,2026-07-29,3,Completed,Website,,0,24120.0
9021,9496,63,,2026-06-24 01:32:36,2026-07-21,2,Completed,Instagram,TP5OFF,5,32254.4
9022,9499,70,,2026-08-11 13:37:29,2026-10-25,5,Confirmed,Mobile App,,0,71620.0
9023,9500,68,1811.0,2026-07-27 15:25:23,2027-01-17,5,Confirmed,Mobile App,,0,115700.0
9024,9501,26,9181.0,2026-08-09 12:11:00,2026-08-25,2,Completed,Mobile App,,0,51914.0
9025,9502,1,13791.0,2024-04-19 21:25:09,2024-05-19,2,Completed,Mobile App,TP15OFF,15,18677.9
9026,9502,96,6669.0,2026-07-13 23:24:53,2026-12-04,2,Confirmed,Referral Link,TP20OFF,20,34897.6
9027,9503,31,,2026-07-31 09:31:52,2026-10-16,2,Confirmed,Website,TP10OFF,10,72446.4
9028,9505,78,,2025-11-06 17:53:06,2025-12-01,6,Completed,Website,,0,121044.0
9029,9507,61,,2026-07-02 00:21:45,2026-10-09,6,Pending,Referral Link,,0,114330.0
9030,9508,23,,2026-08-13 18:13:53,2026-11-23,4,Confirmed,Mobile App,TP10OFF,10,140331.6
9031,9508,18,5668.0,2026-06-12 06:29:03,2026-08-02,4,Completed,Instagram,,0,24848.0
9032,9508,27,,2026-04-02 03:05:15,2026-04-17,2,Completed,Website,TP5OFF,5,12722.4
9033,9510,16,14533.0,2026-06-21 10:32:55,2026-12-14,4,Confirmed,Mobile App,,0,43704.0
9034,9512,31,,2026-08-26 12:48:47,2026-10-31,2,Confirmed,Website,TP20OFF,20,64396.8
9035,9512,20,,2025-03-14 18:26:56,2025-05-03,4,Completed,Referral Link,,0,146420.0
9036,9512,41,13687.0,2026-08-27 06:12:48,2027-02-14,2,Confirmed,Mobile App,,0,97660.0
9037,9513,49,6906.0,2026-08-30 20:54:59,2027-01-16,3,Confirmed,Website,,0,34818.0
9038,9513,39,4400.0,2026-04-16 14:33:28,2026-06-07,2,Completed,Mobile App,,0,14356.0
9039,9515,22,564.0,2026-08-02 15:27:07,2026-09-30,3,Confirmed,Mobile App,,0,27189.0
9040,9517,71,,2024-11-14 00:26:51,2024-12-18,5,Completed,Mobile App,TP10OFF,10,27067.5
9041,9520,37,6685.0,2026-08-31 19:28:09,2027-01-18,3,Confirmed,Instagram,,0,113223.0
9042,9520,48,4810.0,2024-08-18 05:56:51,2024-09-11,3,Completed,Website,,0,24120.0
9043,9520,84,14408.0,2026-09-06 08:34:35,2026-12-04,5,Confirmed,Website,TP5OFF,5,103369.5
9044,9520,87,5561.0,2025-07-04 21:32:32,2025-08-15,5,Cancelled,Website,,0,108850.0
9045,9520,64,,2026-06-09 00:08:00,2026-08-27,3,Completed,Website,TP10OFF,10,43721.1
9046,9521,80,3700.0,2026-08-21 12:54:38,2026-11-27,5,Confirmed,Website,TP5OFF,5,30480.75
9047,9524,15,14621.0,2026-08-05 16:00:39,2026-12-30,3,Confirmed,Mobile App,,0,31401.0
9048,9526,64,9378.0,2026-04-05 08:16:40,2026-04-30,5,Completed,Website,,0,80965.0
9049,9527,73,,2026-07-16 15:25:56,2026-10-25,3,Pending,Website,TP5OFF,5,73629.75
9050,9527,27,,2024-12-11 10:13:14,2025-01-02,3,Completed,Referral Link,,0,20088.0
9051,9528,43,,2023-09-12 14:50:02,2023-10-07,5,Completed,Website,,0,55945.0
9052,9530,90,11101.0,2026-08-20 08:35:48,2027-01-05,5,Confirmed,Referral Link,,0,103820.0
9053,9531,57,,2025-02-07 15:18:26,2025-04-02,6,Completed,Mobile App,TP10OFF,10,126041.4
9054,9534,22,6968.0,2026-08-05 15:24:17,2026-11-25,4,Pending,Website,TP10OFF,10,32626.8
9055,9535,17,8329.0,2026-08-25 09:07:12,2027-01-30,2,Confirmed,Website,,0,81124.0
9056,9535,11,6430.0,2026-03-10 02:58:27,2026-05-09,2,Completed,Website,TP10OFF,10,51001.2
9057,9536,49,,2026-03-22 09:29:34,2026-04-04,5,Completed,Mobile App,TP10OFF,10,52227.0
9058,9537,79,,2025-04-15 00:52:44,2025-05-29,2,Completed,Referral Link,,0,19384.0
9059,9538,19,,2026-01-25 05:55:56,2026-03-09,1,Completed,Mobile App,,0,8837.0
9060,9539,28,,2026-05-04 07:34:22,2026-06-17,2,Completed,Mobile App,,0,18710.0
9061,9540,91,11225.0,2026-07-04 05:00:33,2026-08-30,4,Completed,Mobile App,,0,51816.0
9062,9540,96,,2026-08-24 04:47:25,2027-01-05,5,Confirmed,Mobile App,,0,109055.0
9063,9540,79,13157.0,2026-08-14 00:57:38,2026-09-21,3,Pending,Referral Link,TP5OFF,5,27622.2
9064,9540,54,,2026-08-13 13:22:01,2027-01-23,2,Confirmed,Mobile App,,0,23432.0
9065,9540,10,12396.0,2026-07-14 08:32:34,2026-10-30,1,Confirmed,Mobile App,,0,9472.0
9066,9540,34,,2025-05-27 22:57:51,2025-06-26,5,Completed,Website,,0,49465.0
9067,9541,76,5528.0,2025-09-04 00:49:58,2025-10-16,3,Completed,Mobile App,,0,46329.0
9068,9544,10,5901.0,2025-03-25 17:04:39,2025-05-04,4,Completed,Website,TP10OFF,10,34099.2
9069,9545,12,,2023-10-19 21:16:33,2023-11-13,5,Cancelled,Website,,0,51745.0
9070,9545,18,10360.0,2024-01-18 01:03:59,2024-03-09,3,Completed,Mobile App,,0,18636.0
9071,9546,22,,2024-05-18 22:27:31,2024-05-26,4,Cancelled,Website,,0,36252.0
9072,9549,1,6642.0,2025-02-09 16:57:32,2025-03-10,3,Completed,Referral Link,,0,32961.0
9073,9551,56,11142.0,2026-06-20 09:15:44,2026-07-05,1,Completed,Website,TP10OFF,10,15141.6
9074,9551,93,575.0,2026-07-27 01:03:55,2026-09-15,5,Pending,Website,TP10OFF,10,80910.0
9075,9551,78,,2025-09-07 06:45:52,2025-09-20,5,Completed,Instagram,,0,100870.0
9076,9551,69,12009.0,2026-07-02 01:57:58,2026-09-09,6,Confirmed,Instagram,,0,141960.0
9077,9551,26,3657.0,2023-10-17 06:44:32,2023-12-05,4,Completed,Mobile App,TP15OFF,15,88253.8
9078,9552,24,,2026-07-09 04:51:17,2026-10-24,5,Pending,Referral Link,,0,47945.0
9079,9553,33,,2026-09-03 15:27:14,2027-01-26,5,Pending,Mobile App,TP15OFF,15,47060.25
9080,9553,30,,2026-06-28 03:06:56,2026-11-16,5,Confirmed,Referral Link,,0,45180.0
9081,9554,79,9101.0,2024-03-26 00:17:00,2024-04-04,5,Cancelled,Website,TP5OFF,5,46037.0
9082,9555,3,5977.0,2026-06-08 18:56:24,2026-10-11,5,Confirmed,Website,,0,32605.0
9083,9556,94,,2024-01-09 21:20:41,2024-02-08,2,Completed,Referral Link,,0,24642.0
9084,9557,97,8043.0,2026-06-27 19:00:21,2026-11-01,2,Confirmed,Referral Link,TP5OFF,5,32222.1
9085,9557,74,,2026-07-17 09:22:41,2026-12-19,1,Confirmed,Website,TP20OFF,20,8672.8
9086,9558,35,,2024-08-30 04:38:26,2024-10-09,1,Completed,Mobile App,,0,31003.0
9087,9560,12,6790.0,2025-04-16 18:08:11,2025-05-31,2,Completed,Website,,0,20698.0
9088,9560,3,,2025-11-02 03:17:11,2025-12-22,2,Completed,Website,TP5OFF,5,12389.9
9089,9560,73,,2026-06-27 21:24:13,2026-10-20,3,Cancelled,Referral Link,,0,77505.0
9090,9560,33,,2025-03-28 04:19:18,2025-05-23,5,Completed,Mobile App,,0,55365.0
9091,9560,8,,2024-05-11 18:27:06,2024-07-09,2,Completed,Website,,0,69516.0
9092,9561,82,9610.0,2024-04-03 09:28:25,2024-05-23,4,Cancelled,Mobile App,,0,39384.0
9093,9565,79,3094.0,2024-03-05 18:56:16,2024-04-17,5,Completed,Website,,0,48460.0
9094,9566,98,,2026-08-09 00:35:24,2026-10-06,5,Confirmed,Mobile App,,0,76790.0
9095,9567,66,,2024-12-14 14:23:01,2025-01-31,3,Completed,Website,,0,93318.0
9096,9567,73,,2025-06-25 18:39:18,2025-08-14,4,Completed,Instagram,,0,103340.0
9097,9569,3,8114.0,2024-10-12 10:59:33,2024-10-18,4,Cancelled,Website,,0,26084.0
9098,9569,84,,2026-06-11 09:46:00,2026-10-24,5,Pending,Mobile App,TP15OFF,15,92488.5
9099,9571,48,,2026-07-09 13:48:27,2026-11-25,4,Confirmed,Mobile App,,0,32160.0
9100,9573,47,,2024-08-07 22:29:58,2024-08-26,3,Completed,Website,,0,90990.0
9101,9574,64,,2026-07-30 15:33:50,2027-01-23,4,Confirmed,Website,,0,64772.0
9102,9576,86,,2026-08-21 18:58:55,2026-11-24,2,Confirmed,Website,,0,15312.0
9103,9577,64,,2026-04-24 07:29:38,2026-06-10,5,Completed,Website,,0,80965.0
9104,9578,63,14487.0,2026-07-14 13:08:20,2026-10-04,2,Confirmed,Website,,0,33952.0
9105,9578,56,,2026-07-25 08:04:50,2026-11-26,3,Pending,Mobile App,,0,50472.0
9106,9578,91,14596.0,2026-08-04 17:46:53,2026-11-08,3,Confirmed,Mobile App,,0,38862.0
9107,9578,83,,2026-08-04 04:21:46,2027-01-26,5,Confirmed,Referral Link,,0,47880.0
9108,9578,95,,2023-12-13 14:06:20,2024-01-19,3,Completed,Website,,0,21930.0
9109,9580,34,8679.0,2026-08-30 05:54:45,2027-01-03,3,Confirmed,Website,,0,29679.0
9110,9581,90,2926.0,2026-07-28 08:23:36,2026-11-24,3,Pending,Mobile App,TP5OFF,5,59177.4
9111,9582,83,11719.0,2024-02-21 22:03:48,2024-03-16,2,Completed,Mobile App,,0,19152.0
9112,9582,63,14943.0,2026-08-24 14:55:28,2026-09-12,4,Confirmed,Instagram,TP5OFF,5,64508.8
9113,9582,95,,2026-06-13 16:30:56,2026-10-15,4,Confirmed,Website,,0,29240.0
9114,9583,6,,2026-07-15 03:14:24,2026-08-20,2,Cancelled,Website,,0,17646.0
9115,9583,26,,2025-01-14 13:15:38,2025-03-12,3,Completed,Mobile App,TP5OFF,5,73977.45
9116,9584,59,,2025-01-07 07:57:06,2025-02-01,3,Cancelled,Mobile App,,0,60258.0
9117,9586,4,,2026-06-29 19:46:38,2026-10-04,4,Confirmed,Referral Link,,0,33812.0
9118,9588,28,,2025-12-08 03:37:35,2026-01-22,3,Completed,Website,,0,28065.0
9119,9589,80,6996.0,2025-12-15 12:07:54,2025-12-26,4,Completed,Mobile App,,0,25668.0
9120,9589,79,2942.0,2026-07-28 06:30:06,2026-08-11,3,Completed,Website,TP15OFF,15,24714.6
9121,9590,90,,2026-06-26 04:32:13,2026-08-19,4,Completed,Mobile App,,0,83056.0
9122,9591,1,,2024-01-31 18:47:46,2024-02-13,3,Completed,Website,,0,32961.0
9123,9591,13,515.0,2026-06-12 20:08:45,2026-07-13,3,Cancelled,Website,,0,32322.0
9124,9595,67,,2024-10-23 16:00:42,2024-12-09,3,Completed,Instagram,TP5OFF,5,47677.65
9125,9595,70,,2023-11-01 23:10:30,2023-12-28,4,Completed,Mobile App,,0,57296.0
9126,9595,80,5726.0,2024-01-19 07:34:21,2024-02-18,2,Completed,Mobile App,TP5OFF,5,12192.3
9127,9596,25,,2025-05-28 12:39:49,2025-06-17,4,Cancelled,Mobile App,TP5OFF,5,45041.4
9128,9597,58,2696.0,2024-09-10 04:23:37,2024-09-27,4,Completed,Website,,0,48644.0
9129,9598,65,,2026-06-14 23:58:43,2026-10-14,5,Pending,Website,,0,87690.0
9130,9598,39,10976.0,2026-08-16 21:41:58,2026-09-13,2,Cancelled,Website,,0,14356.0
9131,9601,89,6045.0,2026-06-29 18:40:15,2026-08-31,4,Completed,Instagram,,0,33232.0
9132,9603,93,,2026-08-14 17:24:21,2026-10-16,6,Confirmed,Mobile App,,0,107880.0
9133,9610,35,4961.0,2026-08-08 20:31:29,2027-01-30,2,Confirmed,Website,,0,62006.0
9134,9611,29,2240.0,2025-09-11 09:59:44,2025-11-08,3,Completed,Mobile App,,0,90828.0
9135,9612,34,7735.0,2026-06-23 12:43:06,2026-08-15,5,Completed,Website,,0,49465.0
9136,9613,18,,2025-12-20 10:20:14,2026-02-06,4,Completed,Mobile App,,0,24848.0
9137,9614,16,,2026-06-17 19:50:13,2026-09-18,2,Confirmed,Instagram,,0,21852.0
9138,9615,88,12047.0,2026-06-23 22:16:59,2026-12-07,2,Confirmed,Mobile App,,0,16222.0
9139,9616,69,2543.0,2026-02-17 08:21:29,2026-04-02,4,Cancelled,Website,,0,94640.0
9140,9616,2,3546.0,2026-09-03 18:38:56,2026-11-29,2,Confirmed,Website,,0,66126.0
9141,9617,67,1194.0,2026-08-19 03:32:49,2026-10-05,4,Pending,Instagram,,0,66916.0
9142,9619,10,13250.0,2026-08-18 02:13:56,2027-01-26,3,Confirmed,Mobile App,,0,28416.0
9143,9619,13,,2026-07-08 05:31:11,2026-11-14,4,Confirmed,Mobile App,,0,43096.0
9144,9624,82,,2025-05-03 06:53:53,2025-06-01,5,Completed,Mobile App,,0,49230.0
9145,9625,69,,2026-07-28 16:48:25,2026-10-19,3,Confirmed,Mobile App,TP10OFF,10,63882.0
9146,9625,67,,2024-02-08 12:04:44,2024-03-22,1,Completed,Website,TP15OFF,15,14219.65
9147,9625,46,,2023-12-04 16:37:50,2023-12-27,2,Completed,Mobile App,,0,60886.0
9148,9625,78,,2024-06-29 23:26:51,2024-08-01,4,Completed,Website,,0,80696.0
9149,9628,65,6787.0,2026-06-25 02:39:34,2026-09-27,1,Confirmed,Mobile App,TP5OFF,5,16661.1
9150,9629,56,7257.0,2023-12-10 14:53:43,2023-12-28,4,Completed,Website,TP10OFF,10,60566.4
9151,9630,43,3915.0,2026-08-09 03:24:13,2026-12-24,2,Confirmed,Website,,0,22378.0
9152,9631,74,7350.0,2023-10-29 15:41:46,2023-12-28,1,Completed,Mobile App,,0,10841.0
9153,9631,20,,2024-04-22 03:32:47,2024-05-09,4,Completed,Website,,0,146420.0
9154,9632,73,7701.0,2025-11-22 21:06:32,2025-12-04,3,Completed,Mobile App,TP10OFF,10,69754.5
9155,9633,77,14429.0,2026-07-09 11:56:43,2026-08-28,5,Completed,Referral Link,TP10OFF,10,89734.5
9156,9634,71,4939.0,2026-06-13 22:55:13,2026-11-22,2,Confirmed,Mobile App,TP5OFF,5,11428.5
9157,9637,72,704.0,2026-09-03 18:50:18,2026-11-16,3,Confirmed,Mobile App,,0,33351.0
9158,9638,55,4020.0,2026-07-05 06:56:28,2026-07-17,1,Cancelled,Mobile App,,0,24125.0
9159,9640,73,11646.0,2024-12-18 09:29:47,2025-01-11,5,Completed,Instagram,,0,129175.0
9160,9641,50,,2024-04-02 01:16:03,2024-05-28,2,Completed,Website,TP10OFF,10,35130.6
9161,9642,36,3141.0,2023-12-28 02:22:27,2024-01-04,2,Completed,Mobile App,,0,86226.0
9162,9645,29,,2026-08-21 23:52:03,2026-11-28,4,Confirmed,Website,,0,121104.0
9163,9646,39,2911.0,2026-07-15 05:16:31,2026-09-15,2,Confirmed,Website,,0,14356.0
9164,9647,62,2234.0,2026-08-14 15:15:37,2026-09-17,4,Pending,Mobile App,,0,74748.0
9165,9648,63,,2024-04-28 23:05:21,2024-06-11,2,Cancelled,Mobile App,,0,33952.0
9166,9652,45,,2026-02-15 20:28:46,2026-02-20,1,Completed,Mobile App,TP20OFF,20,27047.2
9167,9655,43,,2026-04-23 05:46:23,2026-05-29,2,Completed,Website,,0,22378.0
9168,9655,97,10865.0,2026-06-08 20:30:47,2026-07-18,4,Completed,Website,TP15OFF,15,57660.6
9169,9656,67,10840.0,2026-02-01 11:27:50,2026-02-09,3,Cancelled,Mobile App,TP10OFF,10,45168.3
9170,9657,67,1436.0,2026-07-18 01:02:45,2026-12-03,1,Confirmed,Instagram,,0,16729.0
9171,9658,70,11594.0,2023-11-16 04:07:10,2023-11-21,5,Completed,Mobile App,TP5OFF,5,68039.0
9172,9658,94,4483.0,2026-02-10 01:20:08,2026-03-19,5,Completed,Website,TP10OFF,10,55444.5
9173,9658,13,,2025-10-23 05:19:25,2025-11-27,1,Completed,Website,,0,10774.0
9174,9658,70,,2026-09-03 22:57:01,2026-11-04,3,Confirmed,Referral Link,,0,42972.0
9175,9659,96,1891.0,2025-05-11 04:19:42,2025-06-29,1,Completed,Website,,0,21811.0
9176,9663,11,11599.0,2026-07-09 18:37:05,2026-09-14,4,Cancelled,Website,TP5OFF,5,107669.2
9177,9663,23,11303.0,2026-03-28 05:45:57,2026-05-19,2,Completed,Website,,0,77962.0
9178,9664,56,2023.0,2026-09-04 21:09:06,2026-10-22,2,Confirmed,Website,,0,33648.0
9179,9664,47,,2026-09-01 01:26:55,2026-12-08,4,Pending,Mobile App,,0,121320.0
9180,9665,94,9246.0,2026-02-10 10:37:16,2026-04-09,2,Cancelled,Website,TP15OFF,15,20945.7
9181,9668,22,,2025-04-07 11:42:56,2025-05-19,4,Completed,Mobile App,TP10OFF,10,32626.8
9182,9672,38,9075.0,2026-07-24 03:30:16,2026-09-16,4,Confirmed,Mobile App,,0,32132.0
9183,9673,85,,2026-06-24 00:01:49,2026-11-30,4,Cancelled,Instagram,TP10OFF,10,30758.4
9184,9673,70,,2023-10-17 14:37:49,2023-11-30,2,Completed,Website,,0,28648.0
9185,9674,39,,2026-01-12 19:38:58,2026-01-30,3,Completed,Mobile App,TP5OFF,5,20457.3
9186,9677,32,,2026-06-13 22:21:37,2026-10-10,2,Pending,Instagram,TP10OFF,10,46733.4
9187,9681,39,,2026-07-01 19:26:45,2026-09-30,3,Confirmed,Website,,0,21534.0
9188,9681,19,3493.0,2026-03-16 05:47:20,2026-04-24,4,Cancelled,Website,,0,35348.0
9189,9683,39,,2026-08-31 03:35:21,2027-01-22,5,Confirmed,Website,,0,35890.0
9190,9684,27,10801.0,2024-01-01 07:56:55,2024-02-02,2,Completed,Website,,0,13392.0
9191,9684,6,,2026-09-02 17:54:38,2027-01-13,2,Confirmed,Website,,0,17646.0
9192,9684,63,,2026-02-02 06:43:03,2026-02-08,5,Completed,Website,,0,84880.0
9193,9686,63,10219.0,2026-07-27 16:29:50,2026-08-25,2,Completed,Website,TP5OFF,5,32254.4
9194,9687,44,1154.0,2026-08-06 19:48:52,2026-12-04,5,Pending,Referral Link,,0,33450.0
9195,9689,85,8503.0,2026-08-04 15:44:42,2026-11-12,5,Confirmed,Mobile App,TP10OFF,10,38448.0
9196,9691,75,5362.0,2026-06-16 19:40:38,2026-10-25,4,Confirmed,Mobile App,TP5OFF,5,82467.6
9197,9691,59,,2026-08-22 03:12:27,2027-02-13,4,Pending,Instagram,,0,80344.0
9198,9694,25,14800.0,2023-09-25 18:17:43,2023-10-22,1,Completed,Mobile App,,0,11853.0
9199,9695,94,,2025-08-29 15:28:43,2025-09-29,4,Completed,Mobile App,TP15OFF,15,41891.4
9200,9696,75,12262.0,2026-08-01 13:50:27,2026-09-20,4,Confirmed,Referral Link,,0,86808.0
9201,9696,75,,2023-11-26 09:21:03,2023-12-27,5,Completed,Website,,0,108510.0
9202,9697,4,14232.0,2026-08-26 08:50:35,2027-01-17,1,Confirmed,Mobile App,,0,8453.0
9203,9697,80,6544.0,2024-11-22 18:42:19,2024-12-25,4,Completed,Website,TP15OFF,15,21817.8
9204,9698,92,6884.0,2026-07-10 20:17:37,2026-07-30,4,Completed,Mobile App,,0,29628.0
9205,9700,70,,2025-12-28 15:28:08,2026-02-12,3,Completed,Website,,0,42972.0
9206,9700,22,,2024-06-28 10:35:59,2024-08-04,4,Completed,Mobile App,,0,36252.0
9207,9705,15,1121.0,2026-01-18 03:11:28,2026-03-14,5,Completed,Mobile App,TP5OFF,5,49718.25
9208,9705,6,7367.0,2023-09-30 19:19:23,2023-11-01,3,Cancelled,Mobile App,,0,26469.0
9209,9708,27,2781.0,2026-07-22 01:34:17,2026-12-12,5,Confirmed,Mobile App,,0,33480.0
9210,9708,12,6950.0,2025-08-20 11:24:47,2025-09-20,5,Completed,Website,,0,51745.0
9211,9710,93,7402.0,2025-05-21 08:51:51,2025-06-12,6,Completed,Referral Link,,0,107880.0
9212,9711,8,,2025-04-16 09:25:13,2025-04-29,3,Completed,Website,,0,104274.0
9213,9711,14,3331.0,2025-09-27 11:21:28,2025-10-18,3,Completed,Website,,0,114609.0
9214,9711,84,8142.0,2026-08-23 08:42:28,2026-12-12,4,Cancelled,Website,,0,87048.0
9215,9711,47,9000.0,2026-07-19 01:31:16,2026-12-31,3,Confirmed,Website,,0,90990.0
9216,9713,70,,2026-06-17 02:32:33,2026-11-01,5,Confirmed,Website,TP5OFF,5,68039.0
9217,9714,22,,2026-07-19 02:10:22,2026-10-08,4,Confirmed,Instagram,,0,36252.0
9218,9716,87,,2026-09-04 07:15:42,2026-11-28,5,Pending,Website,,0,108850.0
9219,9716,23,,2024-05-26 23:17:29,2024-07-12,4,Completed,Mobile App,,0,155924.0
9220,9718,29,1743.0,2026-08-15 19:59:26,2026-08-26,2,Cancelled,Instagram,TP5OFF,5,57524.4
9221,9720,67,8492.0,2026-07-07 14:11:19,2026-07-28,4,Completed,Mobile App,TP15OFF,15,56878.6
9222,9720,74,,2023-10-24 09:14:28,2023-12-02,5,Completed,Referral Link,,0,54205.0
9223,9723,57,,2026-08-07 10:06:07,2026-12-19,3,Confirmed,Mobile App,TP20OFF,20,56018.4
9224,9724,22,,2026-07-24 00:47:48,2026-12-03,4,Confirmed,Referral Link,,0,36252.0
9225,9724,19,,2024-03-04 01:01:13,2024-03-12,1,Completed,Mobile App,TP5OFF,5,8395.15
9226,9724,95,9023.0,2024-11-27 05:07:11,2025-01-19,3,Completed,Mobile App,,0,21930.0
9227,9725,81,,2026-02-15 05:50:08,2026-02-25,3,Cancelled,Website,,0,75831.0
9228,9726,4,12748.0,2026-07-12 03:59:47,2026-09-17,4,Confirmed,Mobile App,,0,33812.0
9229,9727,26,573.0,2025-01-26 17:51:04,2025-02-28,4,Completed,Instagram,,0,103828.0
9230,9728,27,14118.0,2026-06-28 13:11:51,2026-09-07,2,Confirmed,Referral Link,TP5OFF,5,12722.4
9231,9728,83,4673.0,2026-07-08 08:40:20,2026-07-31,5,Completed,Website,,0,47880.0
9232,9729,5,,2026-07-26 09:47:38,2027-01-21,3,Pending,Website,,0,121965.0
9233,9729,21,,2024-11-24 12:38:17,2024-12-06,2,Completed,Website,TP10OFF,10,13336.2
9234,9730,85,,2025-04-10 17:49:46,2025-05-08,2,Completed,Referral Link,,0,17088.0
9235,9731,82,7563.0,2023-09-24 01:51:59,2023-10-13,4,Completed,Mobile App,,0,39384.0
9236,9733,49,6445.0,2026-07-06 06:37:04,2026-12-15,2,Confirmed,Website,,0,23212.0
9237,9733,62,11025.0,2024-06-14 16:11:26,2024-07-17,4,Completed,Instagram,,0,74748.0
9238,9738,29,4570.0,2024-02-22 16:33:49,2024-03-10,3,Completed,Referral Link,,0,90828.0
9239,9740,85,14026.0,2026-06-27 09:44:35,2026-09-07,2,Confirmed,Instagram,TP5OFF,5,16233.6
9240,9743,13,2889.0,2026-06-29 05:31:23,2026-12-17,1,Cancelled,Website,,0,10774.0
9241,9744,43,,2026-08-16 01:06:03,2026-11-15,3,Confirmed,Referral Link,,0,33567.0
9242,9745,25,,2026-08-28 18:47:46,2026-10-28,2,Pending,Website,TP10OFF,10,21335.4
9243,9747,59,11831.0,2026-08-10 06:57:38,2026-08-30,4,Completed,Mobile App,,0,80344.0
9244,9748,79,10954.0,2026-07-13 11:35:24,2026-08-25,2,Completed,Website,,0,19384.0
9245,9750,96,,2026-08-02 23:56:02,2026-10-18,4,Confirmed,Mobile App,,0,87244.0
9246,9751,54,,2026-06-10 07:35:44,2026-08-03,2,Completed,Website,,0,23432.0
9247,9751,19,1063.0,2024-01-20 13:17:54,2024-02-22,3,Completed,Website,,0,26511.0
9248,9752,93,159.0,2026-08-16 23:07:22,2026-11-29,4,Pending,Website,,0,71920.0
9249,9753,53,1880.0,2026-07-18 10:24:04,2026-11-10,3,Confirmed,Mobile App,TP20OFF,20,27688.8
9250,9755,66,,2025-12-07 14:01:11,2026-01-15,4,Completed,Instagram,TP10OFF,10,111981.6
9251,9758,24,,2026-07-01 04:29:14,2026-11-13,2,Confirmed,Website,,0,19178.0
9252,9759,28,,2024-06-14 18:24:27,2024-06-27,2,Completed,Website,TP10OFF,10,16839.0
9253,9760,49,,2025-06-07 04:03:37,2025-07-17,2,Cancelled,Website,TP10OFF,10,20890.8
9254,9760,16,,2024-10-07 17:42:07,2024-11-17,3,Completed,Website,,0,32778.0
9255,9760,88,,2026-06-11 18:44:14,2026-07-04,3,Completed,Website,,0,24333.0
9256,9760,44,,2024-01-01 18:10:23,2024-01-19,2,Completed,Website,TP15OFF,15,11373.0
9257,9765,13,6806.0,2026-08-29 20:52:46,2026-09-20,2,Confirmed,Website,,0,21548.0
9258,9765,28,,2026-07-07 04:07:16,2026-08-25,3,Completed,Mobile App,,0,28065.0
9259,9766,13,,2026-08-04 16:14:13,2026-12-03,3,Confirmed,Mobile App,TP10OFF,10,29089.8
9260,9769,5,,2026-07-26 05:29:02,2026-11-15,2,Confirmed,Referral Link,,0,81310.0
9261,9769,5,,2024-10-29 03:11:37,2024-11-11,4,Completed,Instagram,,0,162620.0
9262,9773,61,9538.0,2026-07-15 10:58:36,2026-08-24,3,Completed,Mobile App,,0,57165.0
9263,9773,77,,2026-07-17 09:24:42,2026-08-18,5,Completed,Website,,0,99705.0
9264,9774,66,,2026-08-30 09:03:01,2027-02-21,4,Confirmed,Referral Link,TP5OFF,5,118202.8
9265,9778,53,,2026-07-08 23:41:49,2026-09-04,4,Completed,Mobile App,,0,46148.0
9266,9781,77,,2026-07-26 04:36:24,2026-12-26,5,Confirmed,Website,,0,99705.0
9267,9781,68,322.0,2026-07-17 04:06:12,2026-10-15,6,Cancelled,Instagram,,0,138840.0
9268,9781,66,,2026-08-18 15:35:15,2026-09-29,5,Pending,Mobile App,,0,155530.0
9269,9781,77,,2025-04-29 10:52:06,2025-05-31,4,Cancelled,Referral Link,,0,79764.0
9270,9782,68,,2023-10-12 12:27:29,2023-12-02,4,Completed,Instagram,,0,92560.0
9271,9782,73,926.0,2025-11-22 03:33:19,2025-12-05,5,Completed,Mobile App,,0,129175.0
9272,9782,77,615.0,2026-06-27 00:10:14,2026-12-14,4,Cancelled,Website,,0,79764.0
9273,9782,77,,2026-06-13 18:59:24,2026-11-19,3,Confirmed,Mobile App,TP20OFF,20,47858.4
9274,9782,61,735.0,2026-09-06 01:19:42,2027-01-24,6,Confirmed,Mobile App,,0,114330.0
9275,9784,39,1889.0,2026-07-06 04:57:32,2026-12-25,4,Confirmed,Referral Link,TP5OFF,5,27276.4
9276,9792,81,,2026-04-07 02:17:24,2026-05-24,5,Completed,Instagram,,0,126385.0
9277,9792,78,13826.0,2026-06-27 23:28:42,2026-12-02,5,Confirmed,Website,,0,100870.0
9278,9793,8,4308.0,2026-06-17 02:52:49,2026-09-01,3,Cancelled,Referral Link,TP15OFF,15,88632.9
9279,9795,82,13168.0,2026-06-11 09:56:51,2026-09-06,5,Completed,Website,,0,49230.0
9280,9795,1,12230.0,2026-08-15 15:06:04,2026-10-29,2,Cancelled,Mobile App,,0,21974.0
9281,9796,90,,2026-06-21 08:55:02,2026-08-03,3,Completed,Mobile App,TP10OFF,10,56062.8
9282,9797,58,,2024-07-12 06:55:07,2024-08-12,5,Completed,Mobile App,,0,60805.0
9283,9800,44,,2024-07-03 02:49:01,2024-08-13,2,Completed,Website,,0,13380.0
9284,9801,78,,2026-06-09 13:28:35,2026-10-08,4,Confirmed,Mobile App,TP10OFF,10,72626.4
9285,9803,54,,2026-08-01 11:47:24,2026-12-15,2,Pending,Website,,0,23432.0
9286,9804,16,6220.0,2026-06-21 19:00:17,2026-11-02,3,Confirmed,Mobile App,,0,32778.0
9287,9805,27,,2026-09-05 10:17:04,2027-02-02,2,Confirmed,Website,TP10OFF,10,12052.8
9288,9807,85,,2026-07-12 15:31:54,2026-11-08,2,Pending,Mobile App,,0,17088.0
9289,9808,19,,2025-07-16 13:14:27,2025-08-25,2,Cancelled,Website,,0,17674.0
9290,9811,22,,2025-12-16 21:15:42,2025-12-23,1,Completed,Website,,0,9063.0
9291,9813,29,11358.0,2026-07-03 17:33:59,2026-10-02,3,Confirmed,Mobile App,,0,90828.0
9292,9815,96,13162.0,2024-05-31 05:51:48,2024-07-08,3,Completed,Website,,0,65433.0
9293,9815,34,,2024-01-21 17:57:22,2024-02-24,5,Cancelled,Website,TP10OFF,10,44518.5
9294,9817,9,,2026-08-03 07:03:58,2026-11-07,3,Confirmed,Mobile App,,0,30108.0
9295,9818,19,,2026-08-01 20:55:57,2027-01-28,1,Confirmed,Website,,0,8837.0
9296,9818,10,9987.0,2026-06-16 21:25:29,2026-11-15,3,Confirmed,Instagram,TP15OFF,15,24153.6
9297,9819,21,,2024-07-27 09:15:42,2024-09-21,4,Completed,Mobile App,,0,29636.0
9298,9819,47,,2026-03-04 03:28:21,2026-04-11,3,Completed,Mobile App,,0,90990.0
9299,9821,33,,2026-08-06 00:03:02,2026-10-11,3,Cancelled,Website,TP10OFF,10,29897.1
9300,9821,71,14252.0,2026-09-05 09:23:01,2026-11-26,3,Confirmed,Website,,0,18045.0
9301,9822,66,,2026-06-10 21:53:24,2026-08-24,5,Completed,Mobile App,,0,155530.0
9302,9822,27,2260.0,2026-03-30 02:59:17,2026-04-09,3,Completed,Website,,0,20088.0
9303,9824,64,,2024-09-25 03:14:06,2024-10-29,3,Completed,Referral Link,,0,48579.0
9304,9825,4,,2026-02-12 20:39:20,2026-03-17,3,Completed,Mobile App,TP10OFF,10,22823.1
9305,9826,49,,2026-07-30 14:53:02,2026-08-26,2,Completed,Referral Link,,0,23212.0
9306,9828,38,,2025-09-16 15:58:47,2025-09-27,4,Completed,Referral Link,TP5OFF,5,30525.4
9307,9829,94,,2026-07-24 23:42:56,2026-10-23,4,Confirmed,Website,,0,49284.0
9308,9831,7,1770.0,2026-07-28 12:55:02,2026-10-21,1,Confirmed,Mobile App,TP5OFF,5,12415.55
9309,9833,1,,2026-08-09 08:50:29,2026-09-04,3,Cancelled,Instagram,,0,32961.0
9310,9834,6,13161.0,2026-02-21 09:18:21,2026-03-28,5,Completed,Mobile App,TP20OFF,20,35292.0
9311,9834,53,,2026-06-14 04:07:38,2026-09-17,3,Pending,Website,,0,34611.0
9312,9836,83,,2026-07-16 19:02:57,2026-12-19,5,Confirmed,Mobile App,TP20OFF,20,38304.0
9313,9836,96,13964.0,2025-07-19 19:18:01,2025-08-13,5,Completed,Instagram,,0,109055.0
9314,9838,74,,2025-07-10 04:39:45,2025-08-04,4,Completed,Mobile App,TP5OFF,5,41195.8
9315,9839,13,,2026-06-21 22:08:39,2026-10-25,3,Pending,Mobile App,TP5OFF,5,30705.9
9316,9841,28,,2025-05-20 19:47:37,2025-06-02,1,Completed,Referral Link,,0,9355.0
9317,9842,48,,2024-10-06 15:49:28,2024-10-22,4,Completed,Mobile App,,0,32160.0
9318,9845,78,4100.0,2026-04-25 13:11:48,2026-05-01,6,Cancelled,Mobile App,TP5OFF,5,114991.8
9319,9847,57,5954.0,2026-08-16 12:38:11,2026-12-09,5,Confirmed,Instagram,TP20OFF,20,93364.0
9320,9847,27,,2026-08-08 00:52:37,2026-10-09,3,Pending,Instagram,,0,20088.0
9321,9847,15,4131.0,2025-02-12 18:00:05,2025-04-04,2,Cancelled,Instagram,,0,20934.0
9322,9847,12,,2026-07-01 14:01:16,2026-11-30,4,Pending,Mobile App,,0,41396.0
9323,9847,29,,2026-08-02 17:34:13,2026-10-01,2,Pending,Website,,0,60552.0
9324,9847,64,5229.0,2026-09-06 04:03:50,2026-11-13,2,Confirmed,Mobile App,,0,32386.0
9325,9848,88,,2026-07-25 11:50:21,2026-12-16,3,Confirmed,Mobile App,TP5OFF,5,23116.35
9326,9849,61,,2024-01-30 06:44:27,2024-02-19,4,Cancelled,Instagram,,0,76220.0
9327,9851,95,5597.0,2026-07-07 19:57:15,2026-07-15,3,Cancelled,Website,,0,21930.0
9328,9853,98,,2025-12-01 11:00:59,2026-01-19,5,Completed,Mobile App,,0,76790.0
9329,9853,23,,2025-05-11 22:39:48,2025-06-01,2,Completed,Website,TP10OFF,10,70165.8
9330,9854,21,,2025-04-22 12:26:19,2025-04-30,5,Completed,Website,,0,37045.0
9331,9854,15,12895.0,2023-12-26 15:52:12,2024-02-18,5,Completed,Mobile App,,0,52335.0
9332,9854,98,,2026-06-22 23:01:37,2026-10-07,2,Confirmed,Referral Link,,0,30716.0
9333,9854,90,12388.0,2026-06-15 06:41:13,2026-12-12,3,Confirmed,Website,,0,62292.0
9334,9854,8,,2026-06-14 17:35:26,2026-09-15,4,Confirmed,Mobile App,,0,139032.0
9335,9854,81,1033.0,2025-07-19 01:56:28,2025-08-24,5,Completed,Website,,0,126385.0
9336,9855,88,,2026-08-21 03:27:11,2026-12-08,5,Confirmed,Referral Link,,0,40555.0
9337,9855,34,,2026-08-16 13:32:07,2026-10-12,2,Confirmed,Website,TP10OFF,10,17807.4
9338,9856,32,,2026-06-20 07:18:23,2026-07-03,4,Completed,Website,,0,103852.0
9339,9858,42,3066.0,2026-07-15 02:27:42,2026-12-10,3,Confirmed,Website,,0,116151.0
9340,9859,34,,2024-04-06 20:06:40,2024-05-16,5,Cancelled,Mobile App,,0,49465.0
9341,9860,73,5878.0,2026-06-14 10:49:32,2026-08-09,3,Completed,Website,,0,77505.0
9342,9860,24,,2026-08-02 01:24:06,2026-09-23,2,Pending,Website,TP5OFF,5,18219.1
9343,9862,20,,2026-06-28 10:25:04,2026-10-02,4,Confirmed,Website,TP10OFF,10,131778.0
9344,9863,4,,2026-08-27 03:25:05,2027-01-13,3,Confirmed,Website,,0,25359.0
9345,9864,48,,2026-06-26 22:45:42,2026-08-17,2,Completed,Website,,0,16080.0
9346,9864,35,,2023-09-17 05:24:49,2023-09-23,1,Completed,Instagram,TP5OFF,5,29452.85
9347,9864,92,,2023-10-31 02:31:02,2023-11-10,3,Cancelled,Mobile App,,0,22221.0
9348,9864,12,10274.0,2025-09-06 22:43:29,2025-10-11,2,Completed,Mobile App,,0,20698.0
9349,9864,30,11126.0,2025-07-21 22:03:01,2025-09-10,3,Cancelled,Website,,0,27108.0
9350,9865,90,,2026-06-18 09:15:46,2026-09-16,6,Confirmed,Website,TP5OFF,5,118354.8
9351,9866,93,11667.0,2026-01-11 13:19:44,2026-02-07,5,Completed,Mobile App,,0,89900.0
9352,9867,23,14032.0,2026-08-13 09:03:32,2026-09-04,2,Completed,Referral Link,,0,77962.0
9353,9869,16,11459.0,2026-08-31 15:55:36,2026-10-22,4,Pending,Website,,0,43704.0
9354,9869,49,,2025-12-13 10:04:19,2026-02-10,4,Cancelled,Website,,0,46424.0
9355,9870,79,,2024-12-28 19:12:29,2025-01-13,4,Completed,Website,TP10OFF,10,34891.2
9356,9876,70,,2026-07-25 23:13:44,2026-10-09,5,Confirmed,Mobile App,TP10OFF,10,64458.0
9357,9877,10,,2026-08-13 22:07:33,2026-12-05,2,Confirmed,Website,,0,18944.0
9358,9879,44,2095.0,2026-07-06 06:43:01,2026-11-14,5,Confirmed,Website,,0,33450.0
9359,9880,94,,2026-07-25 07:08:25,2026-10-13,5,Pending,Mobile App,TP15OFF,15,52364.25
9360,9882,62,,2026-06-26 23:33:53,2026-07-26,3,Completed,Referral Link,,0,56061.0
9361,9882,39,6317.0,2026-06-30 11:35:16,2026-08-30,2,Cancelled,Website,,0,14356.0
9362,9882,85,,2026-08-24 12:09:12,2026-12-18,2,Pending,Website,,0,17088.0
9363,9882,10,,2025-10-18 17:32:56,2025-11-09,1,Completed,Website,,0,9472.0
9364,9883,43,,2026-06-21 00:28:39,2026-08-08,3,Completed,Mobile App,,0,33567.0
9365,9885,5,,2026-05-20 06:09:15,2026-06-03,4,Completed,Referral Link,,0,162620.0
9366,9886,28,,2026-08-22 15:51:23,2026-12-22,2,Confirmed,Mobile App,TP15OFF,15,15903.5
9367,9886,85,,2026-07-29 04:27:23,2026-10-12,3,Confirmed,Mobile App,,0,25632.0
9368,9889,64,7987.0,2026-09-06 15:57:31,2026-12-28,3,Confirmed,Website,,0,48579.0
9369,9890,64,,2025-03-25 10:09:16,2025-05-08,4,Completed,Mobile App,TP5OFF,5,61533.4
9370,9891,63,7019.0,2026-06-22 14:28:01,2026-12-14,2,Confirmed,Website,,0,33952.0
9371,9896,42,11245.0,2026-07-17 11:09:22,2026-09-21,4,Confirmed,Mobile App,TP5OFF,5,147124.6
9372,9896,14,4498.0,2025-11-19 01:31:04,2026-01-01,4,Completed,Mobile App,TP10OFF,10,137530.8
9373,9898,52,,2026-05-17 07:33:58,2026-05-25,3,Completed,Mobile App,TP10OFF,10,82887.3
9374,9901,20,6368.0,2024-09-25 03:55:39,2024-11-03,4,Completed,Instagram,TP5OFF,5,139099.0
9375,9903,48,9111.0,2026-07-04 06:52:51,2026-07-31,3,Completed,Referral Link,TP20OFF,20,19296.0
9376,9905,94,5610.0,2025-02-10 02:33:52,2025-02-19,3,Completed,Website,,0,36963.0
9377,9906,42,2407.0,2026-07-13 13:10:37,2027-01-02,4,Confirmed,Referral Link,,0,154868.0
9378,9908,97,5522.0,2026-06-14 08:13:49,2026-11-08,4,Confirmed,Mobile App,,0,67836.0
9379,9909,1,1447.0,2024-11-05 04:33:58,2024-12-02,1,Completed,Instagram,TP5OFF,5,10437.65
9380,9909,88,13850.0,2024-12-01 04:11:35,2025-01-25,5,Completed,Website,,0,40555.0
9381,9913,30,3949.0,2026-08-06 05:22:39,2026-11-08,5,Confirmed,Instagram,,0,45180.0
9382,9914,78,,2026-04-14 11:20:44,2026-04-28,5,Completed,Website,,0,100870.0
9383,9914,51,,2026-08-26 13:39:09,2026-10-04,2,Confirmed,Website,,0,73474.0
9384,9915,70,,2024-10-29 03:11:42,2024-11-12,3,Completed,Website,,0,42972.0
9385,9915,85,10850.0,2026-07-05 18:17:39,2026-07-29,5,Completed,Instagram,,0,42720.0
9386,9916,97,,2026-03-04 04:02:45,2026-03-28,3,Completed,Website,,0,50877.0
9387,9920,83,,2026-08-20 09:51:00,2026-09-22,3,Confirmed,Website,,0,28728.0
9388,9921,20,,2026-07-17 05:12:59,2026-10-09,3,Confirmed,Mobile App,,0,109815.0
9389,9921,37,,2026-07-09 07:30:01,2026-09-30,2,Confirmed,Website,,0,75482.0
9390,9924,96,,2026-07-17 13:35:50,2026-07-27,2,Completed,Website,,0,43622.0
9391,9924,19,,2025-05-26 13:55:48,2025-06-02,2,Completed,Mobile App,TP15OFF,15,15022.9
9392,9925,25,,2026-06-24 16:51:23,2026-10-09,3,Confirmed,Website,TP20OFF,20,28447.2
9393,9928,82,1043.0,2023-11-23 22:55:52,2023-12-04,4,Completed,Website,,0,39384.0
9394,9930,96,543.0,2026-06-17 13:41:45,2026-08-17,4,Completed,Mobile App,,0,87244.0
9395,9932,86,,2026-07-29 20:50:02,2026-09-07,5,Confirmed,Mobile App,TP5OFF,5,36366.0
9396,9934,39,,2026-07-14 08:29:43,2026-11-19,5,Confirmed,Mobile App,,0,35890.0
9397,9935,92,8287.0,2026-08-12 01:15:47,2026-10-07,3,Confirmed,Website,TP10OFF,10,19998.9
9398,9935,72,,2025-09-18 00:12:48,2025-10-26,5,Completed,Website,,0,55585.0
9399,9936,96,4137.0,2026-08-31 11:24:25,2026-12-27,2,Confirmed,Website,,0,43622.0
9400,9936,62,5669.0,2025-07-31 06:08:17,2025-09-11,1,Completed,Website,,0,18687.0
9401,9937,18,8818.0,2026-06-27 08:07:49,2026-11-25,3,Confirmed,Mobile App,TP10OFF,10,16772.4
9402,9938,58,,2025-09-22 10:15:07,2025-10-22,2,Completed,Website,,0,24322.0
9403,9939,19,,2026-07-01 23:20:00,2026-12-01,3,Cancelled,Referral Link,TP20OFF,20,21208.8
9404,9939,91,1337.0,2026-08-09 12:25:21,2026-12-30,2,Confirmed,Mobile App,,0,25908.0
9405,9943,6,5070.0,2025-11-06 19:11:49,2025-11-27,4,Cancelled,Website,,0,35292.0
9406,9943,71,,2025-09-20 09:32:40,2025-10-07,2,Completed,Website,TP5OFF,5,11428.5
9407,9944,1,,2026-07-17 10:57:19,2026-12-12,3,Confirmed,Mobile App,,0,32961.0
9408,9945,91,3635.0,2024-09-01 19:27:21,2024-10-08,5,Completed,Instagram,,0,64770.0
9409,9946,62,,2026-08-20 04:22:59,2026-09-17,2,Confirmed,Website,,0,37374.0
9410,9946,82,,2023-11-23 15:44:35,2024-01-20,2,Completed,Website,,0,19692.0
9411,9947,31,,2026-03-26 00:13:50,2026-05-03,2,Cancelled,Website,,0,80496.0
9412,9948,18,,2026-08-11 20:25:04,2026-11-13,5,Confirmed,Mobile App,TP5OFF,5,29507.0
9413,9949,21,,2023-12-06 21:12:39,2023-12-14,2,Completed,Instagram,,0,14818.0
9414,9951,77,,2026-07-05 08:28:11,2026-09-10,5,Confirmed,Website,,0,99705.0
9415,9951,68,,2023-12-15 04:59:54,2023-12-20,6,Completed,Referral Link,,0,138840.0
9416,9955,4,,2026-07-05 02:44:12,2026-10-06,2,Pending,Website,,0,16906.0
9417,9956,48,,2026-08-11 13:04:50,2026-12-25,2,Confirmed,Website,,0,16080.0
9418,9957,56,,2026-07-23 12:15:41,2026-10-19,3,Confirmed,Website,TP15OFF,15,42901.2
9419,9959,83,5798.0,2026-08-14 21:32:25,2027-01-02,4,Confirmed,Referral Link,,0,38304.0
9420,9960,31,10288.0,2025-03-11 05:28:02,2025-04-30,2,Completed,Website,,0,80496.0
9421,9963,70,14884.0,2026-08-20 15:31:19,2026-10-03,2,Confirmed,Mobile App,,0,28648.0
9422,9965,34,,2026-07-15 20:25:32,2026-11-23,3,Confirmed,Instagram,,0,29679.0
9423,9965,82,,2026-07-23 16:26:40,2026-08-28,3,Completed,Mobile App,TP10OFF,10,26584.2
9424,9966,39,5989.0,2026-09-03 22:36:41,2027-02-23,5,Confirmed,Website,,0,35890.0
9425,9968,28,,2025-10-10 05:10:26,2025-11-06,4,Completed,Website,TP10OFF,10,33678.0
9426,9969,81,7028.0,2026-08-30 18:44:05,2027-01-10,3,Confirmed,Website,,0,75831.0
9427,9969,60,,2025-02-24 12:24:46,2025-03-11,4,Completed,Mobile App,TP5OFF,5,49039.0
9428,9970,70,,2026-06-19 09:32:24,2026-11-24,2,Confirmed,Referral Link,,0,28648.0
9429,9970,82,,2026-08-03 12:09:47,2026-11-05,5,Confirmed,Mobile App,TP5OFF,5,46768.5
9430,9971,77,,2024-04-25 21:52:02,2024-05-23,3,Completed,Website,,0,59823.0
9431,9971,75,3542.0,2026-07-14 05:44:16,2026-08-02,5,Completed,Website,,0,108510.0
9432,9973,24,9064.0,2026-08-26 01:22:31,2026-10-31,2,Confirmed,Website,,0,19178.0
9433,9973,38,,2026-01-22 06:24:26,2026-03-13,4,Completed,Mobile App,,0,32132.0
9434,9974,34,8496.0,2025-10-02 06:09:44,2025-10-14,3,Completed,Mobile App,,0,29679.0
9435,9975,79,10584.0,2026-07-19 02:29:19,2026-09-09,5,Confirmed,Website,TP20OFF,20,38768.0
9436,9977,62,,2025-10-04 10:40:31,2025-10-22,4,Completed,Mobile App,,0,74748.0
9437,9977,1,14330.0,2026-06-24 17:58:16,2026-09-25,4,Confirmed,Website,,0,43948.0
9438,9983,26,9762.0,2026-07-30 06:27:58,2026-11-01,2,Confirmed,Website,,0,51914.0
9439,9986,77,14655.0,2024-05-16 08:45:24,2024-06-19,4,Completed,Mobile App,,0,79764.0
9440,9986,57,,2025-02-15 08:19:12,2025-04-08,4,Completed,Website,,0,93364.0
9441,9987,31,,2026-09-01 12:46:42,2026-12-27,2,Confirmed,Website,TP15OFF,15,68421.6
9442,9989,15,12335.0,2026-07-01 13:39:24,2026-08-27,4,Completed,Website,,0,41868.0
9443,9990,60,5944.0,2026-08-08 15:48:19,2026-10-30,4,Confirmed,Referral Link,,0,51620.0
9444,9990,60,,2026-06-25 05:54:40,2026-07-19,1,Completed,Website,,0,12905.0
9445,9991,64,14072.0,2026-08-21 18:43:52,2027-01-03,4,Confirmed,Referral Link,TP10OFF,10,58294.8
9446,9992,2,,2026-07-29 21:10:12,2026-08-23,3,Completed,Website,,0,99189.0
9447,9994,68,,2025-02-24 20:18:46,2025-04-24,3,Completed,Website,TP5OFF,5,65949.0
9448,9995,23,12434.0,2025-04-16 10:02:11,2025-05-18,2,Completed,Instagram,TP5OFF,5,74063.9
9449,9996,17,14727.0,2024-06-07 06:57:45,2024-07-17,3,Completed,Website,,0,121686.0
9450,9997,19,,2026-08-15 09:20:00,2026-12-06,2,Pending,Referral Link,TP10OFF,10,15906.6
9451,9998,29,,2024-01-24 00:15:43,2024-02-17,2,Cancelled,Referral Link,,0,60552.0
