customer_campaign_id,customer_id,campaign_id,acquisition_date,first_touch,conversion_date
1,1,21,2026-05-06,Paid Ads,2026-05-07
2,2,8,2024-01-09,Organic Search,2024-01-30
3,3,27,2025-06-04,Paid Ads,2025-06-07
4,4,24,2025-06-17,Direct,2025-06-17
5,5,15,2024-09-25,Organic Search,2024-10-06
6,6,16,2025-05-15,Email,2025-05-22
7,7,18,2025-11-25,Paid Ads,2025-12-09
8,8,10,2024-05-11,Paid Ads,2024-05-21
9,9,18,2025-11-25,Paid Ads,2025-12-22
10,10,11,2025-12-29,Organic Search,2026-01-10
11,11,2,2025-09-26,Organic Search,2025-10-21
12,12,29,2024-09-30,Paid Ads,2024-10-03
13,13,22,2026-08-08,Paid Ads,2026-08-19
14,14,28,2024-10-28,Organic Search,2024-11-12
15,15,23,2024-06-19,Organic Search,2024-07-19
16,16,23,2024-06-19,Organic Search,2024-07-10
17,17,22,2026-08-09,Email,2026-08-14
18,18,26,2025-09-16,Email,2025-10-11
19,19,1,2024-08-29,Paid Ads,2024-09-20
20,20,30,2026-05-21,Organic Search,2026-06-13
21,21,11,2026-01-28,Paid Ads,2026-02-12
22,22,11,2026-01-03,Email,2026-01-20
23,23,5,2024-02-04,Paid Ads,2024-02-19
24,24,23,2024-06-27,Direct,2024-07-20
25,25,29,2024-09-15,Organic Search,2024-10-01
26,26,20,2025-11-28,Paid Ads,2025-12-22
27,27,8,2024-01-11,Paid Ads,2024-01-17
28,28,21,2026-05-10,Paid Ads,2026-05-23
29,29,28,2024-10-18,Email,2024-10-22
30,30,9,2025-06-05,Paid Ads,2025-06-24
31,31,5,2024-02-08,Paid Ads,2024-02-14
32,32,10,2024-05-17,Direct,2024-05-30
33,33,7,2023-12-16,Direct,2023-12-31
34,34,14,2026-04-21,Email,2026-05-08
35,35,12,2024-04-13,Organic Search,2024-05-07
36,36,19,2025-10-28,Paid Ads,2025-11-06
37,37,6,2023-10-19,Direct,2023-10-20
38,38,30,2026-05-22,Direct,2026-06-02
39,39,19,2025-10-23,Organic Search,2025-10-31
40,40,27,2025-06-17,Email,2025-06-29
41,41,20,2025-11-02,Organic Search,2025-11-20
42,42,25,2025-08-04,Organic Search,2025-08-29
43,43,30,2026-05-17,Organic Search,2026-06-15
44,44,13,2026-01-24,Direct,2026-02-05
45,45,28,2024-11-09,Organic Search,2024-11-11
46,46,12,2024-04-12,Direct,2024-05-09
47,47,15,2024-09-15,Paid Ads,2024-10-12
48,48,26,2025-09-14,Organic Search,2025-09-29
49,49,3,2025-09-26,Direct,2025-10-03
50,50,27,2025-06-24,Direct,2025-06-26
51,51,13,2026-01-23,Organic Search,2026-02-20
52,52,15,2024-09-20,Organic Search,2024-09-27
53,53,3,2025-09-25,Paid Ads,2025-10-11
54,54,16,2025-05-04,Paid Ads,2025-05-12
55,55,1,2024-09-02,Organic Search,2024-10-01
56,56,16,2025-04-25,Paid Ads,2025-05-17
57,57,24,2025-06-24,Paid Ads,2025-07-22
58,58,30,2026-05-21,Organic Search,2026-06-01
59,59,22,2026-08-09,Paid Ads,2026-08-09
60,60,25,2025-08-03,Organic Search,2025-08-06
61,61,23,2024-06-23,Organic Search,2024-07-06
62,62,28,2024-11-01,Organic Search,2024-11-21
63,63,25,2025-08-17,Direct,2025-08-30
64,64,10,2024-05-17,Direct,2024-06-13
65,65,12,2024-03-18,Email,2024-04-08
66,66,19,2025-10-15,Paid Ads,2025-11-03
67,67,15,2024-09-13,Paid Ads,2024-09-30
68,68,13,2026-01-23,Organic Search,2026-02-18
69,69,19,2025-10-06,Organic Search,2025-11-05
70,70,20,2025-11-14,Paid Ads,2025-12-11
71,71,8,2024-01-12,Organic Search,2024-01-28
72,72,9,2025-05-29,Paid Ads,2025-06-01
73,73,10,2024-05-17,Paid Ads,2024-05-23
74,74,28,2024-10-19,Organic Search,2024-11-10
75,75,15,2024-09-18,Organic Search,2024-09-22
76,76,26,2025-09-13,Organic Search,2025-09-20
77,77,27,2025-06-11,Paid Ads,2025-06-16
78,78,15,2024-09-11,Organic Search,2024-10-05
79,79,23,2024-06-16,Direct,2024-07-11
80,80,5,2024-02-06,Paid Ads,2024-02-07
81,81,18,2025-11-26,Organic Search,2025-12-05
82,82,14,2026-04-11,Organic Search,2026-05-03
83,83,16,2025-05-27,Organic Search,2025-06-19
84,84,18,2025-11-29,Paid Ads,2025-12-17
85,85,18,2025-12-05,Paid Ads,2025-12-11
86,86,12,2024-04-12,Email,2024-05-11
87,87,10,2024-05-14,Organic Search,2024-06-03
88,88,19,2025-09-28,Direct,2025-10-27
89,89,1,2024-08-22,Organic Search,2024-08-28
90,90,4,2024-01-24,Paid Ads,2024-02-17
91,91,14,2026-04-18,Organic Search,2026-04-28
92,92,7,2023-12-15,Direct,2023-12-18
93,93,11,2026-01-01,Organic Search,2026-01-18
94,94,14,2026-05-04,Paid Ads,2026-05-15
95,95,21,2026-05-10,Direct,2026-05-15
96,96,14,2026-05-09,Organic Search,2026-05-19
97,97,11,2025-12-24,Organic Search,2026-01-10
98,98,3,2025-09-18,Paid Ads,2025-10-08
99,99,26,2025-09-21,Organic Search,2025-09-22
100,100,25,2025-08-18,Paid Ads,2025-09-17
101,101,23,2024-06-11,Paid Ads,2024-06-24
102,102,14,2026-04-21,Direct,2026-04-25
103,103,20,2025-11-06,Organic Search,2025-11-15
104,104,28,2024-10-25,Direct,2024-11-03
105,105,6,2023-10-09,Organic Search,2023-10-12
106,106,25,2025-07-30,Paid Ads,2025-08-22
107,107,28,2024-11-11,Organic Search,2024-11-19
108,108,3,2025-09-27,Organic Search,2025-10-17
109,109,8,2024-01-10,Organic Search,2024-01-19
110,110,4,2024-01-17,Email,2024-01-31
111,111,21,2026-04-27,Direct,2026-05-05
112,112,15,2024-09-11,Paid Ads,2024-09-16
113,113,6,2023-10-14,Paid Ads,2023-11-01
114,114,17,2026-06-16,Paid Ads,2026-07-04
115,115,6,2023-09-30,Email,2023-10-01
116,116,24,2025-05-28,Paid Ads,2025-06-27
117,117,13,2026-01-25,Paid Ads,2026-01-31
118,118,12,2024-03-28,Paid Ads,2024-04-01
119,119,27,2025-06-26,Paid Ads,2025-07-03
120,120,19,2025-09-25,Paid Ads,2025-10-10
121,121,28,2024-11-13,Organic Search,2024-11-14
122,122,29,2024-09-16,Email,2024-09-29
123,123,9,2025-05-22,Paid Ads,2025-06-18
124,124,6,2023-10-26,Direct,2023-11-05
125,125,21,2026-04-28,Organic Search,2026-05-03
126,126,5,2024-01-11,Direct,2024-01-12
127,127,4,2024-01-18,Organic Search,2024-01-20
128,128,25,2025-08-17,Organic Search,2025-09-11
129,129,1,2024-08-12,Paid Ads,2024-09-04
130,130,27,2025-06-17,Paid Ads,2025-07-08
131,131,15,2024-09-14,Organic Search,2024-10-12
132,132,15,2024-09-18,Email,2024-10-03
133,133,3,2025-09-18,Paid Ads,2025-10-12
134,134,8,2024-01-10,Paid Ads,2024-02-03
135,135,13,2026-02-02,Organic Search,2026-03-03
136,136,13,2026-01-27,Paid Ads,2026-02-15
137,137,9,2025-06-04,Paid Ads,2025-06-17
138,138,26,2025-09-17,Direct,2025-10-06
139,139,29,2024-09-30,Paid Ads,2024-10-26
140,140,7,2023-12-26,Organic Search,2023-12-31
141,141,3,2025-09-27,Organic Search,2025-10-08
142,142,11,2026-01-22,Paid Ads,2026-02-06
143,143,14,2026-04-16,Organic Search,2026-05-14
144,144,17,2026-06-18,Paid Ads,2026-07-03
145,145,20,2025-11-04,Organic Search,2025-11-10
146,146,15,2024-09-15,Organic Search,2024-10-02
147,147,21,2026-05-09,Organic Search,2026-05-12
148,148,7,2024-01-16,Paid Ads,2024-02-12
149,149,30,2026-05-24,Paid Ads,2026-06-13
150,150,30,2026-05-22,Email,2026-06-11
151,151,28,2024-11-10,Email,2024-11-14
152,152,1,2024-08-10,Paid Ads,2024-08-14
153,153,12,2024-03-22,Paid Ads,2024-04-10
154,154,21,2026-05-03,Organic Search,2026-05-25
155,155,29,2024-09-20,Organic Search,2024-09-24
156,156,2,2025-09-26,Organic Search,2025-10-06
157,157,7,2023-12-20,Direct,2024-01-11
158,158,17,2026-06-20,Email,2026-07-19
159,159,20,2025-11-03,Paid Ads,2025-11-27
160,160,18,2025-11-27,Paid Ads,2025-12-19
161,161,6,2023-09-29,Organic Search,2023-10-09
162,162,17,2026-06-13,Organic Search,2026-07-01
163,163,17,2026-06-20,Paid Ads,2026-07-05
164,164,28,2024-10-10,Paid Ads,2024-10-14
165,165,9,2025-05-17,Email,2025-06-14
166,166,15,2024-09-18,Paid Ads,2024-10-05
167,167,4,2024-01-24,Organic Search,2024-02-16
168,168,7,2023-12-29,Paid Ads,2024-01-05
169,169,24,2025-06-27,Direct,2025-07-17
170,170,21,2026-05-05,Direct,2026-06-03
171,171,2,2025-10-05,Organic Search,2025-10-22
172,172,21,2026-05-04,Paid Ads,2026-05-17
173,173,16,2025-05-26,Organic Search,2025-06-13
174,174,16,2025-04-15,Organic Search,2025-05-01
175,175,24,2025-06-04,Email,2025-06-04
176,176,22,2026-08-13,Organic Search,2026-08-22
177,177,7,2023-12-21,Organic Search,2024-01-18
178,178,28,2024-11-09,Organic Search,2024-11-19
179,179,11,2026-01-19,Paid Ads,2026-01-27
180,180,20,2025-11-23,Organic Search,2025-12-10
181,181,7,2024-01-10,Direct,2024-01-16
182,182,19,2025-10-26,Organic Search,2025-11-06
183,183,10,2024-05-14,Direct,2024-06-09
184,184,4,2024-01-27,Paid Ads,2024-02-19
185,185,6,2023-10-06,Email,2023-10-09
186,186,9,2025-05-17,Organic Search,2025-05-20
187,187,20,2025-11-23,Paid Ads,2025-11-24
188,188,23,2024-06-11,Paid Ads,2024-07-03
189,189,30,2026-05-22,Direct,2026-05-25
190,190,2,2025-10-12,Direct,2025-11-05
191,191,22,2026-08-16,Organic Search,2026-08-26
192,192,30,2026-05-17,Organic Search,2026-06-15
193,193,18,2025-12-03,Email,2025-12-20
194,194,17,2026-06-19,Organic Search,2026-07-13
195,195,22,2026-08-12,Organic Search,2026-08-17
196,196,1,2024-08-05,Organic Search,2024-08-28
197,197,20,2025-11-14,Paid Ads,2025-11-18
198,198,7,2023-12-10,Email,2023-12-14
199,199,25,2025-08-11,Paid Ads,2025-09-07
200,200,10,2024-05-12,Direct,2024-06-08
201,201,20,2025-11-06,Organic Search,2025-11-16
202,202,12,2024-03-19,Direct,2024-04-06
203,203,1,2024-08-12,Direct,2024-08-30
204,204,2,2025-10-15,Paid Ads,2025-11-11
205,205,25,2025-08-15,Paid Ads,2025-08-25
206,206,1,2024-08-05,Email,2024-08-15
207,207,25,2025-08-17,Organic Search,2025-08-18
208,208,28,2024-11-02,Paid Ads,2024-11-02
209,209,15,2024-09-22,Paid Ads,2024-09-28
210,210,26,2025-09-22,Paid Ads,2025-09-26
211,211,26,2025-09-14,Direct,2025-09-19
212,212,30,2026-05-22,Organic Search,2026-06-07
213,213,26,2025-09-21,Direct,2025-09-22
214,214,21,2026-04-26,Email,2026-05-07
215,215,9,2025-05-13,Paid Ads,2025-05-14
216,216,1,2024-09-09,Organic Search,2024-09-16
217,217,27,2025-06-28,Direct,2025-07-25
218,218,11,2026-01-21,Organic Search,2026-01-26
219,219,29,2024-09-23,Paid Ads,2024-09-23
220,220,12,2024-04-06,Direct,2024-05-03
221,221,9,2025-05-20,Organic Search,2025-06-07
222,222,27,2025-06-21,Paid Ads,2025-07-19
223,223,1,2024-08-14,Organic Search,2024-09-12
224,224,4,2024-01-17,Organic Search,2024-02-01
225,225,1,2024-08-18,Organic Search,2024-09-10
226,226,25,2025-08-08,Paid Ads,2025-08-13
227,227,1,2024-08-09,Paid Ads,2024-08-27
228,228,8,2024-01-07,Email,2024-01-11
229,229,4,2024-01-19,Organic Search,2024-01-31
230,230,25,2025-08-18,Organic Search,2025-09-05
231,231,30,2026-05-17,Email,2026-05-27
232,232,2,2025-10-13,Paid Ads,2025-10-15
233,233,22,2026-08-08,Direct,2026-08-23
234,234,9,2025-05-22,Paid Ads,2025-06-01
235,235,6,2023-10-30,Email,2023-11-18
236,236,13,2026-01-30,Paid Ads,2026-02-18
237,237,29,2024-09-21,Organic Search,2024-10-04
238,238,24,2025-06-15,Organic Search,2025-07-05
239,239,11,2026-01-11,Email,2026-02-03
240,240,1,2024-08-13,Paid Ads,2024-08-30
241,241,4,2024-01-17,Direct,2024-02-04
242,242,20,2025-11-25,Paid Ads,2025-12-24
243,243,4,2024-01-21,Organic Search,2024-02-07
244,244,6,2023-11-01,Organic Search,2023-12-01
245,245,21,2026-05-01,Organic Search,2026-05-07
246,246,16,2025-04-30,Paid Ads,2025-05-06
247,247,2,2025-10-03,Organic Search,2025-10-18
248,248,3,2025-10-04,Organic Search,2025-10-11
249,249,2,2025-10-01,Organic Search,2025-10-11
250,250,22,2026-08-17,Paid Ads,2026-08-30
251,251,10,2024-05-16,Organic Search,2024-06-12
252,252,8,2024-01-09,Email,2024-01-29
253,253,26,2025-09-14,Organic Search,2025-09-26
254,254,2,2025-10-09,Paid Ads,2025-11-04
255,255,23,2024-06-24,Organic Search,2024-06-24
256,256,16,2025-05-07,Paid Ads,2025-06-04
257,257,20,2025-11-07,Organic Search,2025-11-25
258,258,18,2025-12-02,Paid Ads,2025-12-28
259,259,21,2026-04-28,Organic Search,2026-05-10
260,260,28,2024-11-11,Organic Search,2024-11-28
261,261,26,2025-09-16,Email,2025-09-29
262,262,19,2025-10-16,Organic Search,2025-11-14
263,263,25,2025-08-17,Paid Ads,2025-08-23
264,264,23,2024-06-09,Paid Ads,2024-06-25
265,265,25,2025-08-07,Paid Ads,2025-08-11
266,266,12,2024-03-19,Paid Ads,2024-04-07
267,267,8,2024-01-13,Paid Ads,2024-01-14
268,268,15,2024-09-25,Organic Search,2024-10-11
269,269,13,2026-01-30,Paid Ads,2026-02-28
270,270,22,2026-08-12,Email,2026-08-20
271,271,1,2024-08-15,Paid Ads,2024-09-10
272,272,22,2026-08-15,Paid Ads,2026-09-09
273,273,5,2024-01-30,Organic Search,2024-02-11
274,274,30,2026-05-19,Paid Ads,2026-06-08
275,275,8,2024-01-08,Organic Search,2024-01-28
276,276,3,2025-09-18,Paid Ads,2025-10-13
277,277,28,2024-10-29,Paid Ads,2024-11-07
278,278,19,2025-11-03,Paid Ads,2025-11-15
279,279,30,2026-05-18,Organic Search,2026-06-02
280,280,5,2024-02-09,Paid Ads,2024-02-12
281,281,30,2026-05-19,Direct,2026-05-23
282,282,9,2025-06-16,Paid Ads,2025-06-22
283,283,22,2026-08-16,Organic Search,2026-08-26
284,284,19,2025-10-24,Direct,2025-11-22
285,285,28,2024-10-09,Organic Search,2024-11-06
286,286,19,2025-11-06,Paid Ads,2025-12-02
287,287,27,2025-06-14,Paid Ads,2025-06-18
288,288,12,2024-04-10,Email,2024-04-15
289,289,14,2026-04-27,Organic Search,2026-05-06
290,290,5,2024-02-01,Paid Ads,2024-02-03
291,291,27,2025-06-26,Direct,2025-07-10
292,292,24,2025-06-21,Organic Search,2025-07-13
293,293,20,2025-11-21,Paid Ads,2025-12-13
294,294,20,2025-11-13,Organic Search,2025-12-05
295,295,27,2025-06-06,Paid Ads,2025-06-16
296,296,26,2025-09-16,Direct,2025-09-22
297,297,25,2025-08-02,Paid Ads,2025-08-30
298,298,25,2025-08-16,Organic Search,2025-08-28
299,299,21,2026-04-30,Organic Search,2026-05-12
300,300,25,2025-08-07,Paid Ads,2025-08-25
301,301,22,2026-08-14,Organic Search,2026-08-27
302,302,6,2023-10-01,Organic Search,2023-10-28
303,303,23,2024-06-17,Paid Ads,2024-07-07
304,304,20,2025-11-26,Organic Search,2025-12-19
305,305,19,2025-10-16,Email,2025-10-31
306,306,1,2024-08-13,Organic Search,2024-09-11
307,307,13,2026-01-31,Paid Ads,2026-02-18
308,308,16,2025-04-30,Paid Ads,2025-05-30
309,309,3,2025-09-19,Organic Search,2025-10-04
310,310,19,2025-10-17,Direct,2025-10-18
311,311,25,2025-08-12,Direct,2025-09-09
312,312,21,2026-04-30,Paid Ads,2026-05-03
313,313,20,2025-11-11,Direct,2025-11-19
314,314,23,2024-06-29,Paid Ads,2024-07-23
315,315,18,2025-11-28,Direct,2025-12-06
316,316,21,2026-04-27,Paid Ads,2026-05-09
317,317,3,2025-10-04,Paid Ads,2025-10-18
318,318,29,2024-09-16,Organic Search,2024-09-22
319,319,13,2026-01-23,Paid Ads,2026-02-08
320,320,14,2026-04-11,Organic Search,2026-04-25
321,321,8,2024-01-09,Paid Ads,2024-01-15
322,322,10,2024-05-18,Paid Ads,2024-06-08
323,323,13,2026-01-26,Paid Ads,2026-02-07
324,324,3,2025-09-30,Paid Ads,2025-09-30
325,325,6,2023-10-22,Paid Ads,2023-10-28
326,326,26,2025-09-16,Paid Ads,2025-10-07
327,327,14,2026-05-06,Direct,2026-05-11
328,328,20,2025-11-19,Organic Search,2025-11-22
329,329,4,2024-01-26,Paid Ads,2024-02-14
330,330,29,2024-09-30,Organic Search,2024-10-18
331,331,30,2026-05-22,Email,2026-06-13
332,332,27,2025-06-11,Paid Ads,2025-07-08
333,333,22,2026-08-16,Organic Search,2026-09-03
334,334,16,2025-04-18,Organic Search,2025-05-14
335,335,11,2025-12-23,Paid Ads,2026-01-14
336,336,29,2024-09-07,Organic Search,2024-09-08
337,337,26,2025-09-14,Email,2025-09-30
338,338,7,2023-12-16,Organic Search,2024-01-08
339,339,23,2024-06-19,Direct,2024-07-19
340,340,19,2025-10-23,Organic Search,2025-11-11
341,341,15,2024-09-20,Organic Search,2024-10-04
342,342,12,2024-03-21,Paid Ads,2024-04-16
343,343,27,2025-06-22,Direct,2025-06-24
344,344,28,2024-10-26,Organic Search,2024-10-29
345,345,6,2023-10-07,Direct,2023-10-26
346,346,25,2025-08-16,Organic Search,2025-09-04
347,347,25,2025-08-06,Paid Ads,2025-09-04
348,348,24,2025-07-02,Direct,2025-07-29
349,349,7,2023-12-16,Organic Search,2023-12-31
350,350,3,2025-09-27,Direct,2025-10-25
351,351,28,2024-10-21,Organic Search,2024-11-09
352,352,22,2026-08-12,Paid Ads,2026-09-06
353,353,18,2025-11-28,Organic Search,2025-12-13
354,354,26,2025-09-16,Paid Ads,2025-10-14
355,355,30,2026-05-20,Paid Ads,2026-06-09
356,356,26,2025-09-20,Direct,2025-10-11
357,357,19,2025-10-14,Organic Search,2025-11-13
358,358,19,2025-10-15,Direct,2025-11-13
359,359,1,2024-08-30,Paid Ads,2024-09-19
360,360,11,2026-01-12,Paid Ads,2026-01-15
361,361,6,2023-10-11,Organic Search,2023-11-09
362,362,9,2025-06-24,Direct,2025-07-21
363,363,4,2024-01-24,Organic Search,2024-02-05
364,364,23,2024-06-24,Direct,2024-07-21
365,365,19,2025-10-25,Direct,2025-11-11
366,366,6,2023-09-28,Paid Ads,2023-09-28
367,367,16,2025-05-01,Email,2025-05-04
368,368,2,2025-10-11,Organic Search,2025-10-13
369,369,25,2025-07-29,Organic Search,2025-07-30
370,370,6,2023-10-16,Paid Ads,2023-10-25
371,371,7,2023-12-13,Paid Ads,2024-01-10
372,372,8,2024-01-10,Paid Ads,2024-01-26
373,373,15,2024-09-13,Organic Search,2024-09-23
374,374,17,2026-06-19,Organic Search,2026-06-20
375,375,13,2026-02-02,Paid Ads,2026-02-22
376,376,24,2025-06-09,Email,2025-07-02
377,377,17,2026-06-15,Paid Ads,2026-06-21
378,378,5,2024-01-11,Paid Ads,2024-01-11
379,379,26,2025-09-16,Direct,2025-10-12
380,380,16,2025-05-22,Paid Ads,2025-06-21
381,381,6,2023-10-09,Direct,2023-11-03
382,382,7,2024-01-07,Organic Search,2024-01-21
383,383,21,2026-05-02,Organic Search,2026-05-11
384,384,2,2025-10-08,Paid Ads,2025-11-07
385,385,30,2026-05-20,Organic Search,2026-06-05
386,386,3,2025-09-28,Organic Search,2025-10-13
387,387,25,2025-07-29,Organic Search,2025-08-03
388,388,28,2024-10-22,Organic Search,2024-11-06
389,389,22,2026-08-17,Paid Ads,2026-09-08
390,390,10,2024-05-14,Paid Ads,2024-05-17
391,391,27,2025-06-04,Email,2025-06-24
392,392,8,2024-01-10,Organic Search,2024-01-31
393,393,8,2024-01-14,Paid Ads,2024-02-05
394,394,22,2026-08-15,Paid Ads,2026-08-20
395,395,4,2024-01-19,Email,2024-02-15
396,396,16,2025-05-17,Organic Search,2025-06-10
397,397,18,2025-11-29,Organic Search,2025-12-20
398,398,17,2026-06-16,Organic Search,2026-07-10
399,399,29,2024-09-11,Organic Search,2024-09-26
400,400,3,2025-09-22,Email,2025-09-28
401,401,30,2026-05-23,Paid Ads,2026-06-02
402,402,15,2024-09-25,Email,2024-10-17
403,403,29,2024-09-12,Direct,2024-09-25
404,404,25,2025-08-18,Paid Ads,2025-09-14
405,405,5,2024-01-18,Email,2024-02-17
406,406,13,2026-01-30,Direct,2026-02-07
407,407,23,2024-06-19,Paid Ads,2024-06-30
408,408,20,2025-11-13,Email,2025-12-10
409,409,28,2024-10-20,Paid Ads,2024-11-19
410,410,18,2025-12-06,Paid Ads,2025-12-22
411,411,16,2025-05-07,Direct,2025-05-11
412,412,14,2026-04-15,Organic Search,2026-05-03
413,413,15,2024-09-15,Paid Ads,2024-10-05
414,414,8,2024-01-12,Direct,2024-02-03
415,415,9,2025-06-08,Organic Search,2025-06-30
416,416,2,2025-09-26,Organic Search,2025-10-19
417,417,26,2025-09-12,Organic Search,2025-10-03
418,418,5,2024-02-11,Organic Search,2024-02-11
419,419,22,2026-08-17,Organic Search,2026-08-25
420,420,7,2023-12-17,Organic Search,2024-01-15
421,421,13,2026-01-23,Paid Ads,2026-01-24
422,422,7,2023-12-30,Paid Ads,2024-01-14
423,423,19,2025-11-04,Organic Search,2025-11-18
424,424,30,2026-05-25,Paid Ads,2026-05-27
425,425,8,2024-01-10,Paid Ads,2024-01-25
426,426,27,2025-06-22,Direct,2025-07-01
427,427,22,2026-08-16,Organic Search,2026-09-05
428,428,15,2024-09-13,Email,2024-09-29
429,429,29,2024-09-08,Direct,2024-09-20
430,430,27,2025-06-14,Paid Ads,2025-07-08
431,431,8,2024-01-09,Direct,2024-02-02
432,432,3,2025-10-05,Email,2025-11-02
433,433,14,2026-04-17,Direct,2026-04-30
434,434,29,2024-10-02,Email,2024-10-03
435,435,8,2024-01-09,Paid Ads,2024-02-06
436,436,4,2024-01-17,Paid Ads,2024-01-22
437,437,19,2025-10-09,Email,2025-10-28
438,438,2,2025-10-02,Paid Ads,2025-10-06
439,439,27,2025-06-11,Paid Ads,2025-06-16
440,440,4,2024-01-18,Paid Ads,2024-02-14
441,441,23,2024-06-13,Paid Ads,2024-06-23
442,442,12,2024-04-04,Paid Ads,2024-04-25
443,443,10,2024-05-11,Email,2024-05-29
444,444,2,2025-10-13,Organic Search,2025-10-22
445,445,30,2026-05-22,Paid Ads,2026-06-06
446,446,24,2025-06-15,Paid Ads,2025-07-02
447,447,28,2024-10-23,Organic Search,2024-11-11
448,448,25,2025-08-07,Paid Ads,2025-08-28
449,449,15,2024-09-22,Paid Ads,2024-10-21
450,450,11,2026-01-08,Organic Search,2026-01-27
451,451,17,2026-06-18,Organic Search,2026-07-06
452,452,12,2024-03-19,Paid Ads,2024-04-09
453,453,7,2023-12-16,Organic Search,2024-01-12
454,454,3,2025-09-29,Direct,2025-10-11
455,455,17,2026-06-13,Organic Search,2026-06-13
456,456,9,2025-05-14,Paid Ads,2025-06-06
457,457,1,2024-08-22,Paid Ads,2024-08-27
458,458,28,2024-10-23,Organic Search,2024-10-24
459,459,2,2025-10-15,Paid Ads,2025-11-06
460,460,12,2024-04-12,Organic Search,2024-05-04
461,461,19,2025-11-01,Paid Ads,2025-11-25
462,462,24,2025-05-23,Organic Search,2025-05-27
463,463,27,2025-06-03,Paid Ads,2025-06-14
464,464,2,2025-10-05,Paid Ads,2025-10-10
465,465,30,2026-05-25,Organic Search,2026-06-08
466,466,28,2024-10-12,Paid Ads,2024-10-15
467,467,3,2025-10-03,Organic Search,2025-10-14
468,468,9,2025-05-20,Email,2025-06-13
469,469,22,2026-08-03,Direct,2026-08-30
470,470,2,2025-10-12,Paid Ads,2025-11-09
471,471,17,2026-06-19,Organic Search,2026-06-20
472,472,14,2026-04-26,Organic Search,2026-05-05
473,473,11,2026-01-04,Paid Ads,2026-01-20
474,474,17,2026-06-18,Organic Search,2026-07-15
475,475,20,2025-11-14,Organic Search,2025-11-16
476,476,7,2024-01-02,Organic Search,2024-01-07
477,477,23,2024-06-05,Organic Search,2024-06-18
478,478,27,2025-06-05,Paid Ads,2025-06-21
479,479,26,2025-09-23,Paid Ads,2025-10-13
480,480,1,2024-09-01,Paid Ads,2024-09-19
481,481,12,2024-04-11,Paid Ads,2024-04-12
482,482,1,2024-08-09,Organic Search,2024-08-15
483,483,18,2025-12-04,Paid Ads,2025-12-08
484,484,26,2025-09-18,Email,2025-09-25
485,485,20,2025-11-07,Organic Search,2025-11-26
486,486,8,2024-01-09,Direct,2024-01-14
487,487,12,2024-04-11,Direct,2024-04-17
488,488,18,2025-11-27,Paid Ads,2025-12-23
489,489,24,2025-05-29,Paid Ads,2025-06-26
490,490,22,2026-08-08,Email,2026-09-01
491,491,14,2026-04-13,Organic Search,2026-05-09
492,492,28,2024-11-09,Organic Search,2024-12-06
493,493,30,2026-05-20,Organic Search,2026-06-05
494,494,10,2024-05-10,Organic Search,2024-05-25
495,495,10,2024-05-18,Email,2024-05-20
496,496,14,2026-04-15,Paid Ads,2026-05-10
497,497,6,2023-10-01,Organic Search,2023-10-15
498,498,5,2024-01-12,Organic Search,2024-01-31
499,499,7,2023-12-31,Paid Ads,2024-01-20
500,500,7,2023-12-10,Email,2023-12-19
501,501,17,2026-06-13,Paid Ads,2026-07-11
502,502,12,2024-03-23,Organic Search,2024-03-23
503,503,20,2025-11-15,Organic Search,2025-12-13
504,504,24,2025-06-23,Paid Ads,2025-06-25
505,505,6,2023-10-05,Email,2023-10-08
506,506,20,2025-11-06,Direct,2025-11-16
507,507,5,2024-01-24,Paid Ads,2024-02-22
508,508,30,2026-05-22,Paid Ads,2026-05-30
509,509,30,2026-05-23,Organic Search,2026-06-03
510,510,24,2025-05-31,Organic Search,2025-06-30
511,511,20,2025-11-28,Direct,2025-12-15
512,512,10,2024-05-12,Email,2024-05-15
513,513,25,2025-07-30,Email,2025-08-19
514,514,19,2025-11-05,Organic Search,2025-11-10
515,515,8,2024-01-10,Organic Search,2024-01-14
516,516,27,2025-06-10,Direct,2025-06-11
517,517,18,2025-11-29,Organic Search,2025-12-12
518,518,20,2025-11-04,Paid Ads,2025-11-06
519,519,9,2025-05-25,Organic Search,2025-06-05
520,520,29,2024-10-03,Paid Ads,2024-11-01
521,521,12,2024-04-14,Email,2024-04-24
522,522,8,2024-01-12,Paid Ads,2024-01-21
523,523,19,2025-10-08,Paid Ads,2025-10-18
524,524,13,2026-01-30,Paid Ads,2026-02-27
525,525,19,2025-10-06,Organic Search,2025-10-09
526,526,28,2024-10-10,Organic Search,2024-10-25
527,527,20,2025-11-17,Paid Ads,2025-12-10
528,528,12,2024-04-06,Paid Ads,2024-04-15
529,529,15,2024-09-19,Organic Search,2024-09-27
530,530,9,2025-06-21,Direct,2025-06-24
531,531,8,2024-01-08,Paid Ads,2024-02-01
532,532,6,2023-09-30,Paid Ads,2023-10-07
533,533,26,2025-09-21,Paid Ads,2025-09-22
534,534,16,2025-04-22,Organic Search,2025-05-02
535,535,20,2025-11-16,Organic Search,2025-11-19
536,536,7,2023-12-12,Organic Search,2024-01-07
537,537,24,2025-06-04,Direct,2025-06-23
538,538,20,2025-11-08,Direct,2025-11-29
539,539,20,2025-11-29,Email,2025-12-19
540,540,11,2026-01-29,Paid Ads,2026-02-05
541,541,14,2026-04-14,Organic Search,2026-05-11
542,542,5,2024-02-08,Paid Ads,2024-02-14
543,543,26,2025-09-20,Paid Ads,2025-10-09
544,544,22,2026-08-16,Paid Ads,2026-08-22
545,545,5,2024-01-18,Paid Ads,2024-01-19
546,546,7,2024-01-12,Paid Ads,2024-01-17
547,547,18,2025-11-30,Organic Search,2025-12-09
548,548,17,2026-06-16,Paid Ads,2026-07-09
549,549,14,2026-05-05,Paid Ads,2026-05-28
550,550,22,2026-08-04,Paid Ads,2026-08-28
551,551,1,2024-09-02,Organic Search,2024-09-30
552,552,11,2026-01-18,Paid Ads,2026-01-30
553,553,3,2025-09-22,Organic Search,2025-10-04
554,554,13,2026-01-22,Email,2026-01-24
555,555,25,2025-08-05,Email,2025-08-14
556,556,5,2024-01-13,Paid Ads,2024-01-27
557,557,3,2025-10-02,Paid Ads,2025-10-24
558,558,24,2025-06-21,Paid Ads,2025-07-04
559,559,11,2025-12-31,Direct,2026-01-30
560,560,30,2026-05-18,Paid Ads,2026-06-06
561,561,5,2024-02-06,Organic Search,2024-02-18
562,562,8,2024-01-12,Paid Ads,2024-02-05
563,563,3,2025-09-30,Paid Ads,2025-10-09
564,564,3,2025-09-29,Paid Ads,2025-10-07
565,565,3,2025-09-27,Direct,2025-10-24
566,566,4,2024-01-27,Organic Search,2024-02-12
567,567,24,2025-06-29,Organic Search,2025-07-22
568,568,26,2025-09-11,Paid Ads,2025-09-16
569,569,29,2024-09-20,Paid Ads,2024-09-28
570,570,3,2025-09-24,Direct,2025-10-04
571,571,14,2026-04-17,Organic Search,2026-05-07
572,572,15,2024-09-18,Organic Search,2024-09-21
573,573,3,2025-09-27,Email,2025-09-28
574,574,14,2026-04-13,Organic Search,2026-04-24
575,575,7,2023-12-14,Direct,2024-01-07
576,576,9,2025-06-07,Email,2025-06-13
577,577,14,2026-04-19,Direct,2026-05-07
578,578,4,2024-01-28,Paid Ads,2024-02-13
579,579,21,2026-05-01,Direct,2026-05-19
580,580,17,2026-06-13,Organic Search,2026-06-18
581,581,21,2026-04-28,Paid Ads,2026-05-27
582,582,25,2025-08-12,Paid Ads,2025-08-24
583,583,12,2024-04-15,Direct,2024-05-07
584,584,7,2024-01-06,Paid Ads,2024-01-10
585,585,1,2024-08-27,Paid Ads,2024-09-07
586,586,22,2026-08-09,Email,2026-09-08
587,587,26,2025-09-20,Organic Search,2025-10-04
588,588,11,2026-01-08,Paid Ads,2026-02-05
589,589,7,2024-01-11,Organic Search,2024-01-30
590,590,16,2025-05-14,Organic Search,2025-06-03
591,591,13,2026-01-24,Direct,2026-02-08
592,592,7,2024-01-04,Organic Search,2024-01-15
593,593,29,2024-09-12,Paid Ads,2024-10-07
594,594,19,2025-10-15,Paid Ads,2025-11-10
595,595,9,2025-06-19,Organic Search,2025-06-28
596,596,25,2025-08-17,Paid Ads,2025-09-14
597,597,12,2024-03-25,Paid Ads,2024-04-19
598,598,29,2024-09-19,Paid Ads,2024-09-19
599,599,25,2025-08-10,Organic Search,2025-08-15
600,600,15,2024-09-21,Organic Search,2024-10-15
601,601,16,2025-04-21,Direct,2025-05-13
602,602,8,2024-01-10,Organic Search,2024-01-30
603,603,22,2026-08-12,Organic Search,2026-08-22
604,604,7,2024-01-12,Paid Ads,2024-02-10
605,605,10,2024-05-18,Organic Search,2024-06-14
606,606,2,2025-10-14,Organic Search,2025-11-10
607,607,27,2025-06-04,Paid Ads,2025-07-04
608,608,24,2025-06-15,Email,2025-07-13
609,609,26,2025-09-18,Organic Search,2025-10-02
610,610,10,2024-05-17,Paid Ads,2024-06-03
611,611,27,2025-06-03,Paid Ads,2025-06-30
612,612,23,2024-06-08,Organic Search,2024-06-24
613,613,26,2025-09-17,Email,2025-09-30
614,614,8,2024-01-14,Direct,2024-01-21
615,615,27,2025-06-13,Email,2025-06-22
616,616,26,2025-09-12,Paid Ads,2025-10-12
617,617,9,2025-05-30,Organic Search,2025-06-18
618,618,27,2025-06-28,Paid Ads,2025-06-30
619,619,20,2025-11-08,Email,2025-11-28
620,620,23,2024-06-09,Direct,2024-07-08
621,621,29,2024-09-09,Paid Ads,2024-09-11
622,622,2,2025-10-08,Paid Ads,2025-10-28
623,623,1,2024-09-04,Organic Search,2024-09-07
624,624,13,2026-01-22,Email,2026-02-11
625,625,27,2025-06-07,Organic Search,2025-06-12
626,626,20,2025-11-26,Organic Search,2025-12-20
627,627,6,2023-10-07,Paid Ads,2023-10-15
628,628,17,2026-06-16,Direct,2026-07-13
629,629,24,2025-06-28,Paid Ads,2025-07-22
630,630,6,2023-11-01,Organic Search,2023-11-28
631,631,28,2024-10-14,Paid Ads,2024-11-08
632,632,15,2024-09-14,Organic Search,2024-10-04
633,633,4,2024-01-22,Organic Search,2024-02-10
634,634,12,2024-04-04,Paid Ads,2024-04-24
635,635,3,2025-09-23,Paid Ads,2025-10-22
636,636,25,2025-08-06,Organic Search,2025-08-16
637,637,7,2023-12-31,Paid Ads,2024-01-26
638,638,7,2024-01-17,Organic Search,2024-02-06
639,639,3,2025-09-27,Direct,2025-09-29
640,640,19,2025-11-05,Paid Ads,2025-11-23
641,641,13,2026-01-31,Paid Ads,2026-02-15
642,642,25,2025-08-01,Organic Search,2025-08-29
643,643,27,2025-06-02,Organic Search,2025-06-15
644,644,21,2026-05-09,Organic Search,2026-06-08
645,645,28,2024-10-20,Paid Ads,2024-10-23
646,646,18,2025-12-03,Organic Search,2025-12-13
647,647,23,2024-06-09,Direct,2024-06-26
648,648,25,2025-08-01,Email,2025-08-08
649,649,17,2026-06-16,Direct,2026-06-24
650,650,14,2026-05-02,Direct,2026-05-13
651,651,19,2025-11-05,Email,2025-12-03
652,652,23,2024-06-21,Paid Ads,2024-07-15
653,653,6,2023-10-18,Organic Search,2023-10-21
654,654,5,2024-02-03,Organic Search,2024-02-12
655,655,18,2025-11-29,Organic Search,2025-11-30
656,656,14,2026-05-03,Email,2026-06-01
657,657,27,2025-06-11,Organic Search,2025-07-07
658,658,6,2023-10-12,Paid Ads,2023-11-09
659,659,10,2024-05-17,Email,2024-05-23
660,660,14,2026-04-15,Direct,2026-04-18
661,661,13,2026-01-30,Paid Ads,2026-02-09
662,662,21,2026-05-04,Direct,2026-06-02
663,663,10,2024-05-10,Paid Ads,2024-06-03
664,664,29,2024-09-25,Paid Ads,2024-10-16
665,665,17,2026-06-19,Direct,2026-06-22
666,666,30,2026-05-16,Direct,2026-06-15
667,667,23,2024-06-12,Paid Ads,2024-06-22
668,668,3,2025-09-21,Organic Search,2025-10-14
669,669,9,2025-06-16,Paid Ads,2025-06-22
670,670,12,2024-03-21,Direct,2024-03-22
671,671,5,2024-01-11,Direct,2024-01-22
672,672,25,2025-08-04,Direct,2025-08-10
673,673,16,2025-05-25,Direct,2025-06-01
674,674,13,2026-01-26,Paid Ads,2026-02-19
675,675,19,2025-10-25,Email,2025-11-14
676,676,9,2025-05-20,Direct,2025-06-06
677,677,19,2025-10-04,Paid Ads,2025-10-31
678,678,5,2024-02-12,Paid Ads,2024-03-01
679,679,4,2024-01-20,Direct,2024-02-06
680,680,26,2025-09-11,Paid Ads,2025-10-04
681,681,9,2025-05-22,Paid Ads,2025-06-05
682,682,19,2025-10-31,Paid Ads,2025-11-28
683,683,16,2025-05-01,Paid Ads,2025-05-25
684,684,14,2026-04-22,Paid Ads,2026-04-29
685,685,1,2024-08-12,Direct,2024-09-09
686,686,15,2024-09-12,Paid Ads,2024-10-11
687,687,2,2025-10-03,Organic Search,2025-10-27
688,688,29,2024-09-18,Direct,2024-09-25
689,689,23,2024-06-29,Email,2024-07-24
690,690,29,2024-09-26,Email,2024-09-29
691,691,16,2025-04-19,Organic Search,2025-04-20
692,692,12,2024-03-16,Organic Search,2024-04-02
693,693,21,2026-04-26,Paid Ads,2026-05-20
694,694,29,2024-09-08,Paid Ads,2024-10-05
695,695,28,2024-11-01,Email,2024-11-14
696,696,7,2023-12-27,Paid Ads,2024-01-05
697,697,10,2024-05-11,Paid Ads,2024-06-03
698,698,12,2024-03-22,Direct,2024-03-23
699,699,18,2025-11-27,Direct,2025-12-02
700,700,27,2025-06-13,Paid Ads,2025-07-02
701,701,15,2024-09-24,Paid Ads,2024-10-05
702,702,9,2025-05-21,Paid Ads,2025-06-11
703,703,19,2025-11-01,Organic Search,2025-11-16
704,704,17,2026-06-19,Direct,2026-07-19
705,705,26,2025-09-11,Organic Search,2025-09-30
706,706,13,2026-01-31,Paid Ads,2026-02-07
707,707,28,2024-10-31,Direct,2024-11-15
708,708,8,2024-01-11,Direct,2024-01-31
709,709,11,2026-01-02,Paid Ads,2026-01-27
710,710,19,2025-11-06,Direct,2025-11-11
711,711,30,2026-05-19,Paid Ads,2026-05-21
712,712,10,2024-05-10,Organic Search,2024-05-22
713,713,9,2025-06-11,Organic Search,2025-06-18
714,714,14,2026-04-14,Paid Ads,2026-04-21
715,715,25,2025-08-11,Paid Ads,2025-09-02
716,716,28,2024-11-07,Direct,2024-12-04
717,717,27,2025-06-30,Paid Ads,2025-07-02
718,718,24,2025-05-26,Email,2025-05-30
719,719,3,2025-09-30,Direct,2025-10-27
720,720,21,2026-04-29,Organic Search,2026-05-17
721,721,22,2026-08-08,Direct,2026-08-18
722,722,9,2025-06-21,Organic Search,2025-07-11
723,723,5,2024-01-15,Paid Ads,2024-01-30
724,724,25,2025-08-16,Organic Search,2025-08-27
725,725,10,2024-05-13,Organic Search,2024-06-02
726,726,9,2025-06-19,Paid Ads,2025-07-05
727,727,28,2024-10-25,Organic Search,2024-10-30
728,728,18,2025-11-25,Paid Ads,2025-12-23
729,729,3,2025-10-02,Paid Ads,2025-10-27
730,730,8,2024-01-14,Paid Ads,2024-01-18
731,731,5,2024-02-08,Direct,2024-02-09
732,732,10,2024-05-12,Organic Search,2024-06-10
733,733,18,2025-11-28,Paid Ads,2025-12-10
734,734,7,2024-01-02,Paid Ads,2024-01-18
735,735,8,2024-01-10,Paid Ads,2024-02-09
736,736,26,2025-09-13,Email,2025-09-14
737,737,24,2025-05-24,Paid Ads,2025-06-23
738,738,29,2024-09-15,Paid Ads,2024-09-24
739,739,29,2024-09-10,Organic Search,2024-09-30
740,740,20,2025-11-05,Organic Search,2025-11-27
741,741,20,2025-11-27,Organic Search,2025-12-16
742,742,25,2025-08-10,Organic Search,2025-08-28
743,743,22,2026-08-04,Paid Ads,2026-08-30
744,744,6,2023-10-15,Organic Search,2023-11-14
745,745,12,2024-03-24,Paid Ads,2024-04-04
746,746,6,2023-10-30,Organic Search,2023-11-15
747,747,8,2024-01-12,Organic Search,2024-01-28
748,748,30,2026-05-23,Direct,2026-06-17
749,749,30,2026-05-19,Paid Ads,2026-06-15
750,750,3,2025-09-28,Direct,2025-10-27
751,751,7,2024-01-07,Organic Search,2024-01-16
752,752,15,2024-09-19,Paid Ads,2024-10-12
753,753,18,2025-11-26,Paid Ads,2025-12-23
754,754,7,2024-01-13,Paid Ads,2024-01-25
755,755,9,2025-06-09,Email,2025-06-27
756,756,23,2024-06-25,Organic Search,2024-07-08
757,757,27,2025-06-30,Organic Search,2025-07-27
758,758,5,2024-01-19,Paid Ads,2024-02-12
759,759,6,2023-10-08,Paid Ads,2023-11-02
760,760,21,2026-05-02,Direct,2026-05-04
761,761,16,2025-04-29,Organic Search,2025-05-14
762,762,8,2024-01-13,Paid Ads,2024-02-09
763,763,12,2024-03-30,Organic Search,2024-04-01
764,764,17,2026-06-16,Organic Search,2026-07-08
765,765,17,2026-06-18,Paid Ads,2026-07-18
766,766,29,2024-09-12,Email,2024-09-18
767,767,9,2025-06-24,Paid Ads,2025-06-26
768,768,25,2025-08-12,Organic Search,2025-08-13
769,769,6,2023-10-31,Organic Search,2023-11-17
770,770,15,2024-09-17,Organic Search,2024-10-17
771,771,3,2025-09-30,Paid Ads,2025-10-18
772,772,18,2025-11-29,Direct,2025-12-19
773,773,6,2023-10-23,Paid Ads,2023-10-26
774,774,9,2025-05-28,Organic Search,2025-06-24
775,775,10,2024-05-12,Email,2024-06-07
776,776,8,2024-01-09,Paid Ads,2024-01-15
777,777,28,2024-10-15,Direct,2024-11-13
778,778,16,2025-04-22,Paid Ads,2025-04-27
779,779,13,2026-01-28,Paid Ads,2026-02-11
780,780,27,2025-06-19,Direct,2025-07-09
781,781,21,2026-05-04,Paid Ads,2026-05-06
782,782,16,2025-04-27,Organic Search,2025-05-14
783,783,3,2025-09-21,Email,2025-10-11
784,784,16,2025-05-14,Paid Ads,2025-05-15
785,785,7,2023-12-16,Organic Search,2024-01-13
786,786,12,2024-03-21,Organic Search,2024-03-25
787,787,1,2024-08-26,Paid Ads,2024-09-07
788,788,24,2025-06-30,Paid Ads,2025-07-05
789,789,19,2025-10-13,Organic Search,2025-11-03
790,790,14,2026-05-04,Paid Ads,2026-05-30
791,791,9,2025-06-24,Paid Ads,2025-07-10
792,792,10,2024-05-17,Paid Ads,2024-06-01
793,793,7,2024-01-10,Organic Search,2024-01-25
794,794,24,2025-06-24,Organic Search,2025-07-19
795,795,23,2024-06-17,Paid Ads,2024-06-27
796,796,25,2025-08-17,Direct,2025-09-02
797,797,25,2025-08-01,Organic Search,2025-08-15
798,798,17,2026-06-16,Email,2026-06-29
799,799,12,2024-04-04,Paid Ads,2024-04-21
800,800,14,2026-04-17,Paid Ads,2026-05-07
801,801,13,2026-01-23,Paid Ads,2026-02-01
802,802,24,2025-05-30,Paid Ads,2025-06-07
803,803,3,2025-09-28,Paid Ads,2025-10-04
804,804,25,2025-08-07,Organic Search,2025-08-07
805,805,28,2024-10-23,Organic Search,2024-11-16
806,806,21,2026-05-03,Paid Ads,2026-05-25
807,807,6,2023-10-02,Paid Ads,2023-10-06
808,808,30,2026-05-20,Paid Ads,2026-05-24
809,809,8,2024-01-10,Direct,2024-01-15
810,810,21,2026-04-30,Organic Search,2026-05-30
811,811,16,2025-05-25,Email,2025-06-08
812,812,24,2025-06-09,Paid Ads,2025-06-17
813,813,18,2025-11-29,Direct,2025-12-08
814,814,6,2023-10-21,Paid Ads,2023-11-06
815,815,18,2025-11-30,Organic Search,2025-12-11
816,816,1,2024-09-03,Organic Search,2024-09-08
817,817,30,2026-05-16,Email,2026-06-02
818,818,30,2026-05-22,Organic Search,2026-06-19
819,819,15,2024-09-20,Organic Search,2024-10-03
820,820,15,2024-09-21,Organic Search,2024-10-14
821,821,3,2025-09-19,Paid Ads,2025-09-29
822,822,19,2025-09-25,Email,2025-10-24
823,823,27,2025-06-09,Email,2025-06-20
824,824,25,2025-08-13,Email,2025-08-16
825,825,7,2023-12-26,Organic Search,2024-01-19
826,826,18,2025-11-26,Paid Ads,2025-12-08
827,827,21,2026-05-04,Organic Search,2026-05-23
828,828,30,2026-05-21,Paid Ads,2026-05-23
829,829,25,2025-07-30,Direct,2025-08-11
830,830,20,2025-11-03,Paid Ads,2025-11-14
831,831,16,2025-04-27,Organic Search,2025-05-16
832,832,23,2024-06-16,Organic Search,2024-07-12
833,833,10,2024-05-12,Organic Search,2024-05-23
834,834,14,2026-04-19,Paid Ads,2026-05-03
835,835,10,2024-05-10,Direct,2024-05-26
836,836,27,2025-06-03,Paid Ads,2025-07-03
837,837,15,2024-09-12,Direct,2024-10-07
838,838,24,2025-06-16,Paid Ads,2025-07-07
839,839,25,2025-08-13,Organic Search,2025-09-10
840,840,15,2024-09-18,Paid Ads,2024-09-18
841,841,2,2025-10-06,Email,2025-10-31
842,842,19,2025-11-03,Paid Ads,2025-11-08
843,843,23,2024-06-05,Direct,2024-06-15
844,844,25,2025-08-13,Organic Search,2025-09-11
845,845,17,2026-06-14,Organic Search,2026-06-26
846,846,15,2024-09-25,Paid Ads,2024-09-30
847,847,23,2024-06-18,Organic Search,2024-07-13
848,848,1,2024-08-16,Direct,2024-09-10
849,849,27,2025-06-30,Paid Ads,2025-07-26
850,850,4,2024-01-17,Organic Search,2024-01-17
851,851,13,2026-01-26,Paid Ads,2026-02-08
852,852,24,2025-06-12,Paid Ads,2025-06-17
853,853,14,2026-04-14,Organic Search,2026-05-02
854,854,4,2024-01-21,Direct,2024-02-01
855,855,21,2026-04-29,Paid Ads,2026-05-12
856,856,28,2024-10-22,Organic Search,2024-11-10
857,857,3,2025-10-05,Organic Search,2025-10-24
858,858,3,2025-10-04,Organic Search,2025-10-29
859,859,22,2026-08-03,Direct,2026-08-31
860,860,6,2023-09-27,Organic Search,2023-09-28
861,861,19,2025-11-01,Organic Search,2025-11-08
862,862,30,2026-05-21,Organic Search,2026-05-31
863,863,10,2024-05-14,Paid Ads,2024-05-29
864,864,17,2026-06-14,Organic Search,2026-07-03
865,865,30,2026-05-18,Direct,2026-05-29
866,866,17,2026-06-13,Paid Ads,2026-06-24
867,867,29,2024-09-14,Organic Search,2024-09-28
868,868,2,2025-10-04,Email,2025-10-16
869,869,17,2026-06-15,Paid Ads,2026-06-27
870,870,6,2023-10-06,Direct,2023-10-30
871,871,16,2025-05-22,Paid Ads,2025-06-20
872,872,16,2025-04-21,Paid Ads,2025-05-04
873,873,8,2024-01-13,Paid Ads,2024-02-07
874,874,14,2026-05-07,Organic Search,2026-05-15
875,875,13,2026-01-28,Paid Ads,2026-02-16
876,876,21,2026-05-01,Paid Ads,2026-05-13
877,877,2,2025-10-13,Direct,2025-11-03
878,878,5,2024-02-05,Direct,2024-02-20
879,879,26,2025-09-20,Organic Search,2025-09-30
880,880,13,2026-01-27,Paid Ads,2026-02-20
881,881,19,2025-10-13,Direct,2025-11-04
882,882,9,2025-05-19,Organic Search,2025-06-01
883,883,9,2025-05-26,Direct,2025-06-06
884,884,17,2026-06-15,Email,2026-07-10
885,885,5,2024-01-23,Organic Search,2024-01-27
886,886,11,2026-01-26,Organic Search,2026-02-20
887,887,4,2024-01-18,Organic Search,2024-01-19
888,888,21,2026-04-26,Organic Search,2026-05-16
889,889,7,2023-12-27,Email,2024-01-26
890,890,7,2023-12-16,Paid Ads,2024-01-05
891,891,13,2026-01-22,Paid Ads,2026-01-22
892,892,25,2025-08-10,Organic Search,2025-09-04
893,893,1,2024-09-09,Paid Ads,2024-10-01
894,894,28,2024-10-31,Paid Ads,2024-11-05
895,895,24,2025-07-02,Organic Search,2025-07-12
896,896,25,2025-08-15,Paid Ads,2025-08-23
897,897,28,2024-10-21,Paid Ads,2024-10-25
898,898,27,2025-06-18,Organic Search,2025-06-26
899,899,14,2026-04-14,Direct,2026-04-23
900,900,16,2025-04-19,Paid Ads,2025-05-04
901,901,12,2024-03-17,Paid Ads,2024-04-15
902,902,21,2026-05-04,Direct,2026-05-13
903,903,9,2025-06-09,Email,2025-06-11
904,904,6,2023-10-16,Email,2023-11-04
905,905,4,2024-01-27,Email,2024-01-27
906,906,12,2024-03-22,Email,2024-03-31
907,907,12,2024-04-10,Direct,2024-04-15
908,908,24,2025-06-01,Organic Search,2025-06-24
909,909,3,2025-09-30,Paid Ads,2025-10-05
910,910,8,2024-01-13,Direct,2024-01-31
911,911,28,2024-10-11,Paid Ads,2024-10-22
912,912,26,2025-09-13,Organic Search,2025-10-05
913,913,5,2024-01-21,Organic Search,2024-02-07
914,914,5,2024-01-18,Paid Ads,2024-01-23
915,915,17,2026-06-18,Organic Search,2026-07-02
916,916,22,2026-08-14,Organic Search,2026-09-11
917,917,1,2024-08-09,Email,2024-09-05
918,918,21,2026-05-02,Email,2026-06-01
919,919,5,2024-01-26,Direct,2024-01-28
920,920,7,2023-12-20,Organic Search,2024-01-01
921,921,19,2025-09-29,Organic Search,2025-10-11
922,922,23,2024-06-25,Paid Ads,2024-07-02
923,923,13,2026-01-29,Organic Search,2026-02-10
924,924,11,2026-01-18,Paid Ads,2026-02-04
925,925,11,2025-12-30,Organic Search,2026-01-04
926,926,1,2024-09-06,Paid Ads,2024-09-11
927,927,21,2026-04-30,Organic Search,2026-05-12
928,928,6,2023-10-16,Direct,2023-10-21
929,929,20,2025-11-19,Direct,2025-12-17
930,930,4,2024-01-26,Paid Ads,2024-01-29
931,931,1,2024-08-26,Organic Search,2024-09-08
932,932,3,2025-10-03,Paid Ads,2025-10-17
933,933,27,2025-06-21,Paid Ads,2025-07-12
934,934,26,2025-09-13,Paid Ads,2025-09-22
935,935,3,2025-09-20,Organic Search,2025-09-28
936,936,12,2024-03-22,Organic Search,2024-04-11
937,937,17,2026-06-19,Organic Search,2026-06-19
938,938,15,2024-09-19,Paid Ads,2024-10-01
939,939,9,2025-05-28,Organic Search,2025-06-07
940,940,13,2026-01-29,Organic Search,2026-02-27
941,941,30,2026-05-16,Organic Search,2026-06-10
942,942,7,2023-12-23,Organic Search,2024-01-22
943,943,14,2026-04-16,Direct,2026-04-29
944,944,9,2025-06-20,Paid Ads,2025-06-27
945,945,12,2024-04-07,Paid Ads,2024-04-23
946,946,19,2025-10-07,Paid Ads,2025-10-26
947,947,11,2026-01-17,Organic Search,2026-01-29
948,948,25,2025-08-17,Paid Ads,2025-09-08
949,949,27,2025-06-08,Paid Ads,2025-06-14
950,950,18,2025-12-02,Direct,2025-12-22
951,951,19,2025-10-30,Direct,2025-11-26
952,952,5,2024-01-14,Paid Ads,2024-02-06
953,953,10,2024-05-16,Direct,2024-06-04
954,954,18,2025-12-05,Email,2025-12-10
955,955,1,2024-08-18,Email,2024-08-31
956,956,17,2026-06-19,Paid Ads,2026-06-22
957,957,15,2024-09-13,Email,2024-09-19
958,958,12,2024-04-10,Organic Search,2024-04-13
959,959,6,2023-10-24,Paid Ads,2023-11-11
960,960,12,2024-04-06,Paid Ads,2024-04-09
961,961,13,2026-01-25,Organic Search,2026-02-03
962,962,16,2025-05-03,Paid Ads,2025-05-23
963,963,20,2025-11-15,Paid Ads,2025-12-01
964,964,20,2025-11-04,Email,2025-11-10
965,965,30,2026-05-16,Direct,2026-06-01
966,966,5,2024-02-04,Paid Ads,2024-03-04
967,967,15,2024-09-15,Organic Search,2024-09-18
968,968,19,2025-10-23,Organic Search,2025-10-25
969,969,22,2026-08-03,Organic Search,2026-08-30
970,970,1,2024-08-09,Organic Search,2024-09-08
971,971,4,2024-01-27,Email,2024-02-22
972,972,1,2024-09-07,Organic Search,2024-09-15
973,973,22,2026-08-05,Direct,2026-09-03
974,974,22,2026-08-03,Organic Search,2026-08-30
975,975,23,2024-06-24,Organic Search,2024-06-25
976,976,3,2025-09-26,Organic Search,2025-10-03
977,977,23,2024-06-21,Paid Ads,2024-07-16
978,978,10,2024-05-10,Organic Search,2024-05-14
979,979,15,2024-09-22,Paid Ads,2024-10-14
980,980,21,2026-04-28,Direct,2026-05-22
981,981,24,2025-05-28,Paid Ads,2025-05-31
982,982,10,2024-05-11,Email,2024-06-06
983,983,3,2025-09-20,Paid Ads,2025-10-11
984,984,4,2024-01-27,Email,2024-02-19
985,985,16,2025-05-19,Organic Search,2025-06-02
986,986,8,2024-01-12,Paid Ads,2024-01-16
987,987,22,2026-08-17,Direct,2026-08-26
988,988,15,2024-09-16,Organic Search,2024-09-29
989,989,18,2025-12-04,Direct,2025-12-20
990,990,11,2025-12-27,Organic Search,2025-12-31
991,991,22,2026-08-07,Paid Ads,2026-08-27
992,992,7,2023-12-18,Organic Search,2024-01-13
993,993,17,2026-06-15,Paid Ads,2026-06-19
994,994,30,2026-05-25,Paid Ads,2026-06-12
995,995,3,2025-09-23,Email,2025-09-24
996,996,27,2025-06-08,Organic Search,2025-06-11
997,997,27,2025-06-02,Paid Ads,2025-06-07
998,998,17,2026-06-13,Paid Ads,2026-06-22
999,999,23,2024-06-15,Paid Ads,2024-07-03
1000,1000,22,2026-08-04,Paid Ads,2026-09-03
1001,1001,20,2025-11-28,Organic Search,2025-12-03
1002,1002,23,2024-06-11,Direct,2024-06-14
1003,1003,22,2026-08-16,Email,2026-09-08
1004,1004,13,2026-01-26,Paid Ads,2026-02-06
1005,1005,30,2026-05-21,Organic Search,2026-06-16
1006,1006,5,2024-01-14,Paid Ads,2024-01-25
1007,1007,21,2026-04-26,Direct,2026-05-20
1008,1008,19,2025-10-23,Paid Ads,2025-11-19
1009,1009,27,2025-06-23,Paid Ads,2025-07-12
1010,1010,21,2026-04-26,Paid Ads,2026-05-01
1011,1011,4,2024-01-20,Organic Search,2024-02-09
1012,1012,29,2024-09-27,Paid Ads,2024-10-08
1013,1013,18,2025-12-03,Direct,2025-12-07
1014,1014,2,2025-10-05,Organic Search,2025-10-25
1015,1015,18,2025-11-26,Direct,2025-12-22
1016,1016,18,2025-12-02,Organic Search,2025-12-28
1017,1017,12,2024-03-20,Paid Ads,2024-03-29
1018,1018,5,2024-02-03,Email,2024-02-12
1019,1019,29,2024-09-22,Email,2024-09-27
1020,1020,20,2025-11-26,Paid Ads,2025-11-30
1021,1021,8,2024-01-08,Organic Search,2024-01-10
1022,1022,4,2024-01-20,Direct,2024-02-19
1023,1023,10,2024-05-17,Organic Search,2024-05-23
1024,1024,30,2026-05-18,Direct,2026-05-21
1025,1025,11,2026-01-02,Paid Ads,2026-01-11
1026,1026,25,2025-08-05,Organic Search,2025-08-28
1027,1027,9,2025-06-14,Paid Ads,2025-06-29
1028,1028,27,2025-06-23,Organic Search,2025-07-23
1029,1029,17,2026-06-20,Direct,2026-06-29
1030,1030,3,2025-10-04,Paid Ads,2025-10-20
1031,1031,9,2025-06-10,Paid Ads,2025-06-13
1032,1032,18,2025-11-30,Paid Ads,2025-12-11
1033,1033,9,2025-06-23,Paid Ads,2025-06-27
1034,1034,3,2025-09-28,Paid Ads,2025-09-28
1035,1035,27,2025-06-17,Paid Ads,2025-06-30
1036,1036,12,2024-04-05,Paid Ads,2024-04-09
1037,1037,29,2024-09-07,Paid Ads,2024-10-02
1038,1038,19,2025-10-25,Paid Ads,2025-11-18
1039,1039,1,2024-08-24,Email,2024-09-05
1040,1040,27,2025-06-11,Organic Search,2025-06-16
1041,1041,5,2024-01-13,Direct,2024-02-01
1042,1042,7,2023-12-30,Organic Search,2024-01-18
1043,1043,17,2026-06-16,Direct,2026-06-17
1044,1044,1,2024-08-13,Organic Search,2024-09-09
1045,1045,13,2026-01-29,Paid Ads,2026-02-21
1046,1046,21,2026-05-03,Organic Search,2026-05-03
1047,1047,5,2024-01-15,Organic Search,2024-02-05
1048,1048,14,2026-05-07,Paid Ads,2026-05-13
1049,1049,25,2025-08-01,Paid Ads,2025-08-22
1050,1050,30,2026-05-20,Paid Ads,2026-05-21
1051,1051,25,2025-08-02,Direct,2025-08-07
1052,1052,27,2025-06-08,Paid Ads,2025-06-28
1053,1053,20,2025-11-07,Organic Search,2025-11-30
1054,1054,17,2026-06-14,Email,2026-06-30
1055,1055,1,2024-08-19,Paid Ads,2024-09-08
1056,1056,4,2024-01-26,Organic Search,2024-02-02
1057,1057,11,2026-01-09,Organic Search,2026-01-11
1058,1058,21,2026-04-30,Organic Search,2026-05-27
1059,1059,28,2024-11-05,Email,2024-11-19
1060,1060,12,2024-04-15,Direct,2024-04-21
1061,1061,15,2024-09-18,Paid Ads,2024-09-20
1062,1062,26,2025-09-15,Organic Search,2025-10-09
1063,1063,22,2026-08-03,Email,2026-08-15
1064,1064,14,2026-05-06,Organic Search,2026-05-23
1065,1065,24,2025-06-24,Paid Ads,2025-06-27
1066,1066,18,2025-11-26,Email,2025-12-22
1067,1067,27,2025-06-19,Paid Ads,2025-07-18
1068,1068,9,2025-05-22,Email,2025-06-16
1069,1069,18,2025-11-26,Direct,2025-12-12
1070,1070,30,2026-05-24,Direct,2026-05-28
1071,1071,9,2025-06-19,Paid Ads,2025-07-08
1072,1072,28,2024-10-29,Paid Ads,2024-11-26
1073,1073,8,2024-01-13,Direct,2024-02-12
1074,1074,12,2024-03-16,Direct,2024-03-18
1075,1075,23,2024-06-18,Paid Ads,2024-06-20
1076,1076,13,2026-01-26,Organic Search,2026-02-22
1077,1077,18,2025-12-06,Organic Search,2025-12-31
1078,1078,13,2026-01-23,Organic Search,2026-02-04
1079,1079,27,2025-06-15,Organic Search,2025-06-27
1080,1080,1,2024-08-19,Organic Search,2024-09-11
1081,1081,3,2025-09-27,Direct,2025-10-26
1082,1082,27,2025-06-11,Paid Ads,2025-06-19
1083,1083,20,2025-11-12,Organic Search,2025-11-16
1084,1084,12,2024-03-29,Paid Ads,2024-03-31
1085,1085,3,2025-09-29,Email,2025-10-12
1086,1086,20,2025-11-29,Organic Search,2025-12-23
1087,1087,30,2026-05-25,Paid Ads,2026-06-22
1088,1088,12,2024-03-23,Direct,2024-04-01
1089,1089,12,2024-04-10,Paid Ads,2024-04-21
1090,1090,29,2024-09-10,Organic Search,2024-09-13
1091,1091,21,2026-05-05,Email,2026-05-05
1092,1092,16,2025-05-28,Email,2025-06-25
1093,1093,11,2026-01-15,Paid Ads,2026-02-13
1094,1094,7,2024-01-14,Organic Search,2024-02-10
1095,1095,19,2025-10-24,Direct,2025-11-23
1096,1096,22,2026-08-08,Paid Ads,2026-08-08
1097,1097,28,2024-11-05,Paid Ads,2024-11-22
1098,1098,20,2025-11-21,Paid Ads,2025-12-20
1099,1099,21,2026-04-26,Direct,2026-05-13
1100,1100,29,2024-09-15,Paid Ads,2024-10-04
1101,1101,20,2025-11-24,Paid Ads,2025-12-08
1102,1102,29,2024-09-23,Organic Search,2024-09-23
1103,1103,26,2025-09-11,Paid Ads,2025-10-11
1104,1104,1,2024-08-06,Paid Ads,2024-08-17
1105,1105,8,2024-01-10,Paid Ads,2024-01-26
1106,1106,2,2025-10-06,Paid Ads,2025-10-08
1107,1107,29,2024-09-15,Paid Ads,2024-10-02
1108,1108,6,2023-10-14,Email,2023-10-17
1109,1109,21,2026-05-08,Organic Search,2026-05-20
1110,1110,27,2025-06-26,Paid Ads,2025-07-19
1111,1111,3,2025-10-02,Direct,2025-10-03
1112,1112,20,2025-11-16,Direct,2025-12-11
1113,1113,16,2025-04-25,Organic Search,2025-05-24
1114,1114,28,2024-11-12,Paid Ads,2024-12-07
1115,1115,10,2024-05-17,Paid Ads,2024-06-04
1116,1116,18,2025-12-06,Paid Ads,2025-12-25
1117,1117,6,2023-10-24,Paid Ads,2023-10-28
1118,1118,25,2025-08-01,Organic Search,2025-08-08
1119,1119,11,2025-12-30,Organic Search,2026-01-24
1120,1120,6,2023-10-01,Organic Search,2023-10-03
1121,1121,25,2025-08-03,Paid Ads,2025-08-10
1122,1122,8,2024-01-14,Organic Search,2024-01-19
1123,1123,15,2024-09-14,Paid Ads,2024-10-13
1124,1124,1,2024-08-12,Direct,2024-09-03
1125,1125,25,2025-08-06,Paid Ads,2025-08-31
1126,1126,10,2024-05-14,Organic Search,2024-05-31
1127,1127,25,2025-07-29,Organic Search,2025-08-19
1128,1128,29,2024-09-22,Paid Ads,2024-10-16
1129,1129,2,2025-10-05,Paid Ads,2025-10-08
1130,1130,14,2026-05-08,Direct,2026-05-20
1131,1131,1,2024-08-14,Email,2024-08-31
1132,1132,18,2025-12-04,Paid Ads,2025-12-10
1133,1133,3,2025-10-05,Paid Ads,2025-10-21
1134,1134,4,2024-01-24,Organic Search,2024-02-16
1135,1135,15,2024-09-20,Organic Search,2024-10-20
1136,1136,20,2025-11-17,Organic Search,2025-12-14
1137,1137,14,2026-04-12,Paid Ads,2026-04-29
1138,1138,15,2024-09-12,Organic Search,2024-10-04
1139,1139,27,2025-06-16,Paid Ads,2025-07-03
1140,1140,9,2025-05-18,Organic Search,2025-06-06
1141,1141,15,2024-09-13,Paid Ads,2024-09-22
1142,1142,5,2024-01-21,Paid Ads,2024-01-26
1143,1143,11,2026-01-17,Direct,2026-02-01
1144,1144,3,2025-09-25,Organic Search,2025-10-01
1145,1145,13,2026-02-02,Direct,2026-02-05
1146,1146,11,2026-01-07,Organic Search,2026-01-20
1147,1147,17,2026-06-13,Paid Ads,2026-06-13
1148,1148,2,2025-10-06,Email,2025-10-15
1149,1149,15,2024-09-17,Organic Search,2024-09-25
1150,1150,26,2025-09-18,Direct,2025-09-24
1151,1151,7,2024-01-04,Paid Ads,2024-01-14
1152,1152,8,2024-01-14,Email,2024-01-15
1153,1153,17,2026-06-17,Organic Search,2026-06-21
1154,1154,8,2024-01-11,Paid Ads,2024-02-10
1155,1155,12,2024-04-03,Paid Ads,2024-04-11
1156,1156,9,2025-06-09,Organic Search,2025-06-23
1157,1157,13,2026-01-25,Direct,2026-02-10
1158,1158,18,2025-11-28,Direct,2025-12-20
1159,1159,11,2026-01-16,Organic Search,2026-01-27
1160,1160,2,2025-09-30,Organic Search,2025-10-30
1161,1161,17,2026-06-13,Organic Search,2026-06-27
1162,1162,15,2024-09-23,Direct,2024-10-10
1163,1163,13,2026-01-24,Paid Ads,2026-02-09
1164,1164,10,2024-05-14,Paid Ads,2024-06-08
1165,1165,21,2026-04-26,Organic Search,2026-05-07
1166,1166,19,2025-10-24,Organic Search,2025-10-30
1167,1167,6,2023-10-09,Email,2023-11-02
1168,1168,17,2026-06-16,Paid Ads,2026-06-19
1169,1169,16,2025-04-23,Paid Ads,2025-05-06
1170,1170,20,2025-11-09,Direct,2025-11-21
1171,1171,11,2025-12-27,Paid Ads,2025-12-30
1172,1172,25,2025-08-09,Paid Ads,2025-08-18
1173,1173,15,2024-09-21,Paid Ads,2024-10-13
1174,1174,30,2026-05-17,Direct,2026-05-27
1175,1175,15,2024-09-24,Paid Ads,2024-10-20
1176,1176,25,2025-07-31,Organic Search,2025-08-21
1177,1177,7,2024-01-09,Paid Ads,2024-01-31
1178,1178,28,2024-11-02,Direct,2024-11-08
1179,1179,3,2025-09-18,Paid Ads,2025-09-19
1180,1180,8,2024-01-13,Paid Ads,2024-01-28
1181,1181,17,2026-06-18,Paid Ads,2026-06-26
1182,1182,23,2024-06-16,Paid Ads,2024-06-30
1183,1183,15,2024-09-18,Organic Search,2024-09-23
1184,1184,27,2025-06-10,Organic Search,2025-06-16
1185,1185,13,2026-01-30,Paid Ads,2026-02-15
1186,1186,28,2024-11-09,Organic Search,2024-12-07
1187,1187,15,2024-09-14,Paid Ads,2024-10-10
1188,1188,13,2026-02-01,Email,2026-02-27
1189,1189,22,2026-08-18,Organic Search,2026-09-17
1190,1190,16,2025-05-09,Paid Ads,2025-05-29
1191,1191,7,2023-12-16,Paid Ads,2023-12-30
1192,1192,28,2024-10-22,Organic Search,2024-11-18
1193,1193,11,2026-01-20,Paid Ads,2026-02-10
1194,1194,7,2024-01-13,Email,2024-01-19
1195,1195,29,2024-09-26,Organic Search,2024-09-29
1196,1196,4,2024-01-26,Paid Ads,2024-02-19
1197,1197,2,2025-10-10,Email,2025-10-24
1198,1198,7,2023-12-25,Direct,2024-01-17
1199,1199,24,2025-06-26,Paid Ads,2025-07-20
1200,1200,23,2024-06-20,Direct,2024-07-20
1201,1201,15,2024-09-15,Paid Ads,2024-10-06
1202,1202,29,2024-09-28,Paid Ads,2024-10-21
1203,1203,8,2024-01-10,Organic Search,2024-01-23
1204,1204,25,2025-08-03,Email,2025-08-18
1205,1205,12,2024-04-08,Paid Ads,2024-04-25
1206,1206,20,2025-11-11,Email,2025-12-11
1207,1207,7,2023-12-30,Paid Ads,2024-01-14
1208,1208,28,2024-11-05,Paid Ads,2024-11-28
1209,1209,12,2024-04-05,Paid Ads,2024-04-11
1210,1210,7,2023-12-13,Paid Ads,2023-12-29
1211,1211,20,2025-11-28,Organic Search,2025-11-29
1212,1212,4,2024-01-19,Organic Search,2024-02-06
1213,1213,13,2026-01-28,Organic Search,2026-02-05
1214,1214,17,2026-06-19,Direct,2026-07-07
1215,1215,22,2026-08-06,Email,2026-08-25
1216,1216,27,2025-06-15,Paid Ads,2025-06-25
1217,1217,23,2024-06-16,Paid Ads,2024-06-17
1218,1218,4,2024-01-24,Paid Ads,2024-02-01
1219,1219,28,2024-10-14,Organic Search,2024-10-21
1220,1220,20,2025-11-11,Paid Ads,2025-11-28
1221,1221,2,2025-09-26,Organic Search,2025-09-26
1222,1222,21,2026-04-26,Email,2026-05-17
1223,1223,23,2024-06-11,Organic Search,2024-07-11
1224,1224,21,2026-04-27,Organic Search,2026-04-30
1225,1225,28,2024-11-09,Direct,2024-12-03
1226,1226,11,2025-12-30,Paid Ads,2026-01-08
1227,1227,7,2023-12-14,Organic Search,2023-12-31
1228,1228,25,2025-08-10,Organic Search,2025-08-21
1229,1229,17,2026-06-16,Paid Ads,2026-07-10
1230,1230,20,2025-11-20,Email,2025-11-21
1231,1231,12,2024-04-16,Direct,2024-04-28
1232,1232,28,2024-10-16,Paid Ads,2024-11-03
1233,1233,26,2025-09-22,Organic Search,2025-10-02
1234,1234,16,2025-05-02,Paid Ads,2025-05-02
1235,1235,16,2025-04-25,Paid Ads,2025-04-25
1236,1236,30,2026-05-22,Paid Ads,2026-06-18
1237,1237,10,2024-05-14,Email,2024-05-30
1238,1238,24,2025-06-05,Organic Search,2025-06-08
1239,1239,4,2024-01-20,Organic Search,2024-02-15
1240,1240,22,2026-08-09,Paid Ads,2026-08-26
1241,1241,25,2025-08-13,Email,2025-08-30
1242,1242,26,2025-09-21,Paid Ads,2025-09-28
1243,1243,26,2025-09-11,Paid Ads,2025-09-25
1244,1244,1,2024-08-09,Organic Search,2024-09-02
1245,1245,21,2026-05-01,Paid Ads,2026-05-09
1246,1246,3,2025-10-01,Organic Search,2025-10-11
1247,1247,23,2024-06-29,Organic Search,2024-07-05
1248,1248,15,2024-09-18,Organic Search,2024-10-10
1249,1249,9,2025-05-28,Organic Search,2025-06-12
1250,1250,16,2025-04-27,Organic Search,2025-05-01
1251,1251,15,2024-09-20,Paid Ads,2024-10-09
1252,1252,17,2026-06-13,Direct,2026-06-29
1253,1253,8,2024-01-08,Email,2024-01-17
1254,1254,14,2026-05-04,Organic Search,2026-05-28
1255,1255,4,2024-01-21,Direct,2024-01-21
1256,1256,4,2024-01-28,Paid Ads,2024-02-17
1257,1257,8,2024-01-08,Organic Search,2024-01-31
1258,1258,22,2026-08-12,Paid Ads,2026-08-28
1259,1259,24,2025-06-14,Email,2025-06-16
1260,1260,1,2024-09-05,Direct,2024-10-02
1261,1261,1,2024-08-16,Direct,2024-08-20
1262,1262,4,2024-01-24,Organic Search,2024-02-19
1263,1263,13,2026-01-28,Direct,2026-02-20
1264,1264,30,2026-05-19,Email,2026-05-19
1265,1265,8,2024-01-13,Paid Ads,2024-01-29
1266,1266,9,2025-05-18,Email,2025-05-29
1267,1267,16,2025-05-19,Paid Ads,2025-06-11
1268,1268,14,2026-04-23,Organic Search,2026-05-21
1269,1269,27,2025-06-28,Paid Ads,2025-07-26
1270,1270,6,2023-10-29,Organic Search,2023-11-22
1271,1271,7,2024-01-07,Organic Search,2024-01-16
1272,1272,6,2023-09-29,Paid Ads,2023-10-20
1273,1273,17,2026-06-15,Organic Search,2026-06-23
1274,1274,26,2025-09-22,Organic Search,2025-10-07
1275,1275,1,2024-08-08,Direct,2024-08-23
1276,1276,15,2024-09-22,Paid Ads,2024-10-16
1277,1277,3,2025-09-18,Organic Search,2025-09-24
1278,1278,1,2024-08-07,Email,2024-08-29
1279,1279,11,2026-01-31,Paid Ads,2026-02-13
1280,1280,3,2025-10-04,Paid Ads,2025-10-04
1281,1281,11,2025-12-27,Paid Ads,2025-12-28
1282,1282,22,2026-08-16,Direct,2026-09-09
1283,1283,30,2026-05-16,Email,2026-06-06
1284,1284,5,2024-01-14,Organic Search,2024-01-27
1285,1285,10,2024-05-12,Paid Ads,2024-05-28
1286,1286,7,2024-01-05,Email,2024-01-25
1287,1287,8,2024-01-13,Paid Ads,2024-01-20
1288,1288,25,2025-08-15,Direct,2025-09-03
1289,1289,5,2024-01-31,Paid Ads,2024-02-06
1290,1290,28,2024-11-02,Organic Search,2024-11-03
1291,1291,1,2024-08-20,Organic Search,2024-09-11
1292,1292,27,2025-06-03,Paid Ads,2025-06-17
1293,1293,15,2024-09-13,Paid Ads,2024-10-05
1294,1294,29,2024-09-13,Paid Ads,2024-09-28
1295,1295,23,2024-06-07,Organic Search,2024-06-22
1296,1296,6,2023-10-21,Organic Search,2023-10-21
1297,1297,16,2025-05-08,Email,2025-05-12
1298,1298,18,2025-11-25,Paid Ads,2025-11-27
1299,1299,8,2024-01-08,Direct,2024-01-26
1300,1300,23,2024-06-19,Organic Search,2024-06-28
1301,1301,17,2026-06-18,Email,2026-07-16
1302,1302,12,2024-03-28,Paid Ads,2024-04-05
1303,1303,25,2025-08-17,Paid Ads,2025-09-15
1304,1304,12,2024-04-08,Paid Ads,2024-05-02
1305,1305,1,2024-08-26,Paid Ads,2024-09-23
1306,1306,29,2024-09-30,Paid Ads,2024-10-18
1307,1307,20,2025-11-23,Organic Search,2025-11-26
1308,1308,19,2025-10-05,Direct,2025-10-28
1309,1309,4,2024-01-24,Organic Search,2024-02-13
1310,1310,24,2025-06-13,Paid Ads,2025-06-18
1311,1311,6,2023-10-26,Organic Search,2023-10-30
1312,1312,30,2026-05-19,Organic Search,2026-06-06
1313,1313,13,2026-01-28,Direct,2026-02-21
1314,1314,7,2023-12-29,Paid Ads,2024-01-24
1315,1315,2,2025-10-11,Paid Ads,2025-11-01
1316,1316,25,2025-08-02,Paid Ads,2025-08-11
1317,1317,20,2025-11-22,Organic Search,2025-12-20
1318,1318,6,2023-10-22,Organic Search,2023-10-27
1319,1319,30,2026-05-21,Organic Search,2026-06-18
1320,1320,19,2025-10-05,Paid Ads,2025-10-07
1321,1321,15,2024-09-24,Paid Ads,2024-09-28
1322,1322,9,2025-06-04,Direct,2025-07-01
1323,1323,16,2025-05-03,Organic Search,2025-05-04
1324,1324,4,2024-01-26,Organic Search,2024-02-24
1325,1325,8,2024-01-08,Paid Ads,2024-01-22
1326,1326,18,2025-12-01,Paid Ads,2025-12-03
1327,1327,27,2025-06-02,Paid Ads,2025-06-17
1328,1328,18,2025-12-05,Organic Search,2025-12-31
1329,1329,6,2023-10-03,Organic Search,2023-10-20
1330,1330,2,2025-10-08,Paid Ads,2025-10-15
1331,1331,15,2024-09-23,Organic Search,2024-10-14
1332,1332,7,2023-12-28,Organic Search,2024-01-17
1333,1333,22,2026-08-09,Email,2026-08-13
1334,1334,24,2025-05-26,Paid Ads,2025-05-27
1335,1335,30,2026-05-21,Organic Search,2026-06-14
1336,1336,11,2026-01-28,Organic Search,2026-01-30
1337,1337,19,2025-09-29,Paid Ads,2025-10-19
1338,1338,19,2025-09-28,Organic Search,2025-10-12
1339,1339,4,2024-01-18,Direct,2024-02-05
1340,1340,3,2025-09-20,Paid Ads,2025-10-20
1341,1341,30,2026-05-19,Paid Ads,2026-06-18
1342,1342,10,2024-05-18,Organic Search,2024-05-21
1343,1343,8,2024-01-11,Paid Ads,2024-01-20
1344,1344,2,2025-10-12,Paid Ads,2025-10-16
1345,1345,10,2024-05-15,Direct,2024-05-22
1346,1346,12,2024-04-13,Organic Search,2024-04-28
1347,1347,1,2024-08-17,Paid Ads,2024-09-13
1348,1348,1,2024-08-28,Email,2024-09-13
1349,1349,18,2025-11-28,Email,2025-12-02
1350,1350,13,2026-02-02,Organic Search,2026-02-05
1351,1351,12,2024-04-16,Paid Ads,2024-05-09
1352,1352,28,2024-10-09,Organic Search,2024-10-15
1353,1353,1,2024-08-09,Direct,2024-08-31
1354,1354,3,2025-10-02,Paid Ads,2025-10-24
1355,1355,3,2025-09-29,Organic Search,2025-10-21
1356,1356,22,2026-08-18,Direct,2026-08-21
1357,1357,3,2025-09-24,Paid Ads,2025-10-02
1358,1358,30,2026-05-20,Organic Search,2026-05-30
1359,1359,11,2026-01-12,Paid Ads,2026-01-21
1360,1360,5,2024-01-23,Direct,2024-02-03
1361,1361,18,2025-12-02,Paid Ads,2025-12-19
1362,1362,8,2024-01-07,Paid Ads,2024-01-17
1363,1363,22,2026-08-08,Organic Search,2026-08-23
1364,1364,9,2025-06-12,Paid Ads,2025-06-28
1365,1365,5,2024-01-13,Email,2024-01-15
1366,1366,21,2026-05-02,Paid Ads,2026-05-30
1367,1367,28,2024-10-15,Paid Ads,2024-10-26
1368,1368,11,2025-12-24,Organic Search,2026-01-12
1369,1369,12,2024-03-17,Organic Search,2024-04-14
1370,1370,8,2024-01-14,Direct,2024-02-08
1371,1371,6,2023-10-19,Direct,2023-10-28
1372,1372,17,2026-06-19,Direct,2026-06-25
1373,1373,3,2025-09-29,Direct,2025-09-30
1374,1374,7,2023-12-11,Paid Ads,2023-12-31
1375,1375,12,2024-03-26,Paid Ads,2024-04-15
1376,1376,23,2024-06-22,Direct,2024-07-09
1377,1377,16,2025-05-27,Paid Ads,2025-06-21
1378,1378,8,2024-01-09,Email,2024-02-04
1379,1379,17,2026-06-20,Paid Ads,2026-07-12
1380,1380,8,2024-01-09,Organic Search,2024-01-31
1381,1381,20,2025-11-08,Direct,2025-11-18
1382,1382,29,2024-09-24,Paid Ads,2024-10-15
1383,1383,11,2026-01-19,Paid Ads,2026-01-21
1384,1384,19,2025-10-28,Organic Search,2025-11-07
1385,1385,24,2025-06-13,Paid Ads,2025-07-10
1386,1386,2,2025-09-28,Direct,2025-10-25
1387,1387,3,2025-10-01,Organic Search,2025-10-23
1388,1388,19,2025-10-27,Paid Ads,2025-11-10
1389,1389,7,2024-01-14,Organic Search,2024-01-18
1390,1390,3,2025-09-30,Organic Search,2025-10-18
1391,1391,23,2024-06-06,Email,2024-07-02
1392,1392,17,2026-06-16,Paid Ads,2026-07-16
1393,1393,23,2024-06-30,Organic Search,2024-07-22
1394,1394,2,2025-10-03,Paid Ads,2025-10-11
1395,1395,7,2023-12-10,Organic Search,2024-01-01
1396,1396,16,2025-05-16,Email,2025-05-27
1397,1397,18,2025-11-30,Organic Search,2025-12-02
1398,1398,23,2024-06-06,Paid Ads,2024-06-08
1399,1399,13,2026-01-31,Organic Search,2026-02-04
1400,1400,16,2025-04-16,Organic Search,2025-05-03
1401,1401,15,2024-09-10,Paid Ads,2024-10-05
1402,1402,6,2023-10-10,Paid Ads,2023-11-01
1403,1403,27,2025-06-07,Paid Ads,2025-07-01
1404,1404,7,2023-12-24,Organic Search,2024-01-19
1405,1405,24,2025-06-13,Organic Search,2025-06-30
1406,1406,29,2024-09-20,Organic Search,2024-09-30
1407,1407,5,2024-02-13,Organic Search,2024-02-13
1408,1408,8,2024-01-09,Paid Ads,2024-01-27
1409,1409,23,2024-06-20,Organic Search,2024-07-04
1410,1410,7,2024-01-12,Paid Ads,2024-02-01
1411,1411,1,2024-08-31,Organic Search,2024-09-25
1412,1412,11,2026-01-11,Organic Search,2026-02-08
1413,1413,22,2026-08-11,Direct,2026-08-14
1414,1414,27,2025-06-19,Email,2025-07-19
1415,1415,18,2025-11-27,Paid Ads,2025-11-28
1416,1416,10,2024-05-12,Email,2024-05-30
1417,1417,26,2025-09-13,Direct,2025-10-07
1418,1418,3,2025-09-18,Email,2025-10-06
1419,1419,19,2025-11-01,Paid Ads,2025-12-01
1420,1420,3,2025-09-27,Email,2025-09-30
1421,1421,13,2026-01-28,Email,2026-02-07
1422,1422,29,2024-09-28,Organic Search,2024-10-14
1423,1423,17,2026-06-17,Paid Ads,2026-07-07
1424,1424,19,2025-10-02,Paid Ads,2025-10-27
1425,1425,15,2024-09-24,Paid Ads,2024-10-18
1426,1426,6,2023-10-04,Paid Ads,2023-10-18
1427,1427,8,2024-01-09,Paid Ads,2024-01-15
1428,1428,22,2026-08-08,Organic Search,2026-08-13
1429,1429,18,2025-12-03,Paid Ads,2025-12-25
1430,1430,29,2024-09-23,Paid Ads,2024-10-13
1431,1431,6,2023-10-31,Paid Ads,2023-11-02
1432,1432,23,2024-06-26,Direct,2024-07-19
1433,1433,15,2024-09-12,Paid Ads,2024-09-24
1434,1434,2,2025-10-12,Paid Ads,2025-10-12
1435,1435,15,2024-09-11,Paid Ads,2024-09-19
1436,1436,25,2025-08-03,Paid Ads,2025-08-24
1437,1437,29,2024-09-19,Email,2024-09-21
1438,1438,19,2025-11-03,Organic Search,2025-11-26
1439,1439,29,2024-10-01,Direct,2024-10-09
1440,1440,22,2026-08-12,Organic Search,2026-09-06
1441,1441,16,2025-04-15,Organic Search,2025-05-09
1442,1442,18,2025-12-01,Direct,2025-12-06
1443,1443,26,2025-09-14,Organic Search,2025-09-21
1444,1444,14,2026-04-28,Paid Ads,2026-05-11
1445,1445,9,2025-05-29,Direct,2025-06-12
1446,1446,21,2026-05-02,Paid Ads,2026-05-10
1447,1447,13,2026-01-27,Paid Ads,2026-02-07
1448,1448,23,2024-06-19,Organic Search,2024-07-04
1449,1449,9,2025-06-04,Paid Ads,2025-06-19
1450,1450,25,2025-08-01,Email,2025-08-18
1451,1451,12,2024-03-21,Paid Ads,2024-04-12
1452,1452,23,2024-06-19,Paid Ads,2024-06-23
1453,1453,21,2026-05-01,Paid Ads,2026-05-06
1454,1454,13,2026-01-27,Paid Ads,2026-02-14
1455,1455,3,2025-10-03,Paid Ads,2025-10-19
1456,1456,28,2024-11-12,Direct,2024-11-21
1457,1457,11,2026-01-29,Paid Ads,2026-02-27
1458,1458,24,2025-06-20,Organic Search,2025-07-16
1459,1459,15,2024-09-24,Direct,2024-10-09
1460,1460,21,2026-05-09,Organic Search,2026-06-04
1461,1461,22,2026-08-12,Paid Ads,2026-08-12
1462,1462,14,2026-04-23,Email,2026-04-27
1463,1463,16,2025-05-23,Direct,2025-06-22
1464,1464,26,2025-09-14,Organic Search,2025-10-07
1465,1465,17,2026-06-20,Organic Search,2026-07-01
1466,1466,29,2024-09-24,Organic Search,2024-10-08
1467,1467,29,2024-10-04,Organic Search,2024-11-01
1468,1468,6,2023-10-01,Paid Ads,2023-10-13
1469,1469,14,2026-04-29,Direct,2026-05-15
1470,1470,6,2023-10-08,Email,2023-10-24
1471,1471,29,2024-10-04,Paid Ads,2024-10-05
1472,1472,15,2024-09-21,Organic Search,2024-10-19
1473,1473,4,2024-01-24,Paid Ads,2024-02-07
1474,1474,3,2025-10-03,Direct,2025-10-26
1475,1475,5,2024-01-31,Paid Ads,2024-02-26
1476,1476,27,2025-06-13,Paid Ads,2025-07-01
1477,1477,19,2025-10-28,Direct,2025-11-26
1478,1478,15,2024-09-14,Paid Ads,2024-09-16
1479,1479,25,2025-07-31,Paid Ads,2025-08-23
1480,1480,25,2025-07-31,Paid Ads,2025-08-09
1481,1481,2,2025-10-13,Paid Ads,2025-10-16
1482,1482,3,2025-10-03,Email,2025-10-09
1483,1483,24,2025-06-28,Organic Search,2025-07-12
1484,1484,24,2025-06-10,Paid Ads,2025-06-10
1485,1485,12,2024-04-12,Organic Search,2024-04-30
1486,1486,8,2024-01-14,Organic Search,2024-02-04
1487,1487,1,2024-08-27,Email,2024-09-02
1488,1488,3,2025-09-23,Organic Search,2025-09-30
1489,1489,17,2026-06-14,Paid Ads,2026-06-16
1490,1490,25,2025-08-13,Paid Ads,2025-08-31
1491,1491,18,2025-11-27,Organic Search,2025-12-24
1492,1492,14,2026-05-04,Email,2026-05-11
1493,1493,18,2025-12-01,Paid Ads,2025-12-20
1494,1494,3,2025-09-20,Direct,2025-10-16
1495,1495,3,2025-09-18,Direct,2025-10-17
1496,1496,20,2025-11-16,Paid Ads,2025-12-09
1497,1497,16,2025-05-10,Organic Search,2025-05-28
1498,1498,29,2024-09-16,Organic Search,2024-10-06
1499,1499,3,2025-09-22,Organic Search,2025-10-03
1500,1500,20,2025-11-25,Organic Search,2025-12-11
1501,1501,21,2026-04-30,Organic Search,2026-05-01
1502,1502,23,2024-06-09,Email,2024-07-01
1503,1503,1,2024-08-23,Direct,2024-08-26
1504,1504,8,2024-01-08,Organic Search,2024-01-15
1505,1505,9,2025-06-11,Organic Search,2025-06-29
1506,1506,28,2024-10-28,Email,2024-11-01
1507,1507,7,2024-01-08,Organic Search,2024-01-16
1508,1508,14,2026-04-28,Email,2026-05-08
1509,1509,20,2025-11-09,Paid Ads,2025-11-10
1510,1510,30,2026-05-17,Paid Ads,2026-05-18
1511,1511,15,2024-09-10,Paid Ads,2024-09-30
1512,1512,7,2023-12-29,Organic Search,2024-01-12
1513,1513,25,2025-08-03,Organic Search,2025-08-23
1514,1514,28,2024-10-10,Paid Ads,2024-10-14
1515,1515,21,2026-04-28,Organic Search,2026-05-17
1516,1516,17,2026-06-20,Paid Ads,2026-07-10
1517,1517,15,2024-09-23,Paid Ads,2024-10-16
1518,1518,4,2024-01-28,Organic Search,2024-02-15
1519,1519,13,2026-02-02,Organic Search,2026-02-11
1520,1520,4,2024-01-28,Direct,2024-02-12
1521,1521,22,2026-08-08,Organic Search,2026-08-17
1522,1522,18,2025-12-05,Paid Ads,2025-12-18
1523,1523,29,2024-09-25,Organic Search,2024-10-19
1524,1524,9,2025-06-13,Email,2025-06-14
1525,1525,25,2025-07-29,Email,2025-07-31
1526,1526,11,2026-01-24,Direct,2026-02-14
1527,1527,11,2025-12-28,Direct,2026-01-10
1528,1528,13,2026-01-31,Direct,2026-02-03
1529,1529,26,2025-09-16,Paid Ads,2025-10-13
1530,1530,24,2025-06-04,Direct,2025-06-22
1531,1531,20,2025-11-17,Paid Ads,2025-11-29
1532,1532,30,2026-05-23,Paid Ads,2026-06-15
1533,1533,3,2025-09-28,Organic Search,2025-10-14
1534,1534,29,2024-09-27,Direct,2024-10-22
1535,1535,9,2025-06-10,Paid Ads,2025-07-09
1536,1536,22,2026-08-11,Organic Search,2026-08-18
1537,1537,22,2026-08-07,Direct,2026-08-09
1538,1538,25,2025-08-12,Paid Ads,2025-08-27
1539,1539,25,2025-08-05,Paid Ads,2025-08-30
1540,1540,25,2025-07-31,Email,2025-08-21
1541,1541,1,2024-09-08,Direct,2024-09-14
1542,1542,23,2024-07-01,Direct,2024-07-31
1543,1543,7,2024-01-16,Organic Search,2024-02-14
1544,1544,14,2026-05-09,Organic Search,2026-05-18
1545,1545,9,2025-05-16,Organic Search,2025-05-19
1546,1546,17,2026-06-17,Direct,2026-06-18
1547,1547,12,2024-03-23,Email,2024-04-17
1548,1548,11,2025-12-26,Paid Ads,2026-01-10
1549,1549,10,2024-05-14,Direct,2024-05-21
1550,1550,16,2025-04-25,Paid Ads,2025-05-19
1551,1551,19,2025-10-05,Email,2025-10-07
1552,1552,6,2023-11-02,Organic Search,2023-11-16
1553,1553,15,2024-09-22,Direct,2024-09-23
1554,1554,22,2026-08-06,Organic Search,2026-09-01
1555,1555,24,2025-06-03,Paid Ads,2025-06-22
1556,1556,23,2024-06-18,Organic Search,2024-07-01
1557,1557,13,2026-02-02,Organic Search,2026-02-24
1558,1558,20,2025-11-17,Paid Ads,2025-11-26
1559,1559,16,2025-04-17,Organic Search,2025-05-08
1560,1560,10,2024-05-13,Paid Ads,2024-05-16
1561,1561,7,2024-01-11,Organic Search,2024-01-29
1562,1562,1,2024-08-17,Organic Search,2024-09-04
1563,1563,5,2024-01-11,Paid Ads,2024-01-13
1564,1564,9,2025-06-23,Paid Ads,2025-07-14
1565,1565,13,2026-01-24,Organic Search,2026-02-01
1566,1566,16,2025-04-16,Organic Search,2025-04-18
1567,1567,24,2025-06-01,Direct,2025-06-19
1568,1568,9,2025-05-27,Paid Ads,2025-06-01
1569,1569,29,2024-09-21,Paid Ads,2024-10-21
1570,1570,17,2026-06-17,Paid Ads,2026-07-07
1571,1571,5,2024-01-20,Organic Search,2024-02-06
1572,1572,21,2026-05-08,Organic Search,2026-05-17
1573,1573,27,2025-06-09,Paid Ads,2025-07-05
1574,1574,23,2024-06-08,Paid Ads,2024-07-02
1575,1575,16,2025-05-20,Paid Ads,2025-05-24
1576,1576,22,2026-08-12,Paid Ads,2026-08-15
1577,1577,3,2025-10-01,Direct,2025-10-25
1578,1578,18,2025-12-01,Paid Ads,2025-12-02
1579,1579,25,2025-08-05,Organic Search,2025-08-18
1580,1580,1,2024-08-17,Organic Search,2024-08-18
1581,1581,10,2024-05-17,Paid Ads,2024-06-01
1582,1582,1,2024-09-04,Organic Search,2024-09-25
1583,1583,24,2025-06-29,Paid Ads,2025-07-17
1584,1584,10,2024-05-10,Paid Ads,2024-05-31
1585,1585,28,2024-11-12,Paid Ads,2024-11-29
1586,1586,16,2025-05-02,Paid Ads,2025-05-22
1587,1587,30,2026-05-22,Direct,2026-06-15
1588,1588,21,2026-05-09,Email,2026-06-05
1589,1589,14,2026-04-12,Paid Ads,2026-05-05
1590,1590,6,2023-10-23,Paid Ads,2023-10-30
1591,1591,19,2025-10-03,Direct,2025-10-13
1592,1592,5,2024-01-26,Organic Search,2024-01-31
1593,1593,28,2024-10-29,Organic Search,2024-11-26
1594,1594,6,2023-10-22,Direct,2023-11-16
1595,1595,5,2024-02-04,Paid Ads,2024-02-22
1596,1596,11,2026-01-02,Organic Search,2026-02-01
1597,1597,25,2025-08-15,Organic Search,2025-09-07
1598,1598,22,2026-08-18,Paid Ads,2026-09-06
1599,1599,28,2024-11-13,Direct,2024-11-14
1600,1600,15,2024-09-17,Direct,2024-10-09
1601,1601,4,2024-01-23,Paid Ads,2024-02-02
1602,1602,11,2026-01-17,Paid Ads,2026-01-28
1603,1603,24,2025-06-09,Paid Ads,2025-06-20
1604,1604,25,2025-08-03,Paid Ads,2025-08-23
1605,1605,14,2026-04-11,Organic Search,2026-04-14
1606,1606,8,2024-01-11,Paid Ads,2024-01-25
1607,1607,11,2026-01-10,Organic Search,2026-01-24
1608,1608,29,2024-09-14,Organic Search,2024-09-18
1609,1609,4,2024-01-28,Direct,2024-02-13
1610,1610,13,2026-01-29,Direct,2026-02-03
1611,1611,30,2026-05-19,Paid Ads,2026-05-24
1612,1612,10,2024-05-16,Paid Ads,2024-06-02
1613,1613,23,2024-06-21,Organic Search,2024-07-12
1614,1614,23,2024-06-22,Direct,2024-06-28
1615,1615,13,2026-01-22,Paid Ads,2026-02-15
1616,1616,15,2024-09-23,Email,2024-10-03
1617,1617,7,2024-01-17,Paid Ads,2024-01-27
1618,1618,30,2026-05-23,Paid Ads,2026-05-29
1619,1619,6,2023-10-04,Direct,2023-10-12
1620,1620,2,2025-09-30,Paid Ads,2025-10-14
1621,1621,12,2024-03-19,Paid Ads,2024-03-19
1622,1622,16,2025-05-11,Direct,2025-05-21
1623,1623,22,2026-08-09,Direct,2026-08-11
1624,1624,26,2025-09-16,Paid Ads,2025-09-23
1625,1625,27,2025-06-29,Paid Ads,2025-07-25
1626,1626,9,2025-06-23,Direct,2025-07-16
1627,1627,24,2025-06-05,Direct,2025-06-18
1628,1628,15,2024-09-18,Paid Ads,2024-10-12
1629,1629,11,2025-12-28,Organic Search,2026-01-19
1630,1630,7,2023-12-10,Organic Search,2024-01-09
1631,1631,11,2026-01-27,Paid Ads,2026-02-24
1632,1632,7,2023-12-10,Organic Search,2023-12-18
1633,1633,14,2026-04-21,Organic Search,2026-05-11
1634,1634,8,2024-01-11,Paid Ads,2024-01-13
1635,1635,21,2026-05-10,Organic Search,2026-06-09
1636,1636,5,2024-02-12,Paid Ads,2024-02-14
1637,1637,18,2025-11-28,Paid Ads,2025-12-14
1638,1638,1,2024-09-07,Email,2024-09-19
1639,1639,16,2025-05-13,Organic Search,2025-06-12
1640,1640,18,2025-11-27,Paid Ads,2025-11-28
1641,1641,13,2026-01-22,Direct,2026-02-05
1642,1642,5,2024-02-03,Email,2024-02-26
1643,1643,17,2026-06-15,Paid Ads,2026-07-09
1644,1644,16,2025-04-25,Organic Search,2025-04-26
1645,1645,10,2024-05-12,Organic Search,2024-05-18
1646,1646,28,2024-11-12,Paid Ads,2024-12-02
1647,1647,10,2024-05-11,Paid Ads,2024-05-13
1648,1648,12,2024-04-06,Paid Ads,2024-04-28
1649,1649,19,2025-10-20,Organic Search,2025-11-12
1650,1650,12,2024-04-03,Paid Ads,2024-04-14
1651,1651,17,2026-06-20,Organic Search,2026-07-06
1652,1652,22,2026-08-12,Organic Search,2026-08-28
1653,1653,13,2026-01-23,Organic Search,2026-02-15
1654,1654,27,2025-06-12,Organic Search,2025-06-23
1655,1655,5,2024-02-13,Organic Search,2024-03-04
1656,1656,23,2024-06-13,Paid Ads,2024-07-11
1657,1657,14,2026-04-25,Direct,2026-05-24
1658,1658,20,2025-11-14,Paid Ads,2025-12-11
1659,1659,2,2025-10-08,Direct,2025-10-16
1660,1660,10,2024-05-13,Paid Ads,2024-06-04
1661,1661,5,2024-02-05,Organic Search,2024-03-03
1662,1662,1,2024-09-03,Paid Ads,2024-09-26
1663,1663,17,2026-06-17,Organic Search,2026-06-24
1664,1664,21,2026-05-01,Organic Search,2026-05-30
1665,1665,9,2025-05-28,Direct,2025-06-20
1666,1666,18,2025-11-29,Direct,2025-12-15
1667,1667,5,2024-01-14,Direct,2024-02-13
1668,1668,11,2025-12-27,Paid Ads,2026-01-19
1669,1669,27,2025-06-03,Organic Search,2025-06-06
1670,1670,22,2026-08-17,Paid Ads,2026-09-02
1671,1671,2,2025-10-08,Organic Search,2025-10-24
1672,1672,3,2025-10-05,Paid Ads,2025-10-07
1673,1673,26,2025-09-12,Organic Search,2025-09-25
1674,1674,22,2026-08-12,Organic Search,2026-08-27
1675,1675,4,2024-01-20,Organic Search,2024-02-03
1676,1676,22,2026-08-18,Paid Ads,2026-08-18
1677,1677,25,2025-07-30,Paid Ads,2025-08-12
1678,1678,25,2025-07-31,Email,2025-08-01
1679,1679,12,2024-03-19,Paid Ads,2024-04-07
1680,1680,7,2024-01-10,Organic Search,2024-01-11
1681,1681,22,2026-08-13,Paid Ads,2026-08-16
1682,1682,17,2026-06-19,Organic Search,2026-06-24
1683,1683,18,2025-11-28,Direct,2025-12-19
1684,1684,16,2025-04-29,Paid Ads,2025-04-30
1685,1685,4,2024-01-27,Email,2024-02-14
1686,1686,5,2024-01-18,Paid Ads,2024-01-20
1687,1687,16,2025-05-27,Organic Search,2025-06-18
1688,1688,26,2025-09-12,Paid Ads,2025-10-02
1689,1689,15,2024-09-10,Paid Ads,2024-09-27
1690,1690,12,2024-03-29,Organic Search,2024-04-20
1691,1691,2,2025-10-02,Organic Search,2025-10-30
1692,1692,24,2025-06-23,Organic Search,2025-07-22
1693,1693,1,2024-09-02,Organic Search,2024-09-20
1694,1694,18,2025-11-28,Organic Search,2025-11-29
1695,1695,15,2024-09-13,Paid Ads,2024-10-07
1696,1696,21,2026-05-09,Organic Search,2026-05-19
1697,1697,15,2024-09-15,Paid Ads,2024-09-19
1698,1698,19,2025-10-29,Paid Ads,2025-11-22
1699,1699,23,2024-06-25,Organic Search,2024-07-05
1700,1700,16,2025-05-14,Direct,2025-06-07
1701,1701,26,2025-09-16,Organic Search,2025-10-02
1702,1702,18,2025-11-27,Direct,2025-12-02
1703,1703,9,2025-05-17,Paid Ads,2025-06-15
1704,1704,15,2024-09-15,Paid Ads,2024-09-21
1705,1705,5,2024-01-19,Email,2024-02-11
1706,1706,21,2026-05-02,Organic Search,2026-05-03
1707,1707,7,2023-12-16,Paid Ads,2024-01-10
1708,1708,10,2024-05-18,Organic Search,2024-05-18
1709,1709,10,2024-05-12,Direct,2024-05-12
1710,1710,3,2025-09-30,Direct,2025-10-04
1711,1711,7,2024-01-06,Direct,2024-01-07
1712,1712,11,2026-01-08,Paid Ads,2026-01-25
1713,1713,29,2024-09-22,Paid Ads,2024-09-24
1714,1714,22,2026-08-16,Paid Ads,2026-08-25
1715,1715,28,2024-10-31,Organic Search,2024-11-11
1716,1716,24,2025-06-03,Organic Search,2025-07-02
1717,1717,30,2026-05-23,Direct,2026-06-05
1718,1718,29,2024-09-12,Paid Ads,2024-09-19
1719,1719,30,2026-05-20,Organic Search,2026-06-05
1720,1720,29,2024-10-07,Organic Search,2024-10-20
1721,1721,23,2024-06-06,Organic Search,2024-06-15
1722,1722,8,2024-01-09,Direct,2024-02-03
1723,1723,24,2025-06-18,Organic Search,2025-07-03
1724,1724,24,2025-06-20,Organic Search,2025-07-02
1725,1725,24,2025-06-09,Organic Search,2025-06-13
1726,1726,29,2024-10-01,Organic Search,2024-10-09
1727,1727,8,2024-01-08,Direct,2024-01-23
1728,1728,23,2024-06-17,Organic Search,2024-06-18
1729,1729,11,2025-12-30,Paid Ads,2026-01-22
1730,1730,26,2025-09-13,Paid Ads,2025-09-22
1731,1731,14,2026-04-24,Paid Ads,2026-04-29
1732,1732,11,2026-02-02,Email,2026-02-13
1733,1733,14,2026-05-01,Organic Search,2026-05-16
1734,1734,21,2026-04-30,Paid Ads,2026-05-29
1735,1735,25,2025-07-29,Direct,2025-07-30
1736,1736,22,2026-08-11,Organic Search,2026-09-01
1737,1737,1,2024-08-05,Paid Ads,2024-08-18
1738,1738,30,2026-05-22,Direct,2026-06-05
1739,1739,24,2025-06-29,Paid Ads,2025-07-24
1740,1740,30,2026-05-17,Paid Ads,2026-06-09
1741,1741,17,2026-06-15,Paid Ads,2026-06-17
1742,1742,10,2024-05-14,Email,2024-06-03
1743,1743,25,2025-08-01,Direct,2025-08-18
1744,1744,16,2025-05-12,Organic Search,2025-05-14
1745,1745,18,2025-12-06,Paid Ads,2025-12-08
1746,1746,21,2026-04-30,Organic Search,2026-05-30
1747,1747,10,2024-05-11,Paid Ads,2024-05-14
1748,1748,2,2025-10-08,Direct,2025-10-18
1749,1749,19,2025-10-03,Organic Search,2025-10-13
1750,1750,16,2025-05-24,Paid Ads,2025-06-11
1751,1751,3,2025-09-19,Organic Search,2025-09-27
1752,1752,23,2024-06-27,Paid Ads,2024-07-19
1753,1753,10,2024-05-14,Direct,2024-06-10
1754,1754,1,2024-08-22,Organic Search,2024-09-09
1755,1755,30,2026-05-21,Email,2026-05-30
1756,1756,20,2025-11-03,Paid Ads,2025-11-23
1757,1757,11,2025-12-26,Paid Ads,2026-01-02
1758,1758,17,2026-06-15,Organic Search,2026-07-05
1759,1759,10,2024-05-12,Organic Search,2024-06-03
1760,1760,23,2024-06-20,Organic Search,2024-07-01
1761,1761,30,2026-05-22,Paid Ads,2026-06-03
1762,1762,8,2024-01-07,Paid Ads,2024-01-24
1763,1763,3,2025-09-18,Email,2025-09-18
1764,1764,18,2025-12-04,Paid Ads,2025-12-14
1765,1765,29,2024-09-11,Paid Ads,2024-09-25
1766,1766,12,2024-04-01,Email,2024-04-30
1767,1767,3,2025-10-01,Organic Search,2025-10-23
1768,1768,9,2025-06-17,Paid Ads,2025-06-19
1769,1769,16,2025-04-28,Organic Search,2025-05-26
1770,1770,18,2025-11-25,Email,2025-12-19
1771,1771,13,2026-01-30,Paid Ads,2026-02-11
1772,1772,23,2024-06-28,Organic Search,2024-07-27
1773,1773,1,2024-08-24,Organic Search,2024-09-22
1774,1774,3,2025-10-02,Direct,2025-10-28
1775,1775,28,2024-10-29,Organic Search,2024-11-04
1776,1776,5,2024-01-14,Paid Ads,2024-01-18
1777,1777,17,2026-06-17,Organic Search,2026-07-01
1778,1778,12,2024-03-22,Paid Ads,2024-04-13
1779,1779,1,2024-08-20,Paid Ads,2024-09-06
1780,1780,5,2024-02-02,Organic Search,2024-02-19
1781,1781,2,2025-10-03,Organic Search,2025-10-24
1782,1782,26,2025-09-12,Organic Search,2025-09-14
1783,1783,14,2026-05-05,Email,2026-05-11
1784,1784,19,2025-10-16,Organic Search,2025-10-22
1785,1785,18,2025-12-03,Paid Ads,2025-12-05
1786,1786,8,2024-01-10,Organic Search,2024-02-04
1787,1787,10,2024-05-16,Direct,2024-06-08
1788,1788,7,2023-12-13,Paid Ads,2023-12-21
1789,1789,16,2025-04-29,Organic Search,2025-05-11
1790,1790,29,2024-09-27,Paid Ads,2024-10-20
1791,1791,4,2024-01-25,Paid Ads,2024-01-28
1792,1792,5,2024-02-09,Paid Ads,2024-03-09
1793,1793,9,2025-06-11,Organic Search,2025-06-20
1794,1794,26,2025-09-20,Direct,2025-09-22
1795,1795,2,2025-10-05,Paid Ads,2025-10-25
1796,1796,27,2025-06-09,Direct,2025-07-01
1797,1797,17,2026-06-18,Organic Search,2026-07-09
1798,1798,17,2026-06-13,Organic Search,2026-07-13
1799,1799,24,2025-06-15,Paid Ads,2025-06-21
1800,1800,8,2024-01-12,Email,2024-01-31
1801,1801,5,2024-01-11,Direct,2024-01-11
1802,1802,15,2024-09-21,Organic Search,2024-09-21
1803,1803,29,2024-10-04,Organic Search,2024-10-12
1804,1804,29,2024-09-27,Email,2024-10-12
1805,1805,16,2025-04-25,Paid Ads,2025-05-04
1806,1806,30,2026-05-20,Direct,2026-06-08
1807,1807,6,2023-10-13,Paid Ads,2023-10-16
1808,1808,18,2025-11-28,Paid Ads,2025-12-15
1809,1809,29,2024-09-06,Email,2024-09-22
1810,1810,10,2024-05-18,Direct,2024-05-31
1811,1811,30,2026-05-19,Organic Search,2026-06-16
1812,1812,12,2024-03-29,Organic Search,2024-04-26
1813,1813,14,2026-04-18,Organic Search,2026-05-07
1814,1814,19,2025-10-23,Paid Ads,2025-10-26
1815,1815,29,2024-09-19,Paid Ads,2024-10-17
1816,1816,13,2026-01-30,Email,2026-02-09
1817,1817,7,2024-01-01,Paid Ads,2024-01-16
1818,1818,3,2025-09-27,Organic Search,2025-10-26
1819,1819,4,2024-01-27,Organic Search,2024-01-29
1820,1820,16,2025-04-17,Email,2025-05-13
1821,1821,25,2025-08-13,Paid Ads,2025-09-03
1822,1822,13,2026-01-22,Paid Ads,2026-02-20
1823,1823,9,2025-06-21,Organic Search,2025-07-01
1824,1824,16,2025-04-29,Direct,2025-05-14
1825,1825,14,2026-04-29,Organic Search,2026-05-13
1826,1826,27,2025-06-15,Organic Search,2025-06-21
1827,1827,3,2025-09-30,Paid Ads,2025-10-21
1828,1828,20,2025-11-07,Paid Ads,2025-12-01
1829,1829,17,2026-06-16,Organic Search,2026-07-15
1830,1830,12,2024-04-14,Organic Search,2024-04-16
1831,1831,11,2025-12-27,Email,2026-01-21
1832,1832,30,2026-05-20,Organic Search,2026-06-17
1833,1833,27,2025-06-27,Direct,2025-07-13
1834,1834,24,2025-06-24,Paid Ads,2025-07-21
1835,1835,7,2024-01-09,Direct,2024-01-20
1836,1836,18,2025-12-06,Paid Ads,2025-12-15
1837,1837,27,2025-06-25,Organic Search,2025-07-19
1838,1838,24,2025-06-15,Paid Ads,2025-06-25
1839,1839,3,2025-09-30,Direct,2025-10-26
1840,1840,14,2026-04-19,Organic Search,2026-04-22
1841,1841,29,2024-09-09,Organic Search,2024-10-08
1842,1842,9,2025-05-15,Paid Ads,2025-06-03
1843,1843,24,2025-06-13,Email,2025-06-23
1844,1844,27,2025-06-21,Organic Search,2025-06-25
1845,1845,29,2024-09-10,Paid Ads,2024-09-16
1846,1846,24,2025-06-06,Paid Ads,2025-06-07
1847,1847,8,2024-01-12,Paid Ads,2024-01-13
1848,1848,19,2025-10-06,Organic Search,2025-10-10
1849,1849,18,2025-11-29,Paid Ads,2025-12-15
1850,1850,3,2025-09-19,Paid Ads,2025-10-08
1851,1851,9,2025-05-28,Organic Search,2025-06-07
1852,1852,10,2024-05-17,Paid Ads,2024-05-27
1853,1853,16,2025-05-01,Paid Ads,2025-05-05
1854,1854,12,2024-03-23,Organic Search,2024-04-17
1855,1855,26,2025-09-11,Direct,2025-10-08
1856,1856,1,2024-09-08,Paid Ads,2024-09-10
1857,1857,26,2025-09-16,Email,2025-10-16
1858,1858,16,2025-05-09,Organic Search,2025-05-20
1859,1859,1,2024-08-29,Paid Ads,2024-09-07
1860,1860,25,2025-08-18,Organic Search,2025-09-13
1861,1861,26,2025-09-17,Direct,2025-10-17
1862,1862,1,2024-09-09,Organic Search,2024-09-29
1863,1863,27,2025-06-13,Email,2025-07-09
1864,1864,22,2026-08-09,Organic Search,2026-09-02
1865,1865,26,2025-09-17,Paid Ads,2025-09-21
1866,1866,29,2024-10-04,Direct,2024-10-14
1867,1867,7,2023-12-22,Organic Search,2023-12-29
1868,1868,2,2025-10-02,Organic Search,2025-10-13
1869,1869,19,2025-10-21,Paid Ads,2025-10-31
1870,1870,16,2025-05-02,Organic Search,2025-05-17
1871,1871,19,2025-10-20,Paid Ads,2025-10-23
1872,1872,14,2026-04-26,Direct,2026-04-29
1873,1873,11,2026-01-05,Direct,2026-01-29
1874,1874,24,2025-05-29,Paid Ads,2025-06-13
1875,1875,10,2024-05-17,Paid Ads,2024-05-30
1876,1876,9,2025-06-05,Organic Search,2025-06-17
1877,1877,20,2025-11-02,Organic Search,2025-12-01
1878,1878,21,2026-04-28,Organic Search,2026-05-22
1879,1879,24,2025-05-28,Organic Search,2025-06-20
1880,1880,30,2026-05-19,Organic Search,2026-06-06
1881,1881,15,2024-09-25,Organic Search,2024-10-22
1882,1882,17,2026-06-15,Email,2026-07-12
1883,1883,25,2025-08-06,Paid Ads,2025-08-20
1884,1884,1,2024-09-10,Direct,2024-10-07
1885,1885,8,2024-01-07,Organic Search,2024-01-11
1886,1886,7,2023-12-19,Paid Ads,2024-01-02
1887,1887,29,2024-09-19,Paid Ads,2024-09-21
1888,1888,10,2024-05-18,Direct,2024-05-18
1889,1889,8,2024-01-07,Organic Search,2024-01-24
1890,1890,29,2024-09-11,Email,2024-09-23
1891,1891,17,2026-06-18,Organic Search,2026-07-03
1892,1892,19,2025-09-27,Organic Search,2025-10-27
1893,1893,6,2023-10-26,Paid Ads,2023-11-16
1894,1894,29,2024-09-22,Organic Search,2024-10-20
1895,1895,14,2026-04-22,Direct,2026-05-11
1896,1896,13,2026-01-31,Paid Ads,2026-02-21
1897,1897,21,2026-05-10,Email,2026-06-03
1898,1898,2,2025-10-09,Paid Ads,2025-10-13
1899,1899,22,2026-08-03,Paid Ads,2026-08-27
1900,1900,7,2024-01-07,Organic Search,2024-01-22
1901,1901,2,2025-10-07,Direct,2025-11-01
1902,1902,2,2025-10-02,Paid Ads,2025-10-15
1903,1903,14,2026-05-08,Organic Search,2026-05-17
1904,1904,14,2026-04-21,Paid Ads,2026-05-02
1905,1905,22,2026-08-18,Direct,2026-09-13
1906,1906,19,2025-09-25,Email,2025-09-30
1907,1907,4,2024-01-26,Organic Search,2024-02-02
1908,1908,18,2025-11-30,Organic Search,2025-12-18
1909,1909,14,2026-05-09,Direct,2026-05-16
1910,1910,27,2025-06-18,Direct,2025-07-05
1911,1911,8,2024-01-09,Organic Search,2024-01-09
1912,1912,15,2024-09-21,Paid Ads,2024-10-16
1913,1913,8,2024-01-12,Organic Search,2024-02-11
1914,1914,14,2026-04-10,Paid Ads,2026-05-03
1915,1915,9,2025-05-28,Direct,2025-06-23
1916,1916,8,2024-01-10,Paid Ads,2024-01-28
1917,1917,10,2024-05-16,Paid Ads,2024-05-30
1918,1918,3,2025-10-05,Paid Ads,2025-11-01
1919,1919,7,2024-01-07,Paid Ads,2024-01-18
1920,1920,24,2025-05-27,Organic Search,2025-06-07
1921,1921,24,2025-05-25,Organic Search,2025-06-18
1922,1922,6,2023-10-26,Organic Search,2023-11-12
1923,1923,24,2025-06-10,Paid Ads,2025-07-10
1924,1924,4,2024-01-22,Organic Search,2024-02-17
1925,1925,22,2026-08-12,Email,2026-09-02
1926,1926,3,2025-10-05,Organic Search,2025-10-14
1927,1927,8,2024-01-14,Paid Ads,2024-02-09
1928,1928,15,2024-09-10,Paid Ads,2024-09-26
1929,1929,25,2025-07-31,Direct,2025-08-04
1930,1930,11,2026-02-03,Paid Ads,2026-03-02
1931,1931,30,2026-05-23,Paid Ads,2026-06-11
1932,1932,8,2024-01-07,Paid Ads,2024-01-12
1933,1933,14,2026-05-09,Organic Search,2026-05-23
1934,1934,22,2026-08-07,Organic Search,2026-08-30
1935,1935,22,2026-08-14,Organic Search,2026-09-12
1936,1936,9,2025-06-21,Paid Ads,2025-07-21
1937,1937,18,2025-11-26,Email,2025-12-11
1938,1938,22,2026-08-11,Paid Ads,2026-08-15
1939,1939,23,2024-06-29,Organic Search,2024-07-14
1940,1940,27,2025-06-13,Organic Search,2025-06-26
1941,1941,2,2025-09-27,Organic Search,2025-10-10
1942,1942,12,2024-04-02,Direct,2024-04-19
1943,1943,21,2026-05-09,Paid Ads,2026-05-10
1944,1944,6,2023-10-28,Email,2023-11-20
1945,1945,24,2025-06-27,Organic Search,2025-07-08
1946,1946,23,2024-06-04,Organic Search,2024-06-17
1947,1947,8,2024-01-14,Paid Ads,2024-02-01
1948,1948,9,2025-06-07,Paid Ads,2025-07-05
1949,1949,9,2025-06-08,Paid Ads,2025-07-08
1950,1950,11,2026-01-14,Paid Ads,2026-02-02
1951,1951,2,2025-09-30,Direct,2025-10-04
1952,1952,8,2024-01-08,Paid Ads,2024-01-16
1953,1953,10,2024-05-14,Organic Search,2024-05-18
1954,1954,9,2025-05-14,Organic Search,2025-06-05
1955,1955,16,2025-05-03,Organic Search,2025-05-19
1956,1956,28,2024-10-12,Direct,2024-10-12
1957,1957,10,2024-05-18,Paid Ads,2024-05-19
1958,1958,20,2025-11-18,Paid Ads,2025-12-13
1959,1959,19,2025-10-24,Organic Search,2025-10-26
1960,1960,18,2025-11-25,Paid Ads,2025-12-11
1961,1961,23,2024-06-30,Direct,2024-07-11
1962,1962,15,2024-09-16,Organic Search,2024-09-17
1963,1963,17,2026-06-16,Organic Search,2026-06-26
1964,1964,22,2026-08-11,Paid Ads,2026-09-06
1965,1965,28,2024-10-20,Paid Ads,2024-11-01
1966,1966,1,2024-09-03,Paid Ads,2024-10-03
1967,1967,14,2026-04-25,Paid Ads,2026-04-29
1968,1968,25,2025-08-12,Organic Search,2025-08-22
1969,1969,14,2026-05-03,Email,2026-05-28
1970,1970,11,2026-01-12,Organic Search,2026-02-11
1971,1971,15,2024-09-23,Organic Search,2024-09-24
1972,1972,22,2026-08-06,Paid Ads,2026-08-25
1973,1973,10,2024-05-17,Direct,2024-05-28
1974,1974,9,2025-05-30,Organic Search,2025-06-22
1975,1975,16,2025-05-04,Direct,2025-05-12
1976,1976,16,2025-04-27,Paid Ads,2025-04-28
1977,1977,27,2025-06-11,Paid Ads,2025-06-14
1978,1978,10,2024-05-13,Direct,2024-05-19
1979,1979,5,2024-02-08,Direct,2024-02-19
1980,1980,26,2025-09-20,Organic Search,2025-10-08
1981,1981,26,2025-09-22,Direct,2025-10-02
1982,1982,3,2025-09-23,Paid Ads,2025-10-06
1983,1983,11,2026-01-18,Direct,2026-02-01
1984,1984,18,2025-12-04,Organic Search,2025-12-29
1985,1985,14,2026-05-04,Paid Ads,2026-05-20
1986,1986,12,2024-03-31,Paid Ads,2024-04-04
1987,1987,13,2026-01-24,Paid Ads,2026-02-15
1988,1988,17,2026-06-18,Organic Search,2026-07-14
1989,1989,13,2026-01-22,Organic Search,2026-01-22
1990,1990,22,2026-08-11,Email,2026-09-07
1991,1991,15,2024-09-10,Paid Ads,2024-09-20
1992,1992,28,2024-11-10,Organic Search,2024-12-03
1993,1993,8,2024-01-12,Email,2024-01-16
1994,1994,2,2025-10-11,Paid Ads,2025-10-30
1995,1995,1,2024-09-06,Paid Ads,2024-09-28
1996,1996,27,2025-06-30,Direct,2025-07-25
1997,1997,11,2026-01-12,Email,2026-02-09
1998,1998,15,2024-09-11,Paid Ads,2024-09-22
1999,1999,20,2025-11-08,Organic Search,2025-11-23
2000,2000,6,2023-10-08,Direct,2023-11-01
2001,2001,14,2026-04-13,Organic Search,2026-04-14
2002,2002,24,2025-06-10,Paid Ads,2025-06-24
2003,2003,4,2024-01-17,Direct,2024-02-16
2004,2004,23,2024-06-28,Organic Search,2024-07-09
2005,2005,4,2024-01-26,Paid Ads,2024-02-09
2006,2006,12,2024-04-12,Organic Search,2024-04-25
2007,2007,15,2024-09-11,Organic Search,2024-10-03
2008,2008,25,2025-08-15,Organic Search,2025-08-29
2009,2009,3,2025-09-26,Paid Ads,2025-09-28
2010,2010,13,2026-02-02,Paid Ads,2026-02-27
2011,2011,5,2024-02-11,Direct,2024-03-11
2012,2012,4,2024-01-27,Paid Ads,2024-02-18
2013,2013,21,2026-05-07,Organic Search,2026-05-13
2014,2014,28,2024-10-15,Email,2024-10-21
2015,2015,29,2024-09-21,Direct,2024-09-26
2016,2016,10,2024-05-16,Organic Search,2024-05-20
2017,2017,30,2026-05-19,Direct,2026-06-02
2018,2018,8,2024-01-13,Direct,2024-02-05
2019,2019,15,2024-09-23,Paid Ads,2024-10-13
2020,2020,29,2024-09-16,Direct,2024-10-09
2021,2021,17,2026-06-18,Organic Search,2026-07-03
2022,2022,14,2026-05-08,Email,2026-05-10
2023,2023,2,2025-10-15,Organic Search,2025-11-12
2024,2024,10,2024-05-12,Organic Search,2024-06-06
2025,2025,29,2024-09-06,Paid Ads,2024-09-24
2026,2026,16,2025-04-19,Organic Search,2025-05-05
2027,2027,4,2024-01-28,Organic Search,2024-02-13
2028,2028,15,2024-09-12,Organic Search,2024-10-10
2029,2029,7,2024-01-11,Organic Search,2024-01-17
2030,2030,12,2024-03-18,Paid Ads,2024-03-19
2031,2031,16,2025-04-30,Direct,2025-05-30
2032,2032,20,2025-11-19,Paid Ads,2025-12-04
2033,2033,12,2024-03-27,Organic Search,2024-04-12
2034,2034,15,2024-09-19,Paid Ads,2024-09-21
2035,2035,6,2023-10-26,Email,2023-11-23
2036,2036,30,2026-05-17,Organic Search,2026-05-26
2037,2037,26,2025-09-21,Organic Search,2025-10-08
2038,2038,7,2024-01-11,Organic Search,2024-02-07
2039,2039,29,2024-10-02,Paid Ads,2024-10-31
2040,2040,13,2026-02-02,Organic Search,2026-02-15
2041,2041,6,2023-10-01,Paid Ads,2023-10-09
2042,2042,12,2024-03-29,Paid Ads,2024-04-17
2043,2043,15,2024-09-25,Paid Ads,2024-10-04
2044,2044,12,2024-03-24,Direct,2024-03-31
2045,2045,22,2026-08-06,Direct,2026-08-18
2046,2046,10,2024-05-10,Organic Search,2024-05-26
2047,2047,9,2025-06-20,Organic Search,2025-07-04
2048,2048,10,2024-05-17,Paid Ads,2024-05-25
2049,2049,8,2024-01-08,Paid Ads,2024-01-17
2050,2050,2,2025-10-05,Organic Search,2025-10-17
2051,2051,4,2024-01-26,Organic Search,2024-02-04
2052,2052,4,2024-01-26,Direct,2024-02-08
2053,2053,14,2026-04-20,Paid Ads,2026-04-29
2054,2054,1,2024-09-04,Organic Search,2024-09-19
2055,2055,1,2024-09-04,Organic Search,2024-09-29
2056,2056,3,2025-09-25,Direct,2025-10-02
2057,2057,10,2024-05-10,Organic Search,2024-05-21
2058,2058,10,2024-05-13,Organic Search,2024-05-27
2059,2059,27,2025-06-27,Organic Search,2025-07-19
2060,2060,22,2026-08-03,Paid Ads,2026-08-30
2061,2061,14,2026-04-11,Organic Search,2026-04-12
2062,2062,27,2025-06-22,Organic Search,2025-07-11
2063,2063,17,2026-06-18,Organic Search,2026-07-01
2064,2064,20,2025-11-07,Email,2025-12-06
2065,2065,11,2026-01-18,Direct,2026-02-08
2066,2066,30,2026-05-19,Paid Ads,2026-06-15
2067,2067,12,2024-04-14,Organic Search,2024-05-01
2068,2068,30,2026-05-18,Organic Search,2026-06-01
2069,2069,25,2025-08-11,Paid Ads,2025-08-27
2070,2070,15,2024-09-15,Paid Ads,2024-09-20
2071,2071,18,2025-12-01,Organic Search,2025-12-11
2072,2072,17,2026-06-15,Paid Ads,2026-06-29
2073,2073,29,2024-09-20,Email,2024-10-14
2074,2074,22,2026-08-16,Direct,2026-09-04
2075,2075,6,2023-10-31,Email,2023-11-24
2076,2076,3,2025-09-21,Organic Search,2025-10-18
2077,2077,14,2026-04-24,Paid Ads,2026-05-21
2078,2078,9,2025-06-16,Email,2025-06-24
2079,2079,23,2024-06-25,Paid Ads,2024-07-17
2080,2080,1,2024-08-23,Organic Search,2024-09-18
2081,2081,6,2023-10-04,Paid Ads,2023-11-02
2082,2082,29,2024-09-11,Paid Ads,2024-09-22
2083,2083,16,2025-04-30,Direct,2025-05-05
2084,2084,17,2026-06-17,Direct,2026-07-13
2085,2085,19,2025-10-26,Organic Search,2025-10-27
2086,2086,26,2025-09-21,Paid Ads,2025-10-18
2087,2087,13,2026-01-22,Paid Ads,2026-01-22
2088,2088,12,2024-03-21,Paid Ads,2024-04-14
2089,2089,16,2025-04-23,Paid Ads,2025-05-14
2090,2090,11,2026-01-19,Paid Ads,2026-02-17
2091,2091,11,2026-01-30,Organic Search,2026-02-25
2092,2092,15,2024-09-23,Organic Search,2024-09-28
2093,2093,27,2025-06-24,Organic Search,2025-07-09
2094,2094,18,2025-11-25,Email,2025-12-07
2095,2095,16,2025-05-20,Organic Search,2025-06-10
2096,2096,27,2025-06-17,Paid Ads,2025-07-17
2097,2097,8,2024-01-08,Organic Search,2024-01-18
2098,2098,11,2026-01-16,Organic Search,2026-01-23
2099,2099,18,2025-12-04,Direct,2025-12-18
2100,2100,29,2024-09-08,Email,2024-09-29
2101,2101,7,2024-01-12,Paid Ads,2024-01-15
2102,2102,19,2025-10-25,Email,2025-11-07
2103,2103,16,2025-05-11,Paid Ads,2025-05-13
2104,2104,17,2026-06-14,Direct,2026-06-18
2105,2105,16,2025-04-20,Paid Ads,2025-05-14
2106,2106,8,2024-01-14,Organic Search,2024-02-07
2107,2107,30,2026-05-25,Paid Ads,2026-05-29
2108,2108,13,2026-01-22,Organic Search,2026-01-26
2109,2109,9,2025-06-16,Direct,2025-07-04
2110,2110,22,2026-08-15,Email,2026-09-12
2111,2111,29,2024-09-06,Organic Search,2024-09-17
2112,2112,6,2023-10-23,Direct,2023-10-24
2113,2113,23,2024-06-07,Email,2024-06-11
2114,2114,27,2025-06-09,Paid Ads,2025-07-02
2115,2115,25,2025-08-17,Email,2025-08-17
2116,2116,16,2025-04-17,Paid Ads,2025-05-01
2117,2117,18,2025-11-26,Paid Ads,2025-12-17
2118,2118,10,2024-05-16,Direct,2024-05-22
2119,2119,10,2024-05-15,Organic Search,2024-06-08
2120,2120,20,2025-11-21,Organic Search,2025-12-19
2121,2121,21,2026-05-06,Direct,2026-05-12
2122,2122,3,2025-10-04,Organic Search,2025-10-27
2123,2123,7,2023-12-11,Organic Search,2023-12-26
2124,2124,11,2026-01-28,Email,2026-02-16
2125,2125,12,2024-04-01,Paid Ads,2024-04-14
2126,2126,21,2026-04-26,Paid Ads,2026-04-26
2127,2127,4,2024-01-26,Paid Ads,2024-02-18
2128,2128,23,2024-06-05,Paid Ads,2024-06-21
2129,2129,4,2024-01-26,Organic Search,2024-02-22
2130,2130,27,2025-06-19,Organic Search,2025-06-23
2131,2131,27,2025-06-01,Organic Search,2025-06-23
2132,2132,30,2026-05-25,Paid Ads,2026-06-04
2133,2133,28,2024-11-10,Direct,2024-12-10
2134,2134,27,2025-06-15,Organic Search,2025-06-27
2135,2135,9,2025-05-30,Paid Ads,2025-06-20
2136,2136,1,2024-08-31,Paid Ads,2024-09-18
2137,2137,17,2026-06-20,Organic Search,2026-07-12
2138,2138,6,2023-10-20,Paid Ads,2023-10-20
2139,2139,18,2025-12-01,Direct,2025-12-03
2140,2140,28,2024-10-13,Organic Search,2024-10-23
2141,2141,12,2024-04-07,Direct,2024-04-07
2142,2142,12,2024-04-16,Direct,2024-04-22
2143,2143,28,2024-11-10,Paid Ads,2024-11-18
2144,2144,14,2026-04-28,Direct,2026-05-04
2145,2145,18,2025-11-30,Organic Search,2025-12-11
2146,2146,26,2025-09-12,Email,2025-10-12
2147,2147,15,2024-09-22,Organic Search,2024-10-09
2148,2148,7,2023-12-28,Paid Ads,2024-01-10
2149,2149,29,2024-09-09,Direct,2024-10-04
2150,2150,8,2024-01-14,Organic Search,2024-01-27
2151,2151,15,2024-09-22,Paid Ads,2024-10-20
2152,2152,5,2024-02-08,Email,2024-02-16
2153,2153,3,2025-09-30,Organic Search,2025-10-15
2154,2154,20,2025-11-18,Paid Ads,2025-12-12
2155,2155,1,2024-08-30,Organic Search,2024-08-31
2156,2156,20,2025-11-13,Organic Search,2025-11-26
2157,2157,24,2025-05-25,Paid Ads,2025-06-23
2158,2158,20,2025-11-08,Organic Search,2025-12-03
2159,2159,4,2024-01-22,Organic Search,2024-02-14
2160,2160,2,2025-09-27,Organic Search,2025-10-03
2161,2161,25,2025-07-29,Organic Search,2025-08-27
2162,2162,27,2025-06-15,Organic Search,2025-06-20
2163,2163,20,2025-11-16,Direct,2025-11-20
2164,2164,7,2023-12-24,Email,2024-01-19
2165,2165,16,2025-05-07,Organic Search,2025-05-28
2166,2166,15,2024-09-21,Paid Ads,2024-10-10
2167,2167,15,2024-09-21,Organic Search,2024-09-21
2168,2168,26,2025-09-21,Organic Search,2025-10-01
2169,2169,1,2024-08-27,Paid Ads,2024-09-03
2170,2170,29,2024-09-15,Email,2024-10-11
2171,2171,11,2026-01-02,Paid Ads,2026-01-15
2172,2172,11,2026-01-20,Paid Ads,2026-01-24
2173,2173,15,2024-09-16,Email,2024-09-29
2174,2174,29,2024-09-27,Paid Ads,2024-10-20
2175,2175,2,2025-10-01,Paid Ads,2025-10-16
2176,2176,2,2025-09-26,Organic Search,2025-10-15
2177,2177,24,2025-06-01,Organic Search,2025-06-08
2178,2178,3,2025-10-01,Organic Search,2025-10-02
2179,2179,11,2025-12-25,Paid Ads,2026-01-14
2180,2180,19,2025-10-01,Paid Ads,2025-10-07
2181,2181,13,2026-01-27,Direct,2026-02-02
2182,2182,8,2024-01-08,Organic Search,2024-01-29
2183,2183,20,2025-11-15,Paid Ads,2025-11-20
2184,2184,9,2025-05-17,Paid Ads,2025-06-03
2185,2185,30,2026-05-20,Paid Ads,2026-06-08
2186,2186,12,2024-04-13,Paid Ads,2024-05-12
2187,2187,9,2025-05-26,Paid Ads,2025-05-27
2188,2188,21,2026-04-26,Organic Search,2026-05-10
2189,2189,16,2025-05-11,Paid Ads,2025-05-22
2190,2190,14,2026-04-24,Organic Search,2026-05-16
2191,2191,25,2025-08-12,Organic Search,2025-09-09
2192,2192,28,2024-11-06,Organic Search,2024-11-26
2193,2193,23,2024-06-20,Paid Ads,2024-07-07
2194,2194,24,2025-06-03,Direct,2025-06-09
2195,2195,2,2025-10-15,Paid Ads,2025-11-08
2196,2196,28,2024-10-11,Direct,2024-11-09
2197,2197,26,2025-09-12,Organic Search,2025-09-26
2198,2198,6,2023-11-02,Email,2023-11-17
2199,2199,3,2025-09-30,Paid Ads,2025-10-12
2200,2200,16,2025-04-23,Organic Search,2025-04-30
2201,2201,13,2026-01-23,Organic Search,2026-02-08
2202,2202,14,2026-05-01,Direct,2026-05-04
2203,2203,27,2025-06-14,Paid Ads,2025-07-02
2204,2204,24,2025-06-04,Organic Search,2025-06-27
2205,2205,25,2025-08-11,Paid Ads,2025-08-30
2206,2206,24,2025-06-11,Direct,2025-06-27
2207,2207,13,2026-01-24,Paid Ads,2026-02-18
2208,2208,19,2025-10-30,Paid Ads,2025-11-09
2209,2209,8,2024-01-13,Direct,2024-02-02
2210,2210,22,2026-08-15,Paid Ads,2026-08-19
2211,2211,30,2026-05-23,Paid Ads,2026-06-13
2212,2212,13,2026-02-02,Paid Ads,2026-02-04
2213,2213,16,2025-04-28,Paid Ads,2025-05-26
2214,2214,8,2024-01-13,Direct,2024-01-17
2215,2215,24,2025-07-02,Paid Ads,2025-07-08
2216,2216,9,2025-06-16,Paid Ads,2025-07-14
2217,2217,27,2025-06-10,Organic Search,2025-06-22
2218,2218,12,2024-03-18,Organic Search,2024-03-18
2219,2219,11,2026-01-13,Organic Search,2026-01-13
2220,2220,29,2024-09-24,Email,2024-10-05
2221,2221,30,2026-05-22,Direct,2026-06-09
2222,2222,9,2025-06-21,Paid Ads,2025-07-01
2223,2223,14,2026-04-24,Organic Search,2026-05-22
2224,2224,17,2026-06-16,Organic Search,2026-06-16
2225,2225,25,2025-08-02,Paid Ads,2025-08-20
2226,2226,10,2024-05-17,Paid Ads,2024-06-01
2227,2227,26,2025-09-20,Paid Ads,2025-10-03
2228,2228,24,2025-06-14,Organic Search,2025-06-16
2229,2229,27,2025-06-02,Organic Search,2025-06-06
2230,2230,13,2026-02-02,Email,2026-02-09
2231,2231,22,2026-08-17,Organic Search,2026-08-19
2232,2232,24,2025-06-07,Organic Search,2025-06-10
2233,2233,5,2024-01-25,Organic Search,2024-01-31
2234,2234,17,2026-06-13,Paid Ads,2026-06-20
2235,2235,19,2025-09-25,Direct,2025-10-21
2236,2236,29,2024-09-30,Direct,2024-10-08
2237,2237,22,2026-08-12,Organic Search,2026-09-04
2238,2238,23,2024-06-20,Paid Ads,2024-07-08
2239,2239,15,2024-09-17,Paid Ads,2024-09-26
2240,2240,24,2025-06-09,Paid Ads,2025-06-13
2241,2241,5,2024-01-25,Organic Search,2024-02-17
2242,2242,24,2025-06-26,Email,2025-07-22
2243,2243,28,2024-10-28,Email,2024-11-04
2244,2244,4,2024-01-19,Organic Search,2024-02-04
2245,2245,9,2025-05-30,Paid Ads,2025-06-19
2246,2246,29,2024-09-28,Organic Search,2024-10-24
2247,2247,14,2026-04-25,Organic Search,2026-05-13
2248,2248,28,2024-11-01,Organic Search,2024-11-10
2249,2249,12,2024-04-12,Paid Ads,2024-04-30
2250,2250,21,2026-04-28,Direct,2026-05-27
2251,2251,12,2024-04-09,Direct,2024-05-06
2252,2252,3,2025-10-05,Email,2025-10-24
2253,2253,8,2024-01-14,Organic Search,2024-01-25
2254,2254,20,2025-11-26,Paid Ads,2025-12-15
2255,2255,8,2024-01-07,Paid Ads,2024-01-13
2256,2256,3,2025-09-19,Direct,2025-10-14
2257,2257,21,2026-04-26,Paid Ads,2026-04-29
2258,2258,22,2026-08-18,Paid Ads,2026-09-03
2259,2259,17,2026-06-18,Organic Search,2026-06-22
2260,2260,15,2024-09-16,Paid Ads,2024-09-17
2261,2261,8,2024-01-07,Paid Ads,2024-01-14
2262,2262,19,2025-10-18,Paid Ads,2025-10-28
2263,2263,12,2024-04-16,Email,2024-04-17
2264,2264,7,2023-12-21,Direct,2023-12-26
2265,2265,12,2024-04-07,Direct,2024-04-27
2266,2266,3,2025-09-21,Organic Search,2025-09-29
2267,2267,11,2026-02-03,Paid Ads,2026-02-21
2268,2268,25,2025-08-07,Email,2025-08-07
2269,2269,11,2026-01-14,Organic Search,2026-02-10
2270,2270,25,2025-08-02,Organic Search,2025-08-05
2271,2271,20,2025-11-18,Organic Search,2025-12-11
2272,2272,12,2024-03-29,Email,2024-04-27
2273,2273,30,2026-05-23,Organic Search,2026-05-28
2274,2274,17,2026-06-13,Paid Ads,2026-06-15
2275,2275,14,2026-05-05,Paid Ads,2026-05-25
2276,2276,26,2025-09-11,Email,2025-10-10
2277,2277,18,2025-12-01,Direct,2025-12-29
2278,2278,28,2024-10-18,Paid Ads,2024-10-25
2279,2279,29,2024-10-04,Organic Search,2024-10-05
2280,2280,20,2025-11-23,Organic Search,2025-11-27
2281,2281,20,2025-11-19,Organic Search,2025-12-15
2282,2282,21,2026-05-09,Organic Search,2026-05-23
2283,2283,4,2024-01-27,Organic Search,2024-02-26
2284,2284,30,2026-05-20,Paid Ads,2026-06-10
2285,2285,21,2026-05-06,Organic Search,2026-06-04
2286,2286,5,2024-01-16,Direct,2024-01-16
2287,2287,16,2025-05-18,Direct,2025-06-07
2288,2288,11,2026-01-12,Paid Ads,2026-02-03
2289,2289,30,2026-05-19,Paid Ads,2026-06-05
2290,2290,13,2026-01-29,Organic Search,2026-02-15
2291,2291,15,2024-09-19,Paid Ads,2024-10-03
2292,2292,1,2024-09-09,Paid Ads,2024-09-14
2293,2293,30,2026-05-19,Direct,2026-05-31
2294,2294,17,2026-06-20,Organic Search,2026-06-26
2295,2295,7,2023-12-25,Organic Search,2024-01-17
2296,2296,23,2024-06-19,Organic Search,2024-07-12
2297,2297,30,2026-05-23,Paid Ads,2026-05-27
2298,2298,21,2026-05-04,Paid Ads,2026-05-26
2299,2299,5,2024-02-02,Paid Ads,2024-02-04
2300,2300,9,2025-05-24,Organic Search,2025-06-21
2301,2301,27,2025-06-18,Paid Ads,2025-06-22
2302,2302,30,2026-05-24,Paid Ads,2026-06-12
2303,2303,15,2024-09-24,Organic Search,2024-10-15
2304,2304,28,2024-10-10,Paid Ads,2024-10-22
2305,2305,8,2024-01-09,Paid Ads,2024-01-25
2306,2306,25,2025-08-12,Paid Ads,2025-09-03
2307,2307,16,2025-04-30,Paid Ads,2025-05-03
2308,2308,10,2024-05-10,Direct,2024-05-16
2309,2309,21,2026-05-05,Paid Ads,2026-05-14
2310,2310,12,2024-03-28,Direct,2024-04-09
2311,2311,4,2024-01-18,Organic Search,2024-02-16
2312,2312,21,2026-05-01,Direct,2026-05-21
2313,2313,2,2025-10-05,Direct,2025-10-15
2314,2314,19,2025-11-06,Paid Ads,2025-11-20
2315,2315,17,2026-06-13,Organic Search,2026-07-03
2316,2316,16,2025-04-18,Paid Ads,2025-05-10
2317,2317,29,2024-09-21,Direct,2024-10-08
2318,2318,16,2025-04-16,Direct,2025-05-14
2319,2319,16,2025-05-19,Organic Search,2025-06-13
2320,2320,13,2026-01-28,Email,2026-02-25
2321,2321,10,2024-05-13,Direct,2024-05-22
2322,2322,18,2025-11-28,Paid Ads,2025-12-11
2323,2323,26,2025-09-16,Organic Search,2025-10-03
2324,2324,12,2024-04-05,Direct,2024-04-16
2325,2325,26,2025-09-22,Organic Search,2025-10-10
2326,2326,7,2024-01-08,Paid Ads,2024-01-29
2327,2327,10,2024-05-12,Paid Ads,2024-05-17
2328,2328,17,2026-06-13,Organic Search,2026-06-13
2329,2329,22,2026-08-11,Organic Search,2026-08-14
2330,2330,29,2024-09-11,Organic Search,2024-09-28
2331,2331,6,2023-10-06,Paid Ads,2023-10-26
2332,2332,15,2024-09-23,Organic Search,2024-10-09
2333,2333,22,2026-08-05,Paid Ads,2026-08-24
2334,2334,25,2025-08-11,Paid Ads,2025-08-30
2335,2335,24,2025-06-16,Email,2025-06-22
2336,2336,17,2026-06-17,Paid Ads,2026-07-10
2337,2337,22,2026-08-13,Direct,2026-08-18
2338,2338,1,2024-08-31,Organic Search,2024-09-14
2339,2339,25,2025-08-13,Organic Search,2025-08-19
2340,2340,17,2026-06-20,Paid Ads,2026-06-30
2341,2341,9,2025-05-27,Organic Search,2025-06-24
2342,2342,29,2024-09-22,Paid Ads,2024-09-24
2343,2343,9,2025-06-24,Paid Ads,2025-07-22
2344,2344,11,2025-12-25,Paid Ads,2026-01-08
2345,2345,15,2024-09-18,Direct,2024-10-15
2346,2346,28,2024-11-05,Direct,2024-11-13
2347,2347,22,2026-08-16,Paid Ads,2026-09-08
2348,2348,17,2026-06-15,Paid Ads,2026-06-17
2349,2349,3,2025-09-28,Email,2025-10-25
2350,2350,7,2024-01-02,Direct,2024-01-29
2351,2351,17,2026-06-15,Organic Search,2026-07-03
2352,2352,21,2026-05-09,Organic Search,2026-05-18
2353,2353,20,2025-11-07,Paid Ads,2025-11-17
2354,2354,17,2026-06-14,Paid Ads,2026-06-26
2355,2355,14,2026-04-09,Organic Search,2026-04-17
2356,2356,13,2026-01-26,Direct,2026-02-12
2357,2357,30,2026-05-20,Paid Ads,2026-06-09
2358,2358,2,2025-09-29,Paid Ads,2025-10-03
2359,2359,23,2024-06-20,Paid Ads,2024-07-12
2360,2360,20,2025-11-19,Direct,2025-11-23
2361,2361,10,2024-05-12,Organic Search,2024-05-30
2362,2362,30,2026-05-23,Organic Search,2026-06-17
2363,2363,18,2025-12-06,Organic Search,2025-12-10
2364,2364,9,2025-06-17,Paid Ads,2025-07-07
2365,2365,29,2024-09-07,Email,2024-09-19
2366,2366,21,2026-05-04,Paid Ads,2026-05-20
2367,2367,14,2026-05-08,Organic Search,2026-05-30
2368,2368,24,2025-06-07,Direct,2025-06-12
2369,2369,27,2025-06-02,Paid Ads,2025-06-19
2370,2370,27,2025-06-24,Paid Ads,2025-07-19
2371,2371,20,2025-11-12,Organic Search,2025-12-05
2372,2372,28,2024-10-16,Paid Ads,2024-11-14
2373,2373,18,2025-11-25,Organic Search,2025-12-25
2374,2374,13,2026-01-30,Email,2026-01-31
2375,2375,8,2024-01-12,Paid Ads,2024-01-14
2376,2376,12,2024-04-11,Organic Search,2024-04-19
2377,2377,10,2024-05-17,Paid Ads,2024-06-06
2378,2378,16,2025-05-03,Organic Search,2025-05-28
2379,2379,25,2025-08-11,Paid Ads,2025-08-31
2380,2380,15,2024-09-19,Email,2024-10-07
2381,2381,12,2024-04-16,Organic Search,2024-04-28
2382,2382,14,2026-04-11,Organic Search,2026-05-03
2383,2383,22,2026-08-05,Paid Ads,2026-08-25
2384,2384,17,2026-06-16,Paid Ads,2026-07-13
2385,2385,7,2023-12-10,Paid Ads,2023-12-23
2386,2386,6,2023-10-07,Paid Ads,2023-10-19
2387,2387,13,2026-01-23,Organic Search,2026-02-07
2388,2388,9,2025-06-02,Email,2025-06-17
2389,2389,13,2026-02-01,Direct,2026-02-17
2390,2390,11,2026-02-03,Paid Ads,2026-02-20
2391,2391,20,2025-11-22,Paid Ads,2025-12-21
2392,2392,7,2023-12-17,Paid Ads,2023-12-18
2393,2393,11,2026-01-04,Paid Ads,2026-01-12
2394,2394,23,2024-06-27,Paid Ads,2024-07-23
2395,2395,2,2025-10-08,Organic Search,2025-10-31
2396,2396,24,2025-06-15,Direct,2025-06-19
2397,2397,20,2025-11-21,Paid Ads,2025-12-06
2398,2398,5,2024-01-24,Email,2024-02-22
2399,2399,11,2026-01-18,Paid Ads,2026-01-28
2400,2400,10,2024-05-18,Paid Ads,2024-06-12
2401,2401,20,2025-11-29,Paid Ads,2025-12-04
2402,2402,15,2024-09-13,Paid Ads,2024-09-16
2403,2403,26,2025-09-21,Paid Ads,2025-09-22
2404,2404,6,2023-10-31,Paid Ads,2023-11-11
2405,2405,4,2024-01-25,Organic Search,2024-02-20
2406,2406,23,2024-06-30,Email,2024-07-19
2407,2407,2,2025-10-09,Direct,2025-11-07
2408,2408,10,2024-05-10,Organic Search,2024-06-08
2409,2409,16,2025-05-22,Direct,2025-05-29
2410,2410,7,2024-01-02,Paid Ads,2024-01-30
2411,2411,6,2023-10-13,Direct,2023-10-24
2412,2412,21,2026-05-04,Paid Ads,2026-05-23
2413,2413,22,2026-08-13,Paid Ads,2026-08-29
2414,2414,26,2025-09-23,Organic Search,2025-10-17
2415,2415,9,2025-06-19,Paid Ads,2025-06-30
2416,2416,9,2025-05-27,Organic Search,2025-06-17
2417,2417,7,2024-01-06,Organic Search,2024-01-18
2418,2418,14,2026-04-11,Paid Ads,2026-04-25
2419,2419,10,2024-05-16,Organic Search,2024-05-24
2420,2420,8,2024-01-13,Organic Search,2024-01-26
2421,2421,24,2025-06-05,Paid Ads,2025-06-21
2422,2422,16,2025-05-26,Paid Ads,2025-06-02
2423,2423,17,2026-06-14,Paid Ads,2026-07-03
2424,2424,12,2024-04-05,Email,2024-04-05
2425,2425,16,2025-04-25,Organic Search,2025-05-20
2426,2426,19,2025-10-02,Email,2025-10-13
2427,2427,24,2025-05-27,Direct,2025-06-02
2428,2428,6,2023-10-28,Email,2023-10-28
2429,2429,17,2026-06-17,Organic Search,2026-07-16
2430,2430,10,2024-05-18,Organic Search,2024-05-31
2431,2431,28,2024-10-16,Organic Search,2024-11-08
2432,2432,25,2025-08-07,Paid Ads,2025-08-24
2433,2433,17,2026-06-15,Paid Ads,2026-06-29
2434,2434,13,2026-02-02,Paid Ads,2026-02-27
2435,2435,15,2024-09-25,Organic Search,2024-10-04
2436,2436,7,2024-01-16,Organic Search,2024-01-18
2437,2437,6,2023-10-04,Organic Search,2023-10-04
2438,2438,25,2025-08-05,Organic Search,2025-08-10
2439,2439,28,2024-10-11,Paid Ads,2024-10-26
2440,2440,23,2024-06-24,Email,2024-06-26
2441,2441,26,2025-09-17,Direct,2025-10-03
2442,2442,23,2024-06-19,Paid Ads,2024-07-17
2443,2443,19,2025-11-05,Paid Ads,2025-11-05
2444,2444,29,2024-09-15,Paid Ads,2024-09-26
2445,2445,23,2024-06-17,Paid Ads,2024-07-02
2446,2446,16,2025-04-27,Paid Ads,2025-05-21
2447,2447,7,2023-12-11,Paid Ads,2023-12-14
2448,2448,3,2025-09-27,Paid Ads,2025-10-13
2449,2449,21,2026-05-05,Organic Search,2026-05-13
2450,2450,14,2026-05-04,Direct,2026-05-18
2451,2451,1,2024-09-05,Paid Ads,2024-09-29
2452,2452,27,2025-06-19,Paid Ads,2025-07-15
2453,2453,22,2026-08-05,Direct,2026-08-16
2454,2454,11,2026-02-02,Paid Ads,2026-02-21
2455,2455,28,2024-10-11,Organic Search,2024-11-08
2456,2456,9,2025-05-17,Paid Ads,2025-06-15
2457,2457,19,2025-10-02,Organic Search,2025-10-31
2458,2458,3,2025-09-18,Direct,2025-10-04
2459,2459,25,2025-08-08,Email,2025-08-18
2460,2460,29,2024-09-21,Paid Ads,2024-10-03
2461,2461,27,2025-06-05,Paid Ads,2025-06-08
2462,2462,16,2025-04-27,Direct,2025-05-22
2463,2463,26,2025-09-13,Paid Ads,2025-09-16
2464,2464,26,2025-09-16,Organic Search,2025-09-19
2465,2465,11,2026-01-18,Direct,2026-02-11
2466,2466,1,2024-09-08,Organic Search,2024-10-02
2467,2467,1,2024-09-08,Direct,2024-09-14
2468,2468,17,2026-06-15,Paid Ads,2026-06-23
2469,2469,29,2024-09-15,Paid Ads,2024-09-30
2470,2470,25,2025-08-07,Paid Ads,2025-08-15
2471,2471,29,2024-09-28,Organic Search,2024-10-13
2472,2472,29,2024-10-04,Email,2024-10-26
2473,2473,14,2026-04-23,Organic Search,2026-04-24
2474,2474,2,2025-10-02,Paid Ads,2025-10-08
2475,2475,2,2025-10-15,Paid Ads,2025-10-15
2476,2476,14,2026-04-23,Email,2026-05-22
2477,2477,25,2025-08-15,Organic Search,2025-08-16
2478,2478,25,2025-07-31,Paid Ads,2025-08-30
2479,2479,24,2025-06-12,Organic Search,2025-06-29
2480,2480,18,2025-12-02,Paid Ads,2025-12-11
2481,2481,26,2025-09-13,Organic Search,2025-09-26
2482,2482,10,2024-05-13,Paid Ads,2024-06-10
2483,2483,28,2024-11-14,Organic Search,2024-12-12
2484,2484,13,2026-01-27,Paid Ads,2026-02-09
2485,2485,6,2023-10-30,Paid Ads,2023-11-02
2486,2486,24,2025-06-07,Paid Ads,2025-06-26
2487,2487,21,2026-05-06,Organic Search,2026-05-16
2488,2488,12,2024-03-30,Paid Ads,2024-04-19
2489,2489,15,2024-09-16,Paid Ads,2024-10-09
2490,2490,11,2026-01-03,Email,2026-01-10
2491,2491,13,2026-01-31,Direct,2026-02-17
2492,2492,22,2026-08-11,Paid Ads,2026-08-30
2493,2493,14,2026-05-01,Direct,2026-05-24
2494,2494,15,2024-09-25,Email,2024-10-14
2495,2495,26,2025-09-15,Paid Ads,2025-09-22
2496,2496,6,2023-10-17,Organic Search,2023-10-18
2497,2497,29,2024-09-17,Direct,2024-10-15
2498,2498,23,2024-06-11,Paid Ads,2024-06-24
2499,2499,24,2025-06-25,Email,2025-07-09
2500,2500,9,2025-06-03,Email,2025-06-20
2501,2501,27,2025-06-21,Organic Search,2025-06-24
2502,2502,27,2025-06-21,Email,2025-07-21
2503,2503,17,2026-06-13,Direct,2026-07-11
2504,2504,3,2025-09-18,Direct,2025-10-12
2505,2505,14,2026-04-24,Organic Search,2026-04-26
2506,2506,6,2023-10-04,Organic Search,2023-10-22
2507,2507,25,2025-08-02,Organic Search,2025-08-27
2508,2508,6,2023-10-06,Paid Ads,2023-10-23
2509,2509,14,2026-04-20,Paid Ads,2026-05-08
2510,2510,16,2025-04-30,Paid Ads,2025-05-25
2511,2511,15,2024-09-23,Paid Ads,2024-10-17
2512,2512,29,2024-09-14,Organic Search,2024-09-27
2513,2513,30,2026-05-20,Email,2026-06-08
2514,2514,10,2024-05-16,Paid Ads,2024-05-16
2515,2515,26,2025-09-22,Paid Ads,2025-10-02
2516,2516,25,2025-08-04,Paid Ads,2025-08-16
2517,2517,15,2024-09-14,Email,2024-09-27
2518,2518,7,2023-12-16,Direct,2023-12-30
2519,2519,27,2025-06-09,Organic Search,2025-07-08
2520,2520,21,2026-05-08,Paid Ads,2026-06-02
2521,2521,10,2024-05-13,Email,2024-05-21
2522,2522,15,2024-09-10,Organic Search,2024-09-18
2523,2523,15,2024-09-16,Organic Search,2024-10-04
2524,2524,24,2025-05-29,Organic Search,2025-06-05
2525,2525,19,2025-10-29,Paid Ads,2025-11-16
2526,2526,6,2023-10-30,Organic Search,2023-11-06
2527,2527,7,2024-01-04,Paid Ads,2024-01-17
2528,2528,2,2025-10-12,Paid Ads,2025-11-05
2529,2529,1,2024-09-02,Paid Ads,2024-09-07
2530,2530,5,2024-01-24,Organic Search,2024-02-15
2531,2531,2,2025-10-09,Direct,2025-10-19
2532,2532,10,2024-05-11,Organic Search,2024-05-24
2533,2533,11,2026-01-21,Organic Search,2026-01-31
2534,2534,26,2025-09-12,Paid Ads,2025-09-22
2535,2535,8,2024-01-08,Paid Ads,2024-02-06
2536,2536,5,2024-01-29,Direct,2024-02-09
2537,2537,25,2025-08-15,Email,2025-08-29
2538,2538,25,2025-07-30,Paid Ads,2025-08-19
2539,2539,22,2026-08-14,Organic Search,2026-09-10
2540,2540,27,2025-06-16,Email,2025-06-21
2541,2541,18,2025-12-02,Organic Search,2025-12-10
2542,2542,13,2026-01-24,Paid Ads,2026-02-17
2543,2543,21,2026-05-05,Organic Search,2026-05-26
2544,2544,30,2026-05-20,Email,2026-06-17
2545,2545,15,2024-09-25,Paid Ads,2024-10-07
2546,2546,3,2025-10-03,Email,2025-10-27
2547,2547,24,2025-06-14,Paid Ads,2025-07-11
2548,2548,24,2025-06-05,Paid Ads,2025-07-02
2549,2549,17,2026-06-13,Email,2026-06-14
2550,2550,25,2025-08-10,Direct,2025-08-29
2551,2551,8,2024-01-14,Organic Search,2024-02-03
2552,2552,8,2024-01-13,Email,2024-01-30
2553,2553,8,2024-01-13,Organic Search,2024-01-14
2554,2554,3,2025-09-19,Paid Ads,2025-09-27
2555,2555,24,2025-05-25,Direct,2025-06-24
2556,2556,14,2026-04-26,Paid Ads,2026-05-05
2557,2557,28,2024-11-04,Paid Ads,2024-11-28
2558,2558,25,2025-08-04,Organic Search,2025-08-06
2559,2559,19,2025-10-28,Email,2025-11-13
2560,2560,21,2026-04-27,Paid Ads,2026-05-12
2561,2561,25,2025-08-02,Organic Search,2025-08-28
2562,2562,2,2025-10-12,Paid Ads,2025-10-27
2563,2563,10,2024-05-10,Paid Ads,2024-05-10
2564,2564,2,2025-10-12,Paid Ads,2025-10-30
2565,2565,20,2025-11-02,Paid Ads,2025-11-29
2566,2566,28,2024-10-14,Paid Ads,2024-11-11
2567,2567,16,2025-05-26,Direct,2025-06-07
2568,2568,27,2025-06-02,Email,2025-06-10
2569,2569,16,2025-05-22,Email,2025-05-22
2570,2570,22,2026-08-06,Organic Search,2026-08-29
2571,2571,3,2025-09-24,Paid Ads,2025-10-14
2572,2572,10,2024-05-18,Email,2024-05-29
2573,2573,29,2024-09-19,Email,2024-10-08
2574,2574,9,2025-06-17,Organic Search,2025-06-28
2575,2575,9,2025-06-23,Direct,2025-07-06
2576,2576,7,2024-01-06,Paid Ads,2024-01-08
2577,2577,11,2025-12-31,Paid Ads,2026-01-20
2578,2578,23,2024-06-11,Paid Ads,2024-07-05
2579,2579,2,2025-10-04,Email,2025-10-12
2580,2580,27,2025-06-09,Paid Ads,2025-06-20
2581,2581,18,2025-11-27,Organic Search,2025-11-27
2582,2582,17,2026-06-14,Paid Ads,2026-07-10
2583,2583,8,2024-01-08,Email,2024-01-30
2584,2584,19,2025-11-02,Direct,2025-11-03
2585,2585,28,2024-11-06,Organic Search,2024-12-05
2586,2586,11,2026-01-16,Organic Search,2026-01-20
2587,2587,21,2026-05-07,Paid Ads,2026-05-31
2588,2588,3,2025-09-23,Paid Ads,2025-10-20
2589,2589,21,2026-04-28,Organic Search,2026-05-26
2590,2590,18,2025-12-03,Organic Search,2025-12-03
2591,2591,23,2024-06-11,Organic Search,2024-07-11
2592,2592,28,2024-10-22,Paid Ads,2024-11-01
2593,2593,19,2025-11-05,Organic Search,2025-11-26
2594,2594,26,2025-09-15,Paid Ads,2025-09-17
2595,2595,17,2026-06-20,Paid Ads,2026-07-12
2596,2596,27,2025-06-30,Paid Ads,2025-07-10
2597,2597,30,2026-05-25,Direct,2026-06-15
2598,2598,25,2025-07-30,Paid Ads,2025-08-07
2599,2599,9,2025-05-23,Email,2025-06-02
2600,2600,25,2025-08-08,Paid Ads,2025-08-13
2601,2601,8,2024-01-13,Organic Search,2024-02-11
2602,2602,20,2025-11-24,Organic Search,2025-11-27
2603,2603,25,2025-08-07,Organic Search,2025-08-12
2604,2604,29,2024-09-25,Paid Ads,2024-10-12
2605,2605,6,2023-09-27,Email,2023-09-28
2606,2606,30,2026-05-20,Paid Ads,2026-05-29
2607,2607,3,2025-09-23,Paid Ads,2025-10-07
2608,2608,3,2025-09-24,Paid Ads,2025-10-03
2609,2609,27,2025-06-19,Paid Ads,2025-07-06
2610,2610,15,2024-09-15,Organic Search,2024-09-27
2611,2611,24,2025-06-26,Organic Search,2025-07-25
2612,2612,16,2025-05-04,Email,2025-05-12
2613,2613,5,2024-02-10,Direct,2024-02-10
2614,2614,26,2025-09-23,Email,2025-10-09
2615,2615,15,2024-09-23,Direct,2024-09-26
2616,2616,8,2024-01-13,Direct,2024-02-11
2617,2617,8,2024-01-09,Paid Ads,2024-02-03
2618,2618,17,2026-06-13,Email,2026-07-02
2619,2619,12,2024-03-21,Organic Search,2024-04-10
2620,2620,5,2024-02-03,Paid Ads,2024-02-17
2621,2621,6,2023-10-17,Direct,2023-10-23
2622,2622,14,2026-04-27,Paid Ads,2026-05-17
2623,2623,15,2024-09-12,Organic Search,2024-09-27
2624,2624,21,2026-05-01,Paid Ads,2026-05-02
2625,2625,7,2024-01-13,Paid Ads,2024-02-04
2626,2626,23,2024-06-19,Organic Search,2024-06-25
2627,2627,13,2026-01-23,Email,2026-01-24
2628,2628,10,2024-05-15,Organic Search,2024-05-21
2629,2629,17,2026-06-14,Paid Ads,2026-06-16
2630,2630,11,2026-01-18,Paid Ads,2026-02-16
2631,2631,23,2024-06-15,Paid Ads,2024-07-01
2632,2632,15,2024-09-12,Organic Search,2024-09-24
2633,2633,8,2024-01-14,Paid Ads,2024-02-10
2634,2634,3,2025-09-20,Paid Ads,2025-10-08
2635,2635,28,2024-10-26,Paid Ads,2024-11-20
2636,2636,5,2024-02-06,Paid Ads,2024-02-25
2637,2637,8,2024-01-13,Paid Ads,2024-01-18
2638,2638,5,2024-02-07,Organic Search,2024-02-19
2639,2639,17,2026-06-14,Organic Search,2026-06-16
2640,2640,9,2025-06-23,Direct,2025-06-24
2641,2641,30,2026-05-21,Organic Search,2026-05-25
2642,2642,15,2024-09-13,Direct,2024-10-02
2643,2643,29,2024-09-19,Paid Ads,2024-09-20
2644,2644,28,2024-10-18,Paid Ads,2024-10-27
2645,2645,16,2025-05-11,Paid Ads,2025-05-21
2646,2646,27,2025-06-22,Organic Search,2025-07-08
2647,2647,9,2025-06-14,Direct,2025-06-23
2648,2648,11,2026-01-09,Organic Search,2026-01-28
2649,2649,18,2025-12-05,Paid Ads,2025-12-06
2650,2650,22,2026-08-07,Paid Ads,2026-08-14
2651,2651,11,2026-01-01,Organic Search,2026-01-08
2652,2652,4,2024-01-22,Email,2024-01-29
2653,2653,24,2025-05-24,Paid Ads,2025-06-14
2654,2654,19,2025-10-07,Email,2025-10-22
2655,2655,2,2025-10-14,Email,2025-10-24
2656,2656,27,2025-06-12,Paid Ads,2025-06-25
2657,2657,25,2025-07-30,Direct,2025-07-31
2658,2658,15,2024-09-15,Paid Ads,2024-10-03
2659,2659,5,2024-02-03,Paid Ads,2024-02-27
2660,2660,16,2025-05-25,Organic Search,2025-05-25
2661,2661,7,2024-01-09,Organic Search,2024-01-09
2662,2662,16,2025-04-24,Email,2025-05-22
2663,2663,6,2023-10-15,Paid Ads,2023-10-22
2664,2664,1,2024-08-11,Organic Search,2024-08-22
2665,2665,26,2025-09-18,Direct,2025-09-28
2666,2666,20,2025-11-13,Paid Ads,2025-11-30
2667,2667,28,2024-10-19,Organic Search,2024-11-04
2668,2668,25,2025-07-31,Paid Ads,2025-08-16
2669,2669,12,2024-04-03,Organic Search,2024-04-15
2670,2670,11,2025-12-23,Paid Ads,2026-01-08
2671,2671,7,2024-01-13,Organic Search,2024-01-18
2672,2672,15,2024-09-12,Paid Ads,2024-09-26
2673,2673,1,2024-08-06,Organic Search,2024-08-22
2674,2674,25,2025-08-11,Direct,2025-08-26
2675,2675,12,2024-04-12,Email,2024-04-18
2676,2676,28,2024-10-21,Direct,2024-10-25
2677,2677,16,2025-04-19,Direct,2025-05-08
2678,2678,1,2024-08-24,Organic Search,2024-08-28
2679,2679,16,2025-04-28,Organic Search,2025-05-23
2680,2680,22,2026-08-05,Direct,2026-09-04
2681,2681,6,2023-10-01,Paid Ads,2023-10-04
2682,2682,20,2025-11-16,Organic Search,2025-12-03
2683,2683,2,2025-09-28,Direct,2025-10-24
2684,2684,29,2024-09-28,Paid Ads,2024-10-15
2685,2685,13,2026-01-22,Direct,2026-02-12
2686,2686,19,2025-10-18,Paid Ads,2025-11-10
2687,2687,6,2023-09-30,Direct,2023-10-16
2688,2688,8,2024-01-09,Paid Ads,2024-01-26
2689,2689,20,2025-11-17,Email,2025-12-12
2690,2690,24,2025-05-24,Organic Search,2025-05-26
2691,2691,12,2024-04-10,Organic Search,2024-04-28
2692,2692,18,2025-11-30,Paid Ads,2025-12-04
2693,2693,2,2025-10-10,Organic Search,2025-10-26
2694,2694,30,2026-05-16,Paid Ads,2026-05-24
2695,2695,15,2024-09-20,Direct,2024-10-07
2696,2696,18,2025-12-05,Organic Search,2025-12-14
2697,2697,19,2025-10-06,Organic Search,2025-10-17
2698,2698,6,2023-09-27,Paid Ads,2023-10-21
2699,2699,24,2025-06-25,Paid Ads,2025-07-18
2700,2700,8,2024-01-10,Paid Ads,2024-02-04
2701,2701,17,2026-06-14,Paid Ads,2026-07-04
2702,2702,10,2024-05-16,Paid Ads,2024-06-08
2703,2703,17,2026-06-15,Organic Search,2026-06-17
2704,2704,10,2024-05-15,Paid Ads,2024-06-09
2705,2705,8,2024-01-10,Paid Ads,2024-01-29
2706,2706,23,2024-06-22,Organic Search,2024-06-25
2707,2707,1,2024-08-24,Organic Search,2024-09-22
2708,2708,29,2024-09-09,Organic Search,2024-09-22
2709,2709,8,2024-01-13,Paid Ads,2024-02-08
2710,2710,17,2026-06-15,Paid Ads,2026-06-25
2711,2711,19,2025-10-07,Paid Ads,2025-10-26
2712,2712,16,2025-04-28,Paid Ads,2025-05-08
2713,2713,21,2026-05-08,Organic Search,2026-05-26
2714,2714,5,2024-02-06,Paid Ads,2024-03-07
2715,2715,12,2024-04-15,Organic Search,2024-04-30
2716,2716,18,2025-12-01,Direct,2025-12-09
2717,2717,11,2026-01-23,Email,2026-01-30
2718,2718,22,2026-08-03,Organic Search,2026-09-01
2719,2719,24,2025-06-27,Direct,2025-07-19
2720,2720,30,2026-05-18,Paid Ads,2026-06-04
2721,2721,10,2024-05-15,Paid Ads,2024-05-25
2722,2722,27,2025-06-22,Direct,2025-07-16
2723,2723,5,2024-01-22,Organic Search,2024-02-07
2724,2724,7,2023-12-10,Direct,2023-12-23
2725,2725,5,2024-02-07,Email,2024-02-09
2726,2726,4,2024-01-19,Paid Ads,2024-02-01
2727,2727,6,2023-10-07,Paid Ads,2023-10-10
2728,2728,25,2025-08-05,Direct,2025-08-23
2729,2729,7,2023-12-20,Email,2024-01-07
2730,2730,15,2024-09-15,Paid Ads,2024-10-14
2731,2731,22,2026-08-15,Paid Ads,2026-08-29
2732,2732,8,2024-01-08,Direct,2024-01-11
2733,2733,18,2025-11-28,Organic Search,2025-12-19
2734,2734,7,2024-01-16,Paid Ads,2024-01-23
2735,2735,7,2024-01-03,Organic Search,2024-01-26
2736,2736,18,2025-11-25,Organic Search,2025-12-15
2737,2737,21,2026-04-26,Organic Search,2026-05-26
2738,2738,6,2023-10-15,Paid Ads,2023-10-26
2739,2739,20,2025-11-24,Direct,2025-12-11
2740,2740,5,2024-01-29,Organic Search,2024-02-20
2741,2741,11,2026-01-23,Paid Ads,2026-02-07
2742,2742,16,2025-05-20,Organic Search,2025-06-07
2743,2743,25,2025-08-14,Email,2025-08-26
2744,2744,17,2026-06-15,Paid Ads,2026-06-15
2745,2745,27,2025-06-15,Organic Search,2025-07-14
2746,2746,6,2023-10-23,Paid Ads,2023-11-22
2747,2747,30,2026-05-22,Paid Ads,2026-05-29
2748,2748,19,2025-10-06,Organic Search,2025-10-21
2749,2749,30,2026-05-24,Paid Ads,2026-05-27
2750,2750,28,2024-10-27,Paid Ads,2024-11-05
2751,2751,15,2024-09-21,Paid Ads,2024-10-15
2752,2752,13,2026-01-30,Organic Search,2026-02-13
2753,2753,4,2024-01-24,Paid Ads,2024-02-23
2754,2754,25,2025-08-04,Paid Ads,2025-08-28
2755,2755,12,2024-04-01,Organic Search,2024-04-14
2756,2756,10,2024-05-14,Organic Search,2024-06-06
2757,2757,24,2025-06-11,Paid Ads,2025-07-05
2758,2758,11,2026-01-26,Direct,2026-02-22
2759,2759,21,2026-05-07,Paid Ads,2026-05-31
2760,2760,5,2024-01-21,Paid Ads,2024-02-04
2761,2761,17,2026-06-13,Paid Ads,2026-07-06
2762,2762,28,2024-10-28,Email,2024-11-20
2763,2763,13,2026-01-26,Organic Search,2026-02-12
2764,2764,17,2026-06-18,Organic Search,2026-07-14
2765,2765,2,2025-10-12,Paid Ads,2025-11-07
2766,2766,11,2025-12-28,Organic Search,2026-01-05
2767,2767,12,2024-03-25,Organic Search,2024-04-13
2768,2768,24,2025-06-25,Paid Ads,2025-07-21
2769,2769,3,2025-10-04,Paid Ads,2025-10-24
2770,2770,9,2025-06-18,Organic Search,2025-06-19
2771,2771,19,2025-09-27,Organic Search,2025-09-29
2772,2772,1,2024-08-14,Paid Ads,2024-09-11
2773,2773,4,2024-01-17,Email,2024-02-10
2774,2774,25,2025-08-01,Organic Search,2025-08-01
2775,2775,18,2025-11-27,Email,2025-12-01
2776,2776,16,2025-05-26,Organic Search,2025-06-06
2777,2777,8,2024-01-07,Organic Search,2024-02-02
2778,2778,24,2025-06-09,Paid Ads,2025-06-11
2779,2779,10,2024-05-15,Organic Search,2024-05-24
2780,2780,25,2025-08-15,Paid Ads,2025-08-28
2781,2781,22,2026-08-11,Paid Ads,2026-08-23
2782,2782,6,2023-09-30,Direct,2023-10-15
2783,2783,4,2024-01-19,Email,2024-02-08
2784,2784,25,2025-08-05,Paid Ads,2025-08-27
2785,2785,3,2025-09-23,Organic Search,2025-10-08
2786,2786,15,2024-09-19,Email,2024-09-20
2787,2787,22,2026-08-16,Paid Ads,2026-09-03
2788,2788,23,2024-06-05,Organic Search,2024-06-29
2789,2789,17,2026-06-16,Organic Search,2026-06-30
2790,2790,3,2025-10-03,Organic Search,2025-10-09
2791,2791,21,2026-05-02,Paid Ads,2026-06-01
2792,2792,4,2024-01-18,Paid Ads,2024-02-11
2793,2793,9,2025-06-21,Organic Search,2025-07-09
2794,2794,5,2024-01-29,Paid Ads,2024-02-12
2795,2795,2,2025-09-29,Paid Ads,2025-10-27
2796,2796,3,2025-09-22,Organic Search,2025-09-25
2797,2797,22,2026-08-11,Direct,2026-08-17
2798,2798,7,2023-12-16,Paid Ads,2023-12-23
2799,2799,9,2025-06-14,Paid Ads,2025-07-03
2800,2800,11,2025-12-30,Paid Ads,2026-01-23
2801,2801,18,2025-11-29,Organic Search,2025-12-04
2802,2802,27,2025-06-22,Paid Ads,2025-07-10
2803,2803,16,2025-05-09,Email,2025-05-20
2804,2804,26,2025-09-15,Organic Search,2025-09-25
2805,2805,11,2026-01-24,Organic Search,2026-02-03
2806,2806,10,2024-05-16,Organic Search,2024-05-22
2807,2807,19,2025-10-01,Organic Search,2025-10-03
2808,2808,2,2025-09-30,Organic Search,2025-10-13
2809,2809,22,2026-08-13,Paid Ads,2026-08-21
2810,2810,12,2024-03-30,Organic Search,2024-04-13
2811,2811,4,2024-01-24,Organic Search,2024-02-15
2812,2812,10,2024-05-17,Paid Ads,2024-06-09
2813,2813,6,2023-10-23,Organic Search,2023-11-17
2814,2814,29,2024-09-21,Organic Search,2024-10-16
2815,2815,25,2025-08-17,Organic Search,2025-09-09
2816,2816,11,2025-12-21,Paid Ads,2026-01-02
2817,2817,13,2026-01-30,Paid Ads,2026-02-13
2818,2818,16,2025-05-02,Paid Ads,2025-05-24
2819,2819,18,2025-11-27,Paid Ads,2025-12-25
2820,2820,4,2024-01-23,Organic Search,2024-02-01
2821,2821,29,2024-09-30,Direct,2024-10-16
2822,2822,5,2024-01-21,Organic Search,2024-02-20
2823,2823,29,2024-10-02,Organic Search,2024-10-09
2824,2824,18,2025-11-28,Paid Ads,2025-12-28
2825,2825,29,2024-09-09,Organic Search,2024-09-30
2826,2826,29,2024-09-19,Paid Ads,2024-10-06
2827,2827,12,2024-03-30,Paid Ads,2024-03-31
2828,2828,9,2025-06-18,Direct,2025-07-03
2829,2829,22,2026-08-09,Email,2026-09-08
2830,2830,9,2025-05-21,Organic Search,2025-05-25
2831,2831,14,2026-04-20,Organic Search,2026-04-27
2832,2832,10,2024-05-16,Paid Ads,2024-05-26
2833,2833,14,2026-04-23,Direct,2026-05-10
2834,2834,24,2025-06-12,Organic Search,2025-07-08
2835,2835,16,2025-05-10,Organic Search,2025-05-22
2836,2836,15,2024-09-22,Organic Search,2024-10-22
2837,2837,8,2024-01-13,Paid Ads,2024-02-06
2838,2838,25,2025-08-10,Organic Search,2025-08-16
2839,2839,9,2025-06-16,Email,2025-07-06
2840,2840,8,2024-01-10,Organic Search,2024-02-07
2841,2841,21,2026-04-27,Email,2026-05-04
2842,2842,19,2025-10-16,Paid Ads,2025-11-12
2843,2843,24,2025-06-08,Organic Search,2025-06-21
2844,2844,12,2024-04-03,Paid Ads,2024-04-23
2845,2845,5,2024-01-29,Paid Ads,2024-01-31
2846,2846,10,2024-05-11,Organic Search,2024-05-18
2847,2847,24,2025-06-25,Organic Search,2025-07-01
2848,2848,1,2024-08-17,Paid Ads,2024-09-01
2849,2849,28,2024-11-06,Organic Search,2024-11-23
2850,2850,10,2024-05-12,Organic Search,2024-05-19
2851,2851,8,2024-01-11,Paid Ads,2024-02-07
2852,2852,16,2025-05-23,Organic Search,2025-06-09
2853,2853,3,2025-09-20,Organic Search,2025-10-16
2854,2854,5,2024-02-13,Organic Search,2024-03-12
2855,2855,9,2025-06-13,Paid Ads,2025-07-01
2856,2856,18,2025-11-28,Email,2025-12-03
2857,2857,27,2025-06-20,Organic Search,2025-07-11
2858,2858,17,2026-06-15,Organic Search,2026-06-19
2859,2859,15,2024-09-10,Direct,2024-09-22
2860,2860,2,2025-10-09,Paid Ads,2025-10-16
2861,2861,23,2024-06-06,Paid Ads,2024-07-02
2862,2862,1,2024-08-09,Organic Search,2024-08-15
2863,2863,11,2025-12-26,Direct,2025-12-27
2864,2864,27,2025-06-07,Paid Ads,2025-06-25
2865,2865,29,2024-10-06,Paid Ads,2024-10-13
2866,2866,21,2026-05-07,Direct,2026-05-21
2867,2867,18,2025-11-30,Organic Search,2025-12-15
2868,2868,28,2024-11-03,Paid Ads,2024-11-09
2869,2869,5,2024-01-24,Organic Search,2024-02-01
2870,2870,7,2024-01-17,Organic Search,2024-02-06
2871,2871,3,2025-10-02,Organic Search,2025-10-19
2872,2872,5,2024-02-04,Paid Ads,2024-02-10
2873,2873,10,2024-05-17,Email,2024-05-27
2874,2874,5,2024-02-09,Organic Search,2024-02-18
2875,2875,6,2023-09-30,Paid Ads,2023-10-25
2876,2876,1,2024-08-07,Organic Search,2024-08-15
2877,2877,5,2024-02-11,Direct,2024-02-25
2878,2878,23,2024-06-29,Paid Ads,2024-07-27
2879,2879,26,2025-09-11,Organic Search,2025-09-27
2880,2880,7,2023-12-19,Direct,2024-01-13
2881,2881,7,2023-12-28,Organic Search,2024-01-20
2882,2882,9,2025-06-21,Organic Search,2025-07-03
2883,2883,5,2024-01-17,Paid Ads,2024-01-24
2884,2884,22,2026-08-11,Direct,2026-08-25
2885,2885,19,2025-10-24,Direct,2025-11-15
2886,2886,24,2025-05-28,Paid Ads,2025-06-05
2887,2887,13,2026-01-29,Organic Search,2026-02-28
2888,2888,22,2026-08-06,Paid Ads,2026-09-01
2889,2889,24,2025-06-03,Paid Ads,2025-06-07
2890,2890,24,2025-05-25,Email,2025-06-06
2891,2891,7,2024-01-09,Organic Search,2024-01-23
2892,2892,25,2025-08-07,Direct,2025-08-23
2893,2893,11,2025-12-30,Paid Ads,2026-01-11
2894,2894,25,2025-08-14,Paid Ads,2025-08-22
2895,2895,7,2024-01-07,Organic Search,2024-01-17
2896,2896,8,2024-01-07,Paid Ads,2024-01-30
2897,2897,8,2024-01-09,Paid Ads,2024-01-19
2898,2898,29,2024-09-07,Email,2024-09-25
2899,2899,28,2024-10-17,Organic Search,2024-11-06
2900,2900,7,2024-01-13,Organic Search,2024-02-09
2901,2901,11,2026-01-20,Direct,2026-02-17
2902,2902,2,2025-09-27,Organic Search,2025-10-14
2903,2903,16,2025-05-05,Paid Ads,2025-05-25
2904,2904,15,2024-09-13,Organic Search,2024-09-20
2905,2905,10,2024-05-13,Paid Ads,2024-05-19
2906,2906,9,2025-05-20,Organic Search,2025-05-23
2907,2907,6,2023-10-31,Direct,2023-11-12
2908,2908,20,2025-11-14,Paid Ads,2025-12-05
2909,2909,11,2026-01-31,Paid Ads,2026-02-23
2910,2910,13,2026-01-27,Direct,2026-02-23
2911,2911,9,2025-05-26,Paid Ads,2025-06-23
2912,2912,2,2025-10-12,Organic Search,2025-10-12
2913,2913,1,2024-08-16,Paid Ads,2024-09-10
2914,2914,8,2024-01-10,Organic Search,2024-01-20
2915,2915,6,2023-10-05,Paid Ads,2023-11-01
2916,2916,24,2025-06-27,Direct,2025-07-10
2917,2917,22,2026-08-11,Direct,2026-08-14
2918,2918,19,2025-10-30,Direct,2025-11-15
2919,2919,16,2025-05-16,Paid Ads,2025-06-14
2920,2920,30,2026-05-21,Paid Ads,2026-05-22
2921,2921,4,2024-01-23,Paid Ads,2024-02-03
2922,2922,23,2024-06-13,Organic Search,2024-06-26
2923,2923,6,2023-10-01,Organic Search,2023-10-21
2924,2924,15,2024-09-12,Direct,2024-10-12
2925,2925,29,2024-09-06,Organic Search,2024-09-23
2926,2926,18,2025-11-25,Paid Ads,2025-12-13
2927,2927,20,2025-11-02,Paid Ads,2025-11-02
2928,2928,27,2025-06-30,Paid Ads,2025-07-08
2929,2929,23,2024-06-16,Paid Ads,2024-06-23
2930,2930,14,2026-05-04,Direct,2026-05-11
2931,2931,27,2025-06-19,Email,2025-07-08
2932,2932,18,2025-12-03,Paid Ads,2025-12-11
2933,2933,30,2026-05-16,Paid Ads,2026-06-03
2934,2934,9,2025-06-12,Organic Search,2025-06-16
2935,2935,27,2025-06-25,Paid Ads,2025-06-25
2936,2936,8,2024-01-09,Direct,2024-01-13
2937,2937,3,2025-09-26,Organic Search,2025-10-05
2938,2938,11,2026-01-28,Direct,2026-02-04
2939,2939,30,2026-05-18,Paid Ads,2026-06-14
2940,2940,5,2024-01-29,Paid Ads,2024-01-29
2941,2941,15,2024-09-21,Paid Ads,2024-09-22
2942,2942,22,2026-08-14,Paid Ads,2026-09-02
2943,2943,18,2025-12-03,Organic Search,2025-12-09
2944,2944,6,2023-09-27,Organic Search,2023-10-15
2945,2945,19,2025-10-25,Paid Ads,2025-11-12
2946,2946,5,2024-01-30,Paid Ads,2024-02-06
2947,2947,18,2025-12-01,Paid Ads,2025-12-29
2948,2948,29,2024-09-27,Paid Ads,2024-10-08
2949,2949,8,2024-01-09,Paid Ads,2024-01-12
2950,2950,21,2026-04-30,Paid Ads,2026-05-07
2951,2951,21,2026-05-10,Paid Ads,2026-05-13
2952,2952,16,2025-04-15,Organic Search,2025-05-06
2953,2953,20,2025-11-10,Organic Search,2025-11-25
2954,2954,24,2025-06-08,Organic Search,2025-06-16
2955,2955,11,2025-12-22,Organic Search,2026-01-07
2956,2956,22,2026-08-12,Organic Search,2026-08-24
2957,2957,24,2025-06-28,Paid Ads,2025-07-20
2958,2958,14,2026-04-11,Organic Search,2026-05-05
2959,2959,7,2023-12-17,Paid Ads,2023-12-25
2960,2960,25,2025-08-13,Organic Search,2025-09-03
2961,2961,21,2026-05-06,Email,2026-05-27
2962,2962,1,2024-08-23,Organic Search,2024-09-20
2963,2963,17,2026-06-15,Email,2026-07-01
2964,2964,17,2026-06-16,Paid Ads,2026-07-11
2965,2965,1,2024-08-31,Paid Ads,2024-09-18
2966,2966,6,2023-10-14,Paid Ads,2023-10-30
2967,2967,4,2024-01-18,Email,2024-01-31
2968,2968,20,2025-11-18,Organic Search,2025-11-21
2969,2969,7,2023-12-30,Email,2024-01-18
2970,2970,19,2025-10-28,Paid Ads,2025-11-07
2971,2971,9,2025-05-24,Email,2025-06-16
2972,2972,4,2024-01-19,Paid Ads,2024-02-02
2973,2973,27,2025-06-17,Organic Search,2025-06-19
2974,2974,12,2024-03-18,Paid Ads,2024-04-09
2975,2975,24,2025-06-30,Organic Search,2025-07-30
2976,2976,1,2024-08-07,Paid Ads,2024-09-02
2977,2977,12,2024-04-16,Email,2024-04-24
2978,2978,25,2025-08-03,Organic Search,2025-08-28
2979,2979,8,2024-01-12,Paid Ads,2024-01-18
2980,2980,30,2026-05-21,Paid Ads,2026-06-06
2981,2981,1,2024-09-10,Paid Ads,2024-10-10
2982,2982,26,2025-09-14,Organic Search,2025-10-01
2983,2983,26,2025-09-13,Organic Search,2025-09-21
2984,2984,30,2026-05-19,Paid Ads,2026-06-08
2985,2985,4,2024-01-17,Paid Ads,2024-02-12
2986,2986,25,2025-07-29,Organic Search,2025-08-28
2987,2987,5,2024-01-15,Organic Search,2024-01-17
2988,2988,13,2026-01-26,Organic Search,2026-02-01
2989,2989,6,2023-10-18,Direct,2023-11-13
2990,2990,4,2024-01-20,Organic Search,2024-02-09
2991,2991,6,2023-10-31,Organic Search,2023-11-03
2992,2992,19,2025-11-04,Organic Search,2025-12-03
2993,2993,14,2026-04-12,Paid Ads,2026-05-12
2994,2994,28,2024-10-09,Organic Search,2024-11-02
2995,2995,11,2026-01-14,Organic Search,2026-01-18
2996,2996,5,2024-02-01,Paid Ads,2024-02-16
2997,2997,26,2025-09-18,Direct,2025-10-11
2998,2998,3,2025-09-24,Paid Ads,2025-10-01
2999,2999,15,2024-09-15,Direct,2024-09-18
3000,3000,2,2025-10-11,Organic Search,2025-10-17
3001,3001,18,2025-11-27,Paid Ads,2025-12-04
3002,3002,16,2025-04-18,Paid Ads,2025-04-23
3003,3003,23,2024-06-23,Email,2024-07-11
3004,3004,17,2026-06-16,Paid Ads,2026-06-28
3005,3005,15,2024-09-20,Organic Search,2024-10-13
3006,3006,15,2024-09-12,Organic Search,2024-09-27
3007,3007,11,2025-12-29,Email,2026-01-15
3008,3008,18,2025-11-27,Organic Search,2025-12-03
3009,3009,19,2025-10-11,Direct,2025-10-15
3010,3010,4,2024-01-25,Organic Search,2024-02-17
3011,3011,26,2025-09-14,Organic Search,2025-10-10
3012,3012,11,2026-01-20,Direct,2026-01-31
3013,3013,10,2024-05-10,Paid Ads,2024-06-07
3014,3014,10,2024-05-15,Direct,2024-05-17
3015,3015,2,2025-10-08,Paid Ads,2025-10-09
3016,3016,8,2024-01-08,Paid Ads,2024-01-14
3017,3017,20,2025-11-26,Organic Search,2025-11-28
3018,3018,29,2024-09-29,Paid Ads,2024-10-27
3019,3019,10,2024-05-12,Direct,2024-05-16
3020,3020,11,2026-01-19,Organic Search,2026-02-05
3021,3021,29,2024-09-19,Email,2024-10-09
3022,3022,9,2025-06-12,Organic Search,2025-06-12
3023,3023,22,2026-08-17,Organic Search,2026-09-10
3024,3024,4,2024-01-28,Direct,2024-02-21
3025,3025,11,2026-01-20,Direct,2026-01-23
3026,3026,10,2024-05-10,Organic Search,2024-05-11
3027,3027,30,2026-05-23,Paid Ads,2026-05-30
3028,3028,4,2024-01-26,Paid Ads,2024-02-01
3029,3029,13,2026-01-27,Direct,2026-02-01
3030,3030,3,2025-10-03,Paid Ads,2025-10-10
3031,3031,21,2026-04-28,Paid Ads,2026-05-10
3032,3032,10,2024-05-15,Paid Ads,2024-06-05
3033,3033,24,2025-06-29,Paid Ads,2025-07-21
3034,3034,5,2024-01-19,Organic Search,2024-02-12
3035,3035,17,2026-06-14,Direct,2026-06-16
3036,3036,22,2026-08-11,Paid Ads,2026-08-13
3037,3037,13,2026-01-25,Organic Search,2026-02-18
3038,3038,4,2024-01-22,Email,2024-02-21
3039,3039,24,2025-06-03,Paid Ads,2025-06-08
3040,3040,4,2024-01-27,Organic Search,2024-02-21
3041,3041,2,2025-10-07,Paid Ads,2025-10-25
3042,3042,21,2026-05-03,Paid Ads,2026-06-02
3043,3043,27,2025-06-03,Direct,2025-06-13
3044,3044,1,2024-08-26,Direct,2024-09-12
3045,3045,13,2026-01-25,Direct,2026-02-22
3046,3046,5,2024-01-26,Paid Ads,2024-02-23
3047,3047,23,2024-06-23,Paid Ads,2024-06-24
3048,3048,3,2025-09-19,Organic Search,2025-09-23
3049,3049,12,2024-03-27,Organic Search,2024-04-09
3050,3050,24,2025-06-16,Direct,2025-06-19
3051,3051,25,2025-07-30,Paid Ads,2025-08-17
3052,3052,1,2024-08-10,Paid Ads,2024-09-06
3053,3053,18,2025-11-30,Organic Search,2025-12-26
3054,3054,28,2024-10-09,Paid Ads,2024-10-16
3055,3055,7,2024-01-16,Organic Search,2024-01-17
3056,3056,10,2024-05-12,Email,2024-05-17
3057,3057,26,2025-09-16,Organic Search,2025-09-23
3058,3058,8,2024-01-14,Paid Ads,2024-02-02
3059,3059,29,2024-09-06,Email,2024-09-15
3060,3060,17,2026-06-13,Organic Search,2026-06-18
3061,3061,2,2025-10-10,Paid Ads,2025-10-24
3062,3062,30,2026-05-24,Email,2026-05-29
3063,3063,27,2025-06-15,Paid Ads,2025-07-07
3064,3064,21,2026-05-03,Paid Ads,2026-05-19
3065,3065,4,2024-01-28,Paid Ads,2024-02-09
3066,3066,23,2024-06-07,Direct,2024-06-15
3067,3067,17,2026-06-17,Organic Search,2026-07-12
3068,3068,27,2025-06-20,Organic Search,2025-07-20
3069,3069,8,2024-01-11,Organic Search,2024-01-27
3070,3070,19,2025-10-03,Organic Search,2025-10-24
3071,3071,12,2024-04-01,Organic Search,2024-04-08
3072,3072,1,2024-08-06,Paid Ads,2024-08-09
3073,3073,4,2024-01-22,Direct,2024-02-21
3074,3074,17,2026-06-20,Organic Search,2026-07-20
3075,3075,1,2024-08-17,Direct,2024-09-05
3076,3076,2,2025-10-05,Organic Search,2025-11-04
3077,3077,22,2026-08-13,Organic Search,2026-08-26
3078,3078,20,2025-11-12,Paid Ads,2025-11-21
3079,3079,29,2024-09-17,Direct,2024-09-18
3080,3080,19,2025-09-26,Direct,2025-10-12
3081,3081,26,2025-09-22,Organic Search,2025-09-22
3082,3082,3,2025-09-18,Email,2025-10-14
3083,3083,10,2024-05-13,Direct,2024-05-25
3084,3084,12,2024-04-04,Organic Search,2024-04-24
3085,3085,10,2024-05-12,Direct,2024-05-18
3086,3086,13,2026-02-02,Organic Search,2026-03-03
3087,3087,6,2023-10-12,Direct,2023-11-05
3088,3088,3,2025-10-04,Organic Search,2025-10-04
3089,3089,22,2026-08-18,Paid Ads,2026-08-24
3090,3090,12,2024-04-08,Organic Search,2024-05-01
3091,3091,18,2025-12-01,Direct,2025-12-15
3092,3092,6,2023-10-09,Paid Ads,2023-11-08
3093,3093,6,2023-09-29,Direct,2023-10-24
3094,3094,29,2024-09-22,Paid Ads,2024-10-11
3095,3095,23,2024-06-11,Paid Ads,2024-06-27
3096,3096,28,2024-11-11,Paid Ads,2024-12-07
3097,3097,29,2024-09-15,Organic Search,2024-09-20
3098,3098,14,2026-04-18,Direct,2026-04-22
3099,3099,20,2025-11-16,Direct,2025-12-07
3100,3100,3,2025-09-25,Paid Ads,2025-10-08
3101,3101,7,2023-12-28,Paid Ads,2024-01-22
3102,3102,26,2025-09-21,Paid Ads,2025-10-06
3103,3103,11,2026-01-28,Paid Ads,2026-02-21
3104,3104,28,2024-11-11,Paid Ads,2024-12-06
3105,3105,2,2025-09-26,Direct,2025-10-20
3106,3106,11,2026-01-23,Paid Ads,2026-02-14
3107,3107,30,2026-05-23,Organic Search,2026-05-23
3108,3108,30,2026-05-18,Organic Search,2026-05-30
3109,3109,18,2025-12-03,Organic Search,2025-12-31
3110,3110,28,2024-11-13,Email,2024-12-03
3111,3111,15,2024-09-20,Direct,2024-10-20
3112,3112,15,2024-09-22,Organic Search,2024-09-25
3113,3113,8,2024-01-07,Email,2024-01-31
3114,3114,1,2024-09-08,Organic Search,2024-10-06
3115,3115,12,2024-03-27,Paid Ads,2024-04-11
3116,3116,28,2024-10-14,Paid Ads,2024-10-19
3117,3117,13,2026-02-01,Paid Ads,2026-02-07
3118,3118,22,2026-08-13,Paid Ads,2026-08-25
3119,3119,17,2026-06-17,Paid Ads,2026-07-01
3120,3120,19,2025-10-06,Paid Ads,2025-10-11
3121,3121,18,2025-11-28,Paid Ads,2025-12-17
3122,3122,14,2026-05-03,Paid Ads,2026-05-29
3123,3123,25,2025-08-18,Paid Ads,2025-08-23
3124,3124,9,2025-06-19,Paid Ads,2025-07-08
3125,3125,18,2025-11-28,Paid Ads,2025-12-08
3126,3126,4,2024-01-20,Direct,2024-01-31
3127,3127,25,2025-08-16,Paid Ads,2025-08-24
3128,3128,29,2024-09-08,Email,2024-09-19
3129,3129,15,2024-09-10,Organic Search,2024-10-07
3130,3130,5,2024-02-01,Direct,2024-03-01
3131,3131,24,2025-05-28,Direct,2025-05-31
3132,3132,25,2025-07-31,Paid Ads,2025-08-28
3133,3133,8,2024-01-10,Direct,2024-01-25
3134,3134,29,2024-09-19,Paid Ads,2024-10-04
3135,3135,19,2025-10-04,Organic Search,2025-10-12
3136,3136,21,2026-05-07,Email,2026-05-22
3137,3137,17,2026-06-18,Paid Ads,2026-06-22
3138,3138,11,2026-01-29,Paid Ads,2026-01-31
3139,3139,3,2025-09-26,Paid Ads,2025-10-22
3140,3140,11,2025-12-25,Paid Ads,2026-01-19
3141,3141,8,2024-01-10,Organic Search,2024-01-10
3142,3142,24,2025-06-18,Paid Ads,2025-07-09
3143,3143,25,2025-08-07,Direct,2025-08-29
3144,3144,13,2026-02-01,Organic Search,2026-02-28
3145,3145,22,2026-08-12,Paid Ads,2026-08-24
3146,3146,4,2024-01-23,Organic Search,2024-01-25
3147,3147,3,2025-10-01,Organic Search,2025-10-13
3148,3148,27,2025-06-13,Paid Ads,2025-06-20
3149,3149,25,2025-08-12,Paid Ads,2025-09-10
3150,3150,16,2025-04-19,Paid Ads,2025-05-01
3151,3151,3,2025-09-25,Paid Ads,2025-10-24
3152,3152,4,2024-01-24,Paid Ads,2024-02-16
3153,3153,16,2025-04-27,Direct,2025-05-15
3154,3154,8,2024-01-10,Email,2024-01-24
3155,3155,4,2024-01-26,Organic Search,2024-02-19
3156,3156,21,2026-05-09,Organic Search,2026-05-14
3157,3157,11,2026-01-27,Paid Ads,2026-02-22
3158,3158,25,2025-08-07,Organic Search,2025-09-03
3159,3159,21,2026-05-02,Email,2026-05-14
3160,3160,23,2024-06-12,Paid Ads,2024-06-17
3161,3161,25,2025-07-31,Organic Search,2025-08-14
3162,3162,19,2025-10-30,Paid Ads,2025-11-21
3163,3163,21,2026-04-28,Email,2026-05-24
3164,3164,22,2026-08-08,Organic Search,2026-08-21
3165,3165,2,2025-10-04,Organic Search,2025-10-23
3166,3166,10,2024-05-14,Paid Ads,2024-05-14
3167,3167,9,2025-05-27,Organic Search,2025-06-21
3168,3168,24,2025-05-30,Organic Search,2025-06-04
3169,3169,2,2025-09-29,Organic Search,2025-10-06
3170,3170,17,2026-06-20,Organic Search,2026-06-29
3171,3171,25,2025-08-03,Organic Search,2025-09-01
3172,3172,26,2025-09-22,Paid Ads,2025-10-06
3173,3173,6,2023-10-08,Direct,2023-11-04
3174,3174,29,2024-09-26,Direct,2024-10-16
3175,3175,10,2024-05-16,Direct,2024-06-15
3176,3176,24,2025-06-03,Paid Ads,2025-06-03
3177,3177,3,2025-09-27,Paid Ads,2025-10-27
3178,3178,15,2024-09-12,Direct,2024-09-27
3179,3179,19,2025-09-28,Paid Ads,2025-10-20
3180,3180,6,2023-10-16,Paid Ads,2023-10-27
3181,3181,22,2026-08-10,Paid Ads,2026-09-04
3182,3182,1,2024-08-25,Email,2024-09-15
3183,3183,4,2024-01-24,Paid Ads,2024-02-23
3184,3184,18,2025-11-25,Paid Ads,2025-12-15
3185,3185,6,2023-10-23,Direct,2023-10-30
3186,3186,16,2025-05-21,Paid Ads,2025-05-22
3187,3187,16,2025-04-21,Paid Ads,2025-05-11
3188,3188,28,2024-11-01,Organic Search,2024-11-11
3189,3189,6,2023-11-01,Paid Ads,2023-11-26
3190,3190,9,2025-05-21,Organic Search,2025-06-17
3191,3191,25,2025-08-06,Paid Ads,2025-08-15
3192,3192,29,2024-09-10,Email,2024-09-12
3193,3193,1,2024-08-30,Direct,2024-09-10
3194,3194,23,2024-06-30,Direct,2024-07-25
3195,3195,13,2026-02-02,Organic Search,2026-03-04
3196,3196,5,2024-01-21,Organic Search,2024-01-24
3197,3197,24,2025-06-20,Email,2025-07-05
3198,3198,20,2025-11-11,Organic Search,2025-11-24
3199,3199,23,2024-06-12,Organic Search,2024-06-13
3200,3200,4,2024-01-22,Paid Ads,2024-02-15
3201,3201,17,2026-06-15,Paid Ads,2026-06-29
3202,3202,17,2026-06-17,Organic Search,2026-07-01
3203,3203,2,2025-10-11,Direct,2025-10-14
3204,3204,8,2024-01-10,Direct,2024-01-24
3205,3205,27,2025-06-23,Organic Search,2025-07-11
3206,3206,18,2025-12-01,Organic Search,2025-12-21
3207,3207,16,2025-05-07,Organic Search,2025-05-26
3208,3208,24,2025-05-25,Organic Search,2025-05-27
3209,3209,15,2024-09-13,Paid Ads,2024-09-28
3210,3210,9,2025-06-20,Paid Ads,2025-07-01
3211,3211,1,2024-08-05,Paid Ads,2024-08-30
3212,3212,13,2026-01-25,Organic Search,2026-02-24
3213,3213,27,2025-06-29,Organic Search,2025-07-12
3214,3214,24,2025-06-19,Organic Search,2025-07-14
3215,3215,27,2025-06-07,Paid Ads,2025-06-25
3216,3216,7,2023-12-24,Organic Search,2024-01-14
3217,3217,30,2026-05-24,Organic Search,2026-06-09
3218,3218,24,2025-06-07,Direct,2025-06-09
3219,3219,17,2026-06-19,Paid Ads,2026-07-19
3220,3220,28,2024-10-24,Paid Ads,2024-11-06
3221,3221,30,2026-05-24,Organic Search,2026-06-14
3222,3222,7,2024-01-14,Organic Search,2024-01-19
3223,3223,3,2025-09-18,Direct,2025-10-01
3224,3224,28,2024-11-07,Organic Search,2024-11-30
3225,3225,29,2024-10-04,Direct,2024-10-16
3226,3226,25,2025-08-13,Paid Ads,2025-08-28
3227,3227,7,2023-12-13,Organic Search,2023-12-15
3228,3228,1,2024-08-21,Direct,2024-08-24
3229,3229,27,2025-06-15,Direct,2025-07-13
3230,3230,8,2024-01-10,Paid Ads,2024-01-10
3231,3231,30,2026-05-20,Organic Search,2026-05-27
3232,3232,13,2026-01-26,Organic Search,2026-02-22
3233,3233,29,2024-10-04,Email,2024-10-27
3234,3234,12,2024-03-25,Paid Ads,2024-04-13
3235,3235,10,2024-05-11,Organic Search,2024-05-23
3236,3236,13,2026-02-02,Organic Search,2026-02-17
3237,3237,9,2025-06-03,Direct,2025-06-20
3238,3238,11,2026-01-11,Organic Search,2026-01-29
3239,3239,25,2025-08-03,Paid Ads,2025-08-06
3240,3240,17,2026-06-14,Paid Ads,2026-06-19
3241,3241,17,2026-06-13,Email,2026-06-16
3242,3242,14,2026-04-20,Organic Search,2026-04-29
3243,3243,20,2025-11-19,Paid Ads,2025-12-06
3244,3244,11,2026-01-16,Paid Ads,2026-02-04
3245,3245,18,2025-11-29,Organic Search,2025-12-03
3246,3246,30,2026-05-23,Paid Ads,2026-05-28
3247,3247,27,2025-06-26,Organic Search,2025-07-05
3248,3248,14,2026-04-29,Paid Ads,2026-05-05
3249,3249,18,2025-11-29,Organic Search,2025-12-27
3250,3250,18,2025-12-04,Organic Search,2025-12-08
3251,3251,26,2025-09-16,Organic Search,2025-09-20
3252,3252,28,2024-10-16,Paid Ads,2024-11-08
3253,3253,10,2024-05-16,Paid Ads,2024-06-07
3254,3254,22,2026-08-13,Paid Ads,2026-08-26
3255,3255,5,2024-02-05,Email,2024-02-09
3256,3256,24,2025-06-25,Paid Ads,2025-07-20
3257,3257,24,2025-06-30,Email,2025-07-04
3258,3258,11,2026-01-14,Paid Ads,2026-02-01
3259,3259,23,2024-06-09,Paid Ads,2024-07-05
3260,3260,18,2025-12-01,Organic Search,2025-12-19
3261,3261,4,2024-01-23,Organic Search,2024-02-17
3262,3262,28,2024-10-18,Organic Search,2024-10-20
3263,3263,14,2026-04-09,Email,2026-05-06
3264,3264,27,2025-06-30,Paid Ads,2025-07-24
3265,3265,15,2024-09-23,Email,2024-09-29
3266,3266,20,2025-11-23,Paid Ads,2025-12-11
3267,3267,18,2025-11-29,Paid Ads,2025-12-17
3268,3268,12,2024-03-23,Email,2024-04-21
3269,3269,6,2023-10-19,Paid Ads,2023-11-13
3270,3270,9,2025-05-25,Paid Ads,2025-05-30
3271,3271,13,2026-01-24,Paid Ads,2026-01-28
3272,3272,22,2026-08-14,Direct,2026-09-13
3273,3273,14,2026-04-13,Organic Search,2026-05-08
3274,3274,22,2026-08-09,Organic Search,2026-09-01
3275,3275,1,2024-08-27,Paid Ads,2024-09-06
3276,3276,28,2024-10-26,Organic Search,2024-11-10
3277,3277,2,2025-10-11,Paid Ads,2025-11-08
3278,3278,7,2023-12-24,Organic Search,2024-01-23
3279,3279,22,2026-08-17,Email,2026-09-08
3280,3280,1,2024-08-21,Direct,2024-09-15
3281,3281,1,2024-08-16,Organic Search,2024-09-12
3282,3282,13,2026-01-26,Organic Search,2026-02-02
3283,3283,29,2024-09-09,Paid Ads,2024-09-20
3284,3284,27,2025-06-20,Organic Search,2025-06-26
3285,3285,13,2026-01-25,Paid Ads,2026-02-24
3286,3286,17,2026-06-16,Paid Ads,2026-06-21
3287,3287,28,2024-11-01,Paid Ads,2024-11-30
3288,3288,28,2024-10-18,Organic Search,2024-10-29
3289,3289,11,2025-12-23,Organic Search,2026-01-06
3290,3290,30,2026-05-22,Organic Search,2026-06-04
3291,3291,5,2024-01-25,Paid Ads,2024-02-07
3292,3292,8,2024-01-07,Paid Ads,2024-01-11
3293,3293,13,2026-01-27,Organic Search,2026-02-25
3294,3294,23,2024-07-01,Email,2024-07-14
3295,3295,16,2025-05-03,Organic Search,2025-05-22
3296,3296,18,2025-12-02,Direct,2025-12-16
3297,3297,21,2026-05-03,Organic Search,2026-05-19
3298,3298,8,2024-01-12,Paid Ads,2024-02-04
3299,3299,19,2025-09-26,Organic Search,2025-10-12
3300,3300,19,2025-11-03,Paid Ads,2025-12-02
3301,3301,23,2024-06-23,Organic Search,2024-07-15
3302,3302,25,2025-08-14,Organic Search,2025-09-13
3303,3303,30,2026-05-19,Paid Ads,2026-06-05
3304,3304,13,2026-02-01,Organic Search,2026-02-10
3305,3305,13,2026-01-24,Organic Search,2026-02-20
3306,3306,1,2024-09-03,Paid Ads,2024-09-22
3307,3307,25,2025-07-31,Paid Ads,2025-08-11
3308,3308,26,2025-09-12,Paid Ads,2025-09-27
3309,3309,22,2026-08-08,Email,2026-08-17
3310,3310,18,2025-11-27,Organic Search,2025-12-09
3311,3311,26,2025-09-22,Organic Search,2025-10-11
3312,3312,2,2025-10-04,Paid Ads,2025-10-20
3313,3313,17,2026-06-13,Organic Search,2026-06-17
3314,3314,2,2025-10-02,Paid Ads,2025-10-09
3315,3315,7,2024-01-04,Organic Search,2024-01-05
3316,3316,15,2024-09-16,Organic Search,2024-10-05
3317,3317,13,2026-01-30,Organic Search,2026-01-31
3318,3318,5,2024-02-11,Direct,2024-02-17
3319,3319,18,2025-11-26,Organic Search,2025-12-20
3320,3320,14,2026-04-25,Paid Ads,2026-05-06
3321,3321,18,2025-11-30,Direct,2025-12-05
3322,3322,10,2024-05-16,Organic Search,2024-05-30
3323,3323,1,2024-09-09,Organic Search,2024-09-25
3324,3324,27,2025-06-22,Direct,2025-07-06
3325,3325,9,2025-06-21,Direct,2025-07-10
3326,3326,16,2025-04-26,Email,2025-05-23
3327,3327,3,2025-09-30,Organic Search,2025-10-29
3328,3328,28,2024-10-13,Organic Search,2024-10-29
3329,3329,15,2024-09-16,Organic Search,2024-10-16
3330,3330,21,2026-04-28,Paid Ads,2026-05-11
3331,3331,15,2024-09-14,Organic Search,2024-10-13
3332,3332,17,2026-06-19,Paid Ads,2026-07-06
3333,3333,23,2024-06-05,Paid Ads,2024-06-27
3334,3334,1,2024-08-21,Paid Ads,2024-09-02
3335,3335,30,2026-05-19,Paid Ads,2026-06-14
3336,3336,9,2025-05-19,Paid Ads,2025-05-30
3337,3337,19,2025-10-04,Direct,2025-10-22
3338,3338,23,2024-07-01,Direct,2024-07-12
3339,3339,18,2025-12-02,Paid Ads,2025-12-30
3340,3340,21,2026-05-07,Paid Ads,2026-05-21
3341,3341,1,2024-08-25,Paid Ads,2024-09-04
3342,3342,13,2026-01-23,Organic Search,2026-02-21
3343,3343,26,2025-09-13,Organic Search,2025-09-27
3344,3344,9,2025-06-02,Paid Ads,2025-06-22
3345,3345,17,2026-06-15,Email,2026-06-19
3346,3346,24,2025-06-13,Email,2025-07-04
3347,3347,14,2026-04-21,Paid Ads,2026-05-19
3348,3348,25,2025-08-05,Direct,2025-08-26
3349,3349,30,2026-05-19,Paid Ads,2026-06-05
3350,3350,2,2025-09-30,Organic Search,2025-10-25
3351,3351,22,2026-08-09,Organic Search,2026-08-16
3352,3352,29,2024-10-04,Email,2024-10-30
3353,3353,29,2024-09-12,Direct,2024-09-18
3354,3354,20,2025-11-14,Paid Ads,2025-11-16
3355,3355,27,2025-06-28,Organic Search,2025-06-29
3356,3356,22,2026-08-04,Email,2026-08-06
3357,3357,7,2024-01-13,Paid Ads,2024-02-05
3358,3358,14,2026-05-05,Paid Ads,2026-05-20
3359,3359,24,2025-05-27,Organic Search,2025-06-17
3360,3360,27,2025-06-28,Organic Search,2025-07-04
3361,3361,10,2024-05-13,Paid Ads,2024-06-04
3362,3362,1,2024-08-16,Paid Ads,2024-09-08
3363,3363,19,2025-10-26,Organic Search,2025-11-03
3364,3364,30,2026-05-21,Direct,2026-06-01
3365,3365,8,2024-01-11,Organic Search,2024-02-04
3366,3366,1,2024-08-20,Paid Ads,2024-09-14
3367,3367,21,2026-05-07,Organic Search,2026-05-17
3368,3368,12,2024-04-11,Paid Ads,2024-04-13
3369,3369,19,2025-10-15,Paid Ads,2025-11-11
3370,3370,2,2025-10-03,Paid Ads,2025-10-05
3371,3371,22,2026-08-10,Direct,2026-08-23
3372,3372,12,2024-03-19,Paid Ads,2024-04-18
3373,3373,14,2026-04-21,Paid Ads,2026-05-06
3374,3374,24,2025-05-24,Paid Ads,2025-05-30
3375,3375,12,2024-04-14,Direct,2024-05-03
3376,3376,4,2024-01-21,Direct,2024-02-05
3377,3377,26,2025-09-18,Paid Ads,2025-10-15
3378,3378,24,2025-06-08,Direct,2025-07-04
3379,3379,15,2024-09-14,Paid Ads,2024-10-03
3380,3380,28,2024-11-05,Organic Search,2024-11-20
3381,3381,8,2024-01-08,Paid Ads,2024-02-05
3382,3382,20,2025-11-15,Direct,2025-12-06
3383,3383,4,2024-01-22,Organic Search,2024-02-12
3384,3384,24,2025-06-06,Paid Ads,2025-06-26
3385,3385,3,2025-09-22,Organic Search,2025-10-02
3386,3386,25,2025-08-11,Paid Ads,2025-09-01
3387,3387,7,2024-01-05,Direct,2024-01-28
3388,3388,28,2024-11-14,Paid Ads,2024-11-15
3389,3389,25,2025-08-16,Organic Search,2025-08-17
3390,3390,27,2025-06-25,Organic Search,2025-07-11
3391,3391,4,2024-01-21,Paid Ads,2024-01-28
3392,3392,12,2024-03-17,Organic Search,2024-04-12
3393,3393,20,2025-11-09,Paid Ads,2025-11-18
3394,3394,2,2025-10-11,Paid Ads,2025-11-09
3395,3395,11,2025-12-27,Paid Ads,2026-01-20
3396,3396,19,2025-10-13,Paid Ads,2025-10-23
3397,3397,7,2024-01-02,Email,2024-01-13
3398,3398,10,2024-05-18,Organic Search,2024-06-14
3399,3399,17,2026-06-17,Direct,2026-07-02
3400,3400,11,2025-12-21,Email,2026-01-17
3401,3401,11,2025-12-28,Organic Search,2026-01-20
3402,3402,17,2026-06-13,Email,2026-07-13
3403,3403,30,2026-05-22,Paid Ads,2026-05-30
3404,3404,15,2024-09-16,Organic Search,2024-10-10
3405,3405,11,2026-01-15,Paid Ads,2026-01-25
3406,3406,4,2024-01-28,Paid Ads,2024-02-03
3407,3407,16,2025-05-06,Paid Ads,2025-05-13
3408,3408,21,2026-04-29,Organic Search,2026-05-13
3409,3409,1,2024-09-04,Direct,2024-09-18
3410,3410,4,2024-01-25,Paid Ads,2024-02-04
3411,3411,12,2024-03-28,Organic Search,2024-04-15
3412,3412,22,2026-08-16,Organic Search,2026-08-29
3413,3413,7,2023-12-12,Organic Search,2024-01-03
3414,3414,23,2024-06-21,Organic Search,2024-07-07
3415,3415,9,2025-06-07,Email,2025-06-22
3416,3416,8,2024-01-14,Email,2024-02-01
3417,3417,24,2025-05-24,Organic Search,2025-06-06
3418,3418,12,2024-04-13,Organic Search,2024-05-03
3419,3419,1,2024-08-12,Organic Search,2024-08-31
3420,3420,29,2024-09-16,Organic Search,2024-09-28
3421,3421,10,2024-05-14,Paid Ads,2024-06-01
3422,3422,3,2025-09-21,Organic Search,2025-09-30
3423,3423,18,2025-11-30,Organic Search,2025-12-03
3424,3424,3,2025-09-26,Paid Ads,2025-10-26
3425,3425,6,2023-10-21,Paid Ads,2023-10-23
3426,3426,29,2024-09-29,Direct,2024-10-09
3427,3427,6,2023-10-17,Paid Ads,2023-11-09
3428,3428,10,2024-05-10,Organic Search,2024-05-25
3429,3429,12,2024-04-06,Paid Ads,2024-04-07
3430,3430,29,2024-09-22,Email,2024-09-30
3431,3431,20,2025-11-06,Paid Ads,2025-12-02
3432,3432,24,2025-05-30,Paid Ads,2025-06-21
3433,3433,2,2025-09-26,Organic Search,2025-10-02
3434,3434,12,2024-04-09,Email,2024-04-16
3435,3435,20,2025-11-28,Organic Search,2025-12-05
3436,3436,27,2025-06-04,Email,2025-07-02
3437,3437,18,2025-12-06,Paid Ads,2025-12-18
3438,3438,27,2025-06-09,Direct,2025-07-02
3439,3439,6,2023-10-24,Organic Search,2023-11-04
3440,3440,3,2025-09-25,Paid Ads,2025-10-10
3441,3441,3,2025-10-04,Organic Search,2025-10-22
3442,3442,27,2025-06-22,Organic Search,2025-06-22
3443,3443,21,2026-04-27,Organic Search,2026-05-27
3444,3444,15,2024-09-17,Paid Ads,2024-10-13
3445,3445,25,2025-08-09,Paid Ads,2025-08-24
3446,3446,20,2025-11-17,Paid Ads,2025-11-23
3447,3447,26,2025-09-19,Paid Ads,2025-10-02
3448,3448,9,2025-05-15,Paid Ads,2025-05-28
3449,3449,30,2026-05-16,Paid Ads,2026-06-15
3450,3450,28,2024-11-06,Paid Ads,2024-11-08
3451,3451,9,2025-06-20,Paid Ads,2025-07-11
3452,3452,27,2025-06-24,Organic Search,2025-07-13
3453,3453,1,2024-08-24,Paid Ads,2024-09-20
3454,3454,13,2026-01-28,Organic Search,2026-01-31
3455,3455,15,2024-09-16,Direct,2024-10-13
3456,3456,23,2024-06-15,Paid Ads,2024-07-13
3457,3457,29,2024-09-12,Paid Ads,2024-09-23
3458,3458,15,2024-09-11,Paid Ads,2024-10-03
3459,3459,7,2024-01-09,Paid Ads,2024-02-07
3460,3460,24,2025-06-27,Paid Ads,2025-07-13
3461,3461,10,2024-05-16,Organic Search,2024-05-18
3462,3462,18,2025-12-03,Paid Ads,2025-12-13
3463,3463,29,2024-09-24,Paid Ads,2024-10-05
3464,3464,9,2025-05-27,Paid Ads,2025-05-27
3465,3465,1,2024-08-19,Direct,2024-09-07
3466,3466,23,2024-06-14,Direct,2024-06-19
3467,3467,8,2024-01-12,Paid Ads,2024-01-29
3468,3468,9,2025-05-27,Paid Ads,2025-06-17
3469,3469,15,2024-09-13,Organic Search,2024-10-04
3470,3470,28,2024-10-10,Paid Ads,2024-10-28
3471,3471,8,2024-01-08,Paid Ads,2024-02-04
3472,3472,10,2024-05-11,Paid Ads,2024-05-11
3473,3473,2,2025-09-26,Paid Ads,2025-10-25
3474,3474,11,2026-01-09,Organic Search,2026-01-15
3475,3475,8,2024-01-13,Paid Ads,2024-01-19
3476,3476,15,2024-09-18,Paid Ads,2024-10-03
3477,3477,8,2024-01-10,Direct,2024-01-21
3478,3478,29,2024-09-14,Paid Ads,2024-10-04
3479,3479,16,2025-04-30,Organic Search,2025-05-11
3480,3480,22,2026-08-14,Direct,2026-08-23
3481,3481,18,2025-12-04,Paid Ads,2025-12-12
3482,3482,16,2025-04-23,Email,2025-05-22
3483,3483,13,2026-01-29,Paid Ads,2026-02-22
3484,3484,3,2025-09-29,Organic Search,2025-10-07
3485,3485,10,2024-05-15,Paid Ads,2024-06-12
3486,3486,21,2026-04-28,Organic Search,2026-05-07
3487,3487,24,2025-06-17,Organic Search,2025-06-22
3488,3488,29,2024-09-27,Organic Search,2024-09-29
3489,3489,27,2025-06-11,Organic Search,2025-06-17
3490,3490,8,2024-01-11,Direct,2024-01-25
3491,3491,19,2025-10-10,Organic Search,2025-10-18
3492,3492,18,2025-11-29,Organic Search,2025-12-14
3493,3493,16,2025-04-15,Paid Ads,2025-05-01
3494,3494,16,2025-04-23,Organic Search,2025-05-19
3495,3495,1,2024-08-11,Organic Search,2024-08-17
3496,3496,16,2025-05-14,Email,2025-05-24
3497,3497,15,2024-09-15,Direct,2024-10-11
3498,3498,9,2025-06-18,Organic Search,2025-07-03
3499,3499,23,2024-06-11,Paid Ads,2024-07-04
3500,3500,5,2024-01-11,Paid Ads,2024-02-04
3501,3501,4,2024-01-20,Paid Ads,2024-01-27
3502,3502,24,2025-06-07,Organic Search,2025-07-01
3503,3503,1,2024-09-02,Paid Ads,2024-09-19
3504,3504,11,2026-01-18,Direct,2026-01-31
3505,3505,6,2023-10-26,Email,2023-11-09
3506,3506,3,2025-09-25,Paid Ads,2025-10-18
3507,3507,17,2026-06-20,Paid Ads,2026-07-18
3508,3508,19,2025-10-29,Organic Search,2025-11-06
3509,3509,8,2024-01-07,Paid Ads,2024-02-06
3510,3510,27,2025-06-13,Paid Ads,2025-07-04
3511,3511,28,2024-11-07,Direct,2024-12-04
3512,3512,16,2025-04-24,Direct,2025-05-21
3513,3513,27,2025-06-08,Paid Ads,2025-06-09
3514,3514,7,2023-12-10,Organic Search,2024-01-06
3515,3515,8,2024-01-14,Paid Ads,2024-01-23
3516,3516,14,2026-04-26,Email,2026-05-05
3517,3517,16,2025-04-23,Paid Ads,2025-04-28
3518,3518,12,2024-03-25,Email,2024-03-30
3519,3519,30,2026-05-16,Paid Ads,2026-06-06
3520,3520,15,2024-09-12,Organic Search,2024-09-27
3521,3521,9,2025-06-24,Paid Ads,2025-07-01
3522,3522,1,2024-09-10,Direct,2024-10-07
3523,3523,17,2026-06-17,Organic Search,2026-07-09
3524,3524,9,2025-06-06,Paid Ads,2025-06-21
3525,3525,30,2026-05-17,Paid Ads,2026-06-15
3526,3526,27,2025-06-14,Email,2025-06-19
3527,3527,4,2024-01-22,Organic Search,2024-02-18
3528,3528,9,2025-05-28,Direct,2025-06-11
3529,3529,29,2024-09-16,Organic Search,2024-09-16
3530,3530,2,2025-10-01,Organic Search,2025-10-08
3531,3531,28,2024-10-17,Organic Search,2024-11-03
3532,3532,20,2025-11-09,Organic Search,2025-11-12
3533,3533,5,2024-01-25,Paid Ads,2024-02-14
3534,3534,15,2024-09-14,Direct,2024-10-07
3535,3535,6,2023-11-01,Paid Ads,2023-11-03
3536,3536,26,2025-09-12,Paid Ads,2025-09-15
3537,3537,7,2024-01-05,Direct,2024-01-15
3538,3538,10,2024-05-11,Email,2024-06-04
3539,3539,20,2025-11-22,Organic Search,2025-11-30
3540,3540,27,2025-06-23,Email,2025-06-26
3541,3541,21,2026-05-09,Paid Ads,2026-05-29
3542,3542,16,2025-05-03,Paid Ads,2025-05-15
3543,3543,10,2024-05-17,Email,2024-05-21
3544,3544,30,2026-05-21,Direct,2026-05-30
3545,3545,21,2026-05-06,Organic Search,2026-05-19
3546,3546,10,2024-05-12,Paid Ads,2024-05-17
3547,3547,2,2025-09-27,Direct,2025-10-08
3548,3548,7,2023-12-10,Organic Search,2024-01-02
3549,3549,9,2025-06-09,Paid Ads,2025-07-05
3550,3550,28,2024-11-08,Paid Ads,2024-11-15
3551,3551,20,2025-11-17,Paid Ads,2025-11-25
3552,3552,22,2026-08-09,Direct,2026-08-22
3553,3553,13,2026-01-23,Paid Ads,2026-01-27
3554,3554,26,2025-09-23,Email,2025-10-15
3555,3555,24,2025-06-27,Organic Search,2025-06-28
3556,3556,12,2024-03-22,Paid Ads,2024-04-03
3557,3557,7,2023-12-23,Email,2024-01-05
3558,3558,14,2026-04-20,Organic Search,2026-04-26
3559,3559,3,2025-10-05,Paid Ads,2025-10-17
3560,3560,12,2024-03-24,Paid Ads,2024-04-13
3561,3561,29,2024-09-29,Paid Ads,2024-10-19
3562,3562,24,2025-06-24,Organic Search,2025-07-04
3563,3563,1,2024-08-26,Paid Ads,2024-09-06
3564,3564,23,2024-06-21,Organic Search,2024-07-19
3565,3565,10,2024-05-18,Direct,2024-05-27
3566,3566,30,2026-05-16,Email,2026-06-15
3567,3567,27,2025-06-25,Paid Ads,2025-07-02
3568,3568,11,2026-01-16,Organic Search,2026-01-24
3569,3569,29,2024-09-06,Paid Ads,2024-09-08
3570,3570,10,2024-05-18,Direct,2024-06-05
3571,3571,4,2024-01-17,Paid Ads,2024-01-30
3572,3572,25,2025-07-30,Paid Ads,2025-07-31
3573,3573,4,2024-01-19,Paid Ads,2024-01-21
3574,3574,22,2026-08-12,Paid Ads,2026-08-28
3575,3575,24,2025-05-27,Email,2025-06-01
3576,3576,12,2024-03-30,Email,2024-04-21
3577,3577,19,2025-10-30,Direct,2025-11-15
3578,3578,23,2024-06-15,Direct,2024-06-30
3579,3579,3,2025-09-24,Paid Ads,2025-10-22
3580,3580,16,2025-05-07,Direct,2025-05-29
3581,3581,7,2023-12-28,Paid Ads,2024-01-04
3582,3582,8,2024-01-09,Email,2024-01-16
3583,3583,27,2025-06-01,Organic Search,2025-06-21
3584,3584,28,2024-10-10,Direct,2024-10-14
3585,3585,17,2026-06-14,Organic Search,2026-06-17
3586,3586,10,2024-05-12,Direct,2024-05-22
3587,3587,4,2024-01-19,Organic Search,2024-01-26
3588,3588,18,2025-11-30,Paid Ads,2025-12-01
3589,3589,10,2024-05-17,Paid Ads,2024-05-24
3590,3590,24,2025-06-06,Direct,2025-07-05
3591,3591,5,2024-02-06,Organic Search,2024-02-21
3592,3592,2,2025-10-07,Paid Ads,2025-11-03
3593,3593,9,2025-05-22,Paid Ads,2025-05-25
3594,3594,13,2026-02-01,Direct,2026-02-18
3595,3595,7,2023-12-27,Organic Search,2023-12-29
3596,3596,17,2026-06-13,Direct,2026-06-21
3597,3597,6,2023-10-28,Paid Ads,2023-11-02
3598,3598,9,2025-05-23,Organic Search,2025-06-10
3599,3599,8,2024-01-14,Organic Search,2024-01-16
3600,3600,2,2025-10-08,Paid Ads,2025-10-13
3601,3601,16,2025-05-13,Organic Search,2025-05-18
3602,3602,8,2024-01-09,Organic Search,2024-01-15
3603,3603,4,2024-01-21,Organic Search,2024-02-10
3604,3604,7,2023-12-29,Organic Search,2024-01-17
3605,3605,13,2026-01-23,Paid Ads,2026-02-05
3606,3606,3,2025-09-27,Paid Ads,2025-09-30
3607,3607,3,2025-10-05,Organic Search,2025-10-15
3608,3608,6,2023-10-07,Organic Search,2023-10-07
3609,3609,19,2025-10-24,Organic Search,2025-11-14
3610,3610,22,2026-08-03,Organic Search,2026-08-06
3611,3611,26,2025-09-21,Email,2025-10-01
3612,3612,5,2024-01-19,Direct,2024-02-07
3613,3613,14,2026-04-12,Organic Search,2026-04-17
3614,3614,30,2026-05-21,Organic Search,2026-06-05
3615,3615,8,2024-01-10,Organic Search,2024-01-23
3616,3616,6,2023-10-31,Email,2023-11-07
3617,3617,5,2024-02-12,Direct,2024-02-23
3618,3618,22,2026-08-18,Paid Ads,2026-09-13
3619,3619,7,2023-12-27,Direct,2023-12-28
3620,3620,14,2026-05-03,Paid Ads,2026-05-13
3621,3621,19,2025-10-21,Organic Search,2025-10-23
3622,3622,2,2025-10-07,Organic Search,2025-10-09
3623,3623,7,2024-01-10,Paid Ads,2024-01-19
3624,3624,17,2026-06-13,Email,2026-07-05
3625,3625,22,2026-08-09,Paid Ads,2026-08-18
3626,3626,26,2025-09-12,Direct,2025-10-05
3627,3627,12,2024-04-12,Paid Ads,2024-05-02
3628,3628,12,2024-04-13,Paid Ads,2024-04-14
3629,3629,2,2025-09-30,Paid Ads,2025-09-30
3630,3630,24,2025-06-22,Paid Ads,2025-06-27
3631,3631,20,2025-11-21,Email,2025-12-07
3632,3632,24,2025-06-12,Email,2025-07-06
3633,3633,15,2024-09-15,Paid Ads,2024-10-15
3634,3634,23,2024-06-08,Organic Search,2024-06-28
3635,3635,1,2024-08-13,Paid Ads,2024-08-23
3636,3636,1,2024-08-09,Organic Search,2024-08-20
3637,3637,16,2025-04-15,Direct,2025-04-17
3638,3638,2,2025-10-10,Paid Ads,2025-11-07
3639,3639,24,2025-06-24,Paid Ads,2025-06-25
3640,3640,24,2025-06-11,Paid Ads,2025-07-08
3641,3641,26,2025-09-15,Paid Ads,2025-10-03
3642,3642,16,2025-05-20,Direct,2025-06-17
3643,3643,10,2024-05-18,Direct,2024-05-27
3644,3644,25,2025-08-12,Organic Search,2025-08-17
3645,3645,26,2025-09-23,Paid Ads,2025-09-23
3646,3646,3,2025-09-27,Paid Ads,2025-09-30
3647,3647,3,2025-09-30,Email,2025-10-22
3648,3648,26,2025-09-16,Paid Ads,2025-10-10
3649,3649,10,2024-05-10,Paid Ads,2024-05-11
3650,3650,16,2025-04-23,Paid Ads,2025-04-25
3651,3651,17,2026-06-16,Organic Search,2026-06-23
3652,3652,24,2025-05-28,Organic Search,2025-06-09
3653,3653,29,2024-09-29,Paid Ads,2024-10-26
3654,3654,4,2024-01-18,Paid Ads,2024-02-09
3655,3655,19,2025-10-03,Email,2025-10-03
3656,3656,8,2024-01-09,Paid Ads,2024-02-06
3657,3657,15,2024-09-19,Paid Ads,2024-09-21
3658,3658,21,2026-05-06,Paid Ads,2026-05-17
3659,3659,15,2024-09-20,Paid Ads,2024-09-26
3660,3660,5,2024-01-26,Paid Ads,2024-02-03
3661,3661,13,2026-02-01,Paid Ads,2026-02-23
3662,3662,6,2023-10-11,Organic Search,2023-11-09
3663,3663,3,2025-09-29,Paid Ads,2025-10-13
3664,3664,4,2024-01-24,Organic Search,2024-01-24
3665,3665,5,2024-01-25,Paid Ads,2024-01-25
3666,3666,24,2025-06-19,Paid Ads,2025-07-15
3667,3667,2,2025-10-07,Organic Search,2025-10-27
3668,3668,27,2025-06-07,Paid Ads,2025-06-12
3669,3669,26,2025-09-13,Paid Ads,2025-09-13
3670,3670,11,2026-01-17,Organic Search,2026-02-05
3671,3671,10,2024-05-18,Paid Ads,2024-06-02
3672,3672,30,2026-05-25,Paid Ads,2026-05-30
3673,3673,3,2025-09-29,Paid Ads,2025-10-23
3674,3674,21,2026-05-01,Organic Search,2026-05-13
3675,3675,28,2024-11-06,Organic Search,2024-11-14
3676,3676,16,2025-05-27,Organic Search,2025-06-25
3677,3677,15,2024-09-20,Paid Ads,2024-10-09
3678,3678,25,2025-08-12,Email,2025-08-19
3679,3679,14,2026-04-11,Organic Search,2026-05-09
3680,3680,11,2026-01-12,Paid Ads,2026-01-12
3681,3681,30,2026-05-18,Direct,2026-06-03
3682,3682,3,2025-10-02,Organic Search,2025-10-08
3683,3683,20,2025-11-17,Organic Search,2025-12-13
3684,3684,22,2026-08-11,Direct,2026-09-03
3685,3685,19,2025-11-02,Email,2025-11-30
3686,3686,17,2026-06-13,Direct,2026-06-27
3687,3687,20,2025-11-29,Direct,2025-12-17
3688,3688,12,2024-03-30,Paid Ads,2024-04-24
3689,3689,25,2025-08-07,Paid Ads,2025-08-27
3690,3690,17,2026-06-14,Organic Search,2026-06-28
3691,3691,14,2026-04-22,Organic Search,2026-05-16
3692,3692,1,2024-08-09,Paid Ads,2024-08-21
3693,3693,29,2024-10-05,Organic Search,2024-10-08
3694,3694,16,2025-04-16,Organic Search,2025-05-08
3695,3695,6,2023-10-04,Paid Ads,2023-10-08
3696,3696,22,2026-08-12,Organic Search,2026-09-06
3697,3697,26,2025-09-17,Paid Ads,2025-09-23
3698,3698,14,2026-04-08,Direct,2026-04-23
3699,3699,14,2026-04-19,Paid Ads,2026-04-23
3700,3700,18,2025-12-06,Paid Ads,2025-12-28
3701,3701,30,2026-05-17,Paid Ads,2026-06-02
3702,3702,27,2025-06-06,Organic Search,2025-06-26
3703,3703,26,2025-09-11,Direct,2025-09-16
3704,3704,15,2024-09-18,Paid Ads,2024-10-11
3705,3705,3,2025-09-23,Direct,2025-10-16
3706,3706,17,2026-06-15,Paid Ads,2026-07-10
3707,3707,29,2024-09-29,Paid Ads,2024-10-19
3708,3708,4,2024-01-23,Organic Search,2024-01-27
3709,3709,9,2025-06-10,Direct,2025-07-07
3710,3710,19,2025-10-06,Paid Ads,2025-10-25
3711,3711,19,2025-10-03,Organic Search,2025-10-17
3712,3712,15,2024-09-12,Direct,2024-09-28
3713,3713,3,2025-10-02,Organic Search,2025-10-23
3714,3714,7,2024-01-05,Email,2024-01-26
3715,3715,12,2024-04-10,Paid Ads,2024-05-06
3716,3716,19,2025-10-12,Organic Search,2025-10-24
3717,3717,14,2026-04-22,Organic Search,2026-04-23
3718,3718,12,2024-03-21,Direct,2024-04-06
3719,3719,21,2026-04-30,Paid Ads,2026-05-22
3720,3720,4,2024-01-18,Organic Search,2024-02-10
3721,3721,8,2024-01-09,Organic Search,2024-02-05
3722,3722,27,2025-06-17,Direct,2025-06-27
3723,3723,21,2026-05-02,Paid Ads,2026-05-14
3724,3724,6,2023-09-27,Organic Search,2023-10-11
3725,3725,20,2025-11-29,Paid Ads,2025-12-22
3726,3726,30,2026-05-18,Paid Ads,2026-06-09
3727,3727,26,2025-09-20,Paid Ads,2025-10-15
3728,3728,8,2024-01-14,Email,2024-01-28
3729,3729,5,2024-02-07,Paid Ads,2024-02-16
3730,3730,25,2025-08-12,Paid Ads,2025-08-27
3731,3731,20,2025-11-10,Organic Search,2025-11-12
3732,3732,16,2025-05-01,Direct,2025-05-26
3733,3733,30,2026-05-17,Paid Ads,2026-05-17
3734,3734,13,2026-01-24,Paid Ads,2026-01-24
3735,3735,18,2025-12-03,Paid Ads,2025-12-10
3736,3736,14,2026-04-11,Paid Ads,2026-04-21
3737,3737,1,2024-08-29,Paid Ads,2024-09-26
3738,3738,18,2025-12-06,Organic Search,2025-12-10
3739,3739,28,2024-10-29,Paid Ads,2024-10-31
3740,3740,6,2023-10-14,Paid Ads,2023-10-25
3741,3741,16,2025-04-24,Paid Ads,2025-05-06
3742,3742,26,2025-09-19,Organic Search,2025-09-23
3743,3743,8,2024-01-08,Direct,2024-01-10
3744,3744,13,2026-01-23,Direct,2026-02-09
3745,3745,20,2025-11-20,Direct,2025-12-03
3746,3746,2,2025-09-30,Email,2025-10-27
3747,3747,25,2025-08-05,Paid Ads,2025-08-10
3748,3748,7,2023-12-31,Direct,2024-01-18
3749,3749,12,2024-04-13,Organic Search,2024-04-28
3750,3750,30,2026-05-24,Direct,2026-05-28
3751,3751,1,2024-08-06,Organic Search,2024-08-10
3752,3752,10,2024-05-10,Paid Ads,2024-05-29
3753,3753,23,2024-06-13,Organic Search,2024-07-03
3754,3754,3,2025-09-25,Organic Search,2025-10-01
3755,3755,13,2026-01-24,Organic Search,2026-02-04
3756,3756,8,2024-01-10,Organic Search,2024-01-22
3757,3757,5,2024-02-05,Organic Search,2024-02-06
3758,3758,15,2024-09-13,Paid Ads,2024-10-02
3759,3759,4,2024-01-27,Paid Ads,2024-02-23
3760,3760,13,2026-01-25,Paid Ads,2026-02-18
3761,3761,13,2026-01-27,Organic Search,2026-01-27
3762,3762,8,2024-01-14,Paid Ads,2024-01-30
3763,3763,8,2024-01-08,Paid Ads,2024-01-25
3764,3764,13,2026-01-25,Organic Search,2026-02-02
3765,3765,3,2025-09-27,Organic Search,2025-10-06
3766,3766,1,2024-08-11,Organic Search,2024-09-03
3767,3767,8,2024-01-08,Paid Ads,2024-01-24
3768,3768,16,2025-04-19,Organic Search,2025-05-11
3769,3769,20,2025-11-11,Paid Ads,2025-11-15
3770,3770,23,2024-06-23,Paid Ads,2024-06-23
3771,3771,20,2025-11-29,Organic Search,2025-12-15
3772,3772,3,2025-10-04,Direct,2025-10-30
3773,3773,3,2025-09-18,Paid Ads,2025-09-24
3774,3774,28,2024-10-12,Paid Ads,2024-11-01
3775,3775,23,2024-06-24,Organic Search,2024-07-17
3776,3776,15,2024-09-12,Organic Search,2024-09-27
3777,3777,13,2026-02-01,Direct,2026-03-02
3778,3778,15,2024-09-24,Email,2024-10-19
3779,3779,15,2024-09-24,Paid Ads,2024-10-06
3780,3780,3,2025-10-03,Paid Ads,2025-10-19
3781,3781,14,2026-04-30,Paid Ads,2026-05-11
3782,3782,12,2024-03-25,Organic Search,2024-04-24
3783,3783,8,2024-01-09,Paid Ads,2024-01-16
3784,3784,5,2024-01-14,Paid Ads,2024-01-15
3785,3785,28,2024-10-15,Organic Search,2024-11-13
3786,3786,1,2024-08-25,Paid Ads,2024-09-02
3787,3787,9,2025-06-20,Email,2025-06-27
3788,3788,22,2026-08-07,Organic Search,2026-08-14
3789,3789,24,2025-06-17,Organic Search,2025-06-29
3790,3790,10,2024-05-13,Paid Ads,2024-05-16
3791,3791,8,2024-01-12,Organic Search,2024-01-24
3792,3792,9,2025-06-07,Direct,2025-06-12
3793,3793,20,2025-11-26,Paid Ads,2025-12-18
3794,3794,6,2023-10-30,Email,2023-11-25
3795,3795,23,2024-06-26,Organic Search,2024-07-09
3796,3796,5,2024-02-01,Organic Search,2024-02-24
3797,3797,12,2024-03-27,Paid Ads,2024-04-14
3798,3798,3,2025-10-05,Paid Ads,2025-10-06
3799,3799,28,2024-10-22,Paid Ads,2024-10-25
3800,3800,9,2025-05-31,Organic Search,2025-06-04
3801,3801,17,2026-06-18,Organic Search,2026-07-04
3802,3802,19,2025-09-28,Paid Ads,2025-10-03
3803,3803,2,2025-10-05,Email,2025-10-26
3804,3804,22,2026-08-04,Paid Ads,2026-08-14
3805,3805,11,2026-01-31,Organic Search,2026-02-07
3806,3806,18,2025-12-04,Organic Search,2025-12-18
3807,3807,20,2025-11-25,Paid Ads,2025-12-24
3808,3808,13,2026-01-26,Paid Ads,2026-02-23
3809,3809,25,2025-08-17,Paid Ads,2025-08-20
3810,3810,20,2025-11-28,Paid Ads,2025-12-17
3811,3811,26,2025-09-21,Email,2025-10-13
3812,3812,5,2024-01-13,Paid Ads,2024-01-22
3813,3813,25,2025-08-17,Organic Search,2025-08-17
3814,3814,7,2024-01-15,Paid Ads,2024-02-01
3815,3815,27,2025-06-29,Paid Ads,2025-07-24
3816,3816,19,2025-10-15,Organic Search,2025-10-26
3817,3817,7,2024-01-14,Paid Ads,2024-02-07
3818,3818,23,2024-06-09,Paid Ads,2024-07-03
3819,3819,20,2025-11-22,Organic Search,2025-11-22
3820,3820,1,2024-09-06,Email,2024-09-08
3821,3821,7,2023-12-30,Paid Ads,2024-01-04
3822,3822,24,2025-06-11,Direct,2025-07-03
3823,3823,21,2026-05-05,Organic Search,2026-05-05
3824,3824,27,2025-06-23,Paid Ads,2025-07-06
3825,3825,23,2024-06-16,Email,2024-06-27
3826,3826,5,2024-02-01,Paid Ads,2024-02-28
3827,3827,10,2024-05-10,Paid Ads,2024-05-11
3828,3828,7,2023-12-15,Paid Ads,2023-12-15
3829,3829,25,2025-08-08,Organic Search,2025-08-29
3830,3830,14,2026-04-29,Paid Ads,2026-05-19
3831,3831,5,2024-01-18,Paid Ads,2024-01-21
3832,3832,16,2025-05-18,Paid Ads,2025-06-15
3833,3833,9,2025-05-14,Organic Search,2025-06-03
3834,3834,20,2025-11-02,Direct,2025-11-11
3835,3835,27,2025-06-09,Organic Search,2025-07-06
3836,3836,6,2023-10-04,Organic Search,2023-10-26
3837,3837,22,2026-08-12,Paid Ads,2026-09-04
3838,3838,16,2025-05-03,Organic Search,2025-05-06
3839,3839,2,2025-10-01,Organic Search,2025-10-30
3840,3840,15,2024-09-24,Paid Ads,2024-10-14
3841,3841,30,2026-05-16,Organic Search,2026-05-16
3842,3842,28,2024-10-15,Organic Search,2024-10-26
3843,3843,4,2024-01-20,Organic Search,2024-02-10
3844,3844,10,2024-05-16,Organic Search,2024-06-14
3845,3845,15,2024-09-25,Paid Ads,2024-09-28
3846,3846,7,2023-12-30,Email,2024-01-22
3847,3847,4,2024-01-17,Paid Ads,2024-01-27
3848,3848,29,2024-09-26,Paid Ads,2024-10-18
3849,3849,22,2026-08-14,Paid Ads,2026-08-16
3850,3850,23,2024-06-12,Paid Ads,2024-06-15
3851,3851,15,2024-09-13,Direct,2024-09-24
3852,3852,3,2025-09-29,Organic Search,2025-10-25
3853,3853,21,2026-04-28,Organic Search,2026-04-30
3854,3854,28,2024-10-22,Paid Ads,2024-11-17
3855,3855,29,2024-09-06,Email,2024-09-11
3856,3856,12,2024-04-16,Email,2024-04-25
3857,3857,11,2025-12-25,Paid Ads,2026-01-13
3858,3858,15,2024-09-16,Email,2024-10-12
3859,3859,27,2025-06-13,Organic Search,2025-06-13
3860,3860,1,2024-08-28,Paid Ads,2024-09-13
3861,3861,16,2025-05-08,Paid Ads,2025-05-19
3862,3862,23,2024-06-08,Organic Search,2024-06-17
3863,3863,4,2024-01-24,Organic Search,2024-02-01
3864,3864,17,2026-06-14,Paid Ads,2026-07-13
3865,3865,26,2025-09-19,Paid Ads,2025-09-19
3866,3866,4,2024-01-25,Paid Ads,2024-02-16
3867,3867,21,2026-05-04,Direct,2026-05-04
3868,3868,27,2025-06-24,Email,2025-06-27
3869,3869,24,2025-06-26,Organic Search,2025-07-02
3870,3870,14,2026-04-21,Organic Search,2026-05-16
3871,3871,5,2024-01-22,Paid Ads,2024-02-10
3872,3872,1,2024-09-02,Direct,2024-09-26
3873,3873,2,2025-10-08,Email,2025-10-29
3874,3874,21,2026-05-03,Paid Ads,2026-05-07
3875,3875,17,2026-06-15,Organic Search,2026-07-15
3876,3876,29,2024-09-29,Paid Ads,2024-10-06
3877,3877,26,2025-09-23,Organic Search,2025-10-13
3878,3878,24,2025-06-27,Email,2025-07-08
3879,3879,24,2025-06-12,Paid Ads,2025-07-06
3880,3880,10,2024-05-10,Email,2024-06-02
3881,3881,23,2024-06-26,Organic Search,2024-07-20
3882,3882,1,2024-08-21,Paid Ads,2024-09-04
3883,3883,23,2024-06-07,Organic Search,2024-06-29
3884,3884,25,2025-08-09,Organic Search,2025-08-27
3885,3885,1,2024-08-30,Organic Search,2024-09-02
3886,3886,16,2025-05-23,Email,2025-06-10
3887,3887,25,2025-08-07,Direct,2025-08-16
3888,3888,6,2023-10-20,Email,2023-11-16
3889,3889,3,2025-09-19,Paid Ads,2025-10-03
3890,3890,20,2025-11-26,Paid Ads,2025-12-07
3891,3891,14,2026-05-10,Paid Ads,2026-06-08
3892,3892,15,2024-09-11,Organic Search,2024-10-04
3893,3893,11,2026-01-27,Organic Search,2026-02-25
3894,3894,24,2025-06-25,Paid Ads,2025-07-10
3895,3895,11,2025-12-29,Paid Ads,2026-01-09
3896,3896,26,2025-09-22,Organic Search,2025-09-29
3897,3897,13,2026-01-24,Organic Search,2026-02-06
3898,3898,27,2025-06-07,Direct,2025-07-04
3899,3899,6,2023-10-16,Paid Ads,2023-10-17
3900,3900,30,2026-05-18,Paid Ads,2026-06-05
3901,3901,19,2025-10-12,Organic Search,2025-11-04
3902,3902,13,2026-01-26,Organic Search,2026-02-14
3903,3903,12,2024-03-16,Paid Ads,2024-03-16
3904,3904,27,2025-06-08,Direct,2025-06-26
3905,3905,14,2026-05-09,Paid Ads,2026-05-20
3906,3906,10,2024-05-16,Email,2024-06-08
3907,3907,25,2025-08-08,Email,2025-08-27
3908,3908,2,2025-09-29,Paid Ads,2025-10-06
3909,3909,26,2025-09-15,Organic Search,2025-09-28
3910,3910,21,2026-05-02,Organic Search,2026-05-16
3911,3911,22,2026-08-06,Direct,2026-09-04
3912,3912,2,2025-10-01,Direct,2025-10-14
3913,3913,29,2024-09-20,Organic Search,2024-10-16
3914,3914,16,2025-05-06,Direct,2025-05-25
3915,3915,11,2026-01-02,Paid Ads,2026-01-13
3916,3916,17,2026-06-15,Organic Search,2026-06-20
3917,3917,11,2026-01-06,Organic Search,2026-01-28
3918,3918,8,2024-01-07,Organic Search,2024-01-18
3919,3919,24,2025-06-01,Organic Search,2025-06-29
3920,3920,22,2026-08-12,Paid Ads,2026-08-21
3921,3921,10,2024-05-18,Organic Search,2024-05-21
3922,3922,21,2026-05-02,Organic Search,2026-05-23
3923,3923,15,2024-09-21,Direct,2024-10-17
3924,3924,9,2025-06-10,Paid Ads,2025-06-10
3925,3925,29,2024-09-27,Organic Search,2024-10-08
3926,3926,10,2024-05-16,Paid Ads,2024-05-30
3927,3927,20,2025-11-17,Organic Search,2025-11-29
3928,3928,10,2024-05-16,Email,2024-05-20
3929,3929,19,2025-10-13,Paid Ads,2025-10-21
3930,3930,22,2026-08-11,Direct,2026-08-22
3931,3931,20,2025-11-05,Paid Ads,2025-11-16
3932,3932,8,2024-01-10,Organic Search,2024-02-02
3933,3933,30,2026-05-18,Email,2026-05-22
3934,3934,17,2026-06-15,Organic Search,2026-06-19
3935,3935,14,2026-05-10,Paid Ads,2026-05-21
3936,3936,23,2024-07-01,Paid Ads,2024-07-29
3937,3937,17,2026-06-18,Direct,2026-06-28
3938,3938,8,2024-01-12,Organic Search,2024-01-30
3939,3939,27,2025-06-24,Organic Search,2025-07-16
3940,3940,28,2024-10-23,Direct,2024-10-31
3941,3941,26,2025-09-15,Paid Ads,2025-09-28
3942,3942,3,2025-09-18,Paid Ads,2025-09-21
3943,3943,7,2024-01-06,Paid Ads,2024-01-22
3944,3944,19,2025-10-12,Organic Search,2025-11-06
3945,3945,13,2026-01-24,Paid Ads,2026-02-06
3946,3946,24,2025-05-27,Organic Search,2025-06-12
3947,3947,12,2024-04-01,Organic Search,2024-04-22
3948,3948,1,2024-08-06,Organic Search,2024-08-16
3949,3949,5,2024-01-22,Email,2024-01-22
3950,3950,25,2025-08-04,Organic Search,2025-08-11
3951,3951,11,2025-12-28,Paid Ads,2026-01-22
3952,3952,17,2026-06-14,Paid Ads,2026-07-10
3953,3953,6,2023-10-21,Organic Search,2023-10-24
3954,3954,24,2025-06-02,Organic Search,2025-06-10
3955,3955,21,2026-05-06,Paid Ads,2026-05-09
3956,3956,3,2025-09-30,Organic Search,2025-10-30
3957,3957,21,2026-05-08,Organic Search,2026-05-18
3958,3958,30,2026-05-19,Organic Search,2026-05-22
3959,3959,16,2025-05-03,Organic Search,2025-05-14
3960,3960,4,2024-01-25,Email,2024-02-16
3961,3961,30,2026-05-25,Paid Ads,2026-06-15
3962,3962,10,2024-05-18,Organic Search,2024-05-22
3963,3963,7,2024-01-04,Direct,2024-01-12
3964,3964,13,2026-01-27,Email,2026-01-28
3965,3965,5,2024-02-13,Direct,2024-02-23
3966,3966,23,2024-06-29,Direct,2024-07-17
3967,3967,21,2026-05-04,Direct,2026-05-30
3968,3968,27,2025-06-08,Paid Ads,2025-06-09
3969,3969,18,2025-12-03,Paid Ads,2025-12-06
3970,3970,21,2026-04-29,Organic Search,2026-05-25
3971,3971,11,2026-01-22,Organic Search,2026-02-11
3972,3972,30,2026-05-22,Organic Search,2026-05-27
3973,3973,8,2024-01-07,Organic Search,2024-01-24
3974,3974,3,2025-09-27,Paid Ads,2025-10-22
3975,3975,29,2024-09-08,Email,2024-09-23
3976,3976,4,2024-01-17,Organic Search,2024-01-30
3977,3977,6,2023-10-10,Organic Search,2023-10-28
3978,3978,29,2024-09-12,Organic Search,2024-10-03
3979,3979,28,2024-10-12,Organic Search,2024-10-24
3980,3980,20,2025-11-22,Organic Search,2025-12-19
3981,3981,28,2024-11-04,Direct,2024-11-30
3982,3982,1,2024-08-08,Paid Ads,2024-08-16
3983,3983,25,2025-08-03,Direct,2025-08-14
3984,3984,13,2026-01-28,Paid Ads,2026-02-27
3985,3985,11,2026-01-30,Paid Ads,2026-02-22
3986,3986,9,2025-06-20,Paid Ads,2025-07-19
3987,3987,21,2026-05-05,Email,2026-05-20
3988,3988,6,2023-10-03,Direct,2023-10-07
3989,3989,10,2024-05-17,Organic Search,2024-05-25
3990,3990,29,2024-09-06,Paid Ads,2024-09-09
3991,3991,29,2024-09-24,Organic Search,2024-10-16
3992,3992,16,2025-05-07,Paid Ads,2025-06-05
3993,3993,25,2025-08-16,Organic Search,2025-09-06
3994,3994,25,2025-08-07,Direct,2025-08-07
3995,3995,2,2025-10-10,Email,2025-10-14
3996,3996,1,2024-08-25,Organic Search,2024-08-28
3997,3997,28,2024-11-03,Organic Search,2024-11-25
3998,3998,20,2025-11-22,Paid Ads,2025-12-01
3999,3999,2,2025-10-01,Organic Search,2025-10-08
4000,4000,13,2026-01-22,Paid Ads,2026-02-17
4001,4001,6,2023-10-21,Email,2023-11-03
4002,4002,9,2025-06-05,Direct,2025-06-08
4003,4003,18,2025-11-26,Direct,2025-12-26
4004,4004,20,2025-11-16,Email,2025-12-03
4005,4005,26,2025-09-16,Organic Search,2025-10-13
4006,4006,7,2023-12-15,Direct,2023-12-26
4007,4007,4,2024-01-26,Email,2024-02-06
4008,4008,14,2026-05-01,Email,2026-05-10
4009,4009,12,2024-04-01,Email,2024-04-01
4010,4010,12,2024-04-10,Organic Search,2024-04-20
4011,4011,17,2026-06-20,Paid Ads,2026-07-08
4012,4012,27,2025-06-27,Paid Ads,2025-07-23
4013,4013,24,2025-06-02,Paid Ads,2025-06-22
4014,4014,23,2024-06-10,Email,2024-06-19
4015,4015,9,2025-05-18,Paid Ads,2025-05-26
4016,4016,14,2026-04-30,Paid Ads,2026-05-18
4017,4017,29,2024-09-23,Direct,2024-10-09
4018,4018,18,2025-11-26,Paid Ads,2025-12-16
4019,4019,22,2026-08-14,Organic Search,2026-09-09
4020,4020,13,2026-01-30,Direct,2026-02-06
4021,4021,2,2025-10-05,Paid Ads,2025-10-21
4022,4022,13,2026-01-30,Paid Ads,2026-02-16
4023,4023,16,2025-05-02,Organic Search,2025-05-05
4024,4024,16,2025-05-23,Organic Search,2025-06-09
4025,4025,28,2024-11-12,Paid Ads,2024-11-20
4026,4026,20,2025-11-17,Organic Search,2025-12-01
4027,4027,17,2026-06-14,Organic Search,2026-07-08
4028,4028,26,2025-09-21,Paid Ads,2025-10-01
4029,4029,5,2024-02-03,Paid Ads,2024-02-17
4030,4030,2,2025-10-14,Organic Search,2025-10-22
4031,4031,4,2024-01-28,Organic Search,2024-01-29
4032,4032,4,2024-01-18,Direct,2024-02-01
4033,4033,21,2026-05-04,Paid Ads,2026-05-24
4034,4034,10,2024-05-14,Direct,2024-05-22
4035,4035,4,2024-01-24,Email,2024-01-28
4036,4036,15,2024-09-25,Paid Ads,2024-10-10
4037,4037,20,2025-11-19,Email,2025-12-18
4038,4038,7,2023-12-27,Email,2023-12-28
4039,4039,13,2026-01-31,Organic Search,2026-02-26
4040,4040,24,2025-06-15,Organic Search,2025-06-26
4041,4041,21,2026-05-01,Paid Ads,2026-05-09
4042,4042,3,2025-09-25,Organic Search,2025-10-07
4043,4043,27,2025-06-19,Paid Ads,2025-07-03
4044,4044,7,2023-12-10,Direct,2023-12-20
4045,4045,12,2024-04-09,Organic Search,2024-04-28
4046,4046,15,2024-09-13,Organic Search,2024-10-07
4047,4047,3,2025-09-18,Organic Search,2025-09-29
4048,4048,26,2025-09-22,Paid Ads,2025-10-17
4049,4049,3,2025-09-24,Direct,2025-10-21
4050,4050,19,2025-10-14,Paid Ads,2025-10-17
4051,4051,17,2026-06-14,Organic Search,2026-06-17
4052,4052,26,2025-09-22,Organic Search,2025-10-03
4053,4053,18,2025-11-30,Organic Search,2025-12-11
4054,4054,24,2025-06-04,Organic Search,2025-06-07
4055,4055,18,2025-11-27,Direct,2025-11-30
4056,4056,7,2023-12-14,Paid Ads,2024-01-02
4057,4057,18,2025-12-06,Direct,2025-12-10
4058,4058,28,2024-11-05,Organic Search,2024-11-24
4059,4059,22,2026-08-03,Organic Search,2026-08-24
4060,4060,3,2025-09-23,Organic Search,2025-10-11
4061,4061,5,2024-01-15,Paid Ads,2024-01-30
4062,4062,13,2026-01-28,Organic Search,2026-02-18
4063,4063,12,2024-03-31,Direct,2024-04-10
4064,4064,10,2024-05-14,Paid Ads,2024-05-26
4065,4065,16,2025-04-24,Paid Ads,2025-05-04
4066,4066,28,2024-10-09,Direct,2024-10-31
4067,4067,17,2026-06-19,Direct,2026-06-26
4068,4068,17,2026-06-20,Organic Search,2026-07-11
4069,4069,7,2023-12-31,Paid Ads,2024-01-14
4070,4070,9,2025-06-15,Organic Search,2025-06-27
4071,4071,14,2026-04-21,Email,2026-05-06
4072,4072,1,2024-08-18,Organic Search,2024-09-17
4073,4073,2,2025-09-28,Paid Ads,2025-10-01
4074,4074,4,2024-01-26,Paid Ads,2024-02-25
4075,4075,4,2024-01-17,Direct,2024-01-22
4076,4076,15,2024-09-25,Paid Ads,2024-10-07
4077,4077,30,2026-05-20,Organic Search,2026-06-09
4078,4078,21,2026-05-08,Paid Ads,2026-05-10
4079,4079,4,2024-01-19,Paid Ads,2024-02-10
4080,4080,5,2024-02-05,Direct,2024-03-05
4081,4081,2,2025-10-05,Paid Ads,2025-10-30
4082,4082,10,2024-05-12,Email,2024-05-28
4083,4083,17,2026-06-17,Paid Ads,2026-06-17
4084,4084,5,2024-02-09,Organic Search,2024-02-09
4085,4085,4,2024-01-22,Direct,2024-01-24
4086,4086,3,2025-09-25,Direct,2025-09-27
4087,4087,29,2024-09-10,Paid Ads,2024-10-01
4088,4088,2,2025-09-27,Direct,2025-10-25
4089,4089,15,2024-09-25,Paid Ads,2024-10-13
4090,4090,10,2024-05-12,Paid Ads,2024-06-09
4091,4091,4,2024-01-21,Direct,2024-02-06
4092,4092,10,2024-05-13,Paid Ads,2024-06-06
4093,4093,23,2024-06-21,Paid Ads,2024-07-02
4094,4094,4,2024-01-23,Paid Ads,2024-01-24
4095,4095,18,2025-11-28,Organic Search,2025-12-19
4096,4096,24,2025-06-27,Organic Search,2025-07-03
4097,4097,12,2024-04-01,Organic Search,2024-04-05
4098,4098,17,2026-06-15,Direct,2026-06-16
4099,4099,1,2024-09-10,Direct,2024-09-10
4100,4100,6,2023-09-28,Paid Ads,2023-09-30
4101,4101,16,2025-05-12,Paid Ads,2025-05-21
4102,4102,22,2026-08-16,Paid Ads,2026-08-19
4103,4103,22,2026-08-12,Organic Search,2026-08-13
4104,4104,5,2024-01-13,Organic Search,2024-02-04
4105,4105,28,2024-10-21,Organic Search,2024-11-20
4106,4106,1,2024-08-13,Paid Ads,2024-08-22
4107,4107,9,2025-06-03,Direct,2025-06-06
4108,4108,29,2024-09-09,Email,2024-09-10
4109,4109,21,2026-04-30,Paid Ads,2026-05-30
4110,4110,3,2025-09-29,Direct,2025-10-25
4111,4111,27,2025-06-20,Paid Ads,2025-07-19
4112,4112,11,2026-01-05,Paid Ads,2026-01-15
4113,4113,14,2026-04-15,Organic Search,2026-04-22
4114,4114,6,2023-10-30,Organic Search,2023-11-23
4115,4115,4,2024-01-21,Organic Search,2024-02-13
4116,4116,24,2025-06-25,Paid Ads,2025-07-16
4117,4117,29,2024-09-11,Paid Ads,2024-09-20
4118,4118,2,2025-10-09,Direct,2025-11-05
4119,4119,12,2024-04-10,Email,2024-05-09
4120,4120,26,2025-09-18,Direct,2025-10-15
4121,4121,11,2026-01-12,Paid Ads,2026-01-21
4122,4122,26,2025-09-11,Organic Search,2025-09-19
4123,4123,26,2025-09-19,Organic Search,2025-10-04
4124,4124,17,2026-06-15,Paid Ads,2026-06-30
4125,4125,6,2023-10-08,Paid Ads,2023-11-04
4126,4126,4,2024-01-27,Paid Ads,2024-02-26
4127,4127,7,2024-01-15,Organic Search,2024-01-17
4128,4128,26,2025-09-13,Direct,2025-09-18
4129,4129,4,2024-01-22,Paid Ads,2024-02-09
4130,4130,13,2026-01-23,Paid Ads,2026-01-27
4131,4131,6,2023-10-31,Paid Ads,2023-11-20
4132,4132,15,2024-09-16,Paid Ads,2024-09-26
4133,4133,17,2026-06-14,Organic Search,2026-06-18
4134,4134,19,2025-10-07,Paid Ads,2025-10-15
4135,4135,15,2024-09-12,Paid Ads,2024-09-25
4136,4136,2,2025-10-03,Paid Ads,2025-10-03
4137,4137,15,2024-09-11,Organic Search,2024-09-16
4138,4138,7,2024-01-12,Organic Search,2024-01-13
4139,4139,25,2025-08-13,Paid Ads,2025-09-06
4140,4140,24,2025-06-02,Paid Ads,2025-06-27
4141,4141,18,2025-12-04,Paid Ads,2025-12-21
4142,4142,12,2024-04-03,Organic Search,2024-04-19
4143,4143,26,2025-09-19,Email,2025-10-07
4144,4144,10,2024-05-11,Paid Ads,2024-06-10
4145,4145,17,2026-06-17,Direct,2026-07-16
4146,4146,16,2025-05-11,Direct,2025-05-11
4147,4147,19,2025-10-28,Paid Ads,2025-11-27
4148,4148,14,2026-04-15,Paid Ads,2026-05-02
4149,4149,6,2023-10-15,Paid Ads,2023-11-02
4150,4150,14,2026-04-10,Paid Ads,2026-04-12
4151,4151,13,2026-01-28,Organic Search,2026-02-16
4152,4152,11,2026-02-03,Direct,2026-02-21
4153,4153,28,2024-10-16,Paid Ads,2024-10-22
4154,4154,16,2025-05-19,Organic Search,2025-06-02
4155,4155,15,2024-09-23,Paid Ads,2024-10-08
4156,4156,26,2025-09-19,Email,2025-10-19
4157,4157,2,2025-10-10,Direct,2025-10-30
4158,4158,26,2025-09-17,Email,2025-09-18
4159,4159,12,2024-04-01,Organic Search,2024-04-17
4160,4160,24,2025-06-13,Organic Search,2025-06-21
4161,4161,28,2024-10-10,Paid Ads,2024-10-22
4162,4162,13,2026-01-30,Paid Ads,2026-03-01
4163,4163,17,2026-06-15,Organic Search,2026-07-13
4164,4164,19,2025-10-07,Paid Ads,2025-10-20
4165,4165,12,2024-03-19,Organic Search,2024-03-22
4166,4166,14,2026-04-21,Organic Search,2026-05-21
4167,4167,2,2025-10-12,Paid Ads,2025-11-05
4168,4168,17,2026-06-14,Organic Search,2026-06-18
4169,4169,9,2025-05-22,Email,2025-06-18
4170,4170,15,2024-09-23,Organic Search,2024-10-11
4171,4171,4,2024-01-25,Paid Ads,2024-02-02
4172,4172,14,2026-05-10,Paid Ads,2026-05-27
4173,4173,23,2024-06-22,Paid Ads,2024-06-26
4174,4174,26,2025-09-11,Paid Ads,2025-10-05
4175,4175,15,2024-09-13,Paid Ads,2024-10-06
4176,4176,6,2023-10-15,Direct,2023-10-18
4177,4177,6,2023-09-30,Paid Ads,2023-10-15
4178,4178,16,2025-04-20,Organic Search,2025-04-26
4179,4179,9,2025-05-18,Organic Search,2025-05-31
4180,4180,2,2025-09-26,Organic Search,2025-10-08
4181,4181,15,2024-09-20,Paid Ads,2024-10-18
4182,4182,27,2025-06-20,Paid Ads,2025-07-03
4183,4183,27,2025-06-20,Direct,2025-07-13
4184,4184,11,2026-01-10,Paid Ads,2026-01-26
4185,4185,6,2023-10-30,Paid Ads,2023-11-05
4186,4186,24,2025-06-15,Organic Search,2025-07-03
4187,4187,8,2024-01-07,Direct,2024-01-08
4188,4188,7,2024-01-11,Organic Search,2024-02-09
4189,4189,13,2026-01-24,Organic Search,2026-02-10
4190,4190,19,2025-10-12,Organic Search,2025-10-28
4191,4191,8,2024-01-10,Paid Ads,2024-01-29
4192,4192,11,2026-01-26,Paid Ads,2026-02-04
4193,4193,13,2026-01-27,Direct,2026-02-12
4194,4194,4,2024-01-27,Organic Search,2024-02-11
4195,4195,8,2024-01-12,Organic Search,2024-01-21
4196,4196,20,2025-11-08,Direct,2025-11-20
4197,4197,10,2024-05-16,Email,2024-05-20
4198,4198,27,2025-06-13,Direct,2025-07-05
4199,4199,19,2025-10-16,Organic Search,2025-10-19
4200,4200,11,2025-12-31,Organic Search,2026-01-04
4201,4201,7,2023-12-13,Direct,2023-12-18
4202,4202,27,2025-06-25,Organic Search,2025-07-19
4203,4203,27,2025-06-28,Paid Ads,2025-07-16
4204,4204,1,2024-08-31,Organic Search,2024-09-03
4205,4205,9,2025-05-26,Organic Search,2025-06-25
4206,4206,11,2025-12-24,Organic Search,2026-01-22
4207,4207,12,2024-03-31,Email,2024-04-05
4208,4208,11,2026-01-19,Paid Ads,2026-01-23
4209,4209,22,2026-08-14,Organic Search,2026-08-18
4210,4210,30,2026-05-18,Paid Ads,2026-05-19
4211,4211,14,2026-05-03,Direct,2026-05-24
4212,4212,16,2025-04-18,Paid Ads,2025-04-18
4213,4213,26,2025-09-18,Email,2025-10-03
4214,4214,26,2025-09-17,Paid Ads,2025-09-20
4215,4215,28,2024-10-13,Organic Search,2024-10-28
4216,4216,27,2025-06-10,Organic Search,2025-06-17
4217,4217,8,2024-01-10,Direct,2024-01-14
4218,4218,7,2024-01-14,Organic Search,2024-01-25
4219,4219,1,2024-09-05,Direct,2024-10-05
4220,4220,17,2026-06-19,Direct,2026-06-23
4221,4221,22,2026-08-15,Paid Ads,2026-08-23
4222,4222,27,2025-06-27,Paid Ads,2025-06-30
4223,4223,18,2025-12-04,Email,2026-01-02
4224,4224,16,2025-05-12,Organic Search,2025-05-24
4225,4225,6,2023-10-19,Email,2023-10-30
4226,4226,21,2026-04-29,Paid Ads,2026-05-26
4227,4227,2,2025-10-07,Organic Search,2025-11-06
4228,4228,12,2024-03-30,Organic Search,2024-04-21
4229,4229,1,2024-09-06,Paid Ads,2024-09-24
4230,4230,27,2025-06-10,Paid Ads,2025-06-21
4231,4231,30,2026-05-19,Paid Ads,2026-05-29
4232,4232,13,2026-01-25,Email,2026-02-11
4233,4233,1,2024-08-17,Email,2024-09-10
4234,4234,7,2024-01-02,Organic Search,2024-01-23
4235,4235,23,2024-06-19,Paid Ads,2024-06-19
4236,4236,1,2024-08-23,Direct,2024-09-03
4237,4237,28,2024-10-23,Organic Search,2024-10-23
4238,4238,9,2025-06-11,Paid Ads,2025-07-03
4239,4239,5,2024-02-12,Paid Ads,2024-03-13
4240,4240,8,2024-01-14,Direct,2024-02-03
4241,4241,7,2024-01-18,Organic Search,2024-01-27
4242,4242,10,2024-05-11,Organic Search,2024-05-19
4243,4243,6,2023-09-28,Email,2023-10-08
4244,4244,15,2024-09-10,Organic Search,2024-09-25
4245,4245,2,2025-09-29,Paid Ads,2025-10-15
4246,4246,6,2023-10-25,Direct,2023-10-31
4247,4247,26,2025-09-19,Paid Ads,2025-10-18
4248,4248,13,2026-01-25,Email,2026-01-27
4249,4249,3,2025-10-02,Paid Ads,2025-10-09
4250,4250,26,2025-09-18,Paid Ads,2025-10-10
4251,4251,25,2025-08-17,Direct,2025-08-28
4252,4252,29,2024-09-09,Organic Search,2024-09-13
4253,4253,4,2024-01-20,Direct,2024-01-30
4254,4254,1,2024-09-04,Organic Search,2024-09-06
4255,4255,17,2026-06-13,Paid Ads,2026-07-13
4256,4256,20,2025-11-23,Organic Search,2025-12-09
4257,4257,27,2025-06-09,Email,2025-07-04
4258,4258,24,2025-05-30,Organic Search,2025-06-23
4259,4259,21,2026-04-26,Direct,2026-04-30
4260,4260,16,2025-04-19,Organic Search,2025-05-03
4261,4261,14,2026-05-01,Paid Ads,2026-05-18
4262,4262,12,2024-03-19,Direct,2024-03-31
4263,4263,27,2025-06-14,Direct,2025-07-04
4264,4264,3,2025-10-02,Organic Search,2025-10-09
4265,4265,9,2025-05-19,Email,2025-06-14
4266,4266,20,2025-11-16,Organic Search,2025-11-26
4267,4267,3,2025-09-26,Organic Search,2025-10-26
4268,4268,14,2026-04-20,Paid Ads,2026-05-02
4269,4269,8,2024-01-13,Organic Search,2024-02-04
4270,4270,5,2024-01-16,Direct,2024-02-13
4271,4271,15,2024-09-24,Organic Search,2024-10-18
4272,4272,12,2024-04-08,Email,2024-04-24
4273,4273,17,2026-06-13,Paid Ads,2026-07-08
4274,4274,17,2026-06-20,Paid Ads,2026-07-12
4275,4275,28,2024-10-09,Organic Search,2024-10-18
4276,4276,8,2024-01-12,Organic Search,2024-01-17
4277,4277,11,2026-01-26,Paid Ads,2026-02-24
4278,4278,7,2023-12-27,Email,2024-01-13
4279,4279,4,2024-01-19,Organic Search,2024-02-14
4280,4280,15,2024-09-20,Organic Search,2024-09-30
4281,4281,1,2024-08-25,Paid Ads,2024-09-07
4282,4282,12,2024-04-05,Paid Ads,2024-04-22
4283,4283,26,2025-09-18,Email,2025-10-13
4284,4284,13,2026-02-02,Organic Search,2026-02-12
4285,4285,4,2024-01-24,Organic Search,2024-02-07
4286,4286,3,2025-09-27,Paid Ads,2025-10-08
4287,4287,26,2025-09-19,Paid Ads,2025-10-11
4288,4288,11,2025-12-25,Organic Search,2026-01-14
4289,4289,22,2026-08-06,Email,2026-08-25
4290,4290,5,2024-01-14,Organic Search,2024-01-25
4291,4291,21,2026-04-28,Paid Ads,2026-05-17
4292,4292,29,2024-09-27,Paid Ads,2024-09-27
4293,4293,26,2025-09-11,Organic Search,2025-10-08
4294,4294,26,2025-09-23,Paid Ads,2025-10-01
4295,4295,4,2024-01-25,Paid Ads,2024-02-03
4296,4296,14,2026-05-01,Paid Ads,2026-05-24
4297,4297,27,2025-06-16,Direct,2025-07-12
4298,4298,27,2025-06-27,Organic Search,2025-07-21
4299,4299,15,2024-09-11,Paid Ads,2024-10-06
4300,4300,7,2023-12-18,Organic Search,2024-01-09
4301,4301,28,2024-11-09,Organic Search,2024-11-21
4302,4302,6,2023-10-20,Paid Ads,2023-10-30
4303,4303,22,2026-08-03,Organic Search,2026-08-26
4304,4304,1,2024-09-03,Organic Search,2024-09-21
4305,4305,2,2025-09-30,Paid Ads,2025-10-18
4306,4306,17,2026-06-18,Organic Search,2026-06-26
4307,4307,5,2024-02-08,Paid Ads,2024-02-29
4308,4308,27,2025-06-17,Paid Ads,2025-07-14
4309,4309,23,2024-06-15,Paid Ads,2024-07-14
4310,4310,6,2023-10-15,Direct,2023-11-03
4311,4311,22,2026-08-14,Paid Ads,2026-09-05
4312,4312,19,2025-10-06,Organic Search,2025-10-10
4313,4313,25,2025-07-30,Direct,2025-08-15
4314,4314,25,2025-07-30,Direct,2025-08-29
4315,4315,14,2026-04-29,Organic Search,2026-05-28
4316,4316,2,2025-09-26,Organic Search,2025-10-22
4317,4317,24,2025-07-02,Paid Ads,2025-07-04
4318,4318,18,2025-12-02,Email,2025-12-20
4319,4319,18,2025-12-06,Paid Ads,2025-12-16
4320,4320,17,2026-06-17,Organic Search,2026-07-08
4321,4321,30,2026-05-22,Paid Ads,2026-06-16
4322,4322,23,2024-06-25,Organic Search,2024-07-13
4323,4323,27,2025-06-16,Direct,2025-06-23
4324,4324,1,2024-09-08,Paid Ads,2024-09-28
4325,4325,8,2024-01-13,Paid Ads,2024-02-02
4326,4326,28,2024-10-23,Paid Ads,2024-11-20
4327,4327,30,2026-05-25,Paid Ads,2026-06-23
4328,4328,17,2026-06-15,Organic Search,2026-06-21
4329,4329,26,2025-09-21,Organic Search,2025-09-29
4330,4330,14,2026-04-21,Paid Ads,2026-05-20
4331,4331,19,2025-10-25,Organic Search,2025-11-01
4332,4332,1,2024-08-10,Paid Ads,2024-08-10
4333,4333,13,2026-01-26,Direct,2026-02-01
4334,4334,16,2025-04-23,Paid Ads,2025-05-01
4335,4335,12,2024-04-08,Organic Search,2024-05-03
4336,4336,27,2025-06-10,Paid Ads,2025-07-02
4337,4337,16,2025-05-10,Paid Ads,2025-05-25
4338,4338,16,2025-05-08,Organic Search,2025-06-02
4339,4339,28,2024-11-11,Organic Search,2024-11-13
4340,4340,28,2024-10-28,Organic Search,2024-11-01
4341,4341,18,2025-11-28,Paid Ads,2025-12-26
4342,4342,20,2025-11-16,Organic Search,2025-12-08
4343,4343,18,2025-12-04,Organic Search,2025-12-24
4344,4344,4,2024-01-28,Paid Ads,2024-02-02
4345,4345,1,2024-08-21,Paid Ads,2024-09-11
4346,4346,25,2025-07-31,Organic Search,2025-08-06
4347,4347,10,2024-05-17,Paid Ads,2024-05-22
4348,4348,11,2026-01-27,Paid Ads,2026-02-26
4349,4349,28,2024-10-27,Organic Search,2024-10-29
4350,4350,29,2024-10-04,Email,2024-10-06
4351,4351,7,2024-01-03,Paid Ads,2024-01-06
4352,4352,20,2025-11-22,Email,2025-12-04
4353,4353,17,2026-06-13,Direct,2026-06-29
4354,4354,1,2024-08-07,Paid Ads,2024-08-26
4355,4355,20,2025-11-21,Organic Search,2025-12-10
4356,4356,9,2025-06-03,Direct,2025-06-27
4357,4357,20,2025-11-04,Email,2025-11-27
4358,4358,5,2024-01-23,Paid Ads,2024-02-17
4359,4359,11,2025-12-25,Organic Search,2025-12-26
4360,4360,27,2025-06-14,Paid Ads,2025-07-03
4361,4361,9,2025-06-06,Paid Ads,2025-07-02
4362,4362,13,2026-02-02,Organic Search,2026-02-22
4363,4363,13,2026-01-30,Direct,2026-02-07
4364,4364,7,2024-01-07,Paid Ads,2024-02-05
4365,4365,18,2025-11-27,Paid Ads,2025-12-03
4366,4366,10,2024-05-15,Organic Search,2024-06-04
4367,4367,21,2026-04-28,Direct,2026-05-03
4368,4368,12,2024-04-14,Organic Search,2024-04-19
4369,4369,27,2025-06-13,Direct,2025-07-08
4370,4370,1,2024-08-26,Paid Ads,2024-08-28
4371,4371,28,2024-10-10,Paid Ads,2024-11-09
4372,4372,13,2026-01-26,Organic Search,2026-02-11
4373,4373,1,2024-08-30,Direct,2024-09-11
4374,4374,30,2026-05-25,Direct,2026-06-10
4375,4375,4,2024-01-20,Paid Ads,2024-02-06
4376,4376,23,2024-06-07,Paid Ads,2024-06-17
4377,4377,28,2024-10-31,Organic Search,2024-11-05
4378,4378,6,2023-10-16,Paid Ads,2023-10-28
4379,4379,9,2025-06-08,Organic Search,2025-07-07
4380,4380,15,2024-09-13,Email,2024-10-01
4381,4381,13,2026-01-22,Organic Search,2026-02-20
4382,4382,6,2023-10-25,Paid Ads,2023-11-20
4383,4383,10,2024-05-10,Organic Search,2024-05-13
4384,4384,29,2024-09-09,Direct,2024-09-17
4385,4385,18,2025-12-04,Organic Search,2026-01-01
4386,4386,1,2024-09-01,Paid Ads,2024-09-17
4387,4387,16,2025-05-14,Organic Search,2025-06-03
4388,4388,26,2025-09-17,Organic Search,2025-09-25
4389,4389,8,2024-01-11,Organic Search,2024-01-12
4390,4390,21,2026-05-09,Organic Search,2026-05-09
4391,4391,6,2023-10-13,Email,2023-10-15
4392,4392,17,2026-06-13,Email,2026-07-05
4393,4393,26,2025-09-19,Paid Ads,2025-10-18
4394,4394,13,2026-01-29,Email,2026-02-05
4395,4395,7,2023-12-16,Organic Search,2024-01-03
4396,4396,14,2026-04-19,Direct,2026-05-05
4397,4397,16,2025-04-23,Paid Ads,2025-05-02
4398,4398,18,2025-11-29,Organic Search,2025-11-29
4399,4399,11,2026-02-02,Paid Ads,2026-02-21
4400,4400,18,2025-12-06,Paid Ads,2025-12-16
4401,4401,9,2025-06-16,Paid Ads,2025-07-06
4402,4402,21,2026-04-30,Paid Ads,2026-05-23
4403,4403,9,2025-05-13,Direct,2025-05-18
4404,4404,3,2025-10-04,Paid Ads,2025-11-02
4405,4405,1,2024-09-09,Direct,2024-10-01
4406,4406,15,2024-09-18,Paid Ads,2024-10-02
4407,4407,20,2025-11-13,Paid Ads,2025-11-30
4408,4408,6,2023-10-08,Paid Ads,2023-10-11
4409,4409,20,2025-11-22,Direct,2025-11-22
4410,4410,7,2023-12-25,Organic Search,2023-12-26
4411,4411,12,2024-03-23,Direct,2024-04-05
4412,4412,6,2023-11-02,Organic Search,2023-11-27
4413,4413,24,2025-06-06,Organic Search,2025-07-01
4414,4414,3,2025-09-28,Organic Search,2025-10-04
4415,4415,3,2025-10-04,Direct,2025-10-05
4416,4416,19,2025-10-05,Direct,2025-10-13
4417,4417,2,2025-10-12,Organic Search,2025-10-20
4418,4418,24,2025-05-23,Organic Search,2025-06-09
4419,4419,7,2024-01-05,Direct,2024-01-09
4420,4420,14,2026-04-13,Organic Search,2026-05-05
4421,4421,23,2024-06-07,Paid Ads,2024-06-21
4422,4422,7,2023-12-15,Paid Ads,2024-01-08
4423,4423,17,2026-06-18,Organic Search,2026-06-27
4424,4424,11,2026-01-22,Paid Ads,2026-02-06
4425,4425,8,2024-01-12,Paid Ads,2024-01-13
4426,4426,14,2026-04-20,Paid Ads,2026-04-30
4427,4427,24,2025-05-28,Direct,2025-06-06
4428,4428,27,2025-06-01,Direct,2025-06-30
4429,4429,19,2025-10-17,Email,2025-10-31
4430,4430,21,2026-05-07,Organic Search,2026-05-17
4431,4431,4,2024-01-18,Organic Search,2024-02-06
4432,4432,3,2025-09-23,Organic Search,2025-10-10
4433,4433,19,2025-09-30,Organic Search,2025-10-17
4434,4434,14,2026-04-26,Organic Search,2026-05-01
4435,4435,17,2026-06-14,Paid Ads,2026-06-21
4436,4436,21,2026-04-27,Organic Search,2026-05-24
4437,4437,27,2025-06-13,Email,2025-06-19
4438,4438,16,2025-04-25,Organic Search,2025-05-18
4439,4439,8,2024-01-14,Paid Ads,2024-01-29
4440,4440,13,2026-01-22,Paid Ads,2026-02-18
4441,4441,26,2025-09-17,Organic Search,2025-09-28
4442,4442,8,2024-01-14,Direct,2024-01-28
4443,4443,20,2025-11-05,Direct,2025-11-21
4444,4444,27,2025-06-02,Paid Ads,2025-06-02
4445,4445,19,2025-10-05,Direct,2025-10-18
4446,4446,23,2024-06-20,Organic Search,2024-07-01
4447,4447,3,2025-09-25,Organic Search,2025-10-14
4448,4448,10,2024-05-14,Organic Search,2024-05-19
4449,4449,6,2023-10-29,Paid Ads,2023-11-12
4450,4450,28,2024-11-04,Paid Ads,2024-11-08
4451,4451,12,2024-03-30,Organic Search,2024-04-14
4452,4452,8,2024-01-07,Direct,2024-01-27
4453,4453,7,2023-12-12,Organic Search,2023-12-15
4454,4454,19,2025-10-15,Paid Ads,2025-10-29
4455,4455,10,2024-05-17,Paid Ads,2024-05-24
4456,4456,25,2025-07-29,Paid Ads,2025-08-18
4457,4457,1,2024-08-29,Paid Ads,2024-09-23
4458,4458,10,2024-05-13,Organic Search,2024-05-26
4459,4459,19,2025-10-20,Direct,2025-11-06
4460,4460,29,2024-09-28,Paid Ads,2024-10-20
4461,4461,3,2025-09-30,Paid Ads,2025-10-24
4462,4462,25,2025-08-16,Organic Search,2025-08-18
4463,4463,13,2026-01-30,Organic Search,2026-02-11
4464,4464,21,2026-05-05,Organic Search,2026-05-23
4465,4465,17,2026-06-20,Paid Ads,2026-07-16
4466,4466,26,2025-09-23,Email,2025-09-29
4467,4467,17,2026-06-18,Direct,2026-06-18
4468,4468,21,2026-04-28,Organic Search,2026-05-15
4469,4469,6,2023-10-04,Organic Search,2023-11-03
4470,4470,27,2025-06-28,Organic Search,2025-07-03
4471,4471,4,2024-01-17,Paid Ads,2024-01-27
4472,4472,25,2025-08-15,Paid Ads,2025-08-30
4473,4473,1,2024-08-12,Paid Ads,2024-09-05
4474,4474,29,2024-09-16,Paid Ads,2024-09-27
4475,4475,28,2024-10-19,Direct,2024-11-14
4476,4476,6,2023-10-08,Organic Search,2023-11-02
4477,4477,14,2026-05-02,Organic Search,2026-05-28
4478,4478,3,2025-10-02,Direct,2025-11-01
4479,4479,15,2024-09-14,Organic Search,2024-10-13
4480,4480,7,2024-01-15,Organic Search,2024-01-20
4481,4481,15,2024-09-16,Email,2024-09-18
4482,4482,21,2026-05-07,Direct,2026-05-27
4483,4483,28,2024-10-21,Paid Ads,2024-10-26
4484,4484,22,2026-08-09,Email,2026-08-09
4485,4485,26,2025-09-12,Organic Search,2025-10-11
4486,4486,30,2026-05-16,Paid Ads,2026-06-06
4487,4487,21,2026-05-07,Paid Ads,2026-05-17
4488,4488,26,2025-09-17,Paid Ads,2025-10-05
4489,4489,20,2025-11-10,Email,2025-11-20
4490,4490,24,2025-05-24,Organic Search,2025-06-12
4491,4491,25,2025-08-14,Paid Ads,2025-08-24
4492,4492,24,2025-06-14,Paid Ads,2025-07-01
4493,4493,16,2025-05-09,Paid Ads,2025-05-18
4494,4494,1,2024-08-30,Paid Ads,2024-09-29
4495,4495,15,2024-09-19,Organic Search,2024-09-21
4496,4496,16,2025-05-23,Direct,2025-05-26
4497,4497,6,2023-10-08,Paid Ads,2023-10-24
4498,4498,8,2024-01-07,Paid Ads,2024-02-01
4499,4499,26,2025-09-17,Organic Search,2025-10-06
4500,4500,7,2024-01-10,Paid Ads,2024-01-15
4501,4501,6,2023-10-21,Organic Search,2023-11-14
4502,4502,23,2024-06-16,Paid Ads,2024-07-12
4503,4503,14,2026-05-07,Organic Search,2026-05-09
4504,4504,6,2023-10-29,Paid Ads,2023-11-07
4505,4505,30,2026-05-21,Organic Search,2026-06-01
4506,4506,1,2024-08-06,Direct,2024-08-07
4507,4507,20,2025-11-25,Paid Ads,2025-12-17
4508,4508,15,2024-09-24,Organic Search,2024-10-12
4509,4509,15,2024-09-15,Paid Ads,2024-10-09
4510,4510,9,2025-05-21,Paid Ads,2025-06-07
4511,4511,26,2025-09-19,Organic Search,2025-10-02
4512,4512,14,2026-04-14,Direct,2026-05-01
4513,4513,7,2023-12-30,Paid Ads,2024-01-27
4514,4514,10,2024-05-12,Organic Search,2024-05-24
4515,4515,21,2026-05-10,Paid Ads,2026-06-07
4516,4516,4,2024-01-18,Direct,2024-02-17
4517,4517,26,2025-09-19,Organic Search,2025-09-23
4518,4518,13,2026-02-01,Paid Ads,2026-02-03
4519,4519,23,2024-06-15,Organic Search,2024-06-17
4520,4520,9,2025-06-01,Paid Ads,2025-06-13
4521,4521,9,2025-06-11,Organic Search,2025-06-25
4522,4522,27,2025-06-15,Organic Search,2025-06-25
4523,4523,3,2025-09-25,Organic Search,2025-10-04
4524,4524,2,2025-10-12,Organic Search,2025-11-04
4525,4525,24,2025-06-12,Direct,2025-07-10
4526,4526,5,2024-01-21,Organic Search,2024-02-14
4527,4527,11,2025-12-24,Organic Search,2025-12-24
4528,4528,27,2025-06-28,Paid Ads,2025-07-06
4529,4529,1,2024-08-19,Organic Search,2024-09-17
4530,4530,8,2024-01-10,Paid Ads,2024-01-31
4531,4531,29,2024-09-25,Organic Search,2024-10-05
4532,4532,14,2026-04-22,Paid Ads,2026-05-19
4533,4533,30,2026-05-17,Email,2026-05-26
4534,4534,27,2025-06-02,Organic Search,2025-06-19
4535,4535,29,2024-09-30,Organic Search,2024-10-12
4536,4536,1,2024-09-02,Paid Ads,2024-09-15
4537,4537,3,2025-10-04,Direct,2025-10-14
4538,4538,3,2025-09-25,Direct,2025-09-26
4539,4539,29,2024-10-01,Direct,2024-10-23
4540,4540,8,2024-01-09,Paid Ads,2024-01-24
4541,4541,18,2025-11-25,Paid Ads,2025-12-23
4542,4542,22,2026-08-18,Organic Search,2026-09-09
4543,4543,2,2025-10-13,Paid Ads,2025-10-27
4544,4544,30,2026-05-21,Direct,2026-06-11
4545,4545,23,2024-06-28,Direct,2024-07-17
4546,4546,9,2025-06-08,Direct,2025-06-29
4547,4547,25,2025-08-16,Paid Ads,2025-09-15
4548,4548,17,2026-06-13,Email,2026-06-19
4549,4549,1,2024-08-07,Organic Search,2024-08-20
4550,4550,20,2025-11-23,Direct,2025-12-20
4551,4551,26,2025-09-18,Organic Search,2025-09-22
4552,4552,1,2024-08-30,Paid Ads,2024-09-16
4553,4553,18,2025-12-02,Paid Ads,2025-12-23
4554,4554,14,2026-05-01,Paid Ads,2026-05-05
4555,4555,24,2025-06-09,Paid Ads,2025-06-21
4556,4556,28,2024-11-05,Direct,2024-11-07
4557,4557,2,2025-10-02,Organic Search,2025-10-18
4558,4558,26,2025-09-18,Direct,2025-09-23
4559,4559,15,2024-09-20,Paid Ads,2024-10-12
4560,4560,6,2023-10-15,Paid Ads,2023-10-28
4561,4561,19,2025-10-25,Paid Ads,2025-10-31
4562,4562,20,2025-11-04,Paid Ads,2025-11-08
4563,4563,20,2025-11-09,Paid Ads,2025-11-22
4564,4564,28,2024-11-09,Paid Ads,2024-11-11
4565,4565,25,2025-08-11,Organic Search,2025-08-11
4566,4566,28,2024-11-01,Organic Search,2024-11-16
4567,4567,22,2026-08-11,Organic Search,2026-08-16
4568,4568,1,2024-08-08,Paid Ads,2024-08-16
4569,4569,18,2025-12-03,Paid Ads,2025-12-13
4570,4570,3,2025-10-02,Paid Ads,2025-10-08
4571,4571,9,2025-06-01,Paid Ads,2025-06-09
4572,4572,10,2024-05-16,Paid Ads,2024-05-21
4573,4573,18,2025-12-04,Direct,2025-12-17
4574,4574,29,2024-10-06,Direct,2024-10-18
4575,4575,26,2025-09-12,Organic Search,2025-09-20
4576,4576,15,2024-09-23,Paid Ads,2024-09-24
4577,4577,8,2024-01-07,Paid Ads,2024-01-17
4578,4578,7,2023-12-29,Organic Search,2024-01-08
4579,4579,25,2025-08-14,Paid Ads,2025-08-17
4580,4580,26,2025-09-19,Paid Ads,2025-10-15
4581,4581,13,2026-02-02,Organic Search,2026-02-04
4582,4582,13,2026-01-25,Paid Ads,2026-01-27
4583,4583,20,2025-11-28,Organic Search,2025-12-08
4584,4584,28,2024-10-21,Organic Search,2024-11-15
4585,4585,22,2026-08-07,Paid Ads,2026-08-15
4586,4586,26,2025-09-19,Paid Ads,2025-09-19
4587,4587,5,2024-01-22,Direct,2024-02-18
4588,4588,20,2025-11-19,Organic Search,2025-11-30
4589,4589,13,2026-02-02,Organic Search,2026-02-24
4590,4590,22,2026-08-13,Organic Search,2026-08-23
4591,4591,30,2026-05-21,Organic Search,2026-06-12
4592,4592,19,2025-10-04,Email,2025-10-21
4593,4593,21,2026-04-28,Email,2026-05-22
4594,4594,23,2024-06-16,Paid Ads,2024-07-13
4595,4595,14,2026-05-04,Organic Search,2026-05-14
4596,4596,7,2023-12-26,Organic Search,2024-01-20
4597,4597,19,2025-10-10,Email,2025-10-28
4598,4598,19,2025-10-21,Paid Ads,2025-11-14
4599,4599,7,2024-01-02,Direct,2024-01-14
4600,4600,12,2024-03-21,Email,2024-04-07
4601,4601,7,2023-12-31,Organic Search,2024-01-17
4602,4602,1,2024-09-07,Direct,2024-10-07
4603,4603,22,2026-08-10,Organic Search,2026-08-29
4604,4604,23,2024-06-10,Paid Ads,2024-06-18
4605,4605,17,2026-06-13,Organic Search,2026-06-24
4606,4606,17,2026-06-19,Organic Search,2026-07-09
4607,4607,10,2024-05-10,Direct,2024-06-09
4608,4608,12,2024-04-03,Organic Search,2024-04-10
4609,4609,3,2025-09-22,Paid Ads,2025-09-27
4610,4610,12,2024-04-06,Organic Search,2024-04-26
4611,4611,1,2024-08-10,Email,2024-08-11
4612,4612,1,2024-08-18,Paid Ads,2024-08-25
4613,4613,30,2026-05-24,Organic Search,2026-05-25
4614,4614,17,2026-06-20,Organic Search,2026-07-18
4615,4615,12,2024-04-13,Paid Ads,2024-05-11
4616,4616,24,2025-05-23,Organic Search,2025-06-13
4617,4617,18,2025-11-25,Paid Ads,2025-12-01
4618,4618,28,2024-10-15,Organic Search,2024-11-06
4619,4619,15,2024-09-15,Paid Ads,2024-10-14
4620,4620,4,2024-01-20,Email,2024-02-15
4621,4621,5,2024-01-14,Organic Search,2024-01-27
4622,4622,22,2026-08-16,Paid Ads,2026-09-15
4623,4623,23,2024-06-04,Paid Ads,2024-06-15
4624,4624,14,2026-04-29,Organic Search,2026-05-29
4625,4625,18,2025-12-03,Paid Ads,2025-12-22
4626,4626,9,2025-05-25,Organic Search,2025-06-15
4627,4627,16,2025-05-18,Direct,2025-06-16
4628,4628,26,2025-09-18,Email,2025-09-20
4629,4629,18,2025-12-01,Organic Search,2025-12-26
4630,4630,29,2024-10-02,Direct,2024-10-27
4631,4631,28,2024-10-13,Paid Ads,2024-11-07
4632,4632,18,2025-12-01,Organic Search,2025-12-23
4633,4633,17,2026-06-19,Organic Search,2026-06-26
4634,4634,18,2025-11-28,Paid Ads,2025-12-15
4635,4635,17,2026-06-19,Paid Ads,2026-06-27
4636,4636,6,2023-10-05,Email,2023-10-24
4637,4637,11,2026-01-16,Paid Ads,2026-02-11
4638,4638,2,2025-09-27,Organic Search,2025-10-16
4639,4639,3,2025-10-05,Direct,2025-10-11
4640,4640,3,2025-09-28,Paid Ads,2025-10-01
4641,4641,20,2025-11-25,Email,2025-11-25
4642,4642,20,2025-11-02,Organic Search,2025-11-28
4643,4643,8,2024-01-10,Email,2024-01-13
4644,4644,29,2024-10-06,Organic Search,2024-10-21
4645,4645,8,2024-01-10,Direct,2024-02-04
4646,4646,9,2025-06-07,Email,2025-07-07
4647,4647,18,2025-11-26,Paid Ads,2025-12-06
4648,4648,5,2024-01-26,Email,2024-01-28
4649,4649,26,2025-09-20,Organic Search,2025-10-13
4650,4650,27,2025-06-15,Paid Ads,2025-06-18
4651,4651,24,2025-06-03,Paid Ads,2025-06-28
4652,4652,27,2025-06-23,Paid Ads,2025-07-11
4653,4653,21,2026-05-10,Paid Ads,2026-06-07
4654,4654,9,2025-06-02,Paid Ads,2025-06-28
4655,4655,22,2026-08-07,Paid Ads,2026-09-02
4656,4656,29,2024-09-20,Organic Search,2024-10-09
4657,4657,27,2025-06-19,Organic Search,2025-06-21
4658,4658,16,2025-05-10,Organic Search,2025-05-12
4659,4659,30,2026-05-23,Organic Search,2026-05-23
4660,4660,22,2026-08-11,Email,2026-09-03
4661,4661,21,2026-04-28,Organic Search,2026-05-16
4662,4662,10,2024-05-17,Organic Search,2024-06-07
4663,4663,12,2024-04-13,Direct,2024-05-01
4664,4664,28,2024-11-05,Organic Search,2024-11-18
4665,4665,20,2025-11-05,Paid Ads,2025-11-22
4666,4666,7,2024-01-15,Direct,2024-01-29
4667,4667,27,2025-06-09,Paid Ads,2025-07-03
4668,4668,4,2024-01-18,Paid Ads,2024-02-01
4669,4669,5,2024-01-28,Organic Search,2024-02-26
4670,4670,20,2025-11-14,Paid Ads,2025-11-30
4671,4671,20,2025-11-19,Email,2025-12-03
4672,4672,8,2024-01-13,Organic Search,2024-02-06
4673,4673,28,2024-10-28,Paid Ads,2024-11-23
4674,4674,10,2024-05-18,Organic Search,2024-05-19
4675,4675,17,2026-06-13,Paid Ads,2026-07-03
4676,4676,4,2024-01-27,Organic Search,2024-02-26
4677,4677,10,2024-05-12,Direct,2024-05-18
4678,4678,23,2024-06-05,Paid Ads,2024-06-25
4679,4679,28,2024-10-31,Email,2024-11-08
4680,4680,15,2024-09-25,Paid Ads,2024-10-13
4681,4681,6,2023-10-28,Paid Ads,2023-11-06
4682,4682,30,2026-05-19,Paid Ads,2026-05-26
4683,4683,18,2025-12-01,Direct,2025-12-02
4684,4684,29,2024-09-18,Organic Search,2024-09-30
4685,4685,11,2025-12-23,Direct,2025-12-26
4686,4686,17,2026-06-18,Organic Search,2026-07-09
4687,4687,10,2024-05-16,Paid Ads,2024-06-13
4688,4688,17,2026-06-18,Paid Ads,2026-07-10
4689,4689,3,2025-09-18,Direct,2025-10-16
4690,4690,22,2026-08-17,Paid Ads,2026-09-10
4691,4691,5,2024-02-03,Paid Ads,2024-02-12
4692,4692,28,2024-10-12,Email,2024-11-09
4693,4693,17,2026-06-17,Email,2026-06-18
4694,4694,7,2024-01-11,Organic Search,2024-01-21
4695,4695,25,2025-08-08,Paid Ads,2025-08-28
4696,4696,19,2025-10-14,Direct,2025-11-02
4697,4697,15,2024-09-22,Paid Ads,2024-09-23
4698,4698,8,2024-01-13,Paid Ads,2024-01-21
4699,4699,20,2025-11-02,Paid Ads,2025-11-08
4700,4700,19,2025-11-04,Paid Ads,2025-11-22
4701,4701,17,2026-06-13,Direct,2026-07-05
4702,4702,15,2024-09-20,Paid Ads,2024-10-03
4703,4703,26,2025-09-23,Paid Ads,2025-10-10
4704,4704,27,2025-06-04,Organic Search,2025-06-23
4705,4705,5,2024-02-13,Paid Ads,2024-02-24
4706,4706,23,2024-06-24,Email,2024-07-23
4707,4707,2,2025-10-09,Organic Search,2025-11-05
4708,4708,2,2025-10-01,Email,2025-10-15
4709,4709,20,2025-11-15,Email,2025-11-17
4710,4710,24,2025-06-08,Paid Ads,2025-07-05
4711,4711,4,2024-01-21,Organic Search,2024-01-25
4712,4712,22,2026-08-17,Direct,2026-09-13
4713,4713,13,2026-01-29,Direct,2026-02-28
4714,4714,22,2026-08-14,Paid Ads,2026-08-26
4715,4715,25,2025-08-15,Direct,2025-08-18
4716,4716,3,2025-10-03,Paid Ads,2025-10-10
4717,4717,1,2024-08-09,Organic Search,2024-08-28
4718,4718,22,2026-08-15,Email,2026-08-15
4719,4719,16,2025-05-02,Organic Search,2025-05-05
4720,4720,2,2025-10-09,Paid Ads,2025-11-01
4721,4721,3,2025-09-23,Organic Search,2025-10-04
4722,4722,11,2025-12-21,Paid Ads,2025-12-31
4723,4723,9,2025-06-22,Organic Search,2025-07-02
4724,4724,4,2024-01-20,Organic Search,2024-02-14
4725,4725,24,2025-06-01,Organic Search,2025-06-11
4726,4726,17,2026-06-16,Direct,2026-07-11
4727,4727,19,2025-11-03,Organic Search,2025-11-06
4728,4728,27,2025-06-17,Direct,2025-07-17
4729,4729,13,2026-01-28,Paid Ads,2026-02-19
4730,4730,22,2026-08-12,Organic Search,2026-09-03
4731,4731,23,2024-06-27,Paid Ads,2024-07-13
4732,4732,24,2025-06-21,Paid Ads,2025-07-21
4733,4733,28,2024-11-07,Organic Search,2024-12-04
4734,4734,2,2025-09-26,Paid Ads,2025-10-25
4735,4735,15,2024-09-19,Paid Ads,2024-10-18
4736,4736,2,2025-10-08,Email,2025-10-08
4737,4737,2,2025-10-05,Email,2025-10-27
4738,4738,4,2024-01-19,Paid Ads,2024-01-23
4739,4739,5,2024-01-31,Paid Ads,2024-02-14
4740,4740,5,2024-02-02,Paid Ads,2024-02-03
4741,4741,27,2025-06-14,Paid Ads,2025-06-21
4742,4742,27,2025-06-11,Email,2025-06-15
4743,4743,18,2025-11-29,Organic Search,2025-12-20
4744,4744,21,2026-05-02,Direct,2026-06-01
4745,4745,30,2026-05-19,Direct,2026-06-01
4746,4746,12,2024-03-27,Paid Ads,2024-04-15
4747,4747,15,2024-09-19,Direct,2024-10-05
4748,4748,22,2026-08-09,Paid Ads,2026-08-24
4749,4749,16,2025-05-11,Organic Search,2025-05-20
4750,4750,24,2025-06-27,Organic Search,2025-07-05
4751,4751,2,2025-10-08,Organic Search,2025-10-10
4752,4752,6,2023-11-01,Organic Search,2023-11-15
4753,4753,21,2026-05-09,Email,2026-06-05
4754,4754,10,2024-05-14,Organic Search,2024-05-28
4755,4755,1,2024-08-28,Email,2024-09-23
4756,4756,14,2026-05-10,Direct,2026-06-01
4757,4757,7,2024-01-15,Paid Ads,2024-02-09
4758,4758,13,2026-01-22,Paid Ads,2026-01-23
4759,4759,20,2025-11-07,Organic Search,2025-11-26
4760,4760,12,2024-04-12,Organic Search,2024-05-12
4761,4761,14,2026-04-28,Direct,2026-05-28
4762,4762,6,2023-09-30,Paid Ads,2023-10-28
4763,4763,12,2024-04-08,Paid Ads,2024-04-11
4764,4764,15,2024-09-20,Organic Search,2024-10-13
4765,4765,24,2025-06-09,Paid Ads,2025-06-27
4766,4766,11,2025-12-31,Paid Ads,2026-01-21
4767,4767,25,2025-08-01,Paid Ads,2025-08-05
4768,4768,4,2024-01-20,Organic Search,2024-02-11
4769,4769,4,2024-01-20,Organic Search,2024-02-03
4770,4770,24,2025-06-19,Paid Ads,2025-07-14
4771,4771,16,2025-04-30,Paid Ads,2025-05-10
4772,4772,5,2024-01-19,Organic Search,2024-02-17
4773,4773,23,2024-06-20,Organic Search,2024-07-12
4774,4774,16,2025-05-08,Paid Ads,2025-05-23
4775,4775,15,2024-09-19,Paid Ads,2024-09-21
4776,4776,12,2024-04-12,Organic Search,2024-04-17
4777,4777,25,2025-08-04,Email,2025-08-11
4778,4778,7,2024-01-18,Direct,2024-01-23
4779,4779,30,2026-05-22,Email,2026-06-17
4780,4780,21,2026-05-07,Paid Ads,2026-05-10
4781,4781,17,2026-06-20,Email,2026-07-09
4782,4782,26,2025-09-17,Paid Ads,2025-10-09
4783,4783,8,2024-01-14,Paid Ads,2024-02-03
4784,4784,15,2024-09-23,Organic Search,2024-10-20
4785,4785,23,2024-06-09,Paid Ads,2024-06-23
4786,4786,4,2024-01-19,Direct,2024-02-15
4787,4787,25,2025-08-11,Organic Search,2025-08-25
4788,4788,26,2025-09-21,Organic Search,2025-09-23
4789,4789,22,2026-08-05,Paid Ads,2026-08-13
4790,4790,6,2023-10-10,Organic Search,2023-11-07
4791,4791,27,2025-06-23,Paid Ads,2025-07-16
4792,4792,19,2025-10-03,Direct,2025-10-26
4793,4793,14,2026-04-12,Paid Ads,2026-04-24
4794,4794,10,2024-05-18,Direct,2024-05-18
4795,4795,15,2024-09-24,Paid Ads,2024-10-02
4796,4796,23,2024-06-24,Paid Ads,2024-07-21
4797,4797,2,2025-10-04,Paid Ads,2025-10-18
4798,4798,4,2024-01-19,Direct,2024-02-14
4799,4799,1,2024-08-18,Organic Search,2024-08-28
4800,4800,4,2024-01-25,Direct,2024-02-21
4801,4801,9,2025-05-28,Paid Ads,2025-06-11
4802,4802,6,2023-10-26,Paid Ads,2023-11-03
4803,4803,2,2025-10-06,Organic Search,2025-10-15
4804,4804,14,2026-05-02,Paid Ads,2026-05-31
4805,4805,10,2024-05-10,Paid Ads,2024-05-20
4806,4806,25,2025-08-04,Direct,2025-08-08
4807,4807,27,2025-06-10,Paid Ads,2025-06-28
4808,4808,10,2024-05-10,Organic Search,2024-06-04
4809,4809,2,2025-09-29,Organic Search,2025-10-12
4810,4810,22,2026-08-10,Organic Search,2026-08-30
4811,4811,25,2025-08-07,Paid Ads,2025-08-08
4812,4812,9,2025-06-20,Organic Search,2025-07-15
4813,4813,17,2026-06-13,Organic Search,2026-07-01
4814,4814,16,2025-05-06,Organic Search,2025-05-06
4815,4815,11,2026-01-26,Direct,2026-02-20
4816,4816,19,2025-09-28,Organic Search,2025-10-15
4817,4817,14,2026-04-18,Paid Ads,2026-04-29
4818,4818,28,2024-10-24,Paid Ads,2024-11-04
4819,4819,29,2024-09-21,Organic Search,2024-09-28
4820,4820,6,2023-10-12,Organic Search,2023-11-04
4821,4821,23,2024-06-17,Direct,2024-06-26
4822,4822,16,2025-05-12,Direct,2025-05-17
4823,4823,21,2026-05-05,Email,2026-05-05
4824,4824,15,2024-09-11,Organic Search,2024-10-11
4825,4825,6,2023-09-30,Paid Ads,2023-10-08
4826,4826,3,2025-09-23,Direct,2025-10-22
4827,4827,30,2026-05-17,Paid Ads,2026-06-14
4828,4828,12,2024-03-26,Organic Search,2024-04-18
4829,4829,25,2025-08-12,Paid Ads,2025-08-27
4830,4830,4,2024-01-18,Direct,2024-02-06
4831,4831,27,2025-06-15,Organic Search,2025-06-21
4832,4832,23,2024-06-30,Paid Ads,2024-07-23
4833,4833,13,2026-01-27,Organic Search,2026-02-19
4834,4834,22,2026-08-10,Direct,2026-09-07
4835,4835,26,2025-09-12,Paid Ads,2025-09-26
4836,4836,27,2025-06-10,Email,2025-06-22
4837,4837,2,2025-09-28,Organic Search,2025-10-05
4838,4838,10,2024-05-17,Organic Search,2024-05-24
4839,4839,24,2025-06-16,Paid Ads,2025-06-20
4840,4840,12,2024-03-30,Paid Ads,2024-04-20
4841,4841,4,2024-01-26,Direct,2024-02-10
4842,4842,14,2026-04-29,Paid Ads,2026-05-24
4843,4843,17,2026-06-13,Direct,2026-07-10
4844,4844,15,2024-09-16,Organic Search,2024-10-07
4845,4845,20,2025-11-03,Email,2025-11-28
4846,4846,4,2024-01-25,Organic Search,2024-01-27
4847,4847,17,2026-06-17,Email,2026-06-29
4848,4848,9,2025-06-06,Organic Search,2025-06-10
4849,4849,15,2024-09-14,Paid Ads,2024-09-24
4850,4850,9,2025-05-19,Organic Search,2025-05-24
4851,4851,17,2026-06-19,Organic Search,2026-07-06
4852,4852,4,2024-01-18,Paid Ads,2024-02-05
4853,4853,12,2024-04-01,Organic Search,2024-04-05
4854,4854,19,2025-10-23,Organic Search,2025-11-10
4855,4855,10,2024-05-13,Direct,2024-06-02
4856,4856,11,2026-01-12,Organic Search,2026-01-23
4857,4857,2,2025-10-05,Direct,2025-10-31
4858,4858,10,2024-05-14,Organic Search,2024-05-18
4859,4859,2,2025-09-27,Paid Ads,2025-10-08
4860,4860,30,2026-05-18,Organic Search,2026-06-05
4861,4861,23,2024-06-06,Email,2024-06-15
4862,4862,30,2026-05-21,Paid Ads,2026-06-06
4863,4863,7,2023-12-15,Direct,2023-12-30
4864,4864,8,2024-01-14,Organic Search,2024-02-11
4865,4865,21,2026-05-02,Paid Ads,2026-05-28
4866,4866,29,2024-09-30,Paid Ads,2024-10-17
4867,4867,20,2025-11-28,Organic Search,2025-12-10
4868,4868,15,2024-09-19,Paid Ads,2024-10-14
4869,4869,2,2025-09-30,Paid Ads,2025-10-19
4870,4870,10,2024-05-10,Paid Ads,2024-05-23
4871,4871,13,2026-01-24,Email,2026-01-29
4872,4872,27,2025-06-14,Direct,2025-07-14
4873,4873,27,2025-06-27,Organic Search,2025-07-09
4874,4874,3,2025-09-26,Direct,2025-10-12
4875,4875,7,2023-12-17,Paid Ads,2024-01-08
4876,4876,11,2026-01-25,Direct,2026-02-07
4877,4877,13,2026-01-23,Organic Search,2026-01-24
4878,4878,27,2025-06-01,Direct,2025-06-22
4879,4879,30,2026-05-22,Paid Ads,2026-05-23
4880,4880,17,2026-06-15,Paid Ads,2026-07-06
4881,4881,30,2026-05-24,Email,2026-06-18
4882,4882,7,2023-12-14,Paid Ads,2023-12-27
4883,4883,17,2026-06-13,Paid Ads,2026-06-17
4884,4884,1,2024-08-05,Paid Ads,2024-08-11
4885,4885,15,2024-09-10,Email,2024-09-29
4886,4886,28,2024-11-14,Organic Search,2024-11-23
4887,4887,28,2024-10-18,Paid Ads,2024-11-09
4888,4888,12,2024-04-16,Paid Ads,2024-04-21
4889,4889,24,2025-06-02,Direct,2025-06-19
4890,4890,17,2026-06-13,Email,2026-06-24
4891,4891,24,2025-06-29,Organic Search,2025-07-14
4892,4892,5,2024-01-14,Paid Ads,2024-02-07
4893,4893,28,2024-11-13,Organic Search,2024-12-08
4894,4894,5,2024-01-28,Organic Search,2024-02-14
4895,4895,13,2026-01-30,Email,2026-02-04
4896,4896,1,2024-09-09,Organic Search,2024-10-05
4897,4897,1,2024-08-23,Organic Search,2024-09-10
4898,4898,21,2026-04-27,Paid Ads,2026-05-27
4899,4899,10,2024-05-13,Organic Search,2024-06-09
4900,4900,15,2024-09-16,Paid Ads,2024-09-24
4901,4901,5,2024-02-09,Direct,2024-03-03
4902,4902,11,2025-12-22,Organic Search,2026-01-18
4903,4903,28,2024-10-31,Direct,2024-11-14
4904,4904,29,2024-10-04,Organic Search,2024-10-25
4905,4905,30,2026-05-23,Organic Search,2026-05-31
4906,4906,30,2026-05-21,Email,2026-05-27
4907,4907,1,2024-08-18,Paid Ads,2024-09-08
4908,4908,12,2024-04-03,Direct,2024-04-18
4909,4909,3,2025-09-24,Organic Search,2025-10-01
4910,4910,26,2025-09-15,Organic Search,2025-09-23
4911,4911,15,2024-09-20,Organic Search,2024-09-22
4912,4912,20,2025-11-04,Direct,2025-11-26
4913,4913,3,2025-09-26,Direct,2025-10-08
4914,4914,1,2024-08-09,Email,2024-08-20
4915,4915,7,2023-12-23,Paid Ads,2024-01-11
4916,4916,12,2024-04-13,Direct,2024-05-10
4917,4917,20,2025-11-22,Organic Search,2025-12-22
4918,4918,28,2024-11-05,Email,2024-11-27
4919,4919,24,2025-06-19,Paid Ads,2025-06-29
4920,4920,30,2026-05-18,Email,2026-06-01
4921,4921,21,2026-05-10,Paid Ads,2026-05-18
4922,4922,4,2024-01-17,Organic Search,2024-02-14
4923,4923,19,2025-10-15,Direct,2025-11-12
4924,4924,12,2024-03-16,Paid Ads,2024-03-23
4925,4925,2,2025-10-02,Organic Search,2025-10-28
4926,4926,11,2026-01-28,Organic Search,2026-02-05
4927,4927,2,2025-10-07,Organic Search,2025-11-04
4928,4928,8,2024-01-13,Paid Ads,2024-01-29
4929,4929,16,2025-04-28,Organic Search,2025-04-29
4930,4930,23,2024-06-30,Paid Ads,2024-07-11
4931,4931,2,2025-10-03,Organic Search,2025-10-26
4932,4932,20,2025-11-06,Paid Ads,2025-11-30
4933,4933,25,2025-08-02,Paid Ads,2025-08-30
4934,4934,26,2025-09-14,Organic Search,2025-09-21
4935,4935,28,2024-10-27,Paid Ads,2024-11-19
4936,4936,21,2026-05-09,Organic Search,2026-05-25
4937,4937,8,2024-01-14,Organic Search,2024-01-27
4938,4938,23,2024-07-01,Paid Ads,2024-07-04
4939,4939,1,2024-08-18,Organic Search,2024-09-16
4940,4940,3,2025-09-28,Paid Ads,2025-10-14
4941,4941,5,2024-02-11,Email,2024-02-22
4942,4942,11,2026-01-09,Direct,2026-02-06
4943,4943,11,2026-01-05,Organic Search,2026-01-23
4944,4944,4,2024-01-20,Paid Ads,2024-02-13
4945,4945,9,2025-06-02,Organic Search,2025-06-27
4946,4946,5,2024-02-03,Paid Ads,2024-02-15
4947,4947,3,2025-10-04,Organic Search,2025-10-19
4948,4948,14,2026-05-09,Paid Ads,2026-05-26
4949,4949,15,2024-09-24,Direct,2024-10-13
4950,4950,17,2026-06-16,Direct,2026-07-03
4951,4951,3,2025-09-22,Email,2025-10-03
4952,4952,16,2025-05-09,Direct,2025-05-18
4953,4953,23,2024-06-09,Organic Search,2024-06-27
4954,4954,3,2025-09-22,Organic Search,2025-09-24
4955,4955,7,2024-01-09,Direct,2024-02-07
4956,4956,25,2025-08-11,Direct,2025-08-13
4957,4957,24,2025-05-24,Organic Search,2025-06-07
4958,4958,11,2026-01-04,Direct,2026-01-22
4959,4959,9,2025-05-21,Direct,2025-06-05
4960,4960,30,2026-05-20,Organic Search,2026-06-15
4961,4961,13,2026-01-26,Organic Search,2026-02-07
4962,4962,16,2025-05-07,Organic Search,2025-05-17
4963,4963,13,2026-01-30,Paid Ads,2026-02-25
4964,4964,8,2024-01-14,Organic Search,2024-01-27
4965,4965,16,2025-05-28,Email,2025-06-18
4966,4966,25,2025-08-15,Direct,2025-09-01
4967,4967,8,2024-01-14,Organic Search,2024-01-22
4968,4968,27,2025-06-06,Organic Search,2025-06-28
4969,4969,26,2025-09-23,Paid Ads,2025-10-12
4970,4970,17,2026-06-13,Paid Ads,2026-06-29
4971,4971,10,2024-05-13,Paid Ads,2024-05-30
4972,4972,3,2025-09-19,Organic Search,2025-10-03
4973,4973,28,2024-10-14,Email,2024-10-27
4974,4974,21,2026-05-02,Paid Ads,2026-05-30
4975,4975,11,2026-01-21,Direct,2026-02-11
4976,4976,15,2024-09-20,Paid Ads,2024-09-29
4977,4977,11,2026-01-14,Email,2026-02-03
4978,4978,11,2026-01-18,Paid Ads,2026-02-11
4979,4979,20,2025-11-22,Paid Ads,2025-12-14
4980,4980,29,2024-09-17,Direct,2024-10-08
4981,4981,3,2025-09-22,Direct,2025-10-20
4982,4982,21,2026-05-01,Direct,2026-05-24
4983,4983,9,2025-06-24,Paid Ads,2025-07-12
4984,4984,21,2026-04-29,Organic Search,2026-05-22
4985,4985,16,2025-05-18,Paid Ads,2025-06-08
4986,4986,8,2024-01-09,Paid Ads,2024-01-10
4987,4987,13,2026-01-27,Email,2026-02-01
4988,4988,12,2024-03-18,Paid Ads,2024-04-12
4989,4989,7,2024-01-02,Paid Ads,2024-01-06
4990,4990,9,2025-05-17,Paid Ads,2025-06-07
4991,4991,11,2026-01-17,Organic Search,2026-01-28
4992,4992,21,2026-04-29,Organic Search,2026-05-22
4993,4993,24,2025-05-29,Paid Ads,2025-06-10
4994,4994,16,2025-04-29,Paid Ads,2025-05-15
4995,4995,12,2024-03-16,Organic Search,2024-03-28
4996,4996,8,2024-01-09,Paid Ads,2024-01-25
4997,4997,21,2026-05-01,Organic Search,2026-05-03
4998,4998,17,2026-06-16,Organic Search,2026-07-08
4999,4999,24,2025-06-08,Paid Ads,2025-06-18
5000,5000,14,2026-05-08,Paid Ads,2026-05-23
5001,5001,24,2025-06-11,Paid Ads,2025-07-10
5002,5002,2,2025-09-28,Email,2025-10-24
5003,5003,22,2026-08-06,Organic Search,2026-08-17
5004,5004,15,2024-09-10,Paid Ads,2024-09-30
5005,5005,16,2025-04-27,Paid Ads,2025-05-05
5006,5006,13,2026-01-26,Organic Search,2026-02-15
5007,5007,27,2025-06-20,Organic Search,2025-07-13
5008,5008,20,2025-11-24,Email,2025-12-17
5009,5009,10,2024-05-15,Direct,2024-06-10
5010,5010,24,2025-06-22,Direct,2025-06-25
5011,5011,7,2024-01-05,Paid Ads,2024-01-29
5012,5012,9,2025-05-19,Direct,2025-06-13
5013,5013,24,2025-05-23,Paid Ads,2025-05-27
5014,5014,18,2025-11-29,Organic Search,2025-12-08
5015,5015,26,2025-09-14,Direct,2025-09-18
5016,5016,21,2026-04-26,Paid Ads,2026-05-09
5017,5017,9,2025-06-17,Organic Search,2025-06-22
5018,5018,2,2025-10-11,Organic Search,2025-11-10
5019,5019,3,2025-09-20,Email,2025-10-13
5020,5020,13,2026-01-26,Paid Ads,2026-01-29
5021,5021,14,2026-04-25,Email,2026-04-29
5022,5022,15,2024-09-22,Paid Ads,2024-10-08
5023,5023,8,2024-01-13,Direct,2024-01-22
5024,5024,16,2025-05-23,Paid Ads,2025-06-11
5025,5025,13,2026-01-29,Paid Ads,2026-02-11
5026,5026,26,2025-09-23,Organic Search,2025-09-27
5027,5027,5,2024-02-02,Email,2024-02-07
5028,5028,29,2024-09-18,Paid Ads,2024-09-25
5029,5029,6,2023-10-29,Direct,2023-11-17
5030,5030,30,2026-05-21,Paid Ads,2026-06-11
5031,5031,2,2025-10-06,Direct,2025-10-30
5032,5032,29,2024-10-02,Paid Ads,2024-10-27
5033,5033,23,2024-06-16,Email,2024-07-16
5034,5034,5,2024-01-12,Paid Ads,2024-02-09
5035,5035,1,2024-08-05,Paid Ads,2024-08-23
5036,5036,15,2024-09-22,Paid Ads,2024-09-28
5037,5037,20,2025-11-20,Organic Search,2025-12-15
5038,5038,23,2024-06-23,Direct,2024-06-29
5039,5039,21,2026-04-26,Organic Search,2026-05-04
5040,5040,20,2025-11-16,Organic Search,2025-12-16
5041,5041,13,2026-02-02,Paid Ads,2026-02-08
5042,5042,26,2025-09-12,Organic Search,2025-09-12
5043,5043,2,2025-10-07,Paid Ads,2025-11-02
5044,5044,15,2024-09-24,Organic Search,2024-10-15
5045,5045,24,2025-06-25,Direct,2025-07-11
5046,5046,13,2026-01-23,Paid Ads,2026-02-15
5047,5047,6,2023-10-26,Paid Ads,2023-10-29
5048,5048,3,2025-10-03,Organic Search,2025-10-06
5049,5049,29,2024-10-04,Direct,2024-10-18
5050,5050,28,2024-10-25,Organic Search,2024-11-07
5051,5051,7,2024-01-14,Organic Search,2024-02-12
5052,5052,13,2026-01-22,Direct,2026-02-10
5053,5053,30,2026-05-23,Email,2026-06-16
5054,5054,29,2024-09-11,Organic Search,2024-10-03
5055,5055,19,2025-10-22,Organic Search,2025-10-27
5056,5056,5,2024-02-13,Paid Ads,2024-03-05
5057,5057,11,2025-12-22,Organic Search,2025-12-30
5058,5058,3,2025-09-26,Organic Search,2025-09-28
5059,5059,20,2025-11-09,Email,2025-11-13
5060,5060,15,2024-09-12,Paid Ads,2024-09-27
5061,5061,9,2025-06-15,Organic Search,2025-06-18
5062,5062,8,2024-01-14,Direct,2024-02-02
5063,5063,4,2024-01-28,Organic Search,2024-02-14
5064,5064,17,2026-06-20,Direct,2026-07-08
5065,5065,21,2026-05-07,Organic Search,2026-05-21
5066,5066,12,2024-04-11,Organic Search,2024-05-06
5067,5067,6,2023-10-31,Email,2023-11-13
5068,5068,9,2025-05-17,Paid Ads,2025-05-23
5069,5069,13,2026-02-02,Organic Search,2026-02-28
5070,5070,4,2024-01-27,Paid Ads,2024-02-01
5071,5071,25,2025-08-10,Organic Search,2025-08-29
5072,5072,15,2024-09-13,Direct,2024-09-21
5073,5073,9,2025-05-14,Direct,2025-05-21
5074,5074,19,2025-10-12,Paid Ads,2025-10-12
5075,5075,11,2026-02-01,Organic Search,2026-02-04
5076,5076,15,2024-09-13,Paid Ads,2024-10-09
5077,5077,3,2025-09-19,Paid Ads,2025-10-05
5078,5078,20,2025-11-04,Direct,2025-11-19
5079,5079,1,2024-08-11,Paid Ads,2024-08-27
5080,5080,15,2024-09-11,Organic Search,2024-09-22
5081,5081,24,2025-06-12,Email,2025-07-01
5082,5082,23,2024-06-16,Paid Ads,2024-07-12
5083,5083,17,2026-06-19,Paid Ads,2026-06-25
5084,5084,13,2026-01-24,Paid Ads,2026-02-04
5085,5085,19,2025-11-04,Organic Search,2025-11-21
5086,5086,29,2024-09-08,Paid Ads,2024-10-05
5087,5087,5,2024-01-26,Paid Ads,2024-01-26
5088,5088,29,2024-09-22,Email,2024-10-13
5089,5089,11,2026-01-10,Direct,2026-01-27
5090,5090,5,2024-01-13,Organic Search,2024-01-28
5091,5091,12,2024-03-29,Paid Ads,2024-04-09
5092,5092,7,2024-01-17,Organic Search,2024-02-06
5093,5093,4,2024-01-23,Direct,2024-02-18
5094,5094,8,2024-01-11,Paid Ads,2024-01-31
5095,5095,12,2024-04-04,Organic Search,2024-04-28
5096,5096,10,2024-05-13,Direct,2024-05-31
5097,5097,3,2025-09-22,Organic Search,2025-10-12
5098,5098,27,2025-06-02,Direct,2025-06-06
5099,5099,5,2024-01-16,Organic Search,2024-02-11
5100,5100,1,2024-08-24,Organic Search,2024-09-19
5101,5101,7,2023-12-30,Direct,2024-01-10
5102,5102,16,2025-05-16,Paid Ads,2025-06-13
5103,5103,23,2024-06-06,Email,2024-07-06
5104,5104,16,2025-04-20,Paid Ads,2025-05-08
5105,5105,10,2024-05-14,Paid Ads,2024-05-23
5106,5106,2,2025-10-02,Paid Ads,2025-10-14
5107,5107,10,2024-05-17,Organic Search,2024-05-19
5108,5108,22,2026-08-15,Organic Search,2026-08-21
5109,5109,8,2024-01-09,Paid Ads,2024-02-01
5110,5110,20,2025-11-17,Organic Search,2025-11-23
5111,5111,26,2025-09-20,Paid Ads,2025-10-11
5112,5112,14,2026-04-14,Email,2026-04-24
5113,5113,5,2024-02-05,Direct,2024-02-22
5114,5114,26,2025-09-22,Paid Ads,2025-09-23
5115,5115,17,2026-06-16,Paid Ads,2026-06-18
5116,5116,6,2023-10-17,Organic Search,2023-10-30
5117,5117,5,2024-01-16,Organic Search,2024-01-17
5118,5118,22,2026-08-18,Organic Search,2026-09-11
5119,5119,10,2024-05-17,Paid Ads,2024-05-20
5120,5120,13,2026-01-26,Organic Search,2026-01-27
5121,5121,2,2025-10-13,Organic Search,2025-11-12
5122,5122,9,2025-05-18,Direct,2025-05-20
5123,5123,6,2023-10-11,Direct,2023-11-01
5124,5124,1,2024-08-08,Organic Search,2024-08-30
5125,5125,20,2025-11-17,Organic Search,2025-12-15
5126,5126,25,2025-08-15,Email,2025-08-31
5127,5127,3,2025-09-26,Paid Ads,2025-10-01
5128,5128,8,2024-01-09,Direct,2024-01-10
5129,5129,11,2025-12-21,Organic Search,2026-01-20
5130,5130,21,2026-05-04,Paid Ads,2026-05-11
5131,5131,21,2026-04-28,Paid Ads,2026-05-28
5132,5132,20,2025-11-06,Direct,2025-11-06
5133,5133,28,2024-10-12,Organic Search,2024-10-25
5134,5134,17,2026-06-15,Email,2026-06-16
5135,5135,26,2025-09-18,Organic Search,2025-10-02
5136,5136,21,2026-05-10,Paid Ads,2026-05-29
5137,5137,29,2024-10-07,Organic Search,2024-10-24
5138,5138,23,2024-06-20,Paid Ads,2024-07-09
5139,5139,19,2025-10-12,Email,2025-10-28
5140,5140,8,2024-01-09,Organic Search,2024-02-07
5141,5141,5,2024-02-11,Organic Search,2024-02-15
5142,5142,12,2024-03-25,Organic Search,2024-04-16
5143,5143,8,2024-01-09,Email,2024-01-13
5144,5144,17,2026-06-19,Organic Search,2026-06-25
5145,5145,22,2026-08-14,Paid Ads,2026-08-19
5146,5146,3,2025-10-01,Paid Ads,2025-10-02
5147,5147,26,2025-09-18,Organic Search,2025-10-15
5148,5148,11,2025-12-22,Organic Search,2025-12-29
5149,5149,13,2026-01-30,Organic Search,2026-02-11
5150,5150,22,2026-08-05,Direct,2026-08-09
5151,5151,28,2024-10-30,Paid Ads,2024-11-11
5152,5152,29,2024-09-20,Email,2024-10-17
5153,5153,10,2024-05-11,Email,2024-05-19
5154,5154,19,2025-10-27,Organic Search,2025-11-08
5155,5155,8,2024-01-12,Organic Search,2024-01-28
5156,5156,2,2025-10-08,Paid Ads,2025-10-21
5157,5157,19,2025-10-01,Direct,2025-10-06
5158,5158,14,2026-04-25,Paid Ads,2026-04-28
5159,5159,13,2026-01-23,Email,2026-02-03
5160,5160,29,2024-09-08,Direct,2024-10-05
5161,5161,17,2026-06-18,Email,2026-06-27
5162,5162,10,2024-05-15,Organic Search,2024-06-01
5163,5163,3,2025-10-03,Paid Ads,2025-10-17
5164,5164,20,2025-11-28,Paid Ads,2025-12-01
5165,5165,21,2026-05-01,Organic Search,2026-05-30
5166,5166,5,2024-01-25,Email,2024-02-19
5167,5167,23,2024-06-26,Paid Ads,2024-06-29
5168,5168,4,2024-01-19,Paid Ads,2024-02-02
5169,5169,10,2024-05-10,Organic Search,2024-05-19
5170,5170,27,2025-06-17,Direct,2025-06-29
5171,5171,28,2024-10-27,Paid Ads,2024-11-02
5172,5172,5,2024-01-27,Paid Ads,2024-02-01
5173,5173,20,2025-11-25,Paid Ads,2025-12-21
5174,5174,1,2024-08-14,Email,2024-09-11
5175,5175,19,2025-11-04,Paid Ads,2025-11-12
5176,5176,19,2025-10-01,Paid Ads,2025-10-19
5177,5177,22,2026-08-03,Organic Search,2026-08-23
5178,5178,1,2024-08-20,Organic Search,2024-09-02
5179,5179,27,2025-06-20,Paid Ads,2025-07-19
5180,5180,17,2026-06-14,Organic Search,2026-07-09
5181,5181,22,2026-08-07,Organic Search,2026-08-30
5182,5182,26,2025-09-22,Paid Ads,2025-10-18
5183,5183,13,2026-01-28,Paid Ads,2026-02-14
5184,5184,1,2024-08-10,Email,2024-08-23
5185,5185,8,2024-01-10,Direct,2024-02-09
5186,5186,7,2023-12-31,Paid Ads,2024-01-01
5187,5187,30,2026-05-19,Organic Search,2026-05-20
5188,5188,7,2023-12-29,Organic Search,2024-01-21
5189,5189,22,2026-08-12,Organic Search,2026-08-29
5190,5190,20,2025-11-09,Paid Ads,2025-11-14
5191,5191,26,2025-09-19,Paid Ads,2025-10-18
5192,5192,19,2025-10-23,Paid Ads,2025-11-02
5193,5193,3,2025-09-30,Paid Ads,2025-10-29
5194,5194,29,2024-09-21,Organic Search,2024-10-12
5195,5195,10,2024-05-11,Paid Ads,2024-06-01
5196,5196,2,2025-10-07,Paid Ads,2025-10-27
5197,5197,23,2024-06-27,Organic Search,2024-07-04
5198,5198,5,2024-01-15,Email,2024-02-08
5199,5199,18,2025-12-03,Organic Search,2025-12-03
5200,5200,20,2025-11-22,Paid Ads,2025-11-23
5201,5201,29,2024-10-04,Paid Ads,2024-10-25
5202,5202,9,2025-06-22,Paid Ads,2025-07-16
5203,5203,18,2025-12-06,Paid Ads,2025-12-11
5204,5204,23,2024-06-29,Email,2024-07-12
5205,5205,15,2024-09-22,Organic Search,2024-09-25
5206,5206,9,2025-06-15,Paid Ads,2025-06-17
5207,5207,6,2023-10-14,Email,2023-10-17
5208,5208,9,2025-05-14,Organic Search,2025-05-31
5209,5209,12,2024-04-11,Paid Ads,2024-05-10
5210,5210,8,2024-01-10,Direct,2024-02-05
5211,5211,4,2024-01-20,Organic Search,2024-02-19
5212,5212,14,2026-04-18,Organic Search,2026-05-08
5213,5213,18,2025-11-27,Organic Search,2025-11-28
5214,5214,27,2025-06-04,Paid Ads,2025-06-19
5215,5215,19,2025-09-30,Paid Ads,2025-10-02
5216,5216,20,2025-11-13,Direct,2025-12-01
5217,5217,18,2025-12-03,Organic Search,2025-12-31
5218,5218,9,2025-05-14,Organic Search,2025-05-22
5219,5219,24,2025-06-12,Organic Search,2025-07-06
5220,5220,29,2024-09-19,Paid Ads,2024-10-09
5221,5221,11,2026-02-02,Organic Search,2026-02-28
5222,5222,17,2026-06-13,Organic Search,2026-06-26
5223,5223,28,2024-11-14,Direct,2024-11-28
5224,5224,23,2024-06-11,Direct,2024-07-07
5225,5225,17,2026-06-16,Paid Ads,2026-07-02
5226,5226,1,2024-08-29,Paid Ads,2024-08-31
5227,5227,3,2025-09-22,Organic Search,2025-10-07
5228,5228,3,2025-09-20,Organic Search,2025-10-14
5229,5229,21,2026-05-04,Paid Ads,2026-05-20
5230,5230,19,2025-11-01,Organic Search,2025-11-01
5231,5231,17,2026-06-20,Direct,2026-07-17
5232,5232,9,2025-06-12,Direct,2025-07-05
5233,5233,9,2025-06-18,Paid Ads,2025-07-04
5234,5234,18,2025-11-26,Organic Search,2025-12-15
5235,5235,26,2025-09-16,Paid Ads,2025-10-04
5236,5236,22,2026-08-15,Organic Search,2026-08-25
5237,5237,21,2026-05-06,Paid Ads,2026-05-16
5238,5238,18,2025-11-27,Organic Search,2025-12-01
5239,5239,21,2026-05-01,Paid Ads,2026-05-26
5240,5240,28,2024-10-21,Email,2024-11-06
5241,5241,5,2024-01-12,Paid Ads,2024-01-24
5242,5242,24,2025-06-15,Organic Search,2025-07-07
5243,5243,3,2025-10-03,Paid Ads,2025-11-01
5244,5244,6,2023-11-01,Organic Search,2023-11-21
5245,5245,19,2025-11-04,Paid Ads,2025-11-25
5246,5246,30,2026-05-18,Paid Ads,2026-06-16
5247,5247,19,2025-10-02,Paid Ads,2025-10-18
5248,5248,10,2024-05-18,Paid Ads,2024-06-13
5249,5249,9,2025-06-04,Organic Search,2025-06-11
5250,5250,8,2024-01-10,Paid Ads,2024-01-15
5251,5251,30,2026-05-17,Paid Ads,2026-05-31
5252,5252,19,2025-10-04,Paid Ads,2025-10-26
5253,5253,2,2025-09-27,Organic Search,2025-10-27
5254,5254,26,2025-09-11,Paid Ads,2025-09-11
5255,5255,26,2025-09-16,Direct,2025-09-19
5256,5256,14,2026-05-09,Organic Search,2026-05-14
5257,5257,15,2024-09-13,Organic Search,2024-09-16
5258,5258,15,2024-09-18,Organic Search,2024-09-30
5259,5259,8,2024-01-09,Organic Search,2024-01-13
5260,5260,6,2023-10-03,Paid Ads,2023-10-25
5261,5261,23,2024-06-15,Direct,2024-07-08
5262,5262,22,2026-08-14,Paid Ads,2026-08-17
5263,5263,5,2024-02-08,Organic Search,2024-03-06
5264,5264,8,2024-01-09,Paid Ads,2024-01-12
5265,5265,22,2026-08-04,Paid Ads,2026-08-16
5266,5266,17,2026-06-16,Organic Search,2026-07-01
5267,5267,11,2026-01-31,Paid Ads,2026-03-01
5268,5268,13,2026-02-02,Paid Ads,2026-02-15
5269,5269,2,2025-10-10,Organic Search,2025-10-26
5270,5270,30,2026-05-22,Email,2026-06-06
5271,5271,22,2026-08-04,Organic Search,2026-08-08
5272,5272,10,2024-05-18,Organic Search,2024-05-24
5273,5273,2,2025-10-03,Paid Ads,2025-10-29
5274,5274,15,2024-09-21,Paid Ads,2024-10-01
5275,5275,30,2026-05-21,Paid Ads,2026-05-22
5276,5276,16,2025-05-11,Paid Ads,2025-06-05
5277,5277,5,2024-02-02,Organic Search,2024-02-09
5278,5278,10,2024-05-18,Paid Ads,2024-06-09
5279,5279,26,2025-09-13,Direct,2025-09-17
5280,5280,9,2025-05-24,Email,2025-06-02
5281,5281,28,2024-10-22,Email,2024-11-21
5282,5282,11,2026-01-31,Paid Ads,2026-02-28
5283,5283,13,2026-01-30,Direct,2026-02-17
5284,5284,12,2024-03-27,Organic Search,2024-04-20
5285,5285,30,2026-05-16,Paid Ads,2026-06-14
5286,5286,4,2024-01-20,Email,2024-02-10
5287,5287,3,2025-09-29,Paid Ads,2025-10-17
5288,5288,12,2024-04-05,Organic Search,2024-04-05
5289,5289,7,2023-12-24,Paid Ads,2024-01-21
5290,5290,7,2024-01-11,Paid Ads,2024-01-21
5291,5291,20,2025-11-04,Paid Ads,2025-11-19
5292,5292,30,2026-05-25,Paid Ads,2026-06-13
5293,5293,5,2024-01-18,Paid Ads,2024-01-24
5294,5294,7,2023-12-28,Direct,2024-01-22
5295,5295,30,2026-05-25,Organic Search,2026-06-10
5296,5296,27,2025-06-13,Paid Ads,2025-06-20
5297,5297,17,2026-06-18,Organic Search,2026-06-25
5298,5298,25,2025-08-09,Paid Ads,2025-09-07
5299,5299,17,2026-06-20,Organic Search,2026-06-30
5300,5300,12,2024-04-07,Organic Search,2024-05-01
5301,5301,4,2024-01-24,Organic Search,2024-02-18
5302,5302,11,2026-02-02,Paid Ads,2026-02-16
5303,5303,27,2025-06-01,Direct,2025-06-20
5304,5304,24,2025-05-23,Paid Ads,2025-05-31
5305,5305,7,2024-01-17,Organic Search,2024-02-10
5306,5306,16,2025-05-23,Organic Search,2025-05-24
5307,5307,4,2024-01-25,Direct,2024-02-22
5308,5308,2,2025-10-01,Paid Ads,2025-10-22
5309,5309,28,2024-10-25,Email,2024-11-05
5310,5310,1,2024-08-23,Organic Search,2024-09-06
5311,5311,19,2025-10-24,Direct,2025-11-13
5312,5312,22,2026-08-15,Paid Ads,2026-08-20
5313,5313,20,2025-11-25,Organic Search,2025-12-01
5314,5314,4,2024-01-25,Paid Ads,2024-02-13
5315,5315,27,2025-06-16,Paid Ads,2025-07-08
5316,5316,8,2024-01-10,Paid Ads,2024-01-10
5317,5317,2,2025-09-28,Organic Search,2025-10-07
5318,5318,7,2024-01-06,Paid Ads,2024-01-19
5319,5319,25,2025-08-09,Direct,2025-09-03
5320,5320,4,2024-01-27,Organic Search,2024-01-27
5321,5321,2,2025-10-02,Organic Search,2025-10-29
5322,5322,13,2026-01-24,Paid Ads,2026-01-24
5323,5323,26,2025-09-19,Direct,2025-10-10
5324,5324,9,2025-06-24,Direct,2025-07-02
5325,5325,28,2024-10-21,Direct,2024-11-05
5326,5326,22,2026-08-09,Direct,2026-08-30
5327,5327,13,2026-01-30,Email,2026-02-05
5328,5328,4,2024-01-22,Organic Search,2024-02-20
5329,5329,17,2026-06-18,Paid Ads,2026-06-26
5330,5330,9,2025-05-16,Organic Search,2025-06-08
5331,5331,19,2025-10-01,Organic Search,2025-10-20
5332,5332,19,2025-10-26,Organic Search,2025-10-28
5333,5333,6,2023-10-09,Organic Search,2023-10-17
5334,5334,2,2025-10-12,Organic Search,2025-10-30
5335,5335,12,2024-04-06,Paid Ads,2024-05-01
5336,5336,3,2025-10-05,Paid Ads,2025-10-13
5337,5337,3,2025-09-29,Organic Search,2025-10-19
5338,5338,8,2024-01-13,Organic Search,2024-01-16
5339,5339,14,2026-04-24,Paid Ads,2026-05-19
5340,5340,26,2025-09-12,Paid Ads,2025-10-04
5341,5341,25,2025-08-16,Organic Search,2025-08-30
5342,5342,10,2024-05-10,Organic Search,2024-05-17
5343,5343,19,2025-10-14,Paid Ads,2025-11-12
5344,5344,1,2024-08-30,Email,2024-09-13
5345,5345,23,2024-06-15,Organic Search,2024-07-05
5346,5346,17,2026-06-19,Paid Ads,2026-07-18
5347,5347,27,2025-06-21,Paid Ads,2025-07-12
5348,5348,15,2024-09-10,Direct,2024-09-25
5349,5349,6,2023-10-08,Organic Search,2023-10-11
5350,5350,5,2024-01-16,Organic Search,2024-02-07
5351,5351,2,2025-09-26,Paid Ads,2025-10-18
5352,5352,18,2025-12-02,Organic Search,2025-12-07
5353,5353,9,2025-06-18,Organic Search,2025-07-01
5354,5354,2,2025-10-08,Organic Search,2025-11-06
5355,5355,13,2026-01-22,Paid Ads,2026-02-02
5356,5356,27,2025-06-16,Paid Ads,2025-07-12
5357,5357,17,2026-06-16,Paid Ads,2026-07-04
5358,5358,19,2025-10-09,Organic Search,2025-10-30
5359,5359,26,2025-09-17,Organic Search,2025-10-09
5360,5360,13,2026-01-24,Email,2026-01-28
5361,5361,6,2023-10-26,Direct,2023-11-06
5362,5362,6,2023-09-30,Paid Ads,2023-10-15
5363,5363,20,2025-11-13,Direct,2025-11-27
5364,5364,26,2025-09-21,Paid Ads,2025-10-06
5365,5365,30,2026-05-17,Organic Search,2026-06-11
5366,5366,18,2025-12-06,Paid Ads,2025-12-19
5367,5367,25,2025-08-01,Paid Ads,2025-08-01
5368,5368,13,2026-01-26,Organic Search,2026-02-08
5369,5369,8,2024-01-09,Direct,2024-02-08
5370,5370,19,2025-10-14,Organic Search,2025-10-30
5371,5371,2,2025-10-05,Organic Search,2025-10-14
5372,5372,17,2026-06-19,Organic Search,2026-07-02
5373,5373,14,2026-05-06,Paid Ads,2026-05-29
5374,5374,15,2024-09-23,Paid Ads,2024-10-10
5375,5375,14,2026-05-04,Email,2026-05-04
5376,5376,18,2025-11-30,Organic Search,2025-12-14
5377,5377,12,2024-03-24,Organic Search,2024-04-05
5378,5378,25,2025-08-07,Paid Ads,2025-08-07
5379,5379,4,2024-01-23,Organic Search,2024-01-25
5380,5380,14,2026-04-14,Paid Ads,2026-04-17
5381,5381,27,2025-06-18,Paid Ads,2025-07-01
5382,5382,3,2025-09-19,Email,2025-10-01
5383,5383,4,2024-01-21,Organic Search,2024-02-14
5384,5384,30,2026-05-23,Paid Ads,2026-06-18
5385,5385,10,2024-05-13,Paid Ads,2024-06-11
5386,5386,30,2026-05-24,Paid Ads,2026-06-22
5387,5387,3,2025-09-18,Organic Search,2025-10-12
5388,5388,13,2026-01-22,Email,2026-02-03
5389,5389,25,2025-08-05,Paid Ads,2025-08-12
5390,5390,11,2026-01-25,Paid Ads,2026-02-07
5391,5391,6,2023-10-07,Paid Ads,2023-10-26
5392,5392,5,2024-02-07,Direct,2024-02-19
5393,5393,8,2024-01-13,Organic Search,2024-02-06
5394,5394,2,2025-10-14,Paid Ads,2025-10-22
5395,5395,24,2025-06-23,Paid Ads,2025-06-23
5396,5396,2,2025-10-12,Paid Ads,2025-11-08
5397,5397,11,2026-01-07,Paid Ads,2026-01-15
5398,5398,26,2025-09-19,Organic Search,2025-10-01
5399,5399,16,2025-04-23,Paid Ads,2025-04-28
5400,5400,5,2024-01-21,Paid Ads,2024-02-04
5401,5401,18,2025-11-25,Paid Ads,2025-12-21
5402,5402,7,2023-12-30,Paid Ads,2024-01-19
5403,5403,6,2023-10-02,Organic Search,2023-10-31
5404,5404,8,2024-01-09,Direct,2024-01-14
5405,5405,20,2025-11-07,Direct,2025-11-14
5406,5406,26,2025-09-12,Paid Ads,2025-09-30
5407,5407,17,2026-06-13,Paid Ads,2026-06-20
5408,5408,23,2024-06-04,Organic Search,2024-06-22
5409,5409,17,2026-06-14,Organic Search,2026-06-24
5410,5410,18,2025-12-01,Direct,2025-12-10
5411,5411,29,2024-09-07,Paid Ads,2024-09-10
5412,5412,1,2024-09-07,Organic Search,2024-10-04
5413,5413,1,2024-08-05,Organic Search,2024-08-30
5414,5414,18,2025-12-03,Paid Ads,2025-12-31
5415,5415,1,2024-08-14,Organic Search,2024-08-14
5416,5416,9,2025-06-09,Organic Search,2025-06-10
5417,5417,20,2025-11-27,Organic Search,2025-12-05
5418,5418,19,2025-10-23,Direct,2025-10-29
5419,5419,4,2024-01-19,Paid Ads,2024-01-28
5420,5420,21,2026-05-07,Paid Ads,2026-05-15
5421,5421,20,2025-11-24,Paid Ads,2025-12-01
5422,5422,13,2026-01-31,Paid Ads,2026-02-18
5423,5423,10,2024-05-11,Direct,2024-05-27
5424,5424,19,2025-10-09,Organic Search,2025-10-17
5425,5425,28,2024-10-27,Organic Search,2024-11-01
5426,5426,11,2026-01-13,Organic Search,2026-01-19
5427,5427,5,2024-02-11,Organic Search,2024-03-10
5428,5428,16,2025-05-21,Paid Ads,2025-05-26
5429,5429,17,2026-06-17,Direct,2026-06-26
5430,5430,30,2026-05-17,Paid Ads,2026-06-09
5431,5431,10,2024-05-17,Organic Search,2024-05-31
5432,5432,25,2025-07-31,Direct,2025-08-28
5433,5433,2,2025-09-30,Organic Search,2025-10-17
5434,5434,12,2024-04-01,Organic Search,2024-04-06
5435,5435,17,2026-06-16,Email,2026-06-30
5436,5436,25,2025-08-08,Paid Ads,2025-08-27
5437,5437,28,2024-11-05,Paid Ads,2024-11-23
5438,5438,23,2024-06-20,Paid Ads,2024-06-30
5439,5439,25,2025-08-17,Organic Search,2025-09-01
5440,5440,13,2026-01-27,Paid Ads,2026-02-16
5441,5441,1,2024-09-05,Organic Search,2024-09-20
5442,5442,5,2024-02-05,Direct,2024-02-16
5443,5443,21,2026-05-02,Email,2026-05-21
5444,5444,22,2026-08-15,Email,2026-08-23
5445,5445,28,2024-10-12,Organic Search,2024-11-07
5446,5446,6,2023-10-29,Paid Ads,2023-11-27
5447,5447,11,2026-01-02,Organic Search,2026-01-20
5448,5448,24,2025-05-31,Organic Search,2025-06-01
5449,5449,25,2025-08-14,Direct,2025-09-08
5450,5450,18,2025-12-06,Paid Ads,2025-12-15
5451,5451,4,2024-01-25,Paid Ads,2024-01-31
5452,5452,24,2025-06-07,Email,2025-07-06
5453,5453,12,2024-03-18,Organic Search,2024-03-25
5454,5454,16,2025-05-28,Organic Search,2025-06-05
5455,5455,13,2026-01-23,Email,2026-02-04
5456,5456,12,2024-03-17,Paid Ads,2024-04-01
5457,5457,8,2024-01-11,Organic Search,2024-01-21
5458,5458,18,2025-11-26,Direct,2025-12-03
5459,5459,25,2025-08-17,Paid Ads,2025-09-04
5460,5460,12,2024-03-18,Direct,2024-03-24
5461,5461,22,2026-08-17,Organic Search,2026-08-26
5462,5462,30,2026-05-21,Email,2026-06-05
5463,5463,14,2026-04-10,Paid Ads,2026-04-26
5464,5464,18,2025-12-03,Organic Search,2025-12-03
5465,5465,20,2025-11-17,Paid Ads,2025-11-30
5466,5466,10,2024-05-15,Direct,2024-05-29
5467,5467,18,2025-11-27,Organic Search,2025-12-19
5468,5468,22,2026-08-16,Paid Ads,2026-08-27
5469,5469,28,2024-10-15,Direct,2024-10-29
5470,5470,14,2026-04-29,Paid Ads,2026-05-21
5471,5471,1,2024-08-14,Paid Ads,2024-08-29
5472,5472,26,2025-09-12,Paid Ads,2025-09-26
5473,5473,27,2025-06-01,Organic Search,2025-06-30
5474,5474,17,2026-06-20,Organic Search,2026-06-25
5475,5475,10,2024-05-16,Paid Ads,2024-06-07
5476,5476,30,2026-05-17,Email,2026-06-09
5477,5477,2,2025-10-05,Organic Search,2025-10-26
5478,5478,22,2026-08-07,Direct,2026-08-31
5479,5479,19,2025-09-28,Organic Search,2025-10-24
5480,5480,9,2025-06-07,Paid Ads,2025-07-03
5481,5481,18,2025-11-27,Organic Search,2025-12-26
5482,5482,3,2025-10-02,Direct,2025-10-12
5483,5483,24,2025-05-28,Organic Search,2025-06-08
5484,5484,18,2025-12-04,Email,2025-12-10
5485,5485,13,2026-02-01,Paid Ads,2026-02-26
5486,5486,4,2024-01-21,Direct,2024-02-19
5487,5487,3,2025-10-04,Paid Ads,2025-11-03
5488,5488,18,2025-12-04,Email,2025-12-04
5489,5489,17,2026-06-18,Organic Search,2026-07-05
5490,5490,24,2025-06-11,Email,2025-06-17
5491,5491,30,2026-05-22,Email,2026-05-22
5492,5492,26,2025-09-18,Paid Ads,2025-10-07
5493,5493,11,2026-01-28,Email,2026-02-01
5494,5494,12,2024-04-06,Organic Search,2024-04-10
5495,5495,2,2025-10-04,Paid Ads,2025-10-25
5496,5496,3,2025-09-21,Paid Ads,2025-10-10
5497,5497,15,2024-09-25,Organic Search,2024-10-08
5498,5498,20,2025-11-08,Paid Ads,2025-12-03
5499,5499,12,2024-03-18,Organic Search,2024-04-13
5500,5500,13,2026-02-02,Paid Ads,2026-02-05
5501,5501,12,2024-03-21,Organic Search,2024-04-20
5502,5502,18,2025-11-29,Organic Search,2025-12-28
5503,5503,4,2024-01-20,Direct,2024-02-07
5504,5504,6,2023-10-30,Direct,2023-11-16
5505,5505,25,2025-08-01,Organic Search,2025-08-29
5506,5506,3,2025-09-18,Email,2025-09-29
5507,5507,12,2024-03-17,Organic Search,2024-04-12
5508,5508,28,2024-10-11,Direct,2024-10-24
5509,5509,26,2025-09-18,Organic Search,2025-10-04
5510,5510,27,2025-06-07,Paid Ads,2025-06-29
5511,5511,22,2026-08-14,Organic Search,2026-09-10
5512,5512,25,2025-08-03,Organic Search,2025-09-02
5513,5513,23,2024-06-24,Organic Search,2024-07-03
5514,5514,5,2024-01-27,Organic Search,2024-02-11
5515,5515,1,2024-08-20,Organic Search,2024-08-21
5516,5516,10,2024-05-14,Paid Ads,2024-06-11
5517,5517,9,2025-05-19,Organic Search,2025-06-08
5518,5518,11,2026-01-24,Paid Ads,2026-01-28
5519,5519,1,2024-08-29,Organic Search,2024-09-16
5520,5520,15,2024-09-13,Direct,2024-09-21
5521,5521,22,2026-08-08,Paid Ads,2026-08-16
5522,5522,12,2024-04-03,Paid Ads,2024-04-27
5523,5523,13,2026-02-02,Organic Search,2026-02-13
5524,5524,18,2025-11-25,Paid Ads,2025-12-23
5525,5525,18,2025-11-27,Paid Ads,2025-12-21
5526,5526,3,2025-09-23,Paid Ads,2025-10-22
5527,5527,17,2026-06-19,Direct,2026-06-25
5528,5528,16,2025-04-19,Paid Ads,2025-05-19
5529,5529,12,2024-03-20,Paid Ads,2024-04-06
5530,5530,19,2025-10-26,Paid Ads,2025-11-12
5531,5531,13,2026-02-02,Paid Ads,2026-03-04
5532,5532,22,2026-08-03,Organic Search,2026-08-10
5533,5533,10,2024-05-14,Email,2024-05-29
5534,5534,24,2025-06-24,Organic Search,2025-07-06
5535,5535,28,2024-10-31,Paid Ads,2024-11-20
5536,5536,30,2026-05-19,Direct,2026-06-11
5537,5537,17,2026-06-17,Paid Ads,2026-07-04
5538,5538,9,2025-05-16,Organic Search,2025-06-11
5539,5539,26,2025-09-15,Direct,2025-10-08
5540,5540,1,2024-08-18,Paid Ads,2024-08-29
5541,5541,14,2026-04-30,Direct,2026-05-12
5542,5542,23,2024-06-28,Organic Search,2024-07-04
5543,5543,5,2024-01-13,Organic Search,2024-02-03
5544,5544,23,2024-06-08,Direct,2024-06-18
5545,5545,20,2025-11-11,Paid Ads,2025-11-18
5546,5546,15,2024-09-23,Paid Ads,2024-10-13
5547,5547,8,2024-01-13,Paid Ads,2024-01-14
5548,5548,7,2023-12-29,Paid Ads,2023-12-29
5549,5549,7,2023-12-10,Direct,2024-01-09
5550,5550,19,2025-10-13,Email,2025-10-17
5551,5551,14,2026-04-28,Paid Ads,2026-05-21
5552,5552,21,2026-04-29,Direct,2026-05-06
5553,5553,7,2023-12-22,Paid Ads,2024-01-08
5554,5554,15,2024-09-14,Email,2024-10-03
5555,5555,11,2025-12-24,Organic Search,2025-12-31
5556,5556,15,2024-09-18,Paid Ads,2024-10-08
5557,5557,25,2025-08-07,Direct,2025-08-11
5558,5558,7,2023-12-24,Paid Ads,2024-01-04
5559,5559,14,2026-05-04,Email,2026-05-23
5560,5560,11,2026-01-25,Direct,2026-02-18
5561,5561,13,2026-01-22,Paid Ads,2026-01-26
5562,5562,13,2026-01-27,Organic Search,2026-02-08
5563,5563,18,2025-11-26,Organic Search,2025-12-08
5564,5564,27,2025-06-12,Organic Search,2025-07-01
5565,5565,10,2024-05-12,Paid Ads,2024-06-06
5566,5566,6,2023-09-30,Organic Search,2023-10-10
5567,5567,27,2025-06-04,Paid Ads,2025-06-20
5568,5568,20,2025-11-29,Paid Ads,2025-12-24
5569,5569,15,2024-09-19,Paid Ads,2024-09-19
5570,5570,23,2024-06-27,Direct,2024-06-28
5571,5571,7,2024-01-18,Paid Ads,2024-01-21
5572,5572,9,2025-06-20,Organic Search,2025-07-06
5573,5573,13,2026-01-27,Direct,2026-02-17
5574,5574,13,2026-01-30,Organic Search,2026-02-21
5575,5575,18,2025-11-30,Direct,2025-12-05
5576,5576,9,2025-05-27,Paid Ads,2025-06-24
5577,5577,16,2025-04-28,Organic Search,2025-04-30
5578,5578,24,2025-06-13,Paid Ads,2025-07-01
5579,5579,23,2024-06-22,Paid Ads,2024-07-03
5580,5580,2,2025-10-13,Paid Ads,2025-10-17
5581,5581,14,2026-05-10,Paid Ads,2026-05-28
5582,5582,4,2024-01-17,Paid Ads,2024-01-18
5583,5583,8,2024-01-08,Email,2024-01-24
5584,5584,10,2024-05-15,Direct,2024-06-02
5585,5585,29,2024-09-19,Paid Ads,2024-09-27
5586,5586,7,2024-01-13,Organic Search,2024-02-09
5587,5587,13,2026-01-28,Organic Search,2026-02-14
5588,5588,26,2025-09-14,Paid Ads,2025-10-01
5589,5589,22,2026-08-13,Direct,2026-09-12
5590,5590,11,2026-01-01,Organic Search,2026-01-31
5591,5591,4,2024-01-27,Paid Ads,2024-01-30
5592,5592,14,2026-05-05,Direct,2026-06-03
5593,5593,12,2024-04-13,Direct,2024-05-09
5594,5594,3,2025-09-28,Organic Search,2025-10-04
5595,5595,27,2025-06-23,Paid Ads,2025-07-02
5596,5596,10,2024-05-13,Email,2024-06-06
5597,5597,13,2026-01-27,Paid Ads,2026-01-29
5598,5598,12,2024-04-14,Organic Search,2024-05-01
5599,5599,7,2023-12-15,Organic Search,2023-12-26
5600,5600,16,2025-05-23,Organic Search,2025-06-15
5601,5601,25,2025-08-12,Direct,2025-09-11
5602,5602,21,2026-05-07,Direct,2026-05-10
5603,5603,17,2026-06-17,Organic Search,2026-06-27
5604,5604,24,2025-06-22,Direct,2025-07-02
5605,5605,19,2025-09-25,Paid Ads,2025-09-28
5606,5606,10,2024-05-11,Organic Search,2024-06-08
5607,5607,25,2025-08-02,Paid Ads,2025-08-05
5608,5608,29,2024-09-21,Organic Search,2024-09-24
5609,5609,5,2024-01-30,Paid Ads,2024-02-03
5610,5610,16,2025-04-27,Paid Ads,2025-05-08
5611,5611,27,2025-06-26,Direct,2025-07-22
5612,5612,27,2025-06-09,Paid Ads,2025-07-07
5613,5613,30,2026-05-21,Organic Search,2026-06-15
5614,5614,14,2026-04-10,Paid Ads,2026-04-29
5615,5615,24,2025-05-25,Paid Ads,2025-05-31
5616,5616,28,2024-10-20,Organic Search,2024-10-26
5617,5617,3,2025-09-27,Organic Search,2025-10-05
5618,5618,27,2025-06-22,Organic Search,2025-07-20
5619,5619,4,2024-01-20,Paid Ads,2024-01-31
5620,5620,24,2025-05-27,Organic Search,2025-06-24
5621,5621,3,2025-09-27,Direct,2025-10-13
5622,5622,16,2025-05-05,Organic Search,2025-05-26
5623,5623,27,2025-06-16,Paid Ads,2025-06-28
5624,5624,28,2024-11-09,Organic Search,2024-11-15
5625,5625,11,2026-01-27,Organic Search,2026-02-16
5626,5626,11,2026-02-01,Paid Ads,2026-02-17
5627,5627,10,2024-05-13,Organic Search,2024-06-06
5628,5628,17,2026-06-14,Email,2026-06-14
5629,5629,17,2026-06-13,Organic Search,2026-07-03
5630,5630,15,2024-09-17,Direct,2024-09-29
5631,5631,8,2024-01-08,Paid Ads,2024-01-26
5632,5632,16,2025-05-12,Paid Ads,2025-06-05
5633,5633,14,2026-04-29,Paid Ads,2026-05-21
5634,5634,19,2025-10-02,Paid Ads,2025-10-26
5635,5635,13,2026-02-02,Paid Ads,2026-02-04
5636,5636,30,2026-05-18,Paid Ads,2026-05-18
5637,5637,11,2026-01-08,Email,2026-01-20
5638,5638,11,2026-01-15,Paid Ads,2026-02-02
5639,5639,25,2025-08-18,Organic Search,2025-08-21
5640,5640,13,2026-01-28,Paid Ads,2026-02-05
5641,5641,6,2023-10-23,Paid Ads,2023-10-25
5642,5642,24,2025-05-30,Direct,2025-06-14
5643,5643,15,2024-09-23,Paid Ads,2024-10-23
5644,5644,8,2024-01-09,Direct,2024-02-03
5645,5645,8,2024-01-09,Organic Search,2024-01-22
5646,5646,4,2024-01-18,Paid Ads,2024-02-11
5647,5647,7,2024-01-14,Organic Search,2024-01-14
5648,5648,13,2026-02-02,Organic Search,2026-02-06
5649,5649,23,2024-06-15,Direct,2024-07-12
5650,5650,11,2026-01-07,Paid Ads,2026-02-04
5651,5651,22,2026-08-17,Paid Ads,2026-08-21
5652,5652,16,2025-05-04,Paid Ads,2025-05-12
5653,5653,30,2026-05-25,Direct,2026-06-16
5654,5654,12,2024-04-02,Organic Search,2024-05-01
5655,5655,21,2026-05-03,Paid Ads,2026-05-14
5656,5656,11,2026-01-06,Direct,2026-01-16
5657,5657,27,2025-06-21,Organic Search,2025-06-26
5658,5658,2,2025-09-29,Paid Ads,2025-10-03
5659,5659,2,2025-09-29,Paid Ads,2025-10-20
5660,5660,6,2023-09-27,Paid Ads,2023-10-27
5661,5661,4,2024-01-25,Direct,2024-01-25
5662,5662,9,2025-06-09,Organic Search,2025-06-20
5663,5663,30,2026-05-20,Organic Search,2026-06-08
5664,5664,13,2026-01-22,Paid Ads,2026-02-04
5665,5665,26,2025-09-12,Paid Ads,2025-09-23
5666,5666,11,2026-01-09,Organic Search,2026-01-27
5667,5667,11,2026-01-29,Direct,2026-02-07
5668,5668,10,2024-05-13,Paid Ads,2024-05-26
5669,5669,13,2026-01-27,Paid Ads,2026-02-24
5670,5670,6,2023-10-25,Organic Search,2023-10-28
5671,5671,16,2025-04-27,Email,2025-05-01
5672,5672,10,2024-05-13,Organic Search,2024-06-12
5673,5673,21,2026-04-27,Paid Ads,2026-05-18
5674,5674,15,2024-09-25,Organic Search,2024-10-21
5675,5675,19,2025-10-30,Paid Ads,2025-11-09
5676,5676,14,2026-04-15,Paid Ads,2026-04-21
5677,5677,3,2025-10-02,Direct,2025-10-12
5678,5678,6,2023-10-18,Paid Ads,2023-10-29
5679,5679,14,2026-04-25,Direct,2026-05-12
5680,5680,24,2025-06-25,Paid Ads,2025-07-25
5681,5681,19,2025-10-19,Paid Ads,2025-10-23
5682,5682,13,2026-01-24,Paid Ads,2026-02-14
5683,5683,19,2025-10-09,Organic Search,2025-10-12
5684,5684,23,2024-06-16,Organic Search,2024-07-14
5685,5685,26,2025-09-23,Paid Ads,2025-10-22
5686,5686,30,2026-05-18,Paid Ads,2026-06-05
5687,5687,9,2025-05-30,Email,2025-06-29
5688,5688,3,2025-10-05,Paid Ads,2025-11-04
5689,5689,5,2024-01-13,Paid Ads,2024-01-15
5690,5690,6,2023-10-28,Direct,2023-11-19
5691,5691,22,2026-08-06,Paid Ads,2026-08-16
5692,5692,29,2024-09-14,Paid Ads,2024-10-01
5693,5693,29,2024-09-08,Paid Ads,2024-10-02
5694,5694,24,2025-06-21,Paid Ads,2025-07-08
5695,5695,30,2026-05-18,Paid Ads,2026-06-04
5696,5696,9,2025-06-04,Paid Ads,2025-06-04
5697,5697,9,2025-05-24,Organic Search,2025-06-23
5698,5698,20,2025-11-16,Paid Ads,2025-12-16
5699,5699,19,2025-10-31,Paid Ads,2025-11-16
5700,5700,10,2024-05-11,Organic Search,2024-05-26
5701,5701,16,2025-05-06,Paid Ads,2025-05-07
5702,5702,9,2025-05-25,Organic Search,2025-05-30
5703,5703,12,2024-04-15,Direct,2024-04-15
5704,5704,3,2025-10-02,Organic Search,2025-10-02
5705,5705,12,2024-04-16,Organic Search,2024-05-12
5706,5706,14,2026-04-24,Organic Search,2026-04-29
5707,5707,21,2026-05-07,Organic Search,2026-05-07
5708,5708,8,2024-01-09,Paid Ads,2024-01-19
5709,5709,10,2024-05-15,Organic Search,2024-05-21
5710,5710,11,2026-01-08,Organic Search,2026-02-07
5711,5711,10,2024-05-12,Paid Ads,2024-05-12
5712,5712,23,2024-06-05,Direct,2024-06-26
5713,5713,20,2025-11-15,Organic Search,2025-12-07
5714,5714,16,2025-05-15,Email,2025-05-26
5715,5715,23,2024-06-08,Email,2024-06-17
5716,5716,23,2024-06-11,Email,2024-07-11
5717,5717,14,2026-05-05,Paid Ads,2026-05-28
5718,5718,27,2025-06-28,Organic Search,2025-07-10
5719,5719,16,2025-05-10,Paid Ads,2025-05-26
5720,5720,9,2025-06-21,Direct,2025-07-13
5721,5721,20,2025-11-02,Direct,2025-11-18
5722,5722,8,2024-01-07,Organic Search,2024-02-05
5723,5723,12,2024-03-23,Direct,2024-04-16
5724,5724,18,2025-12-04,Direct,2025-12-09
5725,5725,17,2026-06-15,Paid Ads,2026-06-15
5726,5726,3,2025-09-20,Paid Ads,2025-10-02
5727,5727,1,2024-09-04,Organic Search,2024-09-04
5728,5728,1,2024-08-22,Paid Ads,2024-09-09
5729,5729,15,2024-09-25,Email,2024-10-25
5730,5730,8,2024-01-14,Organic Search,2024-02-05
5731,5731,2,2025-10-01,Paid Ads,2025-10-18
5732,5732,29,2024-09-17,Paid Ads,2024-09-30
5733,5733,20,2025-11-10,Email,2025-11-30
5734,5734,14,2026-04-10,Email,2026-05-01
5735,5735,25,2025-08-02,Organic Search,2025-08-20
5736,5736,15,2024-09-14,Organic Search,2024-10-11
5737,5737,14,2026-05-06,Paid Ads,2026-05-22
5738,5738,11,2026-01-30,Paid Ads,2026-02-14
5739,5739,2,2025-10-09,Paid Ads,2025-10-10
5740,5740,22,2026-08-15,Email,2026-08-16
5741,5741,6,2023-10-21,Paid Ads,2023-11-07
5742,5742,11,2025-12-27,Organic Search,2025-12-29
5743,5743,10,2024-05-10,Organic Search,2024-05-26
5744,5744,1,2024-09-03,Organic Search,2024-09-13
5745,5745,19,2025-11-02,Paid Ads,2025-11-24
5746,5746,25,2025-08-13,Paid Ads,2025-08-13
5747,5747,20,2025-11-13,Organic Search,2025-11-20
5748,5748,25,2025-08-01,Paid Ads,2025-08-18
5749,5749,2,2025-09-30,Paid Ads,2025-10-29
5750,5750,5,2024-02-08,Paid Ads,2024-02-19
5751,5751,27,2025-06-29,Paid Ads,2025-06-29
5752,5752,27,2025-06-29,Paid Ads,2025-07-09
5753,5753,20,2025-11-27,Paid Ads,2025-12-13
5754,5754,23,2024-06-19,Direct,2024-07-04
5755,5755,26,2025-09-20,Direct,2025-09-29
5756,5756,21,2026-05-07,Paid Ads,2026-06-04
5757,5757,21,2026-05-03,Organic Search,2026-05-26
5758,5758,28,2024-10-27,Paid Ads,2024-11-24
5759,5759,2,2025-10-09,Organic Search,2025-11-05
5760,5760,17,2026-06-16,Organic Search,2026-06-28
5761,5761,26,2025-09-11,Paid Ads,2025-09-15
5762,5762,3,2025-09-29,Paid Ads,2025-10-19
5763,5763,16,2025-05-03,Organic Search,2025-05-21
5764,5764,23,2024-06-16,Paid Ads,2024-06-21
5765,5765,28,2024-10-11,Organic Search,2024-10-30
5766,5766,11,2026-02-02,Paid Ads,2026-02-02
5767,5767,9,2025-06-01,Organic Search,2025-07-01
5768,5768,24,2025-06-12,Organic Search,2025-07-03
5769,5769,20,2025-11-26,Organic Search,2025-12-05
5770,5770,22,2026-08-09,Direct,2026-09-06
5771,5771,14,2026-04-14,Direct,2026-05-12
5772,5772,13,2026-01-22,Direct,2026-02-08
5773,5773,14,2026-04-12,Organic Search,2026-04-12
5774,5774,21,2026-05-10,Organic Search,2026-05-22
5775,5775,6,2023-10-13,Paid Ads,2023-10-21
5776,5776,6,2023-09-28,Paid Ads,2023-10-08
5777,5777,8,2024-01-07,Paid Ads,2024-02-02
5778,5778,16,2025-05-17,Organic Search,2025-06-11
5779,5779,19,2025-10-12,Organic Search,2025-10-19
5780,5780,16,2025-05-07,Paid Ads,2025-05-26
5781,5781,19,2025-09-29,Organic Search,2025-10-09
5782,5782,28,2024-11-12,Organic Search,2024-11-29
5783,5783,27,2025-06-05,Paid Ads,2025-06-30
5784,5784,29,2024-09-17,Paid Ads,2024-09-30
5785,5785,29,2024-09-15,Paid Ads,2024-09-30
5786,5786,21,2026-04-27,Organic Search,2026-05-10
5787,5787,4,2024-01-19,Paid Ads,2024-01-19
5788,5788,5,2024-01-17,Email,2024-01-22
5789,5789,8,2024-01-07,Organic Search,2024-01-19
5790,5790,13,2026-01-22,Organic Search,2026-01-24
5791,5791,21,2026-05-08,Email,2026-05-19
5792,5792,3,2025-09-30,Organic Search,2025-10-12
5793,5793,29,2024-09-12,Organic Search,2024-09-20
5794,5794,13,2026-02-01,Organic Search,2026-02-26
5795,5795,13,2026-01-29,Organic Search,2026-02-19
5796,5796,17,2026-06-19,Paid Ads,2026-06-23
5797,5797,29,2024-09-15,Organic Search,2024-09-27
5798,5798,11,2026-01-19,Paid Ads,2026-01-24
5799,5799,21,2026-04-27,Email,2026-05-18
5800,5800,22,2026-08-15,Direct,2026-08-27
5801,5801,12,2024-03-29,Direct,2024-03-29
5802,5802,7,2024-01-03,Paid Ads,2024-01-13
5803,5803,8,2024-01-07,Paid Ads,2024-01-21
5804,5804,5,2024-02-06,Paid Ads,2024-02-20
5805,5805,14,2026-04-19,Paid Ads,2026-05-10
5806,5806,2,2025-09-27,Organic Search,2025-10-22
5807,5807,5,2024-01-31,Organic Search,2024-02-26
5808,5808,2,2025-09-26,Paid Ads,2025-09-26
5809,5809,29,2024-09-15,Organic Search,2024-10-06
5810,5810,21,2026-05-09,Organic Search,2026-05-28
5811,5811,4,2024-01-20,Paid Ads,2024-02-01
5812,5812,7,2023-12-27,Organic Search,2024-01-26
5813,5813,14,2026-05-04,Organic Search,2026-05-11
5814,5814,21,2026-05-10,Email,2026-06-01
5815,5815,16,2025-04-29,Direct,2025-05-26
5816,5816,1,2024-09-05,Organic Search,2024-09-14
5817,5817,16,2025-04-30,Direct,2025-05-02
5818,5818,29,2024-10-01,Organic Search,2024-10-12
5819,5819,28,2024-10-17,Organic Search,2024-10-22
5820,5820,20,2025-11-16,Paid Ads,2025-11-28
5821,5821,18,2025-11-29,Email,2025-12-20
5822,5822,22,2026-08-13,Email,2026-08-19
5823,5823,10,2024-05-15,Paid Ads,2024-06-10
5824,5824,24,2025-06-09,Paid Ads,2025-07-06
5825,5825,29,2024-09-12,Organic Search,2024-10-03
5826,5826,9,2025-06-21,Direct,2025-07-06
5827,5827,4,2024-01-22,Organic Search,2024-02-20
5828,5828,3,2025-09-22,Direct,2025-10-11
5829,5829,17,2026-06-18,Organic Search,2026-07-11
5830,5830,15,2024-09-20,Paid Ads,2024-10-11
5831,5831,30,2026-05-25,Organic Search,2026-05-31
5832,5832,5,2024-02-06,Paid Ads,2024-02-11
5833,5833,15,2024-09-14,Paid Ads,2024-09-27
5834,5834,6,2023-10-13,Direct,2023-10-14
5835,5835,6,2023-10-26,Organic Search,2023-11-20
5836,5836,28,2024-11-12,Paid Ads,2024-11-26
5837,5837,26,2025-09-21,Paid Ads,2025-10-12
5838,5838,28,2024-10-12,Direct,2024-10-24
5839,5839,30,2026-05-17,Paid Ads,2026-05-18
5840,5840,27,2025-06-17,Organic Search,2025-07-11
5841,5841,9,2025-05-29,Email,2025-06-02
5842,5842,14,2026-04-11,Paid Ads,2026-05-03
5843,5843,8,2024-01-11,Organic Search,2024-01-17
5844,5844,7,2024-01-01,Direct,2024-01-30
5845,5845,19,2025-09-25,Direct,2025-10-04
5846,5846,23,2024-06-04,Organic Search,2024-06-04
5847,5847,15,2024-09-17,Organic Search,2024-09-23
5848,5848,14,2026-04-30,Organic Search,2026-05-25
5849,5849,22,2026-08-17,Paid Ads,2026-09-13
5850,5850,17,2026-06-17,Paid Ads,2026-07-14
5851,5851,3,2025-10-05,Direct,2025-10-15
5852,5852,18,2025-11-29,Organic Search,2025-12-10
5853,5853,12,2024-03-19,Email,2024-03-27
5854,5854,9,2025-05-17,Paid Ads,2025-05-18
5855,5855,8,2024-01-11,Organic Search,2024-02-01
5856,5856,12,2024-04-16,Organic Search,2024-05-12
5857,5857,9,2025-05-26,Email,2025-06-07
5858,5858,23,2024-06-20,Direct,2024-07-11
5859,5859,27,2025-06-30,Organic Search,2025-07-30
5860,5860,26,2025-09-20,Email,2025-09-29
5861,5861,18,2025-11-28,Paid Ads,2025-12-14
5862,5862,10,2024-05-12,Organic Search,2024-05-23
5863,5863,18,2025-11-25,Paid Ads,2025-12-17
5864,5864,17,2026-06-13,Email,2026-06-13
5865,5865,9,2025-06-01,Email,2025-06-07
5866,5866,28,2024-11-12,Paid Ads,2024-12-10
5867,5867,26,2025-09-23,Direct,2025-10-23
5868,5868,26,2025-09-19,Organic Search,2025-10-14
5869,5869,13,2026-01-28,Direct,2026-02-26
5870,5870,12,2024-03-26,Direct,2024-03-31
5871,5871,10,2024-05-12,Organic Search,2024-05-17
5872,5872,11,2026-01-26,Direct,2026-02-19
5873,5873,21,2026-05-01,Organic Search,2026-05-28
5874,5874,20,2025-11-06,Paid Ads,2025-12-04
5875,5875,2,2025-10-12,Organic Search,2025-11-05
5876,5876,17,2026-06-19,Paid Ads,2026-07-05
5877,5877,16,2025-04-26,Email,2025-05-04
5878,5878,2,2025-09-27,Organic Search,2025-10-13
5879,5879,21,2026-04-26,Paid Ads,2026-05-13
5880,5880,25,2025-08-10,Organic Search,2025-08-26
5881,5881,3,2025-09-18,Email,2025-10-12
5882,5882,12,2024-04-07,Paid Ads,2024-04-28
5883,5883,14,2026-04-16,Paid Ads,2026-04-28
5884,5884,1,2024-08-25,Email,2024-08-27
5885,5885,19,2025-10-13,Direct,2025-10-25
5886,5886,23,2024-06-23,Organic Search,2024-06-26
5887,5887,5,2024-02-01,Email,2024-02-25
5888,5888,26,2025-09-22,Direct,2025-10-06
5889,5889,1,2024-09-03,Organic Search,2024-10-01
5890,5890,10,2024-05-12,Email,2024-06-05
5891,5891,16,2025-05-03,Email,2025-06-02
5892,5892,17,2026-06-20,Organic Search,2026-06-21
5893,5893,12,2024-03-17,Organic Search,2024-04-12
5894,5894,2,2025-10-10,Organic Search,2025-10-26
5895,5895,29,2024-09-16,Paid Ads,2024-09-26
5896,5896,9,2025-06-21,Paid Ads,2025-07-20
5897,5897,28,2024-10-27,Direct,2024-11-11
5898,5898,9,2025-06-21,Organic Search,2025-06-29
5899,5899,11,2026-01-05,Organic Search,2026-02-01
5900,5900,3,2025-09-30,Paid Ads,2025-10-13
5901,5901,16,2025-04-29,Paid Ads,2025-05-16
5902,5902,14,2026-05-07,Organic Search,2026-05-29
5903,5903,11,2026-01-09,Organic Search,2026-01-14
5904,5904,15,2024-09-17,Direct,2024-09-28
5905,5905,15,2024-09-11,Organic Search,2024-09-16
5906,5906,7,2023-12-22,Paid Ads,2024-01-10
5907,5907,10,2024-05-18,Organic Search,2024-05-24
5908,5908,4,2024-01-20,Paid Ads,2024-02-03
5909,5909,25,2025-08-17,Email,2025-09-01
5910,5910,30,2026-05-18,Email,2026-05-21
5911,5911,5,2024-01-11,Direct,2024-02-02
5912,5912,8,2024-01-10,Organic Search,2024-01-27
5913,5913,4,2024-01-21,Paid Ads,2024-01-28
5914,5914,2,2025-09-28,Paid Ads,2025-10-17
5915,5915,3,2025-09-19,Organic Search,2025-09-29
5916,5916,10,2024-05-17,Organic Search,2024-06-08
5917,5917,28,2024-10-19,Organic Search,2024-10-30
5918,5918,9,2025-06-01,Paid Ads,2025-06-08
5919,5919,28,2024-10-12,Direct,2024-10-20
5920,5920,25,2025-08-13,Organic Search,2025-08-20
5921,5921,14,2026-05-03,Paid Ads,2026-05-07
5922,5922,11,2025-12-31,Paid Ads,2026-01-02
5923,5923,17,2026-06-15,Paid Ads,2026-06-17
5924,5924,10,2024-05-15,Organic Search,2024-06-13
5925,5925,28,2024-11-04,Paid Ads,2024-11-27
5926,5926,21,2026-05-07,Paid Ads,2026-05-11
5927,5927,30,2026-05-21,Paid Ads,2026-06-06
5928,5928,16,2025-05-04,Organic Search,2025-05-29
5929,5929,25,2025-08-17,Email,2025-08-30
5930,5930,23,2024-06-27,Direct,2024-07-25
5931,5931,11,2026-02-03,Paid Ads,2026-02-24
5932,5932,1,2024-09-01,Organic Search,2024-09-15
5933,5933,27,2025-06-07,Paid Ads,2025-06-21
5934,5934,11,2026-01-14,Organic Search,2026-01-23
5935,5935,5,2024-01-11,Paid Ads,2024-01-12
5936,5936,19,2025-10-10,Direct,2025-10-23
5937,5937,29,2024-09-22,Paid Ads,2024-10-04
5938,5938,25,2025-08-18,Paid Ads,2025-09-07
5939,5939,26,2025-09-23,Email,2025-09-30
5940,5940,6,2023-10-25,Email,2023-11-03
5941,5941,11,2026-01-03,Paid Ads,2026-01-25
5942,5942,29,2024-10-01,Organic Search,2024-10-24
5943,5943,24,2025-06-30,Paid Ads,2025-07-03
5944,5944,21,2026-04-28,Paid Ads,2026-05-16
5945,5945,9,2025-05-30,Direct,2025-06-22
5946,5946,22,2026-08-13,Direct,2026-09-07
5947,5947,1,2024-09-07,Paid Ads,2024-09-13
5948,5948,5,2024-02-02,Direct,2024-02-14
5949,5949,7,2024-01-17,Paid Ads,2024-01-22
5950,5950,11,2025-12-24,Direct,2025-12-29
5951,5951,26,2025-09-21,Email,2025-10-09
5952,5952,11,2025-12-30,Organic Search,2026-01-23
5953,5953,1,2024-09-04,Email,2024-09-20
5954,5954,20,2025-11-02,Paid Ads,2025-11-24
5955,5955,4,2024-01-17,Organic Search,2024-02-15
5956,5956,25,2025-08-13,Organic Search,2025-08-21
5957,5957,21,2026-05-10,Paid Ads,2026-05-18
5958,5958,11,2026-01-30,Organic Search,2026-02-26
5959,5959,17,2026-06-15,Paid Ads,2026-06-20
5960,5960,5,2024-01-23,Paid Ads,2024-02-03
5961,5961,6,2023-10-27,Organic Search,2023-11-26
5962,5962,26,2025-09-14,Paid Ads,2025-09-17
5963,5963,23,2024-06-13,Paid Ads,2024-07-01
5964,5964,16,2025-04-23,Paid Ads,2025-05-14
5965,5965,26,2025-09-14,Paid Ads,2025-09-17
5966,5966,10,2024-05-14,Paid Ads,2024-05-24
5967,5967,19,2025-10-17,Organic Search,2025-11-09
5968,5968,30,2026-05-17,Direct,2026-06-13
5969,5969,20,2025-11-18,Direct,2025-12-15
5970,5970,15,2024-09-16,Organic Search,2024-09-17
5971,5971,7,2023-12-29,Direct,2024-01-07
5972,5972,11,2026-01-22,Paid Ads,2026-02-14
5973,5973,28,2024-10-29,Direct,2024-11-15
5974,5974,11,2026-01-16,Organic Search,2026-02-13
5975,5975,17,2026-06-13,Paid Ads,2026-07-01
5976,5976,1,2024-09-08,Paid Ads,2024-09-18
5977,5977,4,2024-01-22,Paid Ads,2024-01-22
5978,5978,27,2025-06-09,Paid Ads,2025-06-27
5979,5979,1,2024-09-09,Organic Search,2024-10-01
5980,5980,13,2026-01-23,Paid Ads,2026-02-11
5981,5981,17,2026-06-19,Organic Search,2026-07-14
5982,5982,9,2025-06-01,Paid Ads,2025-06-11
5983,5983,9,2025-05-19,Email,2025-05-29
5984,5984,25,2025-08-17,Paid Ads,2025-09-11
5985,5985,24,2025-06-22,Direct,2025-07-03
5986,5986,21,2026-05-06,Paid Ads,2026-05-15
5987,5987,16,2025-04-16,Organic Search,2025-05-11
5988,5988,28,2024-11-13,Organic Search,2024-12-06
5989,5989,20,2025-11-19,Paid Ads,2025-11-25
5990,5990,22,2026-08-03,Organic Search,2026-08-06
5991,5991,21,2026-05-09,Organic Search,2026-05-31
5992,5992,16,2025-05-04,Paid Ads,2025-05-08
5993,5993,28,2024-10-22,Paid Ads,2024-11-20
5994,5994,27,2025-06-30,Paid Ads,2025-07-18
5995,5995,18,2025-11-29,Direct,2025-12-29
5996,5996,15,2024-09-11,Paid Ads,2024-09-21
5997,5997,5,2024-01-20,Paid Ads,2024-02-14
5998,5998,18,2025-12-05,Paid Ads,2025-12-29
5999,5999,19,2025-10-31,Paid Ads,2025-11-10
6000,6000,22,2026-08-17,Organic Search,2026-09-16
6001,6001,4,2024-01-26,Paid Ads,2024-02-21
6002,6002,10,2024-05-13,Direct,2024-05-31
6003,6003,26,2025-09-21,Organic Search,2025-10-17
6004,6004,24,2025-06-22,Paid Ads,2025-07-20
6005,6005,23,2024-06-17,Paid Ads,2024-07-14
6006,6006,13,2026-01-26,Organic Search,2026-02-11
6007,6007,25,2025-08-08,Paid Ads,2025-09-02
6008,6008,25,2025-07-30,Organic Search,2025-08-15
6009,6009,19,2025-09-27,Direct,2025-10-13
6010,6010,18,2025-11-29,Organic Search,2025-12-10
6011,6011,20,2025-11-02,Paid Ads,2025-11-22
6012,6012,12,2024-04-08,Organic Search,2024-04-09
6013,6013,5,2024-01-13,Organic Search,2024-01-24
6014,6014,21,2026-05-06,Paid Ads,2026-05-06
6015,6015,24,2025-06-13,Paid Ads,2025-07-08
6016,6016,25,2025-08-04,Paid Ads,2025-08-08
6017,6017,20,2025-11-15,Email,2025-11-28
6018,6018,13,2026-02-01,Paid Ads,2026-02-13
6019,6019,29,2024-09-13,Paid Ads,2024-09-15
6020,6020,2,2025-10-13,Organic Search,2025-10-16
6021,6021,11,2026-01-19,Organic Search,2026-01-26
6022,6022,15,2024-09-24,Paid Ads,2024-10-09
6023,6023,23,2024-06-16,Paid Ads,2024-07-01
6024,6024,30,2026-05-24,Email,2026-06-16
6025,6025,26,2025-09-18,Organic Search,2025-10-10
6026,6026,3,2025-09-21,Paid Ads,2025-10-08
6027,6027,20,2025-11-16,Organic Search,2025-12-07
6028,6028,3,2025-09-23,Paid Ads,2025-09-30
6029,6029,6,2023-10-17,Organic Search,2023-10-24
6030,6030,28,2024-10-10,Organic Search,2024-10-10
6031,6031,8,2024-01-08,Paid Ads,2024-01-25
6032,6032,5,2024-02-02,Organic Search,2024-02-22
6033,6033,19,2025-10-20,Paid Ads,2025-11-04
6034,6034,9,2025-06-13,Paid Ads,2025-06-14
6035,6035,8,2024-01-14,Paid Ads,2024-02-01
6036,6036,29,2024-09-27,Paid Ads,2024-10-21
6037,6037,14,2026-05-07,Direct,2026-05-31
6038,6038,22,2026-08-14,Paid Ads,2026-09-12
6039,6039,2,2025-10-04,Paid Ads,2025-11-02
6040,6040,13,2026-01-26,Direct,2026-02-03
6041,6041,11,2026-01-30,Email,2026-02-07
6042,6042,25,2025-08-06,Organic Search,2025-08-12
6043,6043,7,2024-01-10,Organic Search,2024-01-22
6044,6044,3,2025-10-04,Paid Ads,2025-10-07
6045,6045,19,2025-11-05,Paid Ads,2025-11-12
6046,6046,17,2026-06-19,Organic Search,2026-07-09
6047,6047,8,2024-01-09,Email,2024-01-11
6048,6048,13,2026-01-29,Organic Search,2026-02-10
6049,6049,18,2025-11-29,Direct,2025-12-25
6050,6050,6,2023-09-28,Paid Ads,2023-10-09
6051,6051,13,2026-01-29,Paid Ads,2026-02-14
6052,6052,2,2025-10-03,Direct,2025-10-31
6053,6053,27,2025-06-07,Email,2025-06-25
6054,6054,22,2026-08-17,Organic Search,2026-09-16
6055,6055,19,2025-10-17,Organic Search,2025-11-02
6056,6056,17,2026-06-18,Organic Search,2026-07-02
6057,6057,29,2024-09-10,Paid Ads,2024-09-21
6058,6058,23,2024-06-09,Organic Search,2024-06-25
6059,6059,20,2025-11-14,Organic Search,2025-12-12
6060,6060,11,2026-01-27,Organic Search,2026-02-21
6061,6061,8,2024-01-12,Paid Ads,2024-01-21
6062,6062,24,2025-06-03,Paid Ads,2025-06-06
6063,6063,20,2025-11-03,Paid Ads,2025-11-08
6064,6064,11,2026-02-01,Paid Ads,2026-02-10
6065,6065,30,2026-05-16,Organic Search,2026-05-21
6066,6066,12,2024-03-18,Email,2024-03-30
6067,6067,30,2026-05-21,Direct,2026-05-22
6068,6068,28,2024-10-27,Organic Search,2024-10-28
6069,6069,27,2025-06-30,Email,2025-07-15
6070,6070,12,2024-04-01,Paid Ads,2024-04-05
6071,6071,4,2024-01-18,Direct,2024-01-22
6072,6072,4,2024-01-20,Organic Search,2024-01-24
6073,6073,28,2024-10-21,Organic Search,2024-10-23
6074,6074,21,2026-04-27,Organic Search,2026-05-02
6075,6075,26,2025-09-22,Paid Ads,2025-10-15
6076,6076,15,2024-09-17,Organic Search,2024-10-01
6077,6077,11,2026-01-30,Paid Ads,2026-03-01
6078,6078,11,2025-12-21,Email,2026-01-10
6079,6079,21,2026-05-02,Paid Ads,2026-05-10
6080,6080,4,2024-01-17,Paid Ads,2024-02-08
6081,6081,29,2024-10-04,Organic Search,2024-10-20
6082,6082,7,2023-12-13,Organic Search,2023-12-15
6083,6083,1,2024-08-26,Organic Search,2024-09-24
6084,6084,3,2025-09-27,Organic Search,2025-09-30
6085,6085,1,2024-08-10,Direct,2024-08-17
6086,6086,3,2025-09-20,Organic Search,2025-09-28
6087,6087,4,2024-01-17,Organic Search,2024-02-09
6088,6088,12,2024-04-04,Direct,2024-04-27
6089,6089,27,2025-06-09,Email,2025-07-02
6090,6090,13,2026-01-23,Paid Ads,2026-01-26
6091,6091,21,2026-05-05,Paid Ads,2026-05-26
6092,6092,6,2023-11-01,Direct,2023-11-03
6093,6093,29,2024-09-29,Paid Ads,2024-10-10
6094,6094,10,2024-05-12,Organic Search,2024-05-16
6095,6095,3,2025-10-01,Direct,2025-10-06
6096,6096,10,2024-05-10,Direct,2024-05-18
6097,6097,30,2026-05-22,Email,2026-05-31
6098,6098,30,2026-05-20,Organic Search,2026-06-09
6099,6099,22,2026-08-13,Paid Ads,2026-08-31
6100,6100,4,2024-01-17,Organic Search,2024-02-14
6101,6101,7,2023-12-10,Paid Ads,2023-12-25
6102,6102,29,2024-09-12,Paid Ads,2024-09-13
6103,6103,8,2024-01-10,Organic Search,2024-02-02
6104,6104,17,2026-06-20,Direct,2026-06-28
6105,6105,7,2024-01-02,Paid Ads,2024-01-14
6106,6106,7,2023-12-29,Direct,2024-01-12
6107,6107,16,2025-04-18,Organic Search,2025-05-07
6108,6108,12,2024-03-30,Organic Search,2024-04-09
6109,6109,6,2023-10-02,Organic Search,2023-10-28
6110,6110,10,2024-05-17,Email,2024-06-04
6111,6111,14,2026-04-21,Paid Ads,2026-04-21
6112,6112,26,2025-09-13,Organic Search,2025-10-01
6113,6113,5,2024-01-28,Organic Search,2024-02-12
6114,6114,5,2024-01-12,Organic Search,2024-02-02
6115,6115,8,2024-01-10,Paid Ads,2024-02-06
6116,6116,28,2024-11-07,Organic Search,2024-11-24
6117,6117,11,2026-01-29,Organic Search,2026-02-26
6118,6118,10,2024-05-18,Organic Search,2024-06-11
6119,6119,14,2026-05-02,Organic Search,2026-05-22
6120,6120,1,2024-08-30,Paid Ads,2024-09-11
6121,6121,28,2024-11-06,Organic Search,2024-12-03
6122,6122,2,2025-10-11,Paid Ads,2025-10-29
6123,6123,20,2025-11-21,Paid Ads,2025-12-03
6124,6124,22,2026-08-13,Email,2026-08-25
6125,6125,1,2024-09-10,Organic Search,2024-09-12
6126,6126,28,2024-10-30,Organic Search,2024-11-17
6127,6127,16,2025-05-24,Direct,2025-06-19
6128,6128,2,2025-09-28,Organic Search,2025-10-18
6129,6129,17,2026-06-16,Paid Ads,2026-06-23
6130,6130,2,2025-10-11,Direct,2025-10-14
6131,6131,8,2024-01-11,Paid Ads,2024-01-18
6132,6132,17,2026-06-14,Paid Ads,2026-07-11
6133,6133,5,2024-01-15,Direct,2024-01-29
6134,6134,26,2025-09-13,Email,2025-09-29
6135,6135,4,2024-01-23,Paid Ads,2024-02-20
6136,6136,27,2025-06-25,Email,2025-07-22
6137,6137,26,2025-09-20,Paid Ads,2025-10-10
6138,6138,11,2025-12-25,Paid Ads,2025-12-29
6139,6139,18,2025-11-26,Organic Search,2025-12-14
6140,6140,1,2024-08-13,Organic Search,2024-08-18
6141,6141,23,2024-06-15,Organic Search,2024-07-08
6142,6142,14,2026-04-30,Email,2026-05-16
6143,6143,2,2025-10-11,Paid Ads,2025-11-02
6144,6144,8,2024-01-11,Paid Ads,2024-01-29
6145,6145,20,2025-11-20,Paid Ads,2025-11-23
6146,6146,13,2026-01-24,Organic Search,2026-02-23
6147,6147,14,2026-04-16,Organic Search,2026-05-02
6148,6148,28,2024-11-11,Organic Search,2024-11-11
6149,6149,18,2025-11-28,Organic Search,2025-12-13
6150,6150,11,2026-01-12,Direct,2026-01-26
6151,6151,12,2024-04-09,Organic Search,2024-04-25
6152,6152,9,2025-06-18,Organic Search,2025-06-22
6153,6153,1,2024-08-24,Paid Ads,2024-09-12
6154,6154,27,2025-06-10,Paid Ads,2025-06-18
6155,6155,25,2025-08-15,Paid Ads,2025-08-19
6156,6156,2,2025-10-12,Paid Ads,2025-10-16
6157,6157,7,2024-01-14,Organic Search,2024-02-10
6158,6158,8,2024-01-12,Organic Search,2024-02-01
6159,6159,4,2024-01-24,Organic Search,2024-02-01
6160,6160,13,2026-01-28,Paid Ads,2026-02-14
6161,6161,26,2025-09-15,Paid Ads,2025-09-30
6162,6162,5,2024-02-07,Paid Ads,2024-02-28
6163,6163,2,2025-10-13,Organic Search,2025-11-03
6164,6164,16,2025-04-24,Paid Ads,2025-05-14
6165,6165,10,2024-05-10,Direct,2024-05-23
6166,6166,23,2024-06-04,Email,2024-06-22
6167,6167,27,2025-06-09,Paid Ads,2025-06-25
6168,6168,5,2024-01-17,Paid Ads,2024-02-02
6169,6169,20,2025-11-25,Paid Ads,2025-12-02
6170,6170,7,2023-12-14,Email,2024-01-10
6171,6171,14,2026-05-02,Organic Search,2026-05-08
6172,6172,29,2024-09-17,Organic Search,2024-10-12
6173,6173,11,2026-01-04,Organic Search,2026-01-13
6174,6174,25,2025-07-29,Paid Ads,2025-08-07
6175,6175,19,2025-10-02,Organic Search,2025-10-11
6176,6176,24,2025-05-28,Direct,2025-06-15
6177,6177,17,2026-06-14,Email,2026-06-14
6178,6178,4,2024-01-21,Paid Ads,2024-02-15
6179,6179,22,2026-08-06,Paid Ads,2026-08-26
6180,6180,16,2025-04-30,Organic Search,2025-05-05
6181,6181,24,2025-06-26,Paid Ads,2025-07-14
6182,6182,26,2025-09-17,Paid Ads,2025-10-01
6183,6183,28,2024-11-03,Direct,2024-11-23
6184,6184,7,2024-01-14,Paid Ads,2024-02-03
6185,6185,24,2025-06-19,Paid Ads,2025-06-19
6186,6186,27,2025-06-10,Paid Ads,2025-06-10
6187,6187,2,2025-10-14,Email,2025-10-18
6188,6188,11,2026-01-09,Paid Ads,2026-01-21
6189,6189,24,2025-06-16,Organic Search,2025-06-30
6190,6190,20,2025-11-04,Paid Ads,2025-11-26
6191,6191,17,2026-06-20,Direct,2026-07-09
6192,6192,16,2025-05-15,Email,2025-06-10
6193,6193,15,2024-09-25,Email,2024-10-18
6194,6194,24,2025-06-17,Organic Search,2025-06-28
6195,6195,17,2026-06-13,Direct,2026-07-11
6196,6196,25,2025-08-10,Direct,2025-08-21
6197,6197,28,2024-11-08,Paid Ads,2024-12-06
6198,6198,2,2025-10-02,Organic Search,2025-10-11
6199,6199,5,2024-01-23,Organic Search,2024-02-18
6200,6200,7,2024-01-10,Organic Search,2024-01-19
6201,6201,12,2024-04-01,Paid Ads,2024-04-06
6202,6202,11,2026-01-22,Direct,2026-01-24
6203,6203,14,2026-04-26,Organic Search,2026-05-21
6204,6204,1,2024-08-25,Organic Search,2024-09-21
6205,6205,2,2025-10-06,Paid Ads,2025-10-16
6206,6206,20,2025-11-12,Organic Search,2025-11-21
6207,6207,7,2024-01-13,Paid Ads,2024-02-10
6208,6208,27,2025-06-02,Paid Ads,2025-06-30
6209,6209,29,2024-09-07,Direct,2024-09-23
6210,6210,20,2025-11-11,Organic Search,2025-11-29
6211,6211,22,2026-08-05,Organic Search,2026-08-09
6212,6212,15,2024-09-12,Organic Search,2024-09-25
6213,6213,24,2025-05-30,Email,2025-06-11
6214,6214,10,2024-05-12,Direct,2024-06-05
6215,6215,29,2024-09-15,Paid Ads,2024-10-04
6216,6216,14,2026-04-14,Direct,2026-04-14
6217,6217,29,2024-09-08,Organic Search,2024-09-27
6218,6218,14,2026-04-18,Paid Ads,2026-05-07
6219,6219,13,2026-02-01,Direct,2026-02-21
6220,6220,5,2024-02-09,Organic Search,2024-03-08
6221,6221,21,2026-04-28,Direct,2026-05-04
6222,6222,16,2025-05-04,Paid Ads,2025-05-16
6223,6223,6,2023-09-28,Paid Ads,2023-10-01
6224,6224,4,2024-01-19,Email,2024-02-14
6225,6225,15,2024-09-16,Organic Search,2024-09-22
6226,6226,17,2026-06-16,Paid Ads,2026-07-06
6227,6227,21,2026-05-09,Paid Ads,2026-05-19
6228,6228,30,2026-05-17,Organic Search,2026-05-18
6229,6229,25,2025-08-15,Organic Search,2025-08-31
6230,6230,15,2024-09-18,Paid Ads,2024-10-12
6231,6231,8,2024-01-12,Direct,2024-02-08
6232,6232,2,2025-09-27,Organic Search,2025-10-05
6233,6233,14,2026-04-19,Paid Ads,2026-04-27
6234,6234,28,2024-11-10,Paid Ads,2024-11-21
6235,6235,30,2026-05-19,Paid Ads,2026-06-13
6236,6236,15,2024-09-14,Organic Search,2024-09-19
6237,6237,8,2024-01-08,Direct,2024-01-09
6238,6238,16,2025-05-10,Paid Ads,2025-05-25
6239,6239,14,2026-04-14,Direct,2026-04-27
6240,6240,9,2025-05-29,Paid Ads,2025-05-30
6241,6241,16,2025-05-14,Paid Ads,2025-05-16
6242,6242,18,2025-12-02,Organic Search,2026-01-01
6243,6243,30,2026-05-16,Direct,2026-05-16
6244,6244,22,2026-08-11,Paid Ads,2026-08-16
6245,6245,12,2024-04-09,Email,2024-04-17
6246,6246,30,2026-05-24,Organic Search,2026-06-19
6247,6247,27,2025-06-23,Paid Ads,2025-07-19
6248,6248,8,2024-01-14,Direct,2024-01-29
6249,6249,6,2023-09-30,Direct,2023-10-12
6250,6250,2,2025-10-14,Paid Ads,2025-10-23
6251,6251,16,2025-04-21,Direct,2025-04-25
6252,6252,24,2025-05-31,Organic Search,2025-06-16
6253,6253,2,2025-09-28,Organic Search,2025-10-17
6254,6254,22,2026-08-17,Paid Ads,2026-08-17
6255,6255,7,2023-12-10,Organic Search,2024-01-07
6256,6256,2,2025-10-06,Paid Ads,2025-10-26
6257,6257,4,2024-01-21,Organic Search,2024-01-31
6258,6258,22,2026-08-13,Organic Search,2026-09-01
6259,6259,21,2026-05-10,Paid Ads,2026-05-18
6260,6260,3,2025-09-23,Paid Ads,2025-09-23
6261,6261,21,2026-05-04,Organic Search,2026-06-02
6262,6262,26,2025-09-15,Direct,2025-10-12
6263,6263,18,2025-12-05,Organic Search,2025-12-21
6264,6264,26,2025-09-20,Paid Ads,2025-10-19
6265,6265,5,2024-01-29,Paid Ads,2024-02-19
6266,6266,8,2024-01-11,Paid Ads,2024-02-02
6267,6267,20,2025-11-04,Organic Search,2025-11-25
6268,6268,4,2024-01-26,Organic Search,2024-02-06
6269,6269,19,2025-09-28,Paid Ads,2025-09-29
6270,6270,24,2025-06-18,Paid Ads,2025-07-05
6271,6271,16,2025-05-18,Organic Search,2025-06-04
6272,6272,1,2024-09-08,Paid Ads,2024-09-19
6273,6273,10,2024-05-14,Organic Search,2024-05-20
6274,6274,13,2026-01-22,Direct,2026-02-19
6275,6275,28,2024-10-25,Paid Ads,2024-11-07
6276,6276,8,2024-01-10,Organic Search,2024-01-19
6277,6277,8,2024-01-10,Direct,2024-01-28
6278,6278,12,2024-04-16,Email,2024-04-27
6279,6279,6,2023-11-02,Paid Ads,2023-11-07
6280,6280,25,2025-07-31,Organic Search,2025-08-22
6281,6281,26,2025-09-12,Organic Search,2025-10-03
6282,6282,10,2024-05-15,Organic Search,2024-06-01
6283,6283,15,2024-09-23,Paid Ads,2024-09-30
6284,6284,15,2024-09-25,Paid Ads,2024-10-09
6285,6285,18,2025-11-28,Paid Ads,2025-12-21
6286,6286,29,2024-09-14,Paid Ads,2024-09-23
6287,6287,23,2024-06-27,Organic Search,2024-07-17
6288,6288,17,2026-06-17,Organic Search,2026-06-30
6289,6289,27,2025-06-01,Paid Ads,2025-06-21
6290,6290,7,2023-12-18,Organic Search,2024-01-07
6291,6291,1,2024-08-29,Direct,2024-09-01
6292,6292,10,2024-05-18,Email,2024-05-24
6293,6293,29,2024-09-19,Organic Search,2024-09-25
6294,6294,20,2025-11-07,Paid Ads,2025-11-14
6295,6295,24,2025-06-05,Paid Ads,2025-06-17
6296,6296,11,2026-01-25,Organic Search,2026-02-24
6297,6297,23,2024-07-01,Organic Search,2024-07-12
6298,6298,25,2025-08-17,Organic Search,2025-08-22
6299,6299,23,2024-06-05,Organic Search,2024-06-23
6300,6300,8,2024-01-13,Email,2024-02-05
6301,6301,7,2023-12-15,Paid Ads,2024-01-12
6302,6302,19,2025-11-03,Email,2025-11-12
6303,6303,17,2026-06-15,Paid Ads,2026-07-13
6304,6304,20,2025-11-10,Organic Search,2025-11-16
6305,6305,17,2026-06-16,Paid Ads,2026-07-15
6306,6306,3,2025-10-03,Organic Search,2025-10-17
6307,6307,14,2026-05-01,Paid Ads,2026-05-21
6308,6308,5,2024-01-15,Email,2024-02-09
6309,6309,13,2026-01-25,Paid Ads,2026-02-11
6310,6310,19,2025-10-28,Organic Search,2025-11-23
6311,6311,1,2024-08-30,Organic Search,2024-09-13
6312,6312,13,2026-01-27,Paid Ads,2026-02-12
6313,6313,12,2024-04-09,Paid Ads,2024-05-04
6314,6314,9,2025-05-14,Paid Ads,2025-06-04
6315,6315,12,2024-04-08,Organic Search,2024-04-09
6316,6316,17,2026-06-20,Organic Search,2026-07-19
6317,6317,3,2025-09-24,Paid Ads,2025-10-03
6318,6318,15,2024-09-12,Organic Search,2024-09-15
6319,6319,13,2026-01-31,Paid Ads,2026-02-27
6320,6320,29,2024-09-26,Organic Search,2024-10-10
6321,6321,19,2025-10-02,Paid Ads,2025-10-07
6322,6322,29,2024-09-15,Paid Ads,2024-10-11
6323,6323,29,2024-09-07,Paid Ads,2024-09-09
6324,6324,1,2024-09-08,Paid Ads,2024-09-16
6325,6325,22,2026-08-09,Organic Search,2026-08-29
6326,6326,18,2025-12-06,Direct,2025-12-29
6327,6327,5,2024-01-20,Email,2024-02-16
6328,6328,29,2024-09-27,Direct,2024-10-07
6329,6329,17,2026-06-18,Paid Ads,2026-06-29
6330,6330,26,2025-09-19,Organic Search,2025-10-18
6331,6331,12,2024-03-25,Direct,2024-03-29
6332,6332,15,2024-09-23,Paid Ads,2024-10-20
6333,6333,20,2025-11-17,Email,2025-12-03
6334,6334,22,2026-08-13,Paid Ads,2026-08-29
6335,6335,23,2024-06-23,Paid Ads,2024-06-28
6336,6336,7,2024-01-11,Paid Ads,2024-01-30
6337,6337,19,2025-10-20,Organic Search,2025-11-01
6338,6338,21,2026-05-06,Paid Ads,2026-06-01
6339,6339,14,2026-05-02,Organic Search,2026-05-21
6340,6340,20,2025-11-22,Paid Ads,2025-12-06
6341,6341,3,2025-09-27,Organic Search,2025-10-06
6342,6342,27,2025-06-27,Organic Search,2025-07-06
6343,6343,8,2024-01-11,Email,2024-01-13
6344,6344,27,2025-06-01,Paid Ads,2025-06-18
6345,6345,1,2024-08-07,Email,2024-08-07
6346,6346,27,2025-06-09,Direct,2025-06-16
6347,6347,5,2024-02-06,Paid Ads,2024-02-20
6348,6348,3,2025-10-03,Organic Search,2025-10-21
6349,6349,30,2026-05-24,Direct,2026-06-18
6350,6350,7,2024-01-18,Paid Ads,2024-01-21
6351,6351,29,2024-09-11,Paid Ads,2024-10-07
6352,6352,9,2025-05-14,Organic Search,2025-05-25
6353,6353,21,2026-05-07,Organic Search,2026-05-22
6354,6354,1,2024-08-16,Direct,2024-09-10
6355,6355,14,2026-04-29,Paid Ads,2026-05-01
6356,6356,17,2026-06-17,Paid Ads,2026-06-29
6357,6357,22,2026-08-11,Email,2026-08-21
6358,6358,13,2026-01-25,Paid Ads,2026-02-19
6359,6359,26,2025-09-16,Organic Search,2025-09-29
6360,6360,4,2024-01-19,Organic Search,2024-02-14
6361,6361,6,2023-09-27,Paid Ads,2023-10-19
6362,6362,2,2025-10-12,Paid Ads,2025-10-26
6363,6363,19,2025-10-06,Direct,2025-10-22
6364,6364,14,2026-05-03,Paid Ads,2026-05-16
6365,6365,1,2024-08-20,Direct,2024-08-26
6366,6366,22,2026-08-17,Organic Search,2026-09-02
6367,6367,26,2025-09-11,Organic Search,2025-10-04
6368,6368,27,2025-06-02,Paid Ads,2025-06-04
6369,6369,1,2024-08-26,Organic Search,2024-09-06
6370,6370,25,2025-08-02,Paid Ads,2025-08-22
6371,6371,29,2024-09-25,Paid Ads,2024-10-14
6372,6372,27,2025-06-06,Paid Ads,2025-06-13
6373,6373,5,2024-01-15,Paid Ads,2024-02-02
6374,6374,15,2024-09-10,Direct,2024-09-28
6375,6375,3,2025-10-04,Paid Ads,2025-11-03
6376,6376,8,2024-01-11,Paid Ads,2024-02-01
6377,6377,12,2024-04-06,Organic Search,2024-04-26
6378,6378,20,2025-11-02,Direct,2025-11-30
6379,6379,25,2025-08-14,Paid Ads,2025-09-07
6380,6380,18,2025-12-02,Paid Ads,2025-12-29
6381,6381,21,2026-05-07,Paid Ads,2026-05-24
6382,6382,20,2025-11-16,Organic Search,2025-12-06
6383,6383,7,2023-12-25,Organic Search,2023-12-29
6384,6384,30,2026-05-19,Organic Search,2026-05-24
6385,6385,22,2026-08-17,Paid Ads,2026-08-22
6386,6386,11,2025-12-30,Organic Search,2026-01-21
6387,6387,24,2025-06-24,Organic Search,2025-07-12
6388,6388,2,2025-10-02,Organic Search,2025-10-23
6389,6389,26,2025-09-20,Paid Ads,2025-09-28
6390,6390,28,2024-10-20,Organic Search,2024-11-06
6391,6391,2,2025-10-10,Organic Search,2025-11-05
6392,6392,14,2026-04-29,Organic Search,2026-05-07
6393,6393,24,2025-05-27,Email,2025-06-21
6394,6394,2,2025-10-06,Organic Search,2025-10-25
6395,6395,28,2024-11-09,Organic Search,2024-11-18
6396,6396,4,2024-01-26,Organic Search,2024-02-21
6397,6397,30,2026-05-16,Organic Search,2026-05-29
6398,6398,6,2023-10-30,Paid Ads,2023-11-01
6399,6399,14,2026-04-09,Paid Ads,2026-05-04
6400,6400,5,2024-01-13,Organic Search,2024-01-18
6401,6401,19,2025-10-12,Organic Search,2025-10-25
6402,6402,21,2026-04-28,Email,2026-05-08
6403,6403,3,2025-09-25,Paid Ads,2025-09-30
6404,6404,8,2024-01-11,Organic Search,2024-01-11
6405,6405,5,2024-01-11,Organic Search,2024-02-05
6406,6406,13,2026-02-01,Paid Ads,2026-02-10
6407,6407,2,2025-10-14,Organic Search,2025-10-30
6408,6408,13,2026-01-22,Organic Search,2026-02-07
6409,6409,30,2026-05-21,Organic Search,2026-06-16
6410,6410,18,2025-12-02,Organic Search,2025-12-02
6411,6411,25,2025-08-03,Direct,2025-08-29
6412,6412,9,2025-06-13,Email,2025-06-25
6413,6413,11,2026-01-27,Paid Ads,2026-02-15
6414,6414,21,2026-05-10,Organic Search,2026-05-26
6415,6415,21,2026-04-30,Paid Ads,2026-05-21
6416,6416,4,2024-01-21,Paid Ads,2024-01-28
6417,6417,6,2023-10-29,Direct,2023-10-31
6418,6418,19,2025-10-25,Direct,2025-11-06
6419,6419,30,2026-05-17,Organic Search,2026-06-01
6420,6420,23,2024-06-09,Paid Ads,2024-06-09
6421,6421,21,2026-05-02,Organic Search,2026-05-27
6422,6422,26,2025-09-15,Paid Ads,2025-10-09
6423,6423,10,2024-05-12,Paid Ads,2024-05-21
6424,6424,27,2025-06-19,Organic Search,2025-07-18
6425,6425,14,2026-04-08,Direct,2026-05-04
6426,6426,21,2026-05-05,Organic Search,2026-06-03
6427,6427,20,2025-11-20,Paid Ads,2025-11-26
6428,6428,14,2026-04-09,Paid Ads,2026-04-25
6429,6429,1,2024-08-09,Paid Ads,2024-08-22
6430,6430,21,2026-05-03,Email,2026-05-15
6431,6431,20,2025-11-29,Email,2025-12-23
6432,6432,11,2025-12-30,Paid Ads,2026-01-27
6433,6433,27,2025-06-13,Direct,2025-06-21
6434,6434,21,2026-05-05,Paid Ads,2026-05-10
6435,6435,16,2025-05-18,Email,2025-06-12
6436,6436,5,2024-02-03,Direct,2024-02-17
6437,6437,11,2025-12-26,Email,2026-01-04
6438,6438,29,2024-09-23,Paid Ads,2024-10-12
6439,6439,28,2024-10-10,Organic Search,2024-10-16
6440,6440,17,2026-06-20,Paid Ads,2026-07-09
6441,6441,15,2024-09-19,Email,2024-10-09
6442,6442,25,2025-08-10,Direct,2025-09-08
6443,6443,13,2026-01-30,Paid Ads,2026-02-27
6444,6444,8,2024-01-09,Organic Search,2024-01-28
6445,6445,22,2026-08-14,Email,2026-09-09
6446,6446,2,2025-10-02,Organic Search,2025-10-31
6447,6447,11,2026-01-23,Organic Search,2026-01-23
6448,6448,8,2024-01-09,Organic Search,2024-01-26
6449,6449,18,2025-12-05,Direct,2025-12-27
6450,6450,25,2025-08-17,Email,2025-09-01
6451,6451,16,2025-05-16,Email,2025-05-26
6452,6452,17,2026-06-17,Paid Ads,2026-07-01
6453,6453,25,2025-07-31,Paid Ads,2025-08-17
6454,6454,18,2025-12-03,Email,2025-12-23
6455,6455,7,2023-12-14,Paid Ads,2023-12-17
6456,6456,28,2024-10-12,Organic Search,2024-10-19
6457,6457,4,2024-01-25,Paid Ads,2024-02-19
6458,6458,3,2025-10-01,Email,2025-10-27
6459,6459,19,2025-10-29,Paid Ads,2025-11-18
6460,6460,10,2024-05-13,Organic Search,2024-06-05
6461,6461,4,2024-01-28,Direct,2024-02-06
6462,6462,10,2024-05-10,Direct,2024-06-01
6463,6463,18,2025-12-01,Email,2025-12-06
6464,6464,16,2025-05-13,Paid Ads,2025-05-30
6465,6465,1,2024-08-11,Organic Search,2024-08-23
6466,6466,14,2026-04-18,Email,2026-05-02
6467,6467,24,2025-06-18,Paid Ads,2025-07-11
6468,6468,23,2024-06-24,Paid Ads,2024-06-25
6469,6469,14,2026-04-13,Direct,2026-04-22
6470,6470,29,2024-09-10,Direct,2024-09-19
6471,6471,12,2024-03-24,Paid Ads,2024-04-08
6472,6472,17,2026-06-15,Organic Search,2026-06-26
6473,6473,15,2024-09-17,Organic Search,2024-10-16
6474,6474,14,2026-05-02,Organic Search,2026-05-30
6475,6475,5,2024-01-24,Organic Search,2024-02-18
6476,6476,10,2024-05-18,Direct,2024-05-23
6477,6477,17,2026-06-13,Organic Search,2026-06-13
6478,6478,9,2025-05-24,Organic Search,2025-06-10
6479,6479,13,2026-01-24,Paid Ads,2026-02-01
6480,6480,4,2024-01-20,Paid Ads,2024-02-08
6481,6481,23,2024-06-27,Email,2024-07-02
6482,6482,5,2024-01-20,Organic Search,2024-01-26
6483,6483,17,2026-06-15,Paid Ads,2026-07-13
6484,6484,7,2024-01-02,Email,2024-01-16
6485,6485,29,2024-10-03,Paid Ads,2024-10-30
6486,6486,17,2026-06-14,Direct,2026-06-23
6487,6487,12,2024-03-23,Paid Ads,2024-04-14
6488,6488,11,2026-01-28,Email,2026-02-15
6489,6489,25,2025-08-16,Paid Ads,2025-09-03
6490,6490,4,2024-01-24,Direct,2024-01-31
6491,6491,26,2025-09-20,Organic Search,2025-09-30
6492,6492,2,2025-10-04,Paid Ads,2025-10-16
6493,6493,27,2025-06-16,Paid Ads,2025-06-24
6494,6494,26,2025-09-23,Organic Search,2025-09-24
6495,6495,25,2025-08-11,Direct,2025-08-15
6496,6496,18,2025-11-28,Paid Ads,2025-12-03
6497,6497,23,2024-06-23,Paid Ads,2024-07-09
6498,6498,2,2025-09-27,Paid Ads,2025-10-07
6499,6499,13,2026-02-02,Paid Ads,2026-02-11
6500,6500,14,2026-04-24,Paid Ads,2026-05-03
6501,6501,9,2025-06-06,Paid Ads,2025-06-18
6502,6502,2,2025-10-08,Paid Ads,2025-11-06
6503,6503,9,2025-06-24,Organic Search,2025-07-18
6504,6504,4,2024-01-20,Organic Search,2024-02-06
6505,6505,16,2025-04-18,Organic Search,2025-05-18
6506,6506,13,2026-01-23,Direct,2026-02-20
6507,6507,1,2024-08-28,Paid Ads,2024-08-30
6508,6508,10,2024-05-11,Paid Ads,2024-06-09
6509,6509,26,2025-09-16,Organic Search,2025-10-02
6510,6510,29,2024-10-04,Email,2024-10-16
6511,6511,15,2024-09-20,Organic Search,2024-10-03
6512,6512,2,2025-10-07,Paid Ads,2025-10-09
6513,6513,18,2025-12-06,Organic Search,2025-12-24
6514,6514,14,2026-04-20,Paid Ads,2026-05-07
6515,6515,29,2024-10-05,Direct,2024-10-27
6516,6516,12,2024-03-22,Paid Ads,2024-04-05
6517,6517,28,2024-10-18,Organic Search,2024-10-28
6518,6518,15,2024-09-22,Organic Search,2024-10-22
6519,6519,16,2025-05-15,Organic Search,2025-05-17
6520,6520,13,2026-02-01,Paid Ads,2026-02-25
6521,6521,27,2025-06-17,Organic Search,2025-06-28
6522,6522,8,2024-01-10,Paid Ads,2024-01-31
6523,6523,14,2026-04-17,Organic Search,2026-05-04
6524,6524,16,2025-04-21,Paid Ads,2025-05-04
6525,6525,22,2026-08-12,Paid Ads,2026-08-12
6526,6526,21,2026-05-08,Email,2026-05-22
6527,6527,1,2024-08-06,Paid Ads,2024-08-12
6528,6528,3,2025-09-28,Paid Ads,2025-10-19
6529,6529,12,2024-04-13,Paid Ads,2024-04-23
6530,6530,22,2026-08-08,Organic Search,2026-08-18
6531,6531,28,2024-10-19,Paid Ads,2024-11-08
6532,6532,27,2025-06-06,Organic Search,2025-06-17
6533,6533,22,2026-08-16,Paid Ads,2026-09-06
6534,6534,19,2025-10-12,Paid Ads,2025-10-25
6535,6535,26,2025-09-23,Paid Ads,2025-09-24
6536,6536,1,2024-08-07,Organic Search,2024-08-11
6537,6537,25,2025-08-02,Organic Search,2025-08-17
6538,6538,19,2025-09-25,Paid Ads,2025-10-21
6539,6539,24,2025-06-20,Paid Ads,2025-07-18
6540,6540,15,2024-09-20,Organic Search,2024-09-29
6541,6541,10,2024-05-11,Direct,2024-06-01
6542,6542,9,2025-05-15,Paid Ads,2025-05-20
6543,6543,15,2024-09-13,Paid Ads,2024-10-05
6544,6544,15,2024-09-23,Direct,2024-09-30
6545,6545,9,2025-05-27,Paid Ads,2025-06-25
6546,6546,20,2025-11-17,Organic Search,2025-11-18
6547,6547,25,2025-08-16,Direct,2025-08-18
6548,6548,21,2026-05-04,Organic Search,2026-05-19
6549,6549,12,2024-04-16,Organic Search,2024-05-05
6550,6550,22,2026-08-12,Paid Ads,2026-08-23
6551,6551,15,2024-09-12,Organic Search,2024-09-21
6552,6552,19,2025-10-30,Paid Ads,2025-11-24
6553,6553,14,2026-05-08,Paid Ads,2026-05-26
6554,6554,7,2024-01-07,Paid Ads,2024-01-10
6555,6555,29,2024-09-11,Paid Ads,2024-09-15
6556,6556,25,2025-08-14,Organic Search,2025-08-21
6557,6557,25,2025-08-17,Organic Search,2025-08-30
6558,6558,5,2024-01-22,Paid Ads,2024-02-07
6559,6559,7,2024-01-15,Paid Ads,2024-01-28
6560,6560,16,2025-04-24,Organic Search,2025-04-27
6561,6561,8,2024-01-07,Paid Ads,2024-01-25
6562,6562,5,2024-01-14,Organic Search,2024-01-22
6563,6563,3,2025-09-26,Paid Ads,2025-09-26
6564,6564,19,2025-10-26,Organic Search,2025-11-18
6565,6565,10,2024-05-15,Organic Search,2024-05-20
6566,6566,23,2024-06-20,Organic Search,2024-07-04
6567,6567,28,2024-11-01,Organic Search,2024-11-22
6568,6568,16,2025-05-02,Direct,2025-05-08
6569,6569,26,2025-09-22,Organic Search,2025-09-26
6570,6570,23,2024-06-27,Paid Ads,2024-07-03
6571,6571,23,2024-06-28,Organic Search,2024-07-07
6572,6572,15,2024-09-11,Direct,2024-09-29
6573,6573,12,2024-03-31,Organic Search,2024-04-11
6574,6574,19,2025-09-25,Organic Search,2025-10-14
6575,6575,19,2025-10-12,Paid Ads,2025-10-25
6576,6576,3,2025-10-04,Paid Ads,2025-10-19
6577,6577,18,2025-11-29,Organic Search,2025-12-29
6578,6578,29,2024-09-21,Organic Search,2024-10-01
6579,6579,26,2025-09-18,Organic Search,2025-09-19
6580,6580,1,2024-08-26,Paid Ads,2024-09-23
6581,6581,11,2026-01-09,Organic Search,2026-02-07
6582,6582,29,2024-09-21,Organic Search,2024-10-09
6583,6583,2,2025-10-10,Paid Ads,2025-10-30
6584,6584,22,2026-08-18,Organic Search,2026-09-13
6585,6585,14,2026-05-10,Email,2026-05-20
6586,6586,26,2025-09-13,Organic Search,2025-10-11
6587,6587,17,2026-06-14,Direct,2026-06-18
6588,6588,23,2024-06-21,Paid Ads,2024-07-04
6589,6589,10,2024-05-11,Organic Search,2024-05-23
6590,6590,15,2024-09-11,Organic Search,2024-09-16
6591,6591,26,2025-09-12,Organic Search,2025-10-07
6592,6592,19,2025-10-09,Paid Ads,2025-10-22
6593,6593,3,2025-09-25,Direct,2025-10-10
6594,6594,16,2025-05-23,Direct,2025-06-14
6595,6595,4,2024-01-22,Organic Search,2024-01-25
6596,6596,28,2024-10-30,Organic Search,2024-11-24
6597,6597,18,2025-11-28,Organic Search,2025-12-07
6598,6598,29,2024-10-03,Paid Ads,2024-11-01
6599,6599,28,2024-11-07,Direct,2024-11-07
6600,6600,20,2025-11-15,Email,2025-11-28
6601,6601,24,2025-06-23,Email,2025-06-28
6602,6602,9,2025-06-05,Paid Ads,2025-06-10
6603,6603,6,2023-10-25,Direct,2023-10-29
6604,6604,29,2024-09-30,Organic Search,2024-10-20
6605,6605,21,2026-04-29,Paid Ads,2026-05-07
6606,6606,23,2024-06-25,Direct,2024-07-25
6607,6607,10,2024-05-18,Organic Search,2024-06-02
6608,6608,1,2024-08-11,Paid Ads,2024-08-15
6609,6609,4,2024-01-22,Paid Ads,2024-01-29
6610,6610,3,2025-09-24,Paid Ads,2025-10-11
6611,6611,19,2025-10-14,Paid Ads,2025-10-21
6612,6612,20,2025-11-20,Organic Search,2025-11-30
6613,6613,5,2024-02-11,Organic Search,2024-02-17
6614,6614,22,2026-08-12,Organic Search,2026-09-03
6615,6615,14,2026-04-23,Paid Ads,2026-05-13
6616,6616,10,2024-05-17,Organic Search,2024-06-11
6617,6617,8,2024-01-14,Email,2024-01-19
6618,6618,26,2025-09-20,Paid Ads,2025-09-21
6619,6619,26,2025-09-11,Direct,2025-09-15
6620,6620,15,2024-09-10,Direct,2024-09-22
6621,6621,30,2026-05-23,Direct,2026-06-22
6622,6622,15,2024-09-23,Paid Ads,2024-09-25
6623,6623,22,2026-08-09,Paid Ads,2026-08-16
6624,6624,25,2025-08-03,Organic Search,2025-08-12
6625,6625,21,2026-05-05,Paid Ads,2026-05-25
6626,6626,13,2026-01-25,Organic Search,2026-02-22
6627,6627,3,2025-10-03,Paid Ads,2025-10-29
6628,6628,29,2024-09-14,Direct,2024-10-07
6629,6629,4,2024-01-26,Paid Ads,2024-01-28
6630,6630,2,2025-10-08,Email,2025-10-27
6631,6631,12,2024-03-21,Organic Search,2024-04-06
6632,6632,22,2026-08-08,Direct,2026-09-04
6633,6633,30,2026-05-25,Organic Search,2026-05-27
6634,6634,28,2024-10-17,Direct,2024-10-17
6635,6635,6,2023-10-13,Organic Search,2023-10-15
6636,6636,18,2025-12-06,Paid Ads,2025-12-11
6637,6637,26,2025-09-11,Direct,2025-09-24
6638,6638,29,2024-10-03,Paid Ads,2024-10-15
6639,6639,4,2024-01-24,Organic Search,2024-02-17
6640,6640,27,2025-06-26,Direct,2025-07-03
6641,6641,17,2026-06-13,Paid Ads,2026-06-24
6642,6642,18,2025-12-05,Organic Search,2025-12-21
6643,6643,12,2024-03-27,Paid Ads,2024-04-04
6644,6644,18,2025-11-28,Paid Ads,2025-12-13
6645,6645,14,2026-05-05,Paid Ads,2026-06-03
6646,6646,16,2025-05-18,Direct,2025-05-25
6647,6647,3,2025-09-23,Paid Ads,2025-09-25
6648,6648,9,2025-06-12,Organic Search,2025-06-16
6649,6649,27,2025-06-27,Organic Search,2025-07-08
6650,6650,8,2024-01-14,Direct,2024-01-24
6651,6651,25,2025-08-04,Organic Search,2025-08-19
6652,6652,24,2025-05-23,Paid Ads,2025-06-03
6653,6653,29,2024-09-26,Paid Ads,2024-10-25
6654,6654,30,2026-05-17,Organic Search,2026-05-26
6655,6655,18,2025-12-06,Paid Ads,2025-12-31
6656,6656,13,2026-01-24,Direct,2026-02-01
6657,6657,10,2024-05-15,Organic Search,2024-06-13
6658,6658,16,2025-05-05,Organic Search,2025-05-10
6659,6659,17,2026-06-17,Paid Ads,2026-07-15
6660,6660,23,2024-06-27,Paid Ads,2024-07-06
6661,6661,24,2025-05-26,Paid Ads,2025-06-18
6662,6662,22,2026-08-17,Email,2026-08-29
6663,6663,27,2025-06-17,Organic Search,2025-07-14
6664,6664,18,2025-11-30,Organic Search,2025-12-06
6665,6665,7,2023-12-24,Paid Ads,2024-01-19
6666,6666,15,2024-09-17,Direct,2024-10-10
6667,6667,5,2024-01-17,Direct,2024-01-23
6668,6668,2,2025-09-29,Direct,2025-10-04
6669,6669,22,2026-08-13,Paid Ads,2026-08-28
6670,6670,16,2025-04-30,Email,2025-05-19
6671,6671,11,2026-01-05,Email,2026-01-16
6672,6672,4,2024-01-18,Organic Search,2024-01-31
6673,6673,8,2024-01-14,Paid Ads,2024-01-14
6674,6674,12,2024-03-17,Email,2024-03-23
6675,6675,6,2023-10-31,Organic Search,2023-11-05
6676,6676,24,2025-06-13,Email,2025-06-24
6677,6677,12,2024-03-31,Direct,2024-04-10
6678,6678,3,2025-10-05,Direct,2025-10-23
6679,6679,16,2025-05-03,Email,2025-05-03
6680,6680,15,2024-09-24,Paid Ads,2024-09-28
6681,6681,24,2025-05-28,Organic Search,2025-06-22
6682,6682,3,2025-10-01,Organic Search,2025-10-15
6683,6683,14,2026-04-12,Direct,2026-04-21
6684,6684,1,2024-08-23,Organic Search,2024-08-30
6685,6685,2,2025-09-27,Paid Ads,2025-10-27
6686,6686,29,2024-10-06,Organic Search,2024-10-29
6687,6687,7,2023-12-12,Organic Search,2024-01-03
6688,6688,27,2025-06-25,Organic Search,2025-07-25
6689,6689,6,2023-10-22,Organic Search,2023-11-21
6690,6690,24,2025-06-04,Paid Ads,2025-06-27
6691,6691,9,2025-06-15,Direct,2025-07-07
6692,6692,9,2025-05-26,Email,2025-06-06
6693,6693,30,2026-05-24,Paid Ads,2026-06-05
6694,6694,22,2026-08-11,Direct,2026-09-02
6695,6695,7,2023-12-21,Direct,2024-01-06
6696,6696,26,2025-09-17,Direct,2025-09-22
6697,6697,28,2024-10-17,Organic Search,2024-10-29
6698,6698,26,2025-09-13,Direct,2025-10-05
6699,6699,8,2024-01-13,Paid Ads,2024-01-24
6700,6700,13,2026-01-29,Organic Search,2026-02-22
6701,6701,12,2024-03-27,Email,2024-04-04
6702,6702,19,2025-10-22,Email,2025-11-08
6703,6703,2,2025-10-02,Organic Search,2025-10-12
6704,6704,30,2026-05-25,Organic Search,2026-06-13
6705,6705,4,2024-01-19,Organic Search,2024-01-21
6706,6706,17,2026-06-13,Paid Ads,2026-07-04
6707,6707,7,2023-12-13,Paid Ads,2024-01-03
6708,6708,9,2025-06-12,Direct,2025-07-03
6709,6709,24,2025-06-12,Paid Ads,2025-06-14
6710,6710,30,2026-05-19,Email,2026-06-16
6711,6711,5,2024-02-08,Email,2024-02-29
6712,6712,16,2025-04-16,Organic Search,2025-04-21
6713,6713,19,2025-09-30,Direct,2025-10-26
6714,6714,17,2026-06-13,Organic Search,2026-07-01
6715,6715,28,2024-10-17,Organic Search,2024-11-02
6716,6716,29,2024-09-24,Paid Ads,2024-09-27
6717,6717,26,2025-09-14,Email,2025-09-19
6718,6718,5,2024-01-13,Direct,2024-02-01
6719,6719,5,2024-01-13,Email,2024-01-19
6720,6720,16,2025-05-16,Email,2025-05-26
6721,6721,26,2025-09-17,Organic Search,2025-09-20
6722,6722,29,2024-09-19,Email,2024-10-19
6723,6723,13,2026-01-30,Paid Ads,2026-02-05
6724,6724,30,2026-05-18,Paid Ads,2026-06-09
6725,6725,6,2023-10-25,Direct,2023-11-15
6726,6726,18,2025-11-27,Organic Search,2025-11-27
6727,6727,11,2026-01-07,Paid Ads,2026-01-15
6728,6728,1,2024-09-10,Organic Search,2024-09-19
6729,6729,8,2024-01-08,Paid Ads,2024-01-24
6730,6730,8,2024-01-07,Paid Ads,2024-01-24
6731,6731,15,2024-09-12,Organic Search,2024-10-11
6732,6732,18,2025-12-04,Organic Search,2025-12-09
6733,6733,24,2025-05-26,Paid Ads,2025-05-29
6734,6734,19,2025-10-04,Email,2025-10-06
6735,6735,21,2026-05-03,Organic Search,2026-05-24
6736,6736,13,2026-01-22,Organic Search,2026-02-04
6737,6737,7,2024-01-11,Paid Ads,2024-01-24
6738,6738,28,2024-10-09,Organic Search,2024-11-04
6739,6739,15,2024-09-12,Organic Search,2024-09-30
6740,6740,14,2026-04-27,Organic Search,2026-05-12
6741,6741,21,2026-05-08,Direct,2026-05-27
6742,6742,22,2026-08-08,Paid Ads,2026-08-26
6743,6743,6,2023-10-19,Organic Search,2023-11-12
6744,6744,12,2024-03-31,Direct,2024-03-31
6745,6745,27,2025-06-22,Paid Ads,2025-07-06
6746,6746,13,2026-01-25,Organic Search,2026-02-21
6747,6747,17,2026-06-20,Direct,2026-07-11
6748,6748,4,2024-01-21,Organic Search,2024-02-05
6749,6749,28,2024-10-13,Organic Search,2024-10-15
6750,6750,23,2024-06-18,Paid Ads,2024-06-24
6751,6751,8,2024-01-12,Paid Ads,2024-01-24
6752,6752,28,2024-10-21,Organic Search,2024-11-16
6753,6753,21,2026-04-26,Direct,2026-04-27
6754,6754,24,2025-05-25,Organic Search,2025-06-08
6755,6755,6,2023-10-18,Paid Ads,2023-11-14
6756,6756,12,2024-03-27,Organic Search,2024-04-01
6757,6757,25,2025-08-03,Direct,2025-08-11
6758,6758,10,2024-05-16,Email,2024-05-25
6759,6759,26,2025-09-16,Paid Ads,2025-10-02
6760,6760,18,2025-12-04,Email,2025-12-08
6761,6761,1,2024-08-30,Paid Ads,2024-09-04
6762,6762,1,2024-09-02,Paid Ads,2024-09-20
6763,6763,18,2025-11-25,Organic Search,2025-12-04
6764,6764,22,2026-08-05,Organic Search,2026-08-15
6765,6765,17,2026-06-14,Paid Ads,2026-06-19
6766,6766,28,2024-11-14,Direct,2024-12-14
6767,6767,1,2024-09-09,Direct,2024-10-02
6768,6768,8,2024-01-11,Paid Ads,2024-02-08
6769,6769,26,2025-09-16,Paid Ads,2025-10-02
6770,6770,22,2026-08-08,Organic Search,2026-08-29
6771,6771,27,2025-06-13,Organic Search,2025-06-26
6772,6772,24,2025-05-25,Organic Search,2025-06-13
6773,6773,9,2025-05-14,Paid Ads,2025-06-05
6774,6774,26,2025-09-15,Paid Ads,2025-10-04
6775,6775,17,2026-06-17,Organic Search,2026-06-18
6776,6776,13,2026-01-27,Paid Ads,2026-01-27
6777,6777,2,2025-09-29,Email,2025-10-28
6778,6778,4,2024-01-17,Organic Search,2024-01-28
6779,6779,9,2025-05-22,Organic Search,2025-05-24
6780,6780,30,2026-05-22,Paid Ads,2026-06-04
6781,6781,19,2025-10-09,Paid Ads,2025-10-27
6782,6782,11,2026-01-13,Paid Ads,2026-01-22
6783,6783,10,2024-05-12,Organic Search,2024-06-08
6784,6784,28,2024-10-18,Organic Search,2024-11-08
6785,6785,4,2024-01-19,Paid Ads,2024-01-29
6786,6786,15,2024-09-13,Organic Search,2024-10-08
6787,6787,15,2024-09-21,Organic Search,2024-10-13
6788,6788,9,2025-06-23,Organic Search,2025-07-18
6789,6789,18,2025-12-01,Organic Search,2025-12-01
6790,6790,7,2023-12-23,Paid Ads,2023-12-25
6791,6791,8,2024-01-12,Organic Search,2024-02-04
6792,6792,11,2026-01-02,Paid Ads,2026-01-31
6793,6793,25,2025-08-07,Organic Search,2025-08-11
6794,6794,15,2024-09-23,Paid Ads,2024-10-19
6795,6795,3,2025-09-24,Paid Ads,2025-09-27
6796,6796,26,2025-09-23,Paid Ads,2025-10-17
6797,6797,24,2025-06-06,Organic Search,2025-06-30
6798,6798,1,2024-08-12,Direct,2024-08-31
6799,6799,8,2024-01-08,Direct,2024-01-08
6800,6800,21,2026-05-06,Direct,2026-05-07
6801,6801,11,2025-12-21,Paid Ads,2026-01-06
6802,6802,11,2026-01-19,Organic Search,2026-01-30
6803,6803,10,2024-05-16,Organic Search,2024-06-05
6804,6804,27,2025-06-15,Paid Ads,2025-07-14
6805,6805,24,2025-06-09,Paid Ads,2025-06-10
6806,6806,6,2023-10-28,Paid Ads,2023-11-26
6807,6807,9,2025-06-09,Direct,2025-06-27
6808,6808,14,2026-04-09,Email,2026-04-21
6809,6809,12,2024-03-28,Direct,2024-04-13
6810,6810,19,2025-09-25,Organic Search,2025-10-12
6811,6811,24,2025-06-25,Direct,2025-07-12
6812,6812,4,2024-01-20,Email,2024-02-05
6813,6813,11,2026-01-12,Direct,2026-01-21
6814,6814,26,2025-09-22,Paid Ads,2025-09-23
6815,6815,6,2023-10-16,Paid Ads,2023-11-15
6816,6816,15,2024-09-13,Paid Ads,2024-10-11
6817,6817,30,2026-05-24,Paid Ads,2026-06-05
6818,6818,23,2024-06-04,Organic Search,2024-06-11
6819,6819,30,2026-05-18,Direct,2026-06-08
6820,6820,20,2025-11-09,Paid Ads,2025-11-15
6821,6821,25,2025-08-14,Paid Ads,2025-08-17
6822,6822,26,2025-09-16,Email,2025-09-28
6823,6823,24,2025-06-25,Paid Ads,2025-07-01
6824,6824,15,2024-09-25,Paid Ads,2024-10-12
6825,6825,3,2025-10-05,Paid Ads,2025-11-01
6826,6826,27,2025-06-19,Paid Ads,2025-07-14
6827,6827,27,2025-06-19,Paid Ads,2025-07-19
6828,6828,29,2024-10-06,Paid Ads,2024-10-12
6829,6829,27,2025-06-24,Organic Search,2025-07-05
6830,6830,12,2024-03-30,Paid Ads,2024-03-31
6831,6831,10,2024-05-16,Organic Search,2024-06-10
6832,6832,18,2025-11-25,Paid Ads,2025-12-17
6833,6833,24,2025-06-16,Organic Search,2025-07-07
6834,6834,10,2024-05-16,Email,2024-06-10
6835,6835,24,2025-06-25,Organic Search,2025-07-06
6836,6836,26,2025-09-22,Organic Search,2025-10-02
6837,6837,8,2024-01-08,Direct,2024-01-25
6838,6838,16,2025-04-21,Direct,2025-04-25
6839,6839,4,2024-01-23,Organic Search,2024-01-26
6840,6840,20,2025-11-05,Paid Ads,2025-11-17
6841,6841,23,2024-06-18,Email,2024-07-09
6842,6842,14,2026-05-04,Email,2026-05-04
6843,6843,12,2024-04-03,Paid Ads,2024-05-02
6844,6844,7,2024-01-08,Organic Search,2024-01-14
6845,6845,7,2024-01-08,Paid Ads,2024-01-25
6846,6846,12,2024-03-19,Email,2024-04-10
6847,6847,28,2024-10-21,Direct,2024-10-28
6848,6848,6,2023-09-27,Email,2023-09-29
6849,6849,22,2026-08-07,Email,2026-08-12
6850,6850,11,2026-02-01,Paid Ads,2026-03-01
6851,6851,3,2025-09-19,Direct,2025-10-04
6852,6852,22,2026-08-16,Paid Ads,2026-09-09
6853,6853,8,2024-01-12,Email,2024-01-22
6854,6854,28,2024-11-02,Organic Search,2024-11-16
6855,6855,5,2024-01-14,Paid Ads,2024-02-07
6856,6856,17,2026-06-20,Email,2026-06-27
6857,6857,19,2025-10-23,Paid Ads,2025-10-30
6858,6858,9,2025-05-29,Paid Ads,2025-06-27
6859,6859,5,2024-01-25,Paid Ads,2024-02-16
6860,6860,18,2025-12-03,Organic Search,2026-01-01
6861,6861,17,2026-06-17,Direct,2026-06-30
6862,6862,13,2026-01-30,Organic Search,2026-02-19
6863,6863,24,2025-06-12,Direct,2025-06-12
6864,6864,19,2025-09-25,Paid Ads,2025-10-12
6865,6865,30,2026-05-20,Direct,2026-05-29
6866,6866,29,2024-09-11,Direct,2024-09-12
6867,6867,21,2026-04-27,Email,2026-05-02
6868,6868,28,2024-10-31,Direct,2024-11-18
6869,6869,5,2024-02-09,Organic Search,2024-02-23
6870,6870,27,2025-06-03,Organic Search,2025-06-06
6871,6871,28,2024-11-12,Organic Search,2024-11-30
6872,6872,11,2025-12-25,Email,2026-01-22
6873,6873,6,2023-10-18,Paid Ads,2023-11-01
6874,6874,24,2025-05-30,Direct,2025-05-31
6875,6875,2,2025-10-15,Organic Search,2025-11-02
6876,6876,17,2026-06-20,Organic Search,2026-07-13
6877,6877,24,2025-06-17,Organic Search,2025-06-21
6878,6878,30,2026-05-24,Email,2026-06-23
6879,6879,18,2025-11-29,Direct,2025-12-08
6880,6880,22,2026-08-11,Email,2026-08-14
6881,6881,17,2026-06-17,Paid Ads,2026-06-28
6882,6882,15,2024-09-11,Organic Search,2024-09-17
6883,6883,11,2026-02-01,Direct,2026-02-28
6884,6884,28,2024-10-09,Email,2024-11-02
6885,6885,27,2025-06-28,Direct,2025-07-19
6886,6886,24,2025-06-15,Paid Ads,2025-06-18
6887,6887,9,2025-06-02,Paid Ads,2025-06-13
6888,6888,29,2024-09-11,Paid Ads,2024-09-20
6889,6889,9,2025-06-12,Paid Ads,2025-06-14
6890,6890,16,2025-05-16,Paid Ads,2025-06-15
6891,6891,7,2024-01-13,Paid Ads,2024-01-19
6892,6892,15,2024-09-13,Paid Ads,2024-10-13
6893,6893,10,2024-05-17,Paid Ads,2024-06-11
6894,6894,21,2026-05-04,Organic Search,2026-05-28
6895,6895,6,2023-10-17,Paid Ads,2023-10-26
6896,6896,26,2025-09-12,Paid Ads,2025-09-24
6897,6897,3,2025-09-20,Organic Search,2025-10-20
6898,6898,22,2026-08-04,Organic Search,2026-08-18
6899,6899,12,2024-03-31,Paid Ads,2024-04-28
6900,6900,14,2026-04-17,Organic Search,2026-04-20
6901,6901,19,2025-10-29,Organic Search,2025-11-11
6902,6902,11,2026-01-05,Organic Search,2026-01-17
6903,6903,10,2024-05-13,Paid Ads,2024-05-27
6904,6904,8,2024-01-10,Organic Search,2024-02-04
6905,6905,6,2023-11-02,Organic Search,2023-11-03
6906,6906,13,2026-01-23,Organic Search,2026-02-15
6907,6907,21,2026-05-09,Paid Ads,2026-06-08
6908,6908,30,2026-05-18,Direct,2026-06-02
6909,6909,5,2024-01-19,Paid Ads,2024-02-02
6910,6910,22,2026-08-12,Organic Search,2026-08-21
6911,6911,20,2025-11-28,Paid Ads,2025-11-28
6912,6912,19,2025-09-25,Organic Search,2025-10-11
6913,6913,28,2024-11-02,Organic Search,2024-11-05
6914,6914,15,2024-09-15,Paid Ads,2024-10-15
6915,6915,24,2025-06-12,Direct,2025-06-22
6916,6916,3,2025-09-22,Organic Search,2025-09-25
6917,6917,17,2026-06-19,Paid Ads,2026-07-07
6918,6918,28,2024-10-19,Direct,2024-10-24
6919,6919,4,2024-01-19,Paid Ads,2024-02-12
6920,6920,22,2026-08-03,Direct,2026-08-03
6921,6921,10,2024-05-18,Paid Ads,2024-06-17
6922,6922,26,2025-09-15,Paid Ads,2025-10-15
6923,6923,16,2025-05-09,Paid Ads,2025-05-17
6924,6924,9,2025-06-09,Direct,2025-07-01
6925,6925,21,2026-04-28,Paid Ads,2026-05-23
6926,6926,17,2026-06-18,Paid Ads,2026-06-27
6927,6927,23,2024-06-29,Paid Ads,2024-07-06
6928,6928,28,2024-11-13,Paid Ads,2024-12-06
6929,6929,26,2025-09-12,Paid Ads,2025-09-15
6930,6930,5,2024-02-03,Email,2024-02-19
6931,6931,30,2026-05-23,Paid Ads,2026-05-25
6932,6932,24,2025-06-21,Paid Ads,2025-07-11
6933,6933,15,2024-09-16,Organic Search,2024-09-17
6934,6934,14,2026-04-19,Paid Ads,2026-04-30
6935,6935,20,2025-11-04,Direct,2025-11-07
6936,6936,25,2025-08-02,Organic Search,2025-08-13
6937,6937,26,2025-09-13,Paid Ads,2025-09-16
6938,6938,10,2024-05-11,Paid Ads,2024-06-02
6939,6939,6,2023-10-04,Direct,2023-10-15
6940,6940,1,2024-08-22,Paid Ads,2024-09-12
6941,6941,28,2024-11-02,Organic Search,2024-11-23
6942,6942,13,2026-01-25,Organic Search,2026-01-31
6943,6943,14,2026-04-21,Email,2026-04-26
6944,6944,27,2025-06-25,Paid Ads,2025-07-04
6945,6945,29,2024-09-29,Direct,2024-09-29
6946,6946,30,2026-05-16,Organic Search,2026-05-28
6947,6947,27,2025-06-21,Paid Ads,2025-07-09
6948,6948,23,2024-06-14,Paid Ads,2024-06-26
6949,6949,2,2025-10-02,Email,2025-10-30
6950,6950,29,2024-09-17,Email,2024-09-25
6951,6951,22,2026-08-15,Paid Ads,2026-09-12
6952,6952,6,2023-10-13,Paid Ads,2023-10-14
6953,6953,15,2024-09-11,Organic Search,2024-09-13
6954,6954,12,2024-03-23,Paid Ads,2024-04-02
6955,6955,12,2024-04-09,Direct,2024-04-28
6956,6956,17,2026-06-16,Paid Ads,2026-06-30
6957,6957,14,2026-05-05,Paid Ads,2026-05-27
6958,6958,1,2024-08-17,Paid Ads,2024-08-22
6959,6959,22,2026-08-18,Email,2026-09-10
6960,6960,21,2026-05-10,Organic Search,2026-05-14
6961,6961,2,2025-10-07,Organic Search,2025-11-06
6962,6962,29,2024-10-07,Organic Search,2024-10-23
6963,6963,29,2024-09-25,Organic Search,2024-10-09
6964,6964,21,2026-05-07,Paid Ads,2026-05-29
6965,6965,10,2024-05-11,Paid Ads,2024-05-19
6966,6966,11,2026-01-17,Organic Search,2026-01-29
6967,6967,26,2025-09-21,Organic Search,2025-10-02
6968,6968,11,2026-01-16,Organic Search,2026-01-21
6969,6969,5,2024-01-22,Paid Ads,2024-01-31
6970,6970,1,2024-09-10,Email,2024-10-08
6971,6971,29,2024-09-10,Direct,2024-09-26
6972,6972,19,2025-10-24,Organic Search,2025-11-07
6973,6973,5,2024-02-03,Direct,2024-02-08
6974,6974,19,2025-10-18,Email,2025-10-25
6975,6975,8,2024-01-12,Direct,2024-01-15
6976,6976,9,2025-05-30,Direct,2025-06-01
6977,6977,15,2024-09-18,Paid Ads,2024-09-22
6978,6978,22,2026-08-13,Email,2026-08-15
6979,6979,28,2024-10-11,Direct,2024-10-11
6980,6980,22,2026-08-15,Organic Search,2026-08-27
6981,6981,30,2026-05-21,Paid Ads,2026-05-28
6982,6982,26,2025-09-22,Email,2025-10-02
6983,6983,4,2024-01-27,Paid Ads,2024-02-13
6984,6984,13,2026-01-25,Paid Ads,2026-02-10
6985,6985,18,2025-12-02,Paid Ads,2025-12-30
6986,6986,24,2025-06-27,Paid Ads,2025-07-14
6987,6987,1,2024-09-10,Organic Search,2024-10-10
6988,6988,13,2026-01-24,Paid Ads,2026-01-24
6989,6989,19,2025-10-15,Paid Ads,2025-11-06
6990,6990,11,2026-01-25,Direct,2026-02-12
6991,6991,14,2026-04-22,Paid Ads,2026-04-26
6992,6992,20,2025-11-13,Direct,2025-11-27
6993,6993,8,2024-01-10,Organic Search,2024-01-21
6994,6994,19,2025-10-20,Organic Search,2025-11-17
6995,6995,3,2025-09-26,Organic Search,2025-10-14
6996,6996,3,2025-09-28,Email,2025-10-13
6997,6997,15,2024-09-14,Direct,2024-09-23
6998,6998,26,2025-09-13,Organic Search,2025-10-13
6999,6999,14,2026-04-17,Organic Search,2026-05-10
7000,7000,4,2024-01-20,Paid Ads,2024-02-07
7001,7001,19,2025-10-19,Organic Search,2025-10-23
7002,7002,23,2024-06-10,Email,2024-06-12
7003,7003,21,2026-05-03,Organic Search,2026-06-02
7004,7004,10,2024-05-18,Paid Ads,2024-05-26
7005,7005,15,2024-09-16,Paid Ads,2024-09-24
7006,7006,13,2026-01-31,Paid Ads,2026-03-02
7007,7007,6,2023-10-01,Organic Search,2023-10-15
7008,7008,30,2026-05-22,Paid Ads,2026-05-29
7009,7009,8,2024-01-12,Organic Search,2024-01-21
7010,7010,18,2025-12-04,Organic Search,2025-12-30
7011,7011,24,2025-06-15,Email,2025-06-19
7012,7012,20,2025-11-25,Paid Ads,2025-11-28
7013,7013,5,2024-01-16,Paid Ads,2024-02-15
7014,7014,12,2024-04-16,Organic Search,2024-05-01
7015,7015,21,2026-04-26,Paid Ads,2026-05-22
7016,7016,6,2023-10-03,Paid Ads,2023-10-10
7017,7017,22,2026-08-13,Paid Ads,2026-09-09
7018,7018,8,2024-01-08,Paid Ads,2024-01-09
7019,7019,8,2024-01-08,Organic Search,2024-01-12
7020,7020,1,2024-08-09,Email,2024-08-26
7021,7021,23,2024-06-11,Paid Ads,2024-06-22
7022,7022,27,2025-06-19,Email,2025-07-16
7023,7023,11,2026-01-01,Organic Search,2026-01-28
7024,7024,20,2025-11-08,Paid Ads,2025-12-06
7025,7025,13,2026-01-26,Paid Ads,2026-01-28
7026,7026,20,2025-11-15,Paid Ads,2025-12-05
7027,7027,22,2026-08-09,Organic Search,2026-09-04
7028,7028,4,2024-01-28,Direct,2024-02-16
7029,7029,26,2025-09-22,Paid Ads,2025-09-27
7030,7030,23,2024-06-19,Organic Search,2024-06-20
7031,7031,30,2026-05-23,Email,2026-05-26
7032,7032,5,2024-01-24,Email,2024-02-16
7033,7033,12,2024-03-20,Paid Ads,2024-03-29
7034,7034,24,2025-06-06,Organic Search,2025-06-20
7035,7035,22,2026-08-10,Organic Search,2026-09-03
7036,7036,20,2025-11-17,Paid Ads,2025-12-12
7037,7037,7,2024-01-17,Organic Search,2024-02-02
7038,7038,6,2023-10-06,Email,2023-10-29
7039,7039,15,2024-09-25,Direct,2024-10-22
7040,7040,6,2023-09-28,Paid Ads,2023-10-23
7041,7041,4,2024-01-19,Organic Search,2024-02-17
7042,7042,1,2024-08-20,Organic Search,2024-09-04
7043,7043,11,2026-01-23,Email,2026-02-06
7044,7044,30,2026-05-17,Organic Search,2026-06-12
7045,7045,5,2024-01-28,Paid Ads,2024-02-12
7046,7046,14,2026-04-26,Direct,2026-05-05
7047,7047,19,2025-10-14,Paid Ads,2025-11-13
7048,7048,17,2026-06-17,Paid Ads,2026-06-29
7049,7049,20,2025-11-17,Paid Ads,2025-11-24
7050,7050,16,2025-05-07,Email,2025-05-30
7051,7051,22,2026-08-11,Direct,2026-09-01
7052,7052,27,2025-06-03,Paid Ads,2025-06-23
7053,7053,28,2024-10-21,Organic Search,2024-11-08
7054,7054,15,2024-09-15,Paid Ads,2024-10-13
7055,7055,21,2026-05-08,Organic Search,2026-05-18
7056,7056,12,2024-03-31,Paid Ads,2024-04-25
7057,7057,16,2025-05-18,Organic Search,2025-05-23
7058,7058,23,2024-06-23,Organic Search,2024-07-07
7059,7059,7,2023-12-10,Paid Ads,2023-12-30
7060,7060,24,2025-06-10,Organic Search,2025-06-14
7061,7061,21,2026-05-08,Direct,2026-06-07
7062,7062,20,2025-11-11,Organic Search,2025-11-22
7063,7063,30,2026-05-23,Direct,2026-06-08
7064,7064,8,2024-01-10,Paid Ads,2024-01-22
7065,7065,7,2023-12-23,Paid Ads,2024-01-05
7066,7066,4,2024-01-26,Organic Search,2024-01-26
7067,7067,30,2026-05-16,Organic Search,2026-06-13
7068,7068,5,2024-02-03,Direct,2024-02-18
7069,7069,5,2024-02-04,Direct,2024-02-21
7070,7070,17,2026-06-16,Email,2026-06-30
7071,7071,24,2025-06-06,Paid Ads,2025-07-02
7072,7072,25,2025-08-13,Organic Search,2025-09-04
7073,7073,15,2024-09-13,Direct,2024-09-27
7074,7074,19,2025-10-18,Organic Search,2025-11-09
7075,7075,4,2024-01-28,Organic Search,2024-01-28
7076,7076,3,2025-09-28,Paid Ads,2025-10-12
7077,7077,3,2025-09-28,Organic Search,2025-10-11
7078,7078,18,2025-12-02,Organic Search,2025-12-19
7079,7079,16,2025-05-18,Paid Ads,2025-05-24
7080,7080,1,2024-08-22,Paid Ads,2024-09-03
7081,7081,3,2025-10-01,Paid Ads,2025-10-26
7082,7082,25,2025-08-17,Paid Ads,2025-09-07
7083,7083,24,2025-06-22,Direct,2025-07-19
7084,7084,5,2024-01-31,Paid Ads,2024-02-05
7085,7085,5,2024-02-01,Direct,2024-02-20
7086,7086,15,2024-09-10,Paid Ads,2024-09-10
7087,7087,20,2025-11-19,Email,2025-12-08
7088,7088,27,2025-06-27,Paid Ads,2025-07-08
7089,7089,4,2024-01-22,Direct,2024-02-19
7090,7090,11,2026-01-10,Organic Search,2026-01-26
7091,7091,30,2026-05-24,Email,2026-06-13
7092,7092,19,2025-11-01,Organic Search,2025-11-21
7093,7093,13,2026-01-22,Direct,2026-02-06
7094,7094,28,2024-10-15,Paid Ads,2024-10-18
7095,7095,1,2024-08-31,Paid Ads,2024-09-09
7096,7096,26,2025-09-14,Direct,2025-10-04
7097,7097,7,2023-12-19,Paid Ads,2024-01-16
7098,7098,8,2024-01-10,Paid Ads,2024-02-04
7099,7099,22,2026-08-14,Paid Ads,2026-08-18
7100,7100,24,2025-06-24,Paid Ads,2025-06-30
7101,7101,16,2025-05-02,Direct,2025-05-11
7102,7102,8,2024-01-14,Paid Ads,2024-01-22
7103,7103,25,2025-08-16,Direct,2025-08-22
7104,7104,19,2025-11-05,Paid Ads,2025-11-27
7105,7105,28,2024-11-02,Paid Ads,2024-12-01
7106,7106,19,2025-10-04,Email,2025-10-30
7107,7107,14,2026-04-22,Paid Ads,2026-04-23
7108,7108,12,2024-04-10,Direct,2024-05-09
7109,7109,13,2026-01-24,Email,2026-02-08
7110,7110,26,2025-09-16,Email,2025-10-06
7111,7111,27,2025-06-01,Paid Ads,2025-06-02
7112,7112,19,2025-10-16,Organic Search,2025-10-26
7113,7113,29,2024-09-16,Organic Search,2024-10-02
7114,7114,19,2025-10-17,Paid Ads,2025-10-30
7115,7115,27,2025-06-23,Direct,2025-06-27
7116,7116,17,2026-06-19,Direct,2026-06-19
7117,7117,27,2025-06-26,Email,2025-07-03
7118,7118,12,2024-03-16,Organic Search,2024-04-14
7119,7119,30,2026-05-16,Direct,2026-06-02
7120,7120,18,2025-11-25,Paid Ads,2025-12-22
7121,7121,10,2024-05-15,Paid Ads,2024-05-21
7122,7122,3,2025-09-29,Organic Search,2025-10-11
7123,7123,15,2024-09-18,Direct,2024-09-18
7124,7124,24,2025-06-16,Organic Search,2025-06-16
7125,7125,17,2026-06-13,Organic Search,2026-07-10
7126,7126,12,2024-04-16,Paid Ads,2024-04-19
7127,7127,15,2024-09-14,Organic Search,2024-09-21
7128,7128,21,2026-05-01,Email,2026-05-24
7129,7129,30,2026-05-22,Organic Search,2026-05-28
7130,7130,12,2024-03-19,Organic Search,2024-03-28
7131,7131,9,2025-06-20,Organic Search,2025-06-24
7132,7132,8,2024-01-14,Organic Search,2024-01-15
7133,7133,3,2025-10-04,Direct,2025-10-25
7134,7134,9,2025-06-12,Direct,2025-06-21
7135,7135,21,2026-05-05,Organic Search,2026-05-10
7136,7136,10,2024-05-17,Paid Ads,2024-06-15
7137,7137,15,2024-09-18,Paid Ads,2024-09-27
7138,7138,30,2026-05-22,Email,2026-06-17
7139,7139,21,2026-05-04,Direct,2026-05-14
7140,7140,24,2025-06-28,Paid Ads,2025-07-24
7141,7141,23,2024-06-30,Email,2024-07-10
7142,7142,11,2026-01-04,Paid Ads,2026-01-08
7143,7143,30,2026-05-22,Paid Ads,2026-06-05
7144,7144,26,2025-09-20,Paid Ads,2025-10-02
7145,7145,5,2024-01-30,Organic Search,2024-02-04
7146,7146,18,2025-11-27,Paid Ads,2025-12-15
7147,7147,20,2025-11-07,Organic Search,2025-11-21
7148,7148,5,2024-01-31,Paid Ads,2024-02-29
7149,7149,16,2025-05-19,Paid Ads,2025-06-04
7150,7150,14,2026-04-29,Paid Ads,2026-05-24
7151,7151,17,2026-06-18,Email,2026-06-24
7152,7152,4,2024-01-23,Paid Ads,2024-02-19
7153,7153,13,2026-01-30,Paid Ads,2026-02-16
7154,7154,15,2024-09-25,Organic Search,2024-09-26
7155,7155,9,2025-06-15,Paid Ads,2025-06-15
7156,7156,4,2024-01-24,Paid Ads,2024-02-09
7157,7157,1,2024-09-06,Paid Ads,2024-09-14
7158,7158,26,2025-09-11,Organic Search,2025-09-24
7159,7159,7,2023-12-11,Paid Ads,2023-12-17
7160,7160,15,2024-09-19,Paid Ads,2024-09-25
7161,7161,20,2025-11-04,Email,2025-11-08
7162,7162,18,2025-12-05,Paid Ads,2025-12-23
7163,7163,21,2026-04-29,Organic Search,2026-05-08
7164,7164,10,2024-05-14,Email,2024-05-30
7165,7165,12,2024-04-15,Email,2024-05-13
7166,7166,17,2026-06-14,Organic Search,2026-07-03
7167,7167,24,2025-06-26,Organic Search,2025-07-18
7168,7168,10,2024-05-18,Paid Ads,2024-05-28
7169,7169,20,2025-11-23,Organic Search,2025-11-29
7170,7170,6,2023-10-13,Organic Search,2023-11-12
7171,7171,14,2026-04-29,Email,2026-05-20
7172,7172,28,2024-10-20,Paid Ads,2024-11-14
7173,7173,23,2024-06-28,Email,2024-07-17
7174,7174,21,2026-05-08,Organic Search,2026-05-17
7175,7175,14,2026-04-30,Paid Ads,2026-05-30
7176,7176,10,2024-05-15,Paid Ads,2024-06-03
7177,7177,14,2026-04-27,Paid Ads,2026-05-27
7178,7178,28,2024-10-12,Paid Ads,2024-11-11
7179,7179,6,2023-11-02,Paid Ads,2023-11-27
7180,7180,1,2024-08-28,Organic Search,2024-09-01
7181,7181,12,2024-03-27,Paid Ads,2024-04-05
7182,7182,12,2024-04-04,Organic Search,2024-04-04
7183,7183,1,2024-08-17,Direct,2024-09-10
7184,7184,6,2023-10-23,Organic Search,2023-10-25
7185,7185,14,2026-05-03,Organic Search,2026-05-19
7186,7186,1,2024-08-28,Organic Search,2024-09-07
7187,7187,17,2026-06-17,Email,2026-07-04
7188,7188,30,2026-05-25,Paid Ads,2026-06-21
7189,7189,29,2024-09-24,Organic Search,2024-10-20
7190,7190,26,2025-09-20,Organic Search,2025-10-04
7191,7191,6,2023-10-06,Organic Search,2023-10-11
7192,7192,28,2024-10-10,Direct,2024-11-08
7193,7193,1,2024-08-05,Organic Search,2024-09-02
7194,7194,16,2025-05-05,Organic Search,2025-05-23
7195,7195,4,2024-01-17,Email,2024-02-07
7196,7196,2,2025-10-10,Email,2025-10-31
7197,7197,3,2025-10-01,Paid Ads,2025-10-27
7198,7198,19,2025-10-05,Email,2025-10-08
7199,7199,12,2024-04-11,Direct,2024-04-24
7200,7200,10,2024-05-10,Paid Ads,2024-06-09
7201,7201,22,2026-08-16,Paid Ads,2026-08-23
7202,7202,14,2026-04-24,Organic Search,2026-05-04
7203,7203,8,2024-01-12,Email,2024-01-13
7204,7204,8,2024-01-12,Organic Search,2024-02-09
7205,7205,22,2026-08-18,Email,2026-09-16
7206,7206,29,2024-09-26,Paid Ads,2024-10-16
7207,7207,15,2024-09-18,Paid Ads,2024-09-20
7208,7208,1,2024-08-29,Direct,2024-09-12
7209,7209,15,2024-09-13,Paid Ads,2024-09-24
7210,7210,9,2025-06-06,Email,2025-06-22
7211,7211,18,2025-11-25,Organic Search,2025-12-02
7212,7212,19,2025-10-02,Paid Ads,2025-10-08
7213,7213,11,2026-01-24,Organic Search,2026-01-26
7214,7214,23,2024-06-07,Organic Search,2024-07-02
7215,7215,24,2025-06-18,Email,2025-07-13
7216,7216,21,2026-04-30,Paid Ads,2026-05-08
7217,7217,5,2024-02-10,Organic Search,2024-02-29
7218,7218,19,2025-10-05,Email,2025-10-14
7219,7219,3,2025-10-05,Organic Search,2025-10-07
7220,7220,10,2024-05-13,Organic Search,2024-06-02
7221,7221,4,2024-01-28,Organic Search,2024-02-06
7222,7222,20,2025-11-18,Email,2025-11-23
7223,7223,24,2025-05-28,Organic Search,2025-06-05
7224,7224,28,2024-11-01,Paid Ads,2024-11-24
7225,7225,29,2024-09-22,Direct,2024-10-17
7226,7226,19,2025-11-04,Organic Search,2025-11-23
7227,7227,5,2024-01-30,Email,2024-02-20
7228,7228,8,2024-01-11,Direct,2024-01-17
7229,7229,20,2025-11-07,Paid Ads,2025-12-02
7230,7230,24,2025-06-24,Paid Ads,2025-07-05
7231,7231,24,2025-06-13,Paid Ads,2025-06-24
7232,7232,28,2024-10-26,Email,2024-11-05
7233,7233,3,2025-10-04,Paid Ads,2025-11-02
7234,7234,26,2025-09-19,Paid Ads,2025-10-09
7235,7235,15,2024-09-19,Paid Ads,2024-10-06
7236,7236,12,2024-04-11,Organic Search,2024-05-10
7237,7237,28,2024-10-23,Direct,2024-11-02
7238,7238,26,2025-09-17,Paid Ads,2025-10-17
7239,7239,17,2026-06-15,Organic Search,2026-06-20
7240,7240,28,2024-11-10,Organic Search,2024-11-29
7241,7241,9,2025-05-19,Paid Ads,2025-06-17
7242,7242,12,2024-04-10,Paid Ads,2024-04-30
7243,7243,5,2024-01-29,Paid Ads,2024-02-15
7244,7244,3,2025-09-25,Organic Search,2025-10-16
7245,7245,12,2024-03-21,Email,2024-04-11
7246,7246,16,2025-05-25,Direct,2025-06-02
7247,7247,15,2024-09-23,Paid Ads,2024-10-16
7248,7248,10,2024-05-10,Organic Search,2024-06-08
7249,7249,9,2025-05-26,Organic Search,2025-06-02
7250,7250,28,2024-10-22,Paid Ads,2024-11-18
7251,7251,8,2024-01-10,Organic Search,2024-01-24
7252,7252,12,2024-03-21,Organic Search,2024-04-06
7253,7253,22,2026-08-04,Paid Ads,2026-08-18
7254,7254,22,2026-08-06,Email,2026-08-31
7255,7255,22,2026-08-04,Organic Search,2026-08-26
7256,7256,10,2024-05-18,Email,2024-06-05
7257,7257,24,2025-06-27,Organic Search,2025-07-08
7258,7258,18,2025-12-02,Paid Ads,2025-12-27
7259,7259,18,2025-11-27,Paid Ads,2025-12-08
7260,7260,5,2024-01-11,Paid Ads,2024-01-26
7261,7261,26,2025-09-12,Paid Ads,2025-10-11
7262,7262,22,2026-08-14,Organic Search,2026-08-17
7263,7263,28,2024-11-06,Organic Search,2024-11-16
7264,7264,14,2026-04-17,Paid Ads,2026-04-23
7265,7265,3,2025-09-30,Direct,2025-10-06
7266,7266,5,2024-01-25,Paid Ads,2024-02-02
7267,7267,4,2024-01-21,Organic Search,2024-01-29
7268,7268,5,2024-01-29,Organic Search,2024-02-27
7269,7269,26,2025-09-11,Email,2025-10-03
7270,7270,10,2024-05-11,Paid Ads,2024-05-17
7271,7271,24,2025-07-02,Email,2025-07-19
7272,7272,1,2024-08-15,Organic Search,2024-09-09
7273,7273,15,2024-09-20,Paid Ads,2024-10-11
7274,7274,3,2025-09-28,Organic Search,2025-10-10
7275,7275,12,2024-04-05,Paid Ads,2024-05-04
7276,7276,25,2025-08-04,Direct,2025-08-22
7277,7277,6,2023-10-16,Paid Ads,2023-10-31
7278,7278,15,2024-09-15,Direct,2024-09-21
7279,7279,17,2026-06-13,Direct,2026-07-07
7280,7280,14,2026-04-16,Paid Ads,2026-05-06
7281,7281,27,2025-06-22,Paid Ads,2025-07-06
7282,7282,18,2025-12-04,Organic Search,2025-12-13
7283,7283,17,2026-06-19,Paid Ads,2026-06-21
7284,7284,9,2025-05-13,Organic Search,2025-05-16
7285,7285,30,2026-05-19,Organic Search,2026-06-09
7286,7286,27,2025-06-11,Paid Ads,2025-06-30
7287,7287,17,2026-06-15,Paid Ads,2026-07-15
7288,7288,26,2025-09-12,Paid Ads,2025-09-17
7289,7289,22,2026-08-16,Paid Ads,2026-09-06
7290,7290,20,2025-11-02,Direct,2025-11-12
7291,7291,19,2025-10-12,Direct,2025-10-19
7292,7292,11,2026-01-29,Organic Search,2026-02-05
7293,7293,14,2026-05-07,Organic Search,2026-06-05
7294,7294,13,2026-01-22,Paid Ads,2026-01-29
7295,7295,2,2025-10-02,Paid Ads,2025-10-12
7296,7296,14,2026-04-12,Organic Search,2026-04-28
7297,7297,11,2026-01-22,Organic Search,2026-02-19
7298,7298,5,2024-02-11,Organic Search,2024-02-19
7299,7299,18,2025-12-04,Paid Ads,2025-12-13
7300,7300,8,2024-01-11,Paid Ads,2024-01-26
7301,7301,5,2024-01-31,Organic Search,2024-02-10
7302,7302,2,2025-09-28,Organic Search,2025-10-19
7303,7303,15,2024-09-13,Paid Ads,2024-10-07
7304,7304,5,2024-01-20,Organic Search,2024-01-28
7305,7305,22,2026-08-03,Email,2026-09-02
7306,7306,14,2026-04-15,Paid Ads,2026-05-02
7307,7307,7,2024-01-03,Organic Search,2024-01-25
7308,7308,11,2026-01-26,Paid Ads,2026-02-06
7309,7309,30,2026-05-23,Organic Search,2026-06-21
7310,7310,14,2026-04-28,Paid Ads,2026-04-30
7311,7311,21,2026-05-07,Paid Ads,2026-05-10
7312,7312,3,2025-10-04,Email,2025-11-02
7313,7313,20,2025-11-20,Paid Ads,2025-11-30
7314,7314,7,2023-12-31,Direct,2024-01-10
7315,7315,28,2024-10-21,Organic Search,2024-10-30
7316,7316,20,2025-11-19,Email,2025-12-05
7317,7317,20,2025-11-15,Paid Ads,2025-11-22
7318,7318,8,2024-01-11,Paid Ads,2024-02-02
7319,7319,21,2026-05-05,Direct,2026-06-03
7320,7320,16,2025-05-24,Organic Search,2025-06-16
7321,7321,13,2026-01-25,Email,2026-02-21
7322,7322,11,2026-01-13,Paid Ads,2026-01-22
7323,7323,22,2026-08-07,Paid Ads,2026-08-14
7324,7324,29,2024-10-02,Organic Search,2024-10-25
7325,7325,26,2025-09-21,Paid Ads,2025-10-10
7326,7326,10,2024-05-14,Paid Ads,2024-06-09
7327,7327,15,2024-09-10,Direct,2024-10-01
7328,7328,23,2024-07-01,Paid Ads,2024-07-31
7329,7329,2,2025-10-11,Organic Search,2025-10-19
7330,7330,25,2025-08-10,Paid Ads,2025-08-30
7331,7331,22,2026-08-10,Organic Search,2026-08-20
7332,7332,10,2024-05-18,Paid Ads,2024-06-14
7333,7333,8,2024-01-13,Paid Ads,2024-02-07
7334,7334,12,2024-03-24,Direct,2024-04-22
7335,7335,16,2025-05-22,Paid Ads,2025-05-25
7336,7336,2,2025-10-15,Direct,2025-10-28
7337,7337,12,2024-03-17,Organic Search,2024-03-22
7338,7338,18,2025-12-05,Email,2025-12-16
7339,7339,1,2024-08-30,Email,2024-09-27
7340,7340,1,2024-09-01,Paid Ads,2024-09-20
7341,7341,18,2025-11-28,Paid Ads,2025-12-18
7342,7342,17,2026-06-14,Paid Ads,2026-06-25
7343,7343,3,2025-09-19,Paid Ads,2025-09-24
7344,7344,22,2026-08-18,Organic Search,2026-08-21
7345,7345,27,2025-06-03,Organic Search,2025-06-16
7346,7346,24,2025-06-05,Paid Ads,2025-06-08
7347,7347,15,2024-09-11,Organic Search,2024-10-01
7348,7348,30,2026-05-20,Email,2026-05-25
7349,7349,30,2026-05-21,Paid Ads,2026-05-31
7350,7350,10,2024-05-10,Direct,2024-06-08
7351,7351,19,2025-10-19,Paid Ads,2025-11-09
7352,7352,20,2025-11-03,Email,2025-11-30
7353,7353,22,2026-08-12,Organic Search,2026-09-06
7354,7354,7,2023-12-10,Paid Ads,2023-12-12
7355,7355,11,2026-01-27,Direct,2026-02-19
7356,7356,4,2024-01-28,Direct,2024-02-06
7357,7357,21,2026-05-05,Paid Ads,2026-05-20
7358,7358,11,2026-01-23,Organic Search,2026-02-09
7359,7359,2,2025-09-30,Paid Ads,2025-10-21
7360,7360,4,2024-01-28,Organic Search,2024-02-20
7361,7361,20,2025-11-15,Paid Ads,2025-11-26
7362,7362,24,2025-06-24,Organic Search,2025-06-25
7363,7363,16,2025-05-12,Paid Ads,2025-05-30
7364,7364,6,2023-10-05,Organic Search,2023-10-18
7365,7365,29,2024-09-08,Organic Search,2024-09-17
7366,7366,4,2024-01-19,Direct,2024-02-12
7367,7367,2,2025-10-02,Email,2025-10-17
7368,7368,3,2025-10-04,Paid Ads,2025-11-03
7369,7369,19,2025-09-28,Organic Search,2025-10-02
7370,7370,10,2024-05-15,Paid Ads,2024-05-15
7371,7371,22,2026-08-05,Email,2026-08-05
7372,7372,4,2024-01-27,Paid Ads,2024-02-23
7373,7373,6,2023-10-20,Paid Ads,2023-11-01
7374,7374,1,2024-09-04,Organic Search,2024-09-25
7375,7375,22,2026-08-11,Direct,2026-08-16
7376,7376,7,2023-12-13,Paid Ads,2023-12-18
7377,7377,10,2024-05-18,Organic Search,2024-05-30
7378,7378,21,2026-04-26,Paid Ads,2026-05-03
7379,7379,20,2025-11-27,Paid Ads,2025-12-05
7380,7380,14,2026-04-29,Email,2026-04-30
7381,7381,18,2025-11-26,Paid Ads,2025-12-14
7382,7382,21,2026-05-07,Email,2026-05-19
7383,7383,25,2025-08-04,Organic Search,2025-08-19
7384,7384,23,2024-06-18,Direct,2024-07-04
7385,7385,9,2025-05-22,Organic Search,2025-06-07
7386,7386,4,2024-01-20,Direct,2024-02-03
7387,7387,15,2024-09-15,Organic Search,2024-10-01
7388,7388,15,2024-09-20,Paid Ads,2024-09-23
7389,7389,13,2026-01-24,Paid Ads,2026-02-03
7390,7390,6,2023-10-24,Paid Ads,2023-11-01
7391,7391,14,2026-04-28,Paid Ads,2026-05-15
7392,7392,18,2025-11-29,Direct,2025-12-12
7393,7393,8,2024-01-11,Paid Ads,2024-02-07
7394,7394,9,2025-05-24,Organic Search,2025-06-14
7395,7395,30,2026-05-22,Paid Ads,2026-06-13
7396,7396,14,2026-04-28,Organic Search,2026-04-29
7397,7397,15,2024-09-16,Organic Search,2024-09-23
7398,7398,1,2024-09-04,Organic Search,2024-09-10
7399,7399,3,2025-10-04,Organic Search,2025-10-09
7400,7400,30,2026-05-22,Paid Ads,2026-06-18
7401,7401,29,2024-09-08,Organic Search,2024-10-06
7402,7402,11,2025-12-28,Paid Ads,2026-01-18
7403,7403,20,2025-11-07,Paid Ads,2025-11-10
7404,7404,20,2025-11-07,Paid Ads,2025-11-30
7405,7405,24,2025-06-10,Organic Search,2025-06-23
7406,7406,14,2026-04-22,Organic Search,2026-05-22
7407,7407,9,2025-06-10,Paid Ads,2025-06-18
7408,7408,11,2026-01-30,Paid Ads,2026-02-23
7409,7409,7,2023-12-24,Paid Ads,2024-01-18
7410,7410,14,2026-04-09,Organic Search,2026-04-26
7411,7411,13,2026-01-26,Organic Search,2026-01-30
7412,7412,24,2025-06-05,Organic Search,2025-06-06
7413,7413,28,2024-11-01,Paid Ads,2024-11-25
7414,7414,12,2024-03-22,Paid Ads,2024-04-16
7415,7415,8,2024-01-14,Organic Search,2024-02-07
7416,7416,26,2025-09-15,Paid Ads,2025-09-16
7417,7417,14,2026-05-10,Direct,2026-05-22
7418,7418,13,2026-01-25,Direct,2026-01-31
7419,7419,27,2025-06-19,Paid Ads,2025-07-09
7420,7420,22,2026-08-05,Direct,2026-08-20
7421,7421,13,2026-02-01,Organic Search,2026-02-09
7422,7422,9,2025-05-30,Paid Ads,2025-06-21
7423,7423,4,2024-01-27,Paid Ads,2024-02-19
7424,7424,14,2026-04-13,Email,2026-04-28
7425,7425,30,2026-05-22,Organic Search,2026-06-19
7426,7426,18,2025-11-27,Paid Ads,2025-12-17
7427,7427,23,2024-06-27,Paid Ads,2024-07-11
7428,7428,11,2026-01-31,Organic Search,2026-02-01
7429,7429,14,2026-04-29,Paid Ads,2026-05-05
7430,7430,18,2025-11-30,Organic Search,2025-12-07
7431,7431,10,2024-05-14,Organic Search,2024-06-10
7432,7432,24,2025-05-24,Organic Search,2025-06-07
7433,7433,26,2025-09-19,Paid Ads,2025-09-22
7434,7434,21,2026-05-02,Paid Ads,2026-05-20
7435,7435,16,2025-04-16,Organic Search,2025-05-15
7436,7436,27,2025-06-04,Organic Search,2025-06-14
7437,7437,25,2025-08-15,Organic Search,2025-09-05
7438,7438,25,2025-08-04,Paid Ads,2025-09-03
7439,7439,16,2025-05-06,Email,2025-05-31
7440,7440,7,2023-12-29,Paid Ads,2024-01-09
7441,7441,29,2024-10-06,Organic Search,2024-10-09
7442,7442,27,2025-06-13,Organic Search,2025-06-28
7443,7443,13,2026-01-27,Organic Search,2026-02-22
7444,7444,12,2024-03-20,Organic Search,2024-04-16
7445,7445,27,2025-06-04,Paid Ads,2025-06-04
7446,7446,1,2024-09-04,Organic Search,2024-09-24
7447,7447,9,2025-06-02,Organic Search,2025-06-11
7448,7448,30,2026-05-21,Paid Ads,2026-05-23
7449,7449,20,2025-11-22,Organic Search,2025-12-09
7450,7450,6,2023-10-30,Organic Search,2023-11-26
7451,7451,28,2024-11-03,Email,2024-11-29
7452,7452,6,2023-09-27,Direct,2023-10-04
7453,7453,14,2026-05-10,Paid Ads,2026-05-14
7454,7454,10,2024-05-16,Direct,2024-06-13
7455,7455,26,2025-09-11,Organic Search,2025-10-11
7456,7456,20,2025-11-08,Organic Search,2025-11-30
7457,7457,11,2025-12-29,Organic Search,2026-01-08
7458,7458,10,2024-05-14,Paid Ads,2024-06-08
7459,7459,17,2026-06-17,Paid Ads,2026-07-10
7460,7460,30,2026-05-24,Organic Search,2026-06-19
7461,7461,3,2025-09-25,Organic Search,2025-10-15
7462,7462,2,2025-10-02,Organic Search,2025-10-11
7463,7463,25,2025-08-01,Paid Ads,2025-08-18
7464,7464,5,2024-01-30,Paid Ads,2024-02-22
7465,7465,21,2026-05-01,Email,2026-05-10
7466,7466,27,2025-06-14,Organic Search,2025-06-24
7467,7467,21,2026-05-02,Paid Ads,2026-05-07
7468,7468,11,2026-01-05,Email,2026-01-16
7469,7469,28,2024-11-05,Organic Search,2024-11-08
7470,7470,18,2025-11-30,Paid Ads,2025-12-19
7471,7471,29,2024-09-30,Paid Ads,2024-10-20
7472,7472,14,2026-04-26,Paid Ads,2026-04-27
7473,7473,2,2025-10-03,Paid Ads,2025-10-30
7474,7474,26,2025-09-18,Organic Search,2025-10-17
7475,7475,22,2026-08-12,Organic Search,2026-08-25
7476,7476,15,2024-09-17,Organic Search,2024-09-29
7477,7477,27,2025-06-10,Paid Ads,2025-06-21
7478,7478,19,2025-10-11,Email,2025-10-14
7479,7479,12,2024-04-04,Paid Ads,2024-04-20
7480,7480,6,2023-10-08,Paid Ads,2023-11-07
7481,7481,13,2026-01-27,Organic Search,2026-01-29
7482,7482,24,2025-06-22,Paid Ads,2025-07-14
7483,7483,2,2025-09-29,Organic Search,2025-10-20
7484,7484,15,2024-09-25,Organic Search,2024-10-01
7485,7485,7,2023-12-28,Paid Ads,2024-01-11
7486,7486,24,2025-06-14,Email,2025-07-14
7487,7487,26,2025-09-17,Direct,2025-09-19
7488,7488,17,2026-06-13,Paid Ads,2026-07-03
7489,7489,16,2025-05-23,Email,2025-05-23
7490,7490,27,2025-06-21,Paid Ads,2025-07-07
7491,7491,19,2025-10-11,Paid Ads,2025-11-08
7492,7492,9,2025-06-19,Paid Ads,2025-07-14
7493,7493,27,2025-06-16,Direct,2025-07-06
7494,7494,30,2026-05-18,Organic Search,2026-06-06
7495,7495,9,2025-06-24,Direct,2025-07-21
7496,7496,2,2025-10-08,Organic Search,2025-10-20
7497,7497,2,2025-10-15,Paid Ads,2025-11-14
7498,7498,13,2026-02-02,Email,2026-02-03
7499,7499,19,2025-10-11,Email,2025-11-01
7500,7500,25,2025-08-04,Organic Search,2025-08-17
7501,7501,23,2024-06-21,Direct,2024-07-07
7502,7502,10,2024-05-13,Direct,2024-05-31
7503,7503,24,2025-06-08,Paid Ads,2025-07-07
7504,7504,22,2026-08-10,Organic Search,2026-08-25
7505,7505,10,2024-05-10,Paid Ads,2024-05-20
7506,7506,6,2023-10-14,Organic Search,2023-10-16
7507,7507,19,2025-10-17,Email,2025-10-28
7508,7508,14,2026-05-02,Paid Ads,2026-05-26
7509,7509,9,2025-06-19,Paid Ads,2025-06-30
7510,7510,21,2026-05-07,Organic Search,2026-06-02
7511,7511,23,2024-06-26,Paid Ads,2024-07-20
7512,7512,6,2023-10-29,Paid Ads,2023-11-10
7513,7513,24,2025-05-31,Organic Search,2025-06-09
7514,7514,22,2026-08-14,Direct,2026-08-28
7515,7515,19,2025-10-24,Organic Search,2025-10-25
7516,7516,16,2025-04-27,Paid Ads,2025-05-18
7517,7517,24,2025-05-31,Paid Ads,2025-06-26
7518,7518,12,2024-03-17,Organic Search,2024-04-08
7519,7519,10,2024-05-13,Organic Search,2024-05-31
7520,7520,10,2024-05-11,Organic Search,2024-06-07
7521,7521,17,2026-06-18,Paid Ads,2026-06-26
7522,7522,21,2026-05-05,Organic Search,2026-05-21
7523,7523,3,2025-09-24,Paid Ads,2025-09-30
7524,7524,3,2025-10-05,Direct,2025-10-05
7525,7525,9,2025-06-06,Direct,2025-06-14
7526,7526,4,2024-01-21,Organic Search,2024-01-25
7527,7527,11,2026-01-08,Direct,2026-01-31
7528,7528,3,2025-09-29,Direct,2025-10-21
7529,7529,18,2025-12-05,Direct,2025-12-31
7530,7530,15,2024-09-13,Organic Search,2024-09-26
7531,7531,8,2024-01-07,Paid Ads,2024-01-28
7532,7532,17,2026-06-15,Organic Search,2026-06-20
7533,7533,14,2026-04-23,Organic Search,2026-05-10
7534,7534,21,2026-05-09,Paid Ads,2026-05-15
7535,7535,23,2024-06-15,Direct,2024-06-19
7536,7536,17,2026-06-17,Paid Ads,2026-07-03
7537,7537,21,2026-05-08,Email,2026-05-21
7538,7538,25,2025-08-04,Paid Ads,2025-08-14
7539,7539,26,2025-09-16,Direct,2025-10-02
7540,7540,6,2023-10-14,Organic Search,2023-10-16
7541,7541,3,2025-09-23,Paid Ads,2025-10-04
7542,7542,19,2025-10-01,Direct,2025-10-28
7543,7543,23,2024-06-27,Paid Ads,2024-07-18
7544,7544,23,2024-06-07,Organic Search,2024-06-10
7545,7545,28,2024-10-25,Paid Ads,2024-11-05
7546,7546,29,2024-09-07,Email,2024-09-21
7547,7547,25,2025-08-02,Organic Search,2025-08-07
7548,7548,25,2025-08-10,Organic Search,2025-09-02
7549,7549,7,2024-01-17,Paid Ads,2024-02-13
7550,7550,14,2026-05-04,Paid Ads,2026-05-17
7551,7551,1,2024-08-19,Organic Search,2024-08-21
7552,7552,8,2024-01-09,Direct,2024-01-15
7553,7553,2,2025-10-06,Organic Search,2025-10-12
7554,7554,11,2026-01-25,Paid Ads,2026-02-07
7555,7555,27,2025-06-05,Paid Ads,2025-07-02
7556,7556,21,2026-05-06,Paid Ads,2026-06-05
7557,7557,8,2024-01-09,Paid Ads,2024-01-20
7558,7558,25,2025-08-02,Paid Ads,2025-08-27
7559,7559,17,2026-06-15,Direct,2026-06-26
7560,7560,3,2025-10-01,Organic Search,2025-10-25
7561,7561,20,2025-11-16,Email,2025-11-21
7562,7562,23,2024-06-08,Organic Search,2024-06-20
7563,7563,30,2026-05-20,Paid Ads,2026-06-15
7564,7564,23,2024-06-27,Organic Search,2024-07-15
7565,7565,5,2024-01-28,Paid Ads,2024-02-06
7566,7566,29,2024-09-11,Organic Search,2024-09-18
7567,7567,20,2025-11-26,Email,2025-12-15
7568,7568,15,2024-09-22,Direct,2024-10-08
7569,7569,12,2024-03-26,Organic Search,2024-03-28
7570,7570,18,2025-11-26,Paid Ads,2025-12-03
7571,7571,12,2024-03-23,Organic Search,2024-04-12
7572,7572,13,2026-01-24,Email,2026-02-15
7573,7573,30,2026-05-24,Paid Ads,2026-06-04
7574,7574,21,2026-04-30,Direct,2026-04-30
7575,7575,3,2025-09-24,Paid Ads,2025-10-09
7576,7576,24,2025-06-19,Paid Ads,2025-07-15
7577,7577,16,2025-05-01,Paid Ads,2025-05-02
7578,7578,19,2025-10-16,Organic Search,2025-10-22
7579,7579,13,2026-01-24,Paid Ads,2026-01-25
7580,7580,10,2024-05-16,Organic Search,2024-06-11
7581,7581,14,2026-04-26,Organic Search,2026-05-14
7582,7582,25,2025-08-01,Paid Ads,2025-08-25
7583,7583,3,2025-09-23,Organic Search,2025-09-24
7584,7584,11,2025-12-29,Email,2026-01-05
7585,7585,10,2024-05-14,Organic Search,2024-06-12
7586,7586,1,2024-08-28,Organic Search,2024-09-27
7587,7587,12,2024-03-27,Email,2024-04-21
7588,7588,4,2024-01-25,Organic Search,2024-01-28
7589,7589,28,2024-10-09,Paid Ads,2024-10-18
7590,7590,12,2024-04-06,Organic Search,2024-04-29
7591,7591,12,2024-03-17,Paid Ads,2024-04-03
7592,7592,15,2024-09-17,Paid Ads,2024-10-11
7593,7593,4,2024-01-23,Paid Ads,2024-01-27
7594,7594,2,2025-10-01,Organic Search,2025-10-24
7595,7595,3,2025-09-25,Paid Ads,2025-10-10
7596,7596,23,2024-06-15,Paid Ads,2024-07-11
7597,7597,9,2025-06-10,Paid Ads,2025-07-06
7598,7598,27,2025-06-17,Direct,2025-07-12
7599,7599,10,2024-05-12,Organic Search,2024-05-19
7600,7600,10,2024-05-10,Organic Search,2024-05-17
7601,7601,1,2024-09-09,Paid Ads,2024-09-20
7602,7602,21,2026-04-27,Paid Ads,2026-05-06
7603,7603,28,2024-11-01,Paid Ads,2024-11-30
7604,7604,4,2024-01-24,Paid Ads,2024-02-19
7605,7605,4,2024-01-26,Direct,2024-01-29
7606,7606,9,2025-06-03,Organic Search,2025-06-12
7607,7607,2,2025-09-28,Organic Search,2025-10-18
7608,7608,22,2026-08-05,Paid Ads,2026-08-21
7609,7609,4,2024-01-23,Organic Search,2024-02-12
7610,7610,20,2025-11-08,Paid Ads,2025-11-12
7611,7611,25,2025-08-11,Paid Ads,2025-09-04
7612,7612,8,2024-01-12,Paid Ads,2024-01-13
7613,7613,21,2026-05-07,Organic Search,2026-05-28
7614,7614,5,2024-01-28,Paid Ads,2024-02-24
7615,7615,23,2024-06-28,Paid Ads,2024-07-02
7616,7616,29,2024-10-04,Direct,2024-10-15
7617,7617,25,2025-08-08,Paid Ads,2025-09-06
7618,7618,28,2024-10-25,Organic Search,2024-10-26
7619,7619,19,2025-10-07,Email,2025-10-14
7620,7620,24,2025-05-24,Paid Ads,2025-06-09
7621,7621,28,2024-10-16,Direct,2024-11-03
7622,7622,22,2026-08-16,Paid Ads,2026-09-03
7623,7623,25,2025-07-31,Paid Ads,2025-08-06
7624,7624,5,2024-02-11,Direct,2024-03-10
7625,7625,15,2024-09-12,Paid Ads,2024-09-15
7626,7626,22,2026-08-13,Paid Ads,2026-08-27
7627,7627,23,2024-06-12,Paid Ads,2024-06-18
7628,7628,26,2025-09-11,Organic Search,2025-09-12
7629,7629,28,2024-10-31,Paid Ads,2024-11-24
7630,7630,20,2025-11-27,Paid Ads,2025-11-29
7631,7631,5,2024-02-02,Paid Ads,2024-02-02
7632,7632,1,2024-09-02,Direct,2024-09-02
7633,7633,21,2026-04-28,Organic Search,2026-05-18
7634,7634,21,2026-05-04,Paid Ads,2026-05-28
7635,7635,21,2026-04-27,Direct,2026-05-12
7636,7636,29,2024-09-17,Paid Ads,2024-09-28
7637,7637,12,2024-04-15,Email,2024-05-05
7638,7638,24,2025-06-21,Paid Ads,2025-07-20
7639,7639,28,2024-10-18,Paid Ads,2024-11-13
7640,7640,8,2024-01-11,Organic Search,2024-02-03
7641,7641,7,2024-01-13,Email,2024-02-05
7642,7642,26,2025-09-12,Paid Ads,2025-09-19
7643,7643,2,2025-10-03,Email,2025-10-25
7644,7644,19,2025-10-30,Paid Ads,2025-11-16
7645,7645,23,2024-06-15,Paid Ads,2024-07-14
7646,7646,23,2024-06-16,Paid Ads,2024-07-14
7647,7647,20,2025-11-11,Organic Search,2025-11-21
7648,7648,21,2026-05-07,Direct,2026-05-30
7649,7649,18,2025-12-06,Paid Ads,2025-12-25
7650,7650,10,2024-05-16,Paid Ads,2024-06-02
7651,7651,16,2025-05-09,Email,2025-06-04
7652,7652,4,2024-01-22,Paid Ads,2024-02-19
7653,7653,16,2025-05-07,Paid Ads,2025-05-31
7654,7654,3,2025-09-30,Paid Ads,2025-10-27
7655,7655,5,2024-01-22,Organic Search,2024-02-10
7656,7656,1,2024-09-09,Organic Search,2024-10-07
7657,7657,6,2023-10-11,Paid Ads,2023-10-22
7658,7658,11,2026-01-21,Direct,2026-01-29
7659,7659,23,2024-06-30,Paid Ads,2024-07-04
7660,7660,20,2025-11-19,Organic Search,2025-12-09
7661,7661,30,2026-05-19,Organic Search,2026-06-16
7662,7662,27,2025-06-25,Organic Search,2025-07-05
7663,7663,26,2025-09-16,Paid Ads,2025-10-15
7664,7664,25,2025-08-12,Email,2025-09-02
7665,7665,10,2024-05-17,Organic Search,2024-05-24
7666,7666,10,2024-05-11,Paid Ads,2024-05-25
7667,7667,17,2026-06-19,Paid Ads,2026-06-30
7668,7668,7,2024-01-10,Organic Search,2024-01-23
7669,7669,25,2025-08-02,Organic Search,2025-08-30
7670,7670,2,2025-10-15,Direct,2025-10-19
7671,7671,19,2025-10-20,Paid Ads,2025-11-13
7672,7672,6,2023-09-29,Organic Search,2023-10-14
7673,7673,16,2025-05-24,Organic Search,2025-06-01
7674,7674,1,2024-08-09,Direct,2024-09-01
7675,7675,22,2026-08-13,Paid Ads,2026-09-06
7676,7676,2,2025-09-26,Organic Search,2025-10-06
7677,7677,25,2025-08-16,Email,2025-08-20
7678,7678,2,2025-09-26,Paid Ads,2025-10-26
7679,7679,27,2025-06-19,Organic Search,2025-07-09
7680,7680,3,2025-09-21,Paid Ads,2025-10-13
7681,7681,29,2024-09-06,Organic Search,2024-09-15
7682,7682,20,2025-11-16,Paid Ads,2025-11-27
7683,7683,16,2025-04-20,Email,2025-05-01
7684,7684,26,2025-09-11,Organic Search,2025-09-16
7685,7685,9,2025-06-07,Email,2025-06-13
7686,7686,7,2023-12-25,Organic Search,2024-01-12
7687,7687,24,2025-07-02,Direct,2025-07-24
7688,7688,30,2026-05-21,Organic Search,2026-06-08
7689,7689,21,2026-05-10,Organic Search,2026-05-11
7690,7690,29,2024-09-10,Email,2024-10-04
7691,7691,1,2024-08-07,Organic Search,2024-08-17
7692,7692,28,2024-10-29,Paid Ads,2024-11-21
7693,7693,24,2025-06-19,Organic Search,2025-06-19
7694,7694,16,2025-05-28,Direct,2025-06-12
7695,7695,23,2024-06-09,Organic Search,2024-06-10
7696,7696,17,2026-06-19,Paid Ads,2026-06-20
7697,7697,20,2025-11-02,Direct,2025-11-09
7698,7698,6,2023-10-04,Organic Search,2023-10-04
7699,7699,12,2024-04-09,Paid Ads,2024-04-15
7700,7700,21,2026-05-05,Paid Ads,2026-05-12
7701,7701,23,2024-07-01,Organic Search,2024-07-18
7702,7702,9,2025-06-24,Organic Search,2025-07-08
7703,7703,5,2024-01-18,Organic Search,2024-01-21
7704,7704,12,2024-03-21,Paid Ads,2024-03-24
7705,7705,22,2026-08-05,Direct,2026-08-20
7706,7706,6,2023-10-24,Organic Search,2023-10-26
7707,7707,14,2026-05-09,Paid Ads,2026-05-24
7708,7708,20,2025-11-02,Paid Ads,2025-11-11
7709,7709,25,2025-08-13,Direct,2025-08-17
7710,7710,12,2024-04-10,Direct,2024-05-02
7711,7711,24,2025-06-06,Paid Ads,2025-06-24
7712,7712,20,2025-11-25,Organic Search,2025-12-24
7713,7713,12,2024-04-13,Paid Ads,2024-04-29
7714,7714,26,2025-09-13,Organic Search,2025-10-03
7715,7715,23,2024-06-17,Paid Ads,2024-07-12
7716,7716,14,2026-04-15,Direct,2026-04-23
7717,7717,1,2024-08-21,Organic Search,2024-09-01
7718,7718,16,2025-05-27,Email,2025-06-15
7719,7719,13,2026-01-26,Organic Search,2026-02-05
7720,7720,7,2024-01-08,Organic Search,2024-01-30
7721,7721,11,2025-12-25,Direct,2025-12-27
7722,7722,5,2024-02-01,Paid Ads,2024-02-14
7723,7723,12,2024-03-27,Direct,2024-04-17
7724,7724,25,2025-08-18,Paid Ads,2025-08-20
7725,7725,11,2026-01-16,Direct,2026-02-02
7726,7726,7,2023-12-25,Paid Ads,2023-12-29
7727,7727,28,2024-10-20,Paid Ads,2024-11-17
7728,7728,28,2024-11-11,Organic Search,2024-11-18
7729,7729,26,2025-09-19,Paid Ads,2025-09-27
7730,7730,8,2024-01-07,Organic Search,2024-01-28
7731,7731,19,2025-11-04,Direct,2025-11-04
7732,7732,4,2024-01-23,Paid Ads,2024-02-03
7733,7733,10,2024-05-15,Paid Ads,2024-05-23
7734,7734,13,2026-01-28,Paid Ads,2026-02-04
7735,7735,13,2026-01-31,Organic Search,2026-03-01
7736,7736,3,2025-09-19,Direct,2025-09-23
7737,7737,18,2025-12-04,Email,2025-12-04
7738,7738,25,2025-08-18,Organic Search,2025-08-26
7739,7739,4,2024-01-18,Organic Search,2024-02-14
7740,7740,5,2024-02-03,Organic Search,2024-02-23
7741,7741,28,2024-11-06,Email,2024-11-21
7742,7742,8,2024-01-11,Email,2024-01-25
7743,7743,6,2023-10-12,Paid Ads,2023-11-07
7744,7744,9,2025-06-14,Direct,2025-07-08
7745,7745,22,2026-08-14,Organic Search,2026-09-01
7746,7746,15,2024-09-17,Organic Search,2024-10-04
7747,7747,27,2025-06-12,Paid Ads,2025-07-06
7748,7748,25,2025-08-14,Email,2025-08-25
7749,7749,5,2024-02-12,Direct,2024-03-06
7750,7750,14,2026-05-07,Paid Ads,2026-05-29
7751,7751,28,2024-11-13,Organic Search,2024-12-06
7752,7752,22,2026-08-13,Direct,2026-09-05
7753,7753,3,2025-10-01,Organic Search,2025-10-22
7754,7754,19,2025-10-13,Organic Search,2025-10-26
7755,7755,24,2025-06-03,Direct,2025-06-23
7756,7756,20,2025-11-16,Paid Ads,2025-12-05
7757,7757,15,2024-09-11,Organic Search,2024-10-08
7758,7758,29,2024-09-07,Email,2024-09-13
7759,7759,2,2025-10-12,Paid Ads,2025-11-01
7760,7760,23,2024-06-13,Paid Ads,2024-07-08
7761,7761,17,2026-06-16,Email,2026-07-13
7762,7762,18,2025-12-05,Organic Search,2026-01-02
7763,7763,18,2025-11-27,Organic Search,2025-11-27
7764,7764,17,2026-06-18,Paid Ads,2026-07-16
7765,7765,19,2025-09-29,Email,2025-10-04
7766,7766,2,2025-09-26,Direct,2025-10-04
7767,7767,16,2025-04-23,Paid Ads,2025-05-05
7768,7768,17,2026-06-18,Organic Search,2026-07-07
7769,7769,5,2024-02-03,Organic Search,2024-03-01
7770,7770,10,2024-05-13,Paid Ads,2024-05-30
7771,7771,19,2025-10-06,Organic Search,2025-10-23
7772,7772,24,2025-06-10,Paid Ads,2025-06-27
7773,7773,7,2023-12-13,Direct,2023-12-14
7774,7774,20,2025-11-02,Paid Ads,2025-11-05
7775,7775,24,2025-06-21,Paid Ads,2025-07-13
7776,7776,10,2024-05-12,Organic Search,2024-06-06
7777,7777,14,2026-05-03,Email,2026-05-21
7778,7778,13,2026-01-31,Direct,2026-02-28
7779,7779,17,2026-06-20,Paid Ads,2026-07-01
7780,7780,21,2026-05-02,Paid Ads,2026-05-17
7781,7781,23,2024-06-12,Paid Ads,2024-07-01
7782,7782,1,2024-08-16,Paid Ads,2024-09-15
7783,7783,27,2025-06-12,Paid Ads,2025-06-21
7784,7784,1,2024-08-25,Paid Ads,2024-09-03
7785,7785,3,2025-10-05,Paid Ads,2025-10-20
7786,7786,30,2026-05-25,Direct,2026-05-27
7787,7787,20,2025-11-24,Email,2025-11-27
7788,7788,17,2026-06-14,Paid Ads,2026-06-14
7789,7789,26,2025-09-19,Email,2025-09-19
7790,7790,19,2025-11-06,Organic Search,2025-12-05
7791,7791,2,2025-09-29,Paid Ads,2025-10-26
7792,7792,9,2025-06-01,Paid Ads,2025-06-20
7793,7793,11,2026-01-12,Paid Ads,2026-01-31
7794,7794,2,2025-10-09,Paid Ads,2025-10-16
7795,7795,26,2025-09-19,Paid Ads,2025-09-27
7796,7796,8,2024-01-10,Paid Ads,2024-01-12
7797,7797,29,2024-09-15,Organic Search,2024-10-15
7798,7798,17,2026-06-18,Paid Ads,2026-06-26
7799,7799,28,2024-10-19,Organic Search,2024-10-20
7800,7800,18,2025-11-27,Organic Search,2025-12-11
7801,7801,8,2024-01-11,Paid Ads,2024-01-21
7802,7802,20,2025-11-26,Paid Ads,2025-12-04
7803,7803,12,2024-04-07,Paid Ads,2024-05-02
7804,7804,7,2024-01-16,Paid Ads,2024-02-02
7805,7805,20,2025-11-21,Email,2025-11-27
7806,7806,5,2024-01-20,Organic Search,2024-02-18
7807,7807,1,2024-08-31,Paid Ads,2024-09-12
7808,7808,11,2026-01-20,Organic Search,2026-02-11
7809,7809,21,2026-05-03,Organic Search,2026-05-05
7810,7810,25,2025-08-07,Organic Search,2025-08-19
7811,7811,1,2024-08-22,Paid Ads,2024-08-27
7812,7812,21,2026-05-09,Paid Ads,2026-05-12
7813,7813,18,2025-12-02,Direct,2025-12-06
7814,7814,2,2025-10-06,Email,2025-10-15
7815,7815,30,2026-05-22,Direct,2026-06-01
7816,7816,14,2026-04-18,Direct,2026-05-08
7817,7817,15,2024-09-21,Paid Ads,2024-10-14
7818,7818,7,2024-01-09,Direct,2024-02-04
7819,7819,4,2024-01-18,Paid Ads,2024-01-26
7820,7820,17,2026-06-15,Paid Ads,2026-06-15
7821,7821,11,2026-01-07,Organic Search,2026-01-25
7822,7822,13,2026-02-02,Organic Search,2026-02-12
7823,7823,22,2026-08-12,Organic Search,2026-08-30
7824,7824,20,2025-11-13,Email,2025-11-21
7825,7825,24,2025-06-06,Email,2025-07-05
7826,7826,1,2024-09-04,Direct,2024-09-06
7827,7827,4,2024-01-27,Paid Ads,2024-02-18
7828,7828,26,2025-09-11,Organic Search,2025-09-21
7829,7829,28,2024-10-30,Paid Ads,2024-11-27
7830,7830,30,2026-05-17,Paid Ads,2026-05-26
7831,7831,6,2023-11-01,Organic Search,2023-11-13
7832,7832,1,2024-09-08,Paid Ads,2024-09-27
7833,7833,20,2025-11-20,Paid Ads,2025-12-19
7834,7834,9,2025-05-31,Organic Search,2025-06-02
7835,7835,17,2026-06-15,Organic Search,2026-06-25
7836,7836,9,2025-06-07,Email,2025-06-24
7837,7837,29,2024-09-21,Email,2024-10-20
7838,7838,11,2026-01-23,Paid Ads,2026-02-03
7839,7839,1,2024-08-21,Organic Search,2024-08-30
7840,7840,8,2024-01-11,Paid Ads,2024-02-01
7841,7841,10,2024-05-13,Paid Ads,2024-05-23
7842,7842,24,2025-06-07,Paid Ads,2025-06-26
7843,7843,25,2025-08-07,Organic Search,2025-09-01
7844,7844,23,2024-06-08,Email,2024-07-07
7845,7845,5,2024-01-15,Paid Ads,2024-01-16
7846,7846,2,2025-10-13,Paid Ads,2025-10-15
7847,7847,7,2024-01-10,Direct,2024-01-26
7848,7848,3,2025-09-29,Paid Ads,2025-10-07
7849,7849,25,2025-08-17,Paid Ads,2025-08-24
7850,7850,30,2026-05-22,Organic Search,2026-05-22
7851,7851,10,2024-05-18,Email,2024-05-20
7852,7852,17,2026-06-13,Organic Search,2026-06-22
7853,7853,14,2026-04-13,Organic Search,2026-05-11
7854,7854,21,2026-05-10,Paid Ads,2026-05-13
7855,7855,16,2025-05-26,Organic Search,2025-06-16
7856,7856,7,2023-12-27,Direct,2024-01-24
7857,7857,7,2024-01-16,Paid Ads,2024-02-09
7858,7858,18,2025-11-25,Direct,2025-12-17
7859,7859,28,2024-11-09,Organic Search,2024-11-15
7860,7860,22,2026-08-04,Organic Search,2026-08-10
7861,7861,4,2024-01-22,Organic Search,2024-02-02
7862,7862,21,2026-05-01,Direct,2026-05-21
7863,7863,30,2026-05-20,Organic Search,2026-06-10
7864,7864,19,2025-09-28,Organic Search,2025-10-17
7865,7865,2,2025-10-10,Organic Search,2025-10-24
7866,7866,3,2025-10-01,Organic Search,2025-10-07
7867,7867,9,2025-06-02,Organic Search,2025-06-18
7868,7868,2,2025-10-12,Organic Search,2025-11-03
7869,7869,2,2025-09-26,Paid Ads,2025-10-14
7870,7870,16,2025-05-24,Direct,2025-05-26
7871,7871,13,2026-01-27,Paid Ads,2026-02-11
7872,7872,20,2025-11-17,Paid Ads,2025-12-01
7873,7873,3,2025-10-02,Paid Ads,2025-10-14
7874,7874,2,2025-10-03,Email,2025-10-31
7875,7875,23,2024-06-27,Organic Search,2024-07-27
7876,7876,9,2025-06-14,Direct,2025-07-13
7877,7877,18,2025-11-28,Email,2025-12-14
7878,7878,24,2025-06-15,Direct,2025-06-22
7879,7879,18,2025-11-25,Organic Search,2025-12-05
7880,7880,25,2025-08-04,Paid Ads,2025-08-24
7881,7881,29,2024-10-06,Organic Search,2024-11-04
7882,7882,22,2026-08-15,Email,2026-09-01
7883,7883,7,2024-01-04,Paid Ads,2024-01-12
7884,7884,8,2024-01-12,Organic Search,2024-01-24
7885,7885,8,2024-01-08,Paid Ads,2024-01-09
7886,7886,10,2024-05-12,Paid Ads,2024-06-07
7887,7887,23,2024-06-07,Direct,2024-06-12
7888,7888,1,2024-09-08,Organic Search,2024-10-05
7889,7889,28,2024-10-22,Organic Search,2024-11-07
7890,7890,14,2026-05-08,Direct,2026-06-02
7891,7891,29,2024-09-22,Direct,2024-10-15
7892,7892,2,2025-10-14,Paid Ads,2025-10-19
7893,7893,1,2024-08-25,Organic Search,2024-08-26
7894,7894,29,2024-09-23,Email,2024-10-03
7895,7895,5,2024-01-23,Paid Ads,2024-02-15
7896,7896,21,2026-05-08,Direct,2026-05-25
7897,7897,25,2025-08-11,Organic Search,2025-08-27
7898,7898,30,2026-05-21,Organic Search,2026-05-28
7899,7899,21,2026-05-08,Paid Ads,2026-05-19
7900,7900,3,2025-09-22,Organic Search,2025-10-17
7901,7901,18,2025-12-03,Paid Ads,2025-12-24
7902,7902,22,2026-08-14,Direct,2026-09-13
7903,7903,30,2026-05-21,Organic Search,2026-06-07
7904,7904,17,2026-06-19,Email,2026-07-04
7905,7905,27,2025-06-29,Organic Search,2025-07-27
7906,7906,30,2026-05-22,Direct,2026-05-31
7907,7907,8,2024-01-10,Organic Search,2024-01-22
7908,7908,12,2024-04-05,Organic Search,2024-04-06
7909,7909,1,2024-09-01,Paid Ads,2024-09-21
7910,7910,5,2024-01-20,Direct,2024-02-04
7911,7911,22,2026-08-13,Paid Ads,2026-09-03
7912,7912,6,2023-10-08,Organic Search,2023-11-07
7913,7913,2,2025-09-30,Organic Search,2025-10-22
7914,7914,3,2025-09-21,Organic Search,2025-09-24
7915,7915,4,2024-01-18,Organic Search,2024-01-24
7916,7916,20,2025-11-29,Organic Search,2025-12-08
7917,7917,20,2025-11-15,Email,2025-12-05
7918,7918,22,2026-08-04,Organic Search,2026-08-08
7919,7919,24,2025-06-22,Paid Ads,2025-06-30
7920,7920,29,2024-09-23,Direct,2024-10-18
7921,7921,21,2026-05-02,Direct,2026-05-12
7922,7922,29,2024-10-03,Email,2024-10-13
7923,7923,24,2025-06-27,Organic Search,2025-07-25
7924,7924,5,2024-01-28,Paid Ads,2024-02-19
7925,7925,16,2025-04-15,Direct,2025-04-17
7926,7926,26,2025-09-18,Paid Ads,2025-09-27
7927,7927,14,2026-04-14,Organic Search,2026-04-30
7928,7928,20,2025-11-28,Email,2025-12-16
7929,7929,28,2024-10-24,Direct,2024-11-14
7930,7930,21,2026-05-01,Paid Ads,2026-05-07
7931,7931,4,2024-01-23,Direct,2024-02-21
7932,7932,2,2025-10-03,Organic Search,2025-10-24
7933,7933,21,2026-05-08,Organic Search,2026-06-01
7934,7934,21,2026-05-08,Organic Search,2026-05-21
7935,7935,6,2023-10-31,Organic Search,2023-11-21
7936,7936,29,2024-09-12,Organic Search,2024-09-18
7937,7937,25,2025-08-17,Paid Ads,2025-08-29
7938,7938,10,2024-05-17,Organic Search,2024-05-26
7939,7939,14,2026-04-29,Paid Ads,2026-05-03
7940,7940,27,2025-06-13,Organic Search,2025-07-09
7941,7941,6,2023-10-08,Organic Search,2023-10-24
7942,7942,14,2026-04-19,Organic Search,2026-04-24
7943,7943,12,2024-03-19,Organic Search,2024-04-15
7944,7944,25,2025-08-12,Email,2025-09-08
7945,7945,6,2023-10-10,Paid Ads,2023-10-24
7946,7946,14,2026-05-03,Organic Search,2026-05-25
7947,7947,20,2025-11-14,Organic Search,2025-11-24
7948,7948,5,2024-02-05,Direct,2024-02-05
7949,7949,10,2024-05-14,Paid Ads,2024-05-20
7950,7950,2,2025-10-02,Direct,2025-10-22
7951,7951,30,2026-05-16,Paid Ads,2026-05-27
7952,7952,19,2025-10-22,Direct,2025-11-06
7953,7953,9,2025-06-09,Organic Search,2025-07-06
7954,7954,28,2024-10-09,Organic Search,2024-10-14
7955,7955,8,2024-01-07,Paid Ads,2024-01-13
7956,7956,5,2024-01-27,Paid Ads,2024-02-19
7957,7957,1,2024-08-22,Paid Ads,2024-09-19
7958,7958,22,2026-08-05,Email,2026-08-06
7959,7959,7,2023-12-18,Paid Ads,2023-12-28
7960,7960,15,2024-09-18,Paid Ads,2024-10-17
7961,7961,26,2025-09-18,Paid Ads,2025-10-13
7962,7962,11,2026-01-22,Paid Ads,2026-02-08
7963,7963,26,2025-09-11,Paid Ads,2025-09-22
7964,7964,4,2024-01-24,Paid Ads,2024-02-04
7965,7965,11,2025-12-30,Organic Search,2025-12-31
7966,7966,4,2024-01-19,Email,2024-02-16
7967,7967,25,2025-08-17,Organic Search,2025-08-23
7968,7968,27,2025-06-13,Direct,2025-06-22
7969,7969,16,2025-04-28,Organic Search,2025-05-15
7970,7970,14,2026-04-10,Organic Search,2026-04-12
7971,7971,29,2024-10-02,Paid Ads,2024-10-19
7972,7972,17,2026-06-13,Email,2026-06-23
7973,7973,2,2025-10-05,Paid Ads,2025-10-09
7974,7974,1,2024-09-08,Paid Ads,2024-09-19
7975,7975,20,2025-11-27,Paid Ads,2025-12-13
7976,7976,4,2024-01-18,Paid Ads,2024-02-04
7977,7977,14,2026-04-18,Organic Search,2026-04-21
7978,7978,1,2024-08-15,Organic Search,2024-08-28
7979,7979,6,2023-10-19,Direct,2023-10-26
7980,7980,17,2026-06-16,Organic Search,2026-06-24
7981,7981,14,2026-04-26,Organic Search,2026-05-15
7982,7982,15,2024-09-24,Paid Ads,2024-09-24
7983,7983,30,2026-05-23,Organic Search,2026-06-20
7984,7984,30,2026-05-17,Paid Ads,2026-06-08
7985,7985,29,2024-09-28,Paid Ads,2024-10-21
7986,7986,26,2025-09-18,Paid Ads,2025-09-27
7987,7987,30,2026-05-19,Paid Ads,2026-05-25
7988,7988,4,2024-01-26,Organic Search,2024-02-02
7989,7989,4,2024-01-26,Organic Search,2024-02-13
7990,7990,13,2026-01-27,Direct,2026-02-13
7991,7991,17,2026-06-18,Email,2026-07-13
7992,7992,7,2024-01-02,Paid Ads,2024-01-20
7993,7993,11,2026-01-22,Paid Ads,2026-02-16
7994,7994,22,2026-08-04,Email,2026-08-26
7995,7995,16,2025-05-20,Email,2025-05-31
7996,7996,3,2025-10-02,Direct,2025-10-04
7997,7997,25,2025-08-06,Email,2025-08-23
7998,7998,28,2024-10-17,Paid Ads,2024-10-31
7999,7999,2,2025-10-04,Organic Search,2025-10-12
8000,8000,7,2024-01-12,Paid Ads,2024-01-24
8001,8001,19,2025-11-02,Paid Ads,2025-11-23
8002,8002,1,2024-08-25,Organic Search,2024-09-15
8003,8003,17,2026-06-19,Direct,2026-06-19
8004,8004,24,2025-06-16,Paid Ads,2025-06-22
8005,8005,15,2024-09-25,Direct,2024-09-27
8006,8006,20,2025-11-29,Organic Search,2025-12-28
8007,8007,7,2024-01-11,Email,2024-01-25
8008,8008,9,2025-05-17,Paid Ads,2025-05-21
8009,8009,23,2024-06-18,Paid Ads,2024-07-07
8010,8010,11,2026-01-20,Organic Search,2026-01-20
8011,8011,26,2025-09-12,Email,2025-10-03
8012,8012,26,2025-09-21,Paid Ads,2025-10-19
8013,8013,4,2024-01-27,Paid Ads,2024-02-10
8014,8014,13,2026-01-27,Paid Ads,2026-02-20
8015,8015,1,2024-08-13,Organic Search,2024-09-08
8016,8016,26,2025-09-16,Organic Search,2025-10-03
8017,8017,17,2026-06-16,Paid Ads,2026-06-28
8018,8018,3,2025-09-19,Paid Ads,2025-10-11
8019,8019,11,2026-01-27,Email,2026-02-09
8020,8020,8,2024-01-11,Organic Search,2024-01-24
8021,8021,7,2023-12-16,Organic Search,2023-12-20
8022,8022,24,2025-05-24,Organic Search,2025-06-11
8023,8023,4,2024-01-21,Organic Search,2024-01-27
8024,8024,9,2025-05-30,Email,2025-06-19
8025,8025,23,2024-06-24,Organic Search,2024-07-08
8026,8026,19,2025-10-18,Organic Search,2025-10-27
8027,8027,24,2025-06-02,Organic Search,2025-07-01
8028,8028,12,2024-04-03,Email,2024-04-05
8029,8029,2,2025-10-11,Direct,2025-11-06
8030,8030,24,2025-06-24,Direct,2025-06-25
8031,8031,13,2026-01-27,Paid Ads,2026-02-03
8032,8032,21,2026-05-07,Organic Search,2026-05-16
8033,8033,26,2025-09-14,Paid Ads,2025-10-03
8034,8034,3,2025-09-30,Paid Ads,2025-10-01
8035,8035,30,2026-05-16,Paid Ads,2026-06-09
8036,8036,6,2023-09-28,Paid Ads,2023-10-01
8037,8037,13,2026-01-22,Email,2026-02-18
8038,8038,14,2026-04-16,Paid Ads,2026-05-14
8039,8039,22,2026-08-03,Direct,2026-08-11
8040,8040,5,2024-01-26,Organic Search,2024-02-08
8041,8041,17,2026-06-16,Paid Ads,2026-06-17
8042,8042,30,2026-05-21,Email,2026-05-29
8043,8043,11,2025-12-27,Email,2026-01-01
8044,8044,4,2024-01-17,Organic Search,2024-01-23
8045,8045,20,2025-11-12,Paid Ads,2025-11-23
8046,8046,15,2024-09-22,Paid Ads,2024-10-09
8047,8047,20,2025-11-09,Organic Search,2025-11-19
8048,8048,12,2024-04-01,Direct,2024-04-13
8049,8049,25,2025-08-12,Organic Search,2025-08-30
8050,8050,25,2025-08-01,Paid Ads,2025-08-24
8051,8051,29,2024-09-14,Direct,2024-09-23
8052,8052,7,2024-01-07,Email,2024-01-20
8053,8053,6,2023-10-18,Paid Ads,2023-11-01
8054,8054,16,2025-05-14,Organic Search,2025-05-26
8055,8055,14,2026-04-18,Direct,2026-04-25
8056,8056,11,2025-12-23,Organic Search,2026-01-07
8057,8057,8,2024-01-12,Organic Search,2024-02-05
8058,8058,29,2024-09-06,Organic Search,2024-09-13
8059,8059,24,2025-06-18,Organic Search,2025-07-09
8060,8060,25,2025-08-04,Organic Search,2025-08-21
8061,8061,24,2025-06-21,Paid Ads,2025-06-27
8062,8062,17,2026-06-14,Organic Search,2026-07-02
8063,8063,3,2025-09-29,Paid Ads,2025-10-16
8064,8064,27,2025-06-28,Paid Ads,2025-07-06
8065,8065,11,2026-01-26,Direct,2026-01-29
8066,8066,6,2023-09-30,Direct,2023-10-10
8067,8067,16,2025-05-14,Paid Ads,2025-05-27
8068,8068,27,2025-06-27,Paid Ads,2025-07-07
8069,8069,4,2024-01-20,Paid Ads,2024-02-01
8070,8070,21,2026-05-08,Paid Ads,2026-05-17
8071,8071,13,2026-01-26,Direct,2026-02-18
8072,8072,25,2025-07-29,Direct,2025-08-17
8073,8073,13,2026-01-23,Direct,2026-02-20
8074,8074,19,2025-09-30,Organic Search,2025-10-02
8075,8075,7,2024-01-10,Paid Ads,2024-01-24
8076,8076,17,2026-06-16,Paid Ads,2026-07-14
8077,8077,4,2024-01-25,Paid Ads,2024-02-01
8078,8078,22,2026-08-06,Organic Search,2026-08-21
8079,8079,19,2025-10-08,Paid Ads,2025-10-20
8080,8080,3,2025-09-25,Paid Ads,2025-09-29
8081,8081,2,2025-10-08,Organic Search,2025-10-14
8082,8082,12,2024-04-09,Organic Search,2024-05-02
8083,8083,26,2025-09-13,Direct,2025-10-02
8084,8084,16,2025-04-17,Organic Search,2025-04-20
8085,8085,11,2026-01-23,Organic Search,2026-02-12
8086,8086,2,2025-10-15,Paid Ads,2025-10-31
8087,8087,4,2024-01-23,Direct,2024-02-04
8088,8088,30,2026-05-20,Organic Search,2026-05-23
8089,8089,17,2026-06-13,Paid Ads,2026-06-26
8090,8090,15,2024-09-14,Paid Ads,2024-09-30
8091,8091,7,2024-01-02,Paid Ads,2024-01-19
8092,8092,2,2025-10-14,Paid Ads,2025-10-29
8093,8093,5,2024-01-11,Organic Search,2024-01-23
8094,8094,29,2024-09-11,Direct,2024-10-10
8095,8095,12,2024-03-26,Paid Ads,2024-04-12
8096,8096,4,2024-01-19,Paid Ads,2024-01-25
8097,8097,14,2026-04-23,Organic Search,2026-05-12
8098,8098,2,2025-10-10,Paid Ads,2025-10-17
8099,8099,2,2025-10-09,Organic Search,2025-10-26
8100,8100,25,2025-08-03,Paid Ads,2025-08-11
8101,8101,21,2026-04-28,Organic Search,2026-05-01
8102,8102,14,2026-04-14,Organic Search,2026-04-15
8103,8103,11,2025-12-25,Direct,2026-01-24
8104,8104,17,2026-06-14,Paid Ads,2026-07-08
8105,8105,19,2025-10-08,Organic Search,2025-11-02
8106,8106,2,2025-09-29,Paid Ads,2025-10-02
8107,8107,1,2024-08-18,Paid Ads,2024-09-11
8108,8108,8,2024-01-07,Organic Search,2024-01-08
8109,8109,20,2025-11-18,Paid Ads,2025-12-02
8110,8110,26,2025-09-19,Email,2025-10-02
8111,8111,7,2024-01-04,Organic Search,2024-01-13
8112,8112,6,2023-10-22,Paid Ads,2023-11-07
8113,8113,16,2025-05-15,Paid Ads,2025-05-23
8114,8114,26,2025-09-17,Email,2025-10-08
8115,8115,2,2025-10-02,Organic Search,2025-10-22
8116,8116,19,2025-10-26,Paid Ads,2025-11-17
8117,8117,20,2025-11-12,Paid Ads,2025-12-06
8118,8118,21,2026-05-01,Organic Search,2026-05-27
8119,8119,11,2025-12-23,Direct,2026-01-02
8120,8120,6,2023-10-16,Organic Search,2023-10-16
8121,8121,6,2023-10-06,Direct,2023-10-14
8122,8122,6,2023-10-01,Organic Search,2023-10-23
8123,8123,23,2024-06-12,Organic Search,2024-07-09
8124,8124,20,2025-11-21,Paid Ads,2025-12-19
8125,8125,7,2023-12-19,Organic Search,2024-01-02
8126,8126,11,2026-01-27,Paid Ads,2026-02-08
8127,8127,5,2024-01-27,Organic Search,2024-02-01
8128,8128,24,2025-06-15,Organic Search,2025-06-19
8129,8129,5,2024-02-08,Organic Search,2024-02-12
8130,8130,26,2025-09-15,Organic Search,2025-10-02
8131,8131,5,2024-01-29,Organic Search,2024-02-26
8132,8132,5,2024-02-10,Organic Search,2024-02-27
8133,8133,4,2024-01-20,Paid Ads,2024-02-03
8134,8134,12,2024-04-10,Paid Ads,2024-05-01
8135,8135,5,2024-02-01,Direct,2024-02-18
8136,8136,30,2026-05-24,Paid Ads,2026-06-20
8137,8137,22,2026-08-03,Paid Ads,2026-08-17
8138,8138,7,2023-12-31,Paid Ads,2024-01-21
8139,8139,25,2025-08-09,Paid Ads,2025-09-05
8140,8140,13,2026-01-28,Organic Search,2026-01-30
8141,8141,1,2024-08-30,Paid Ads,2024-09-08
8142,8142,2,2025-10-13,Organic Search,2025-10-29
8143,8143,3,2025-10-02,Email,2025-10-17
8144,8144,26,2025-09-12,Paid Ads,2025-09-25
8145,8145,3,2025-10-02,Paid Ads,2025-10-13
8146,8146,9,2025-05-22,Paid Ads,2025-06-14
8147,8147,11,2025-12-26,Paid Ads,2026-01-22
8148,8148,28,2024-11-07,Direct,2024-11-27
8149,8149,23,2024-06-07,Paid Ads,2024-06-09
8150,8150,3,2025-09-29,Paid Ads,2025-10-18
8151,8151,24,2025-06-04,Paid Ads,2025-07-03
8152,8152,21,2026-05-08,Email,2026-05-23
8153,8153,9,2025-05-15,Organic Search,2025-05-19
8154,8154,27,2025-06-01,Organic Search,2025-06-28
8155,8155,10,2024-05-15,Email,2024-05-23
8156,8156,9,2025-06-13,Organic Search,2025-06-24
8157,8157,17,2026-06-17,Paid Ads,2026-06-23
8158,8158,21,2026-05-08,Organic Search,2026-05-19
8159,8159,25,2025-08-08,Direct,2025-09-01
8160,8160,4,2024-01-22,Organic Search,2024-01-24
8161,8161,25,2025-08-15,Direct,2025-08-29
8162,8162,17,2026-06-17,Direct,2026-07-08
8163,8163,24,2025-05-23,Organic Search,2025-06-16
8164,8164,11,2025-12-26,Organic Search,2026-01-18
8165,8165,6,2023-09-29,Direct,2023-09-30
8166,8166,23,2024-06-08,Organic Search,2024-06-28
8167,8167,24,2025-06-11,Email,2025-06-13
8168,8168,12,2024-03-31,Organic Search,2024-04-27
8169,8169,11,2026-01-26,Direct,2026-02-03
8170,8170,16,2025-05-09,Direct,2025-05-18
8171,8171,13,2026-02-01,Paid Ads,2026-02-04
8172,8172,10,2024-05-16,Organic Search,2024-05-23
8173,8173,7,2024-01-02,Organic Search,2024-01-04
8174,8174,9,2025-06-15,Direct,2025-06-29
8175,8175,9,2025-05-14,Paid Ads,2025-06-06
8176,8176,4,2024-01-28,Organic Search,2024-02-04
8177,8177,23,2024-06-10,Paid Ads,2024-06-17
8178,8178,30,2026-05-17,Direct,2026-05-30
8179,8179,3,2025-10-03,Paid Ads,2025-11-02
8180,8180,3,2025-09-18,Organic Search,2025-10-08
8181,8181,5,2024-01-16,Email,2024-02-06
8182,8182,22,2026-08-09,Organic Search,2026-09-05
8183,8183,16,2025-05-22,Paid Ads,2025-05-25
8184,8184,14,2026-04-14,Paid Ads,2026-04-23
8185,8185,7,2023-12-28,Organic Search,2024-01-16
8186,8186,2,2025-10-13,Direct,2025-11-04
8187,8187,10,2024-05-14,Paid Ads,2024-06-02
8188,8188,14,2026-04-23,Organic Search,2026-05-06
8189,8189,20,2025-11-08,Organic Search,2025-12-08
8190,8190,3,2025-10-03,Organic Search,2025-10-11
8191,8191,17,2026-06-17,Direct,2026-07-14
8192,8192,2,2025-10-11,Paid Ads,2025-11-08
8193,8193,10,2024-05-13,Organic Search,2024-05-26
8194,8194,30,2026-05-25,Direct,2026-05-30
8195,8195,19,2025-10-17,Organic Search,2025-10-25
8196,8196,14,2026-04-16,Organic Search,2026-05-04
8197,8197,3,2025-10-04,Organic Search,2025-10-21
8198,8198,23,2024-06-17,Direct,2024-06-17
8199,8199,20,2025-11-03,Paid Ads,2025-11-27
8200,8200,19,2025-09-30,Direct,2025-10-26
8201,8201,17,2026-06-16,Organic Search,2026-06-23
8202,8202,22,2026-08-05,Paid Ads,2026-08-14
8203,8203,14,2026-04-28,Paid Ads,2026-05-01
8204,8204,23,2024-06-24,Paid Ads,2024-06-26
8205,8205,2,2025-10-02,Paid Ads,2025-10-23
8206,8206,29,2024-09-28,Direct,2024-10-12
8207,8207,19,2025-10-05,Paid Ads,2025-10-15
8208,8208,4,2024-01-25,Paid Ads,2024-02-04
8209,8209,8,2024-01-07,Paid Ads,2024-01-20
8210,8210,3,2025-09-19,Organic Search,2025-10-11
8211,8211,24,2025-05-28,Organic Search,2025-06-23
8212,8212,28,2024-10-17,Paid Ads,2024-10-23
8213,8213,30,2026-05-23,Paid Ads,2026-06-02
8214,8214,22,2026-08-08,Paid Ads,2026-08-14
8215,8215,14,2026-05-06,Direct,2026-05-13
8216,8216,13,2026-01-25,Paid Ads,2026-02-05
8217,8217,6,2023-10-18,Organic Search,2023-11-08
8218,8218,22,2026-08-08,Paid Ads,2026-08-19
8219,8219,19,2025-10-23,Direct,2025-10-27
8220,8220,18,2025-12-02,Organic Search,2025-12-06
8221,8221,7,2024-01-13,Paid Ads,2024-02-05
8222,8222,20,2025-11-08,Direct,2025-11-17
8223,8223,29,2024-09-28,Organic Search,2024-10-26
8224,8224,8,2024-01-14,Paid Ads,2024-01-14
8225,8225,2,2025-09-26,Organic Search,2025-09-26
8226,8226,24,2025-06-18,Paid Ads,2025-06-19
8227,8227,2,2025-10-04,Organic Search,2025-10-31
8228,8228,28,2024-10-24,Organic Search,2024-11-21
8229,8229,8,2024-01-09,Paid Ads,2024-01-14
8230,8230,5,2024-01-12,Paid Ads,2024-01-25
8231,8231,14,2026-05-08,Organic Search,2026-06-06
8232,8232,27,2025-06-05,Paid Ads,2025-07-02
8233,8233,24,2025-05-25,Paid Ads,2025-06-24
8234,8234,15,2024-09-10,Paid Ads,2024-09-15
8235,8235,14,2026-05-01,Organic Search,2026-05-04
8236,8236,7,2024-01-05,Organic Search,2024-01-27
8237,8237,13,2026-01-25,Paid Ads,2026-02-04
8238,8238,30,2026-05-22,Paid Ads,2026-06-14
8239,8239,3,2025-09-22,Direct,2025-10-01
8240,8240,12,2024-03-16,Organic Search,2024-04-03
8241,8241,6,2023-10-08,Organic Search,2023-10-29
8242,8242,11,2026-01-13,Paid Ads,2026-02-02
8243,8243,29,2024-09-14,Organic Search,2024-09-24
8244,8244,10,2024-05-12,Organic Search,2024-06-02
8245,8245,17,2026-06-18,Organic Search,2026-07-05
8246,8246,7,2024-01-06,Paid Ads,2024-01-09
8247,8247,28,2024-10-19,Email,2024-11-08
8248,8248,20,2025-11-02,Direct,2025-11-29
8249,8249,4,2024-01-22,Organic Search,2024-02-19
8250,8250,6,2023-10-16,Organic Search,2023-10-24
8251,8251,25,2025-08-06,Paid Ads,2025-08-10
8252,8252,30,2026-05-17,Paid Ads,2026-06-10
8253,8253,21,2026-05-08,Organic Search,2026-05-12
8254,8254,12,2024-04-08,Paid Ads,2024-04-08
8255,8255,11,2026-01-20,Organic Search,2026-02-05
8256,8256,4,2024-01-26,Organic Search,2024-01-28
8257,8257,19,2025-10-04,Paid Ads,2025-10-15
8258,8258,19,2025-11-06,Organic Search,2025-11-18
8259,8259,13,2026-02-01,Paid Ads,2026-02-16
8260,8260,25,2025-08-11,Organic Search,2025-09-06
8261,8261,24,2025-05-29,Paid Ads,2025-05-29
8262,8262,21,2026-05-02,Paid Ads,2026-05-18
8263,8263,5,2024-01-18,Paid Ads,2024-02-07
8264,8264,12,2024-03-19,Paid Ads,2024-03-31
8265,8265,3,2025-09-28,Organic Search,2025-10-03
8266,8266,16,2025-05-11,Organic Search,2025-05-11
8267,8267,4,2024-01-27,Paid Ads,2024-02-21
8268,8268,4,2024-01-28,Direct,2024-02-03
8269,8269,20,2025-11-16,Paid Ads,2025-12-11
8270,8270,29,2024-09-24,Direct,2024-10-24
8271,8271,23,2024-06-24,Organic Search,2024-07-02
8272,8272,22,2026-08-05,Organic Search,2026-08-28
8273,8273,14,2026-04-13,Paid Ads,2026-05-04
8274,8274,15,2024-09-11,Organic Search,2024-10-02
8275,8275,4,2024-01-25,Organic Search,2024-02-20
8276,8276,28,2024-10-24,Organic Search,2024-11-23
8277,8277,9,2025-06-17,Direct,2025-07-04
8278,8278,16,2025-05-06,Organic Search,2025-05-21
8279,8279,18,2025-12-06,Organic Search,2025-12-23
8280,8280,2,2025-10-01,Direct,2025-10-04
8281,8281,8,2024-01-07,Organic Search,2024-01-14
8282,8282,24,2025-06-09,Paid Ads,2025-06-10
8283,8283,19,2025-10-18,Direct,2025-10-21
8284,8284,1,2024-08-28,Organic Search,2024-09-21
8285,8285,28,2024-10-10,Paid Ads,2024-10-13
8286,8286,17,2026-06-18,Paid Ads,2026-06-19
8287,8287,10,2024-05-18,Organic Search,2024-06-14
8288,8288,27,2025-06-27,Organic Search,2025-07-21
8289,8289,7,2023-12-10,Email,2023-12-18
8290,8290,12,2024-04-14,Organic Search,2024-05-01
8291,8291,16,2025-05-21,Paid Ads,2025-05-26
8292,8292,2,2025-10-07,Direct,2025-10-15
8293,8293,13,2026-01-29,Paid Ads,2026-02-23
8294,8294,29,2024-09-20,Email,2024-10-14
8295,8295,7,2023-12-22,Direct,2023-12-31
8296,8296,12,2024-03-17,Email,2024-03-24
8297,8297,5,2024-01-26,Direct,2024-01-26
8298,8298,26,2025-09-11,Organic Search,2025-09-19
8299,8299,19,2025-10-11,Organic Search,2025-10-17
8300,8300,4,2024-01-19,Direct,2024-02-12
8301,8301,4,2024-01-26,Paid Ads,2024-02-19
8302,8302,30,2026-05-25,Paid Ads,2026-06-06
8303,8303,17,2026-06-19,Paid Ads,2026-07-03
8304,8304,17,2026-06-18,Direct,2026-07-10
8305,8305,19,2025-11-04,Paid Ads,2025-11-23
8306,8306,17,2026-06-13,Paid Ads,2026-07-07
8307,8307,17,2026-06-17,Organic Search,2026-07-13
8308,8308,8,2024-01-11,Paid Ads,2024-01-18
8309,8309,12,2024-04-02,Paid Ads,2024-04-06
8310,8310,11,2026-02-02,Email,2026-02-14
8311,8311,12,2024-04-09,Paid Ads,2024-04-23
8312,8312,18,2025-11-27,Paid Ads,2025-12-25
8313,8313,28,2024-10-13,Paid Ads,2024-10-16
8314,8314,22,2026-08-11,Paid Ads,2026-08-14
8315,8315,29,2024-10-07,Paid Ads,2024-10-26
8316,8316,2,2025-10-12,Direct,2025-11-02
8317,8317,5,2024-01-19,Organic Search,2024-01-26
8318,8318,4,2024-01-21,Organic Search,2024-02-17
8319,8319,16,2025-04-20,Paid Ads,2025-05-10
8320,8320,30,2026-05-18,Organic Search,2026-06-03
8321,8321,7,2024-01-07,Paid Ads,2024-01-08
8322,8322,25,2025-08-06,Email,2025-08-07
8323,8323,25,2025-08-05,Organic Search,2025-09-04
8324,8324,15,2024-09-12,Organic Search,2024-10-09
8325,8325,13,2026-01-29,Paid Ads,2026-01-29
8326,8326,1,2024-08-20,Paid Ads,2024-08-20
8327,8327,21,2026-04-27,Direct,2026-05-04
8328,8328,1,2024-08-22,Paid Ads,2024-08-28
8329,8329,15,2024-09-15,Organic Search,2024-10-10
8330,8330,5,2024-02-08,Email,2024-02-10
8331,8331,29,2024-10-05,Paid Ads,2024-10-13
8332,8332,7,2024-01-02,Organic Search,2024-01-20
8333,8333,15,2024-09-17,Organic Search,2024-09-24
8334,8334,18,2025-12-03,Organic Search,2025-12-11
8335,8335,13,2026-01-31,Organic Search,2026-03-02
8336,8336,21,2026-05-04,Paid Ads,2026-05-17
8337,8337,11,2025-12-29,Paid Ads,2025-12-29
8338,8338,10,2024-05-12,Email,2024-05-24
8339,8339,19,2025-10-14,Email,2025-10-27
8340,8340,28,2024-10-24,Paid Ads,2024-11-06
8341,8341,4,2024-01-28,Organic Search,2024-02-05
8342,8342,3,2025-09-18,Paid Ads,2025-09-19
8343,8343,17,2026-06-13,Paid Ads,2026-07-13
8344,8344,1,2024-08-14,Organic Search,2024-08-19
8345,8345,22,2026-08-15,Paid Ads,2026-09-08
8346,8346,2,2025-09-27,Direct,2025-10-05
8347,8347,23,2024-07-01,Paid Ads,2024-07-28
8348,8348,19,2025-10-18,Email,2025-10-30
8349,8349,22,2026-08-09,Organic Search,2026-08-13
8350,8350,18,2025-12-01,Email,2025-12-21
8351,8351,23,2024-06-25,Paid Ads,2024-07-21
8352,8352,24,2025-05-25,Direct,2025-06-22
8353,8353,10,2024-05-10,Paid Ads,2024-05-30
8354,8354,25,2025-08-03,Direct,2025-08-08
8355,8355,11,2026-01-15,Organic Search,2026-02-02
8356,8356,17,2026-06-13,Organic Search,2026-07-01
8357,8357,7,2024-01-14,Paid Ads,2024-02-01
8358,8358,14,2026-04-21,Paid Ads,2026-04-24
8359,8359,26,2025-09-20,Paid Ads,2025-09-22
8360,8360,4,2024-01-23,Paid Ads,2024-02-08
8361,8361,20,2025-11-03,Paid Ads,2025-11-11
8362,8362,22,2026-08-13,Organic Search,2026-09-11
8363,8363,29,2024-10-02,Paid Ads,2024-10-27
8364,8364,8,2024-01-12,Direct,2024-01-13
8365,8365,30,2026-05-17,Organic Search,2026-05-24
8366,8366,30,2026-05-21,Organic Search,2026-06-15
8367,8367,14,2026-04-16,Paid Ads,2026-05-05
8368,8368,9,2025-06-17,Email,2025-07-09
8369,8369,18,2025-12-01,Organic Search,2025-12-02
8370,8370,30,2026-05-18,Paid Ads,2026-05-28
8371,8371,11,2026-01-01,Paid Ads,2026-01-26
8372,8372,9,2025-05-26,Organic Search,2025-06-25
8373,8373,25,2025-08-03,Organic Search,2025-08-28
8374,8374,28,2024-11-03,Paid Ads,2024-11-06
8375,8375,6,2023-10-15,Organic Search,2023-10-15
8376,8376,12,2024-04-02,Paid Ads,2024-04-24
8377,8377,25,2025-08-05,Direct,2025-08-05
8378,8378,10,2024-05-11,Paid Ads,2024-05-17
8379,8379,5,2024-01-29,Direct,2024-02-06
8380,8380,29,2024-09-14,Paid Ads,2024-10-08
8381,8381,24,2025-06-21,Organic Search,2025-07-04
8382,8382,3,2025-09-19,Organic Search,2025-10-12
8383,8383,1,2024-09-01,Paid Ads,2024-09-29
8384,8384,24,2025-06-05,Paid Ads,2025-06-19
8385,8385,19,2025-10-28,Organic Search,2025-10-29
8386,8386,12,2024-04-02,Paid Ads,2024-04-12
8387,8387,9,2025-05-24,Organic Search,2025-06-11
8388,8388,24,2025-06-13,Organic Search,2025-06-17
8389,8389,17,2026-06-17,Paid Ads,2026-06-27
8390,8390,30,2026-05-25,Organic Search,2026-06-07
8391,8391,18,2025-11-25,Paid Ads,2025-12-12
8392,8392,27,2025-06-21,Paid Ads,2025-07-17
8393,8393,11,2026-01-14,Direct,2026-02-07
8394,8394,17,2026-06-19,Email,2026-07-03
8395,8395,28,2024-11-12,Paid Ads,2024-12-10
8396,8396,15,2024-09-23,Paid Ads,2024-10-04
8397,8397,30,2026-05-23,Direct,2026-05-31
8398,8398,7,2024-01-14,Paid Ads,2024-01-23
8399,8399,15,2024-09-22,Paid Ads,2024-10-07
8400,8400,18,2025-11-26,Paid Ads,2025-11-30
8401,8401,16,2025-05-24,Organic Search,2025-06-08
8402,8402,16,2025-04-23,Paid Ads,2025-04-27
8403,8403,20,2025-11-13,Paid Ads,2025-11-18
8404,8404,12,2024-04-12,Email,2024-04-25
8405,8405,8,2024-01-13,Paid Ads,2024-02-05
8406,8406,25,2025-08-05,Paid Ads,2025-08-18
8407,8407,1,2024-08-29,Paid Ads,2024-09-27
8408,8408,24,2025-06-03,Email,2025-06-15
8409,8409,24,2025-06-23,Direct,2025-06-26
8410,8410,29,2024-09-18,Direct,2024-10-06
8411,8411,2,2025-10-12,Email,2025-11-09
8412,8412,8,2024-01-13,Paid Ads,2024-01-22
8413,8413,8,2024-01-09,Organic Search,2024-01-21
8414,8414,24,2025-05-26,Organic Search,2025-06-04
8415,8415,8,2024-01-07,Organic Search,2024-01-30
8416,8416,5,2024-01-30,Organic Search,2024-02-26
8417,8417,25,2025-08-14,Organic Search,2025-09-09
8418,8418,12,2024-04-10,Paid Ads,2024-04-20
8419,8419,7,2023-12-23,Organic Search,2024-01-20
8420,8420,12,2024-04-14,Paid Ads,2024-05-05
8421,8421,22,2026-08-18,Email,2026-09-15
8422,8422,5,2024-02-05,Direct,2024-02-28
8423,8423,6,2023-10-28,Direct,2023-11-26
8424,8424,9,2025-06-20,Paid Ads,2025-06-21
8425,8425,24,2025-06-17,Paid Ads,2025-06-29
8426,8426,21,2026-04-26,Organic Search,2026-05-03
8427,8427,17,2026-06-16,Organic Search,2026-06-20
8428,8428,23,2024-06-18,Organic Search,2024-06-21
8429,8429,3,2025-09-24,Paid Ads,2025-10-04
8430,8430,22,2026-08-15,Organic Search,2026-09-13
8431,8431,5,2024-01-29,Organic Search,2024-01-29
8432,8432,15,2024-09-10,Organic Search,2024-10-09
8433,8433,7,2024-01-07,Organic Search,2024-01-21
8434,8434,21,2026-05-09,Organic Search,2026-06-02
8435,8435,4,2024-01-18,Paid Ads,2024-02-14
8436,8436,15,2024-09-23,Email,2024-09-30
8437,8437,19,2025-10-17,Paid Ads,2025-11-01
8438,8438,6,2023-10-28,Paid Ads,2023-11-15
8439,8439,20,2025-11-28,Organic Search,2025-12-17
8440,8440,14,2026-04-21,Organic Search,2026-05-06
8441,8441,23,2024-06-14,Organic Search,2024-07-06
8442,8442,16,2025-05-16,Paid Ads,2025-05-31
8443,8443,21,2026-05-06,Paid Ads,2026-05-15
8444,8444,17,2026-06-15,Organic Search,2026-06-19
8445,8445,4,2024-01-27,Paid Ads,2024-01-31
8446,8446,29,2024-09-10,Organic Search,2024-10-06
8447,8447,14,2026-05-04,Organic Search,2026-05-24
8448,8448,6,2023-10-16,Direct,2023-11-14
8449,8449,26,2025-09-20,Paid Ads,2025-10-01
8450,8450,8,2024-01-09,Paid Ads,2024-01-26
8451,8451,30,2026-05-17,Organic Search,2026-05-21
8452,8452,20,2025-11-08,Paid Ads,2025-11-25
8453,8453,2,2025-10-10,Paid Ads,2025-10-12
8454,8454,6,2023-10-19,Email,2023-10-20
8455,8455,27,2025-06-11,Paid Ads,2025-06-30
8456,8456,3,2025-09-30,Direct,2025-10-08
8457,8457,30,2026-05-19,Organic Search,2026-06-14
8458,8458,30,2026-05-20,Paid Ads,2026-05-29
8459,8459,12,2024-03-24,Organic Search,2024-04-15
8460,8460,30,2026-05-19,Paid Ads,2026-06-04
8461,8461,29,2024-09-12,Email,2024-10-08
8462,8462,22,2026-08-09,Direct,2026-08-12
8463,8463,7,2024-01-13,Paid Ads,2024-02-12
8464,8464,28,2024-10-13,Paid Ads,2024-10-18
8465,8465,1,2024-08-08,Organic Search,2024-08-23
8466,8466,15,2024-09-16,Email,2024-10-09
8467,8467,28,2024-10-22,Organic Search,2024-10-30
8468,8468,8,2024-01-14,Organic Search,2024-01-25
8469,8469,9,2025-06-02,Direct,2025-06-14
8470,8470,9,2025-06-21,Email,2025-07-13
8471,8471,27,2025-06-19,Paid Ads,2025-06-23
8472,8472,25,2025-08-14,Direct,2025-09-13
8473,8473,30,2026-05-19,Organic Search,2026-05-23
8474,8474,13,2026-01-29,Paid Ads,2026-02-04
8475,8475,25,2025-08-15,Paid Ads,2025-08-27
8476,8476,22,2026-08-10,Paid Ads,2026-08-14
8477,8477,30,2026-05-24,Paid Ads,2026-06-04
8478,8478,12,2024-04-14,Paid Ads,2024-05-12
8479,8479,6,2023-10-02,Paid Ads,2023-10-09
8480,8480,2,2025-10-14,Organic Search,2025-10-15
8481,8481,10,2024-05-10,Direct,2024-05-25
8482,8482,22,2026-08-04,Organic Search,2026-08-28
8483,8483,26,2025-09-12,Organic Search,2025-10-11
8484,8484,11,2026-01-07,Paid Ads,2026-01-25
8485,8485,25,2025-08-13,Paid Ads,2025-09-11
8486,8486,14,2026-05-09,Direct,2026-05-12
8487,8487,24,2025-06-06,Email,2025-07-03
8488,8488,29,2024-09-10,Organic Search,2024-10-07
8489,8489,12,2024-04-13,Direct,2024-05-01
8490,8490,7,2023-12-26,Paid Ads,2024-01-14
8491,8491,26,2025-09-14,Organic Search,2025-10-09
8492,8492,27,2025-06-25,Paid Ads,2025-07-22
8493,8493,21,2026-04-30,Email,2026-05-13
8494,8494,29,2024-10-02,Direct,2024-10-13
8495,8495,2,2025-09-27,Paid Ads,2025-10-10
8496,8496,5,2024-02-10,Organic Search,2024-02-19
8497,8497,9,2025-05-20,Organic Search,2025-06-18
8498,8498,28,2024-10-26,Paid Ads,2024-11-14
8499,8499,6,2023-10-05,Paid Ads,2023-10-21
8500,8500,12,2024-04-03,Direct,2024-04-07
8501,8501,11,2026-01-24,Paid Ads,2026-01-28
8502,8502,12,2024-04-13,Direct,2024-05-04
8503,8503,2,2025-10-02,Paid Ads,2025-10-22
8504,8504,29,2024-09-06,Paid Ads,2024-09-13
8505,8505,4,2024-01-20,Organic Search,2024-02-16
8506,8506,28,2024-10-16,Paid Ads,2024-10-24
8507,8507,10,2024-05-17,Organic Search,2024-06-13
8508,8508,15,2024-09-18,Paid Ads,2024-09-24
8509,8509,23,2024-06-29,Paid Ads,2024-06-30
8510,8510,7,2024-01-07,Direct,2024-01-13
8511,8511,16,2025-04-30,Paid Ads,2025-05-11
8512,8512,18,2025-12-06,Paid Ads,2026-01-04
8513,8513,20,2025-11-10,Direct,2025-11-15
8514,8514,11,2025-12-30,Paid Ads,2026-01-16
8515,8515,27,2025-06-06,Organic Search,2025-06-13
8516,8516,28,2024-10-18,Paid Ads,2024-10-26
8517,8517,21,2026-04-30,Paid Ads,2026-05-17
8518,8518,4,2024-01-22,Paid Ads,2024-02-10
8519,8519,23,2024-06-19,Organic Search,2024-07-05
8520,8520,13,2026-01-26,Paid Ads,2026-02-06
8521,8521,10,2024-05-16,Organic Search,2024-05-17
8522,8522,30,2026-05-19,Organic Search,2026-06-15
8523,8523,29,2024-10-02,Paid Ads,2024-10-19
8524,8524,23,2024-06-15,Organic Search,2024-07-07
8525,8525,1,2024-08-26,Paid Ads,2024-08-27
8526,8526,11,2026-01-13,Paid Ads,2026-01-30
8527,8527,30,2026-05-24,Organic Search,2026-06-03
8528,8528,24,2025-05-30,Organic Search,2025-06-07
8529,8529,4,2024-01-25,Paid Ads,2024-02-02
8530,8530,7,2023-12-23,Email,2023-12-27
8531,8531,17,2026-06-15,Organic Search,2026-07-02
8532,8532,12,2024-04-09,Email,2024-04-16
8533,8533,12,2024-03-30,Organic Search,2024-04-15
8534,8534,29,2024-09-22,Organic Search,2024-10-02
8535,8535,22,2026-08-04,Organic Search,2026-08-30
8536,8536,16,2025-05-02,Direct,2025-05-26
8537,8537,25,2025-08-03,Direct,2025-08-13
8538,8538,17,2026-06-15,Organic Search,2026-06-15
8539,8539,29,2024-09-13,Organic Search,2024-09-15
8540,8540,5,2024-02-03,Email,2024-02-19
8541,8541,15,2024-09-14,Organic Search,2024-09-21
8542,8542,21,2026-05-07,Organic Search,2026-05-17
8543,8543,28,2024-10-09,Organic Search,2024-10-16
8544,8544,21,2026-04-27,Direct,2026-05-04
8545,8545,30,2026-05-23,Organic Search,2026-06-05
8546,8546,2,2025-09-28,Paid Ads,2025-10-06
8547,8547,14,2026-04-13,Organic Search,2026-04-24
8548,8548,17,2026-06-18,Organic Search,2026-07-13
8549,8549,14,2026-04-25,Paid Ads,2026-05-05
8550,8550,8,2024-01-13,Paid Ads,2024-01-13
8551,8551,10,2024-05-10,Paid Ads,2024-05-27
8552,8552,8,2024-01-07,Paid Ads,2024-01-16
8553,8553,25,2025-08-11,Organic Search,2025-09-10
8554,8554,2,2025-10-11,Paid Ads,2025-10-20
8555,8555,28,2024-10-15,Paid Ads,2024-10-31
8556,8556,11,2026-01-16,Paid Ads,2026-01-28
8557,8557,19,2025-09-30,Paid Ads,2025-10-27
8558,8558,9,2025-06-07,Organic Search,2025-06-07
8559,8559,26,2025-09-16,Organic Search,2025-10-03
8560,8560,18,2025-11-28,Paid Ads,2025-12-01
8561,8561,28,2024-10-12,Organic Search,2024-10-16
8562,8562,12,2024-04-12,Paid Ads,2024-05-04
8563,8563,18,2025-12-01,Paid Ads,2025-12-31
8564,8564,27,2025-06-13,Paid Ads,2025-07-10
8565,8565,23,2024-07-01,Paid Ads,2024-07-11
8566,8566,30,2026-05-16,Paid Ads,2026-05-31
8567,8567,27,2025-06-11,Email,2025-06-18
8568,8568,11,2025-12-23,Paid Ads,2026-01-15
8569,8569,8,2024-01-08,Organic Search,2024-01-15
8570,8570,12,2024-03-16,Organic Search,2024-04-12
8571,8571,2,2025-09-28,Paid Ads,2025-10-18
8572,8572,27,2025-06-20,Paid Ads,2025-06-21
8573,8573,24,2025-05-26,Organic Search,2025-06-03
8574,8574,7,2023-12-14,Paid Ads,2023-12-17
8575,8575,4,2024-01-21,Paid Ads,2024-02-08
8576,8576,17,2026-06-15,Paid Ads,2026-06-21
8577,8577,23,2024-06-07,Paid Ads,2024-07-05
8578,8578,26,2025-09-13,Direct,2025-09-23
8579,8579,1,2024-08-28,Organic Search,2024-09-04
8580,8580,20,2025-11-24,Organic Search,2025-12-21
8581,8581,10,2024-05-13,Paid Ads,2024-06-02
8582,8582,24,2025-06-01,Organic Search,2025-06-22
8583,8583,22,2026-08-07,Paid Ads,2026-08-11
8584,8584,18,2025-12-02,Paid Ads,2025-12-11
8585,8585,18,2025-12-06,Email,2025-12-18
8586,8586,2,2025-10-12,Email,2025-10-30
8587,8587,4,2024-01-26,Organic Search,2024-02-13
8588,8588,5,2024-01-11,Email,2024-01-31
8589,8589,29,2024-09-10,Paid Ads,2024-10-01
8590,8590,1,2024-09-01,Organic Search,2024-09-01
8591,8591,2,2025-10-15,Paid Ads,2025-11-04
8592,8592,26,2025-09-13,Direct,2025-10-10
8593,8593,3,2025-09-29,Paid Ads,2025-10-20
8594,8594,11,2026-01-11,Organic Search,2026-02-02
8595,8595,11,2025-12-30,Paid Ads,2026-01-05
8596,8596,29,2024-09-17,Direct,2024-09-29
8597,8597,5,2024-01-15,Organic Search,2024-01-26
8598,8598,2,2025-10-13,Paid Ads,2025-10-18
8599,8599,30,2026-05-21,Organic Search,2026-06-04
8600,8600,14,2026-04-23,Organic Search,2026-04-26
8601,8601,13,2026-01-27,Organic Search,2026-02-03
8602,8602,25,2025-08-18,Organic Search,2025-09-09
8603,8603,26,2025-09-20,Organic Search,2025-10-10
8604,8604,29,2024-09-16,Organic Search,2024-09-17
8605,8605,12,2024-04-07,Paid Ads,2024-04-23
8606,8606,2,2025-10-12,Direct,2025-10-18
8607,8607,9,2025-05-24,Organic Search,2025-05-29
8608,8608,19,2025-10-30,Paid Ads,2025-11-27
8609,8609,8,2024-01-07,Paid Ads,2024-01-11
8610,8610,1,2024-09-07,Paid Ads,2024-09-19
8611,8611,27,2025-06-22,Paid Ads,2025-07-18
8612,8612,16,2025-05-10,Organic Search,2025-06-04
8613,8613,15,2024-09-14,Paid Ads,2024-10-01
8614,8614,29,2024-09-09,Direct,2024-09-23
8615,8615,4,2024-01-18,Paid Ads,2024-02-17
8616,8616,22,2026-08-07,Email,2026-08-26
8617,8617,25,2025-08-01,Organic Search,2025-08-01
8618,8618,15,2024-09-12,Paid Ads,2024-09-18
8619,8619,11,2026-01-16,Direct,2026-02-04
8620,8620,27,2025-06-06,Paid Ads,2025-06-19
8621,8621,8,2024-01-10,Paid Ads,2024-01-29
8622,8622,20,2025-11-14,Paid Ads,2025-11-22
8623,8623,15,2024-09-22,Paid Ads,2024-10-07
8624,8624,8,2024-01-09,Paid Ads,2024-02-05
8625,8625,23,2024-06-17,Organic Search,2024-06-26
8626,8626,29,2024-09-14,Paid Ads,2024-09-25
8627,8627,23,2024-06-04,Paid Ads,2024-07-01
8628,8628,12,2024-04-10,Direct,2024-04-25
8629,8629,26,2025-09-11,Email,2025-10-07
8630,8630,9,2025-05-20,Direct,2025-06-14
8631,8631,11,2026-02-03,Organic Search,2026-02-24
8632,8632,28,2024-10-10,Direct,2024-11-02
8633,8633,3,2025-10-01,Email,2025-10-24
8634,8634,16,2025-05-20,Paid Ads,2025-06-17
8635,8635,22,2026-08-03,Organic Search,2026-08-21
8636,8636,17,2026-06-15,Organic Search,2026-07-09
8637,8637,9,2025-06-24,Paid Ads,2025-07-22
8638,8638,19,2025-11-03,Direct,2025-11-30
8639,8639,25,2025-08-07,Organic Search,2025-08-23
8640,8640,8,2024-01-07,Paid Ads,2024-01-09
8641,8641,4,2024-01-18,Paid Ads,2024-01-21
8642,8642,14,2026-04-12,Organic Search,2026-04-23
8643,8643,25,2025-08-10,Organic Search,2025-09-07
8644,8644,23,2024-06-14,Paid Ads,2024-06-30
8645,8645,27,2025-06-27,Organic Search,2025-07-25
8646,8646,6,2023-10-24,Organic Search,2023-10-30
8647,8647,20,2025-11-20,Direct,2025-12-19
8648,8648,5,2024-02-07,Organic Search,2024-02-19
8649,8649,7,2023-12-30,Paid Ads,2024-01-27
8650,8650,15,2024-09-24,Organic Search,2024-09-28
8651,8651,28,2024-10-09,Organic Search,2024-10-14
8652,8652,20,2025-11-19,Organic Search,2025-12-03
8653,8653,30,2026-05-21,Direct,2026-06-14
8654,8654,20,2025-11-11,Paid Ads,2025-11-17
8655,8655,2,2025-10-05,Email,2025-10-28
8656,8656,19,2025-10-01,Organic Search,2025-10-19
8657,8657,14,2026-04-17,Paid Ads,2026-05-01
8658,8658,20,2025-11-23,Direct,2025-12-14
8659,8659,4,2024-01-28,Organic Search,2024-02-18
8660,8660,11,2026-01-07,Paid Ads,2026-01-12
8661,8661,15,2024-09-17,Organic Search,2024-10-11
8662,8662,28,2024-11-06,Paid Ads,2024-11-15
8663,8663,25,2025-08-17,Email,2025-08-28
8664,8664,9,2025-05-26,Paid Ads,2025-06-14
8665,8665,2,2025-09-28,Paid Ads,2025-10-07
8666,8666,13,2026-01-29,Email,2026-02-11
8667,8667,24,2025-06-02,Paid Ads,2025-06-03
8668,8668,25,2025-08-14,Paid Ads,2025-09-12
8669,8669,20,2025-11-15,Paid Ads,2025-11-17
8670,8670,10,2024-05-12,Organic Search,2024-05-30
8671,8671,23,2024-06-07,Email,2024-06-18
8672,8672,3,2025-09-27,Paid Ads,2025-10-09
8673,8673,28,2024-10-20,Direct,2024-11-01
8674,8674,10,2024-05-18,Paid Ads,2024-06-14
8675,8675,23,2024-06-07,Organic Search,2024-06-08
8676,8676,2,2025-10-12,Paid Ads,2025-10-14
8677,8677,15,2024-09-21,Paid Ads,2024-10-05
8678,8678,23,2024-06-05,Paid Ads,2024-06-05
8679,8679,4,2024-01-19,Paid Ads,2024-02-06
8680,8680,27,2025-06-13,Email,2025-07-01
8681,8681,12,2024-03-19,Organic Search,2024-03-20
8682,8682,16,2025-05-12,Organic Search,2025-06-08
8683,8683,18,2025-11-27,Direct,2025-12-25
8684,8684,4,2024-01-28,Organic Search,2024-02-10
8685,8685,28,2024-10-20,Paid Ads,2024-11-05
8686,8686,11,2025-12-26,Organic Search,2026-01-13
8687,8687,7,2023-12-15,Organic Search,2024-01-05
8688,8688,16,2025-05-24,Direct,2025-06-04
8689,8689,14,2026-05-06,Paid Ads,2026-05-17
8690,8690,20,2025-11-09,Paid Ads,2025-11-13
8691,8691,5,2024-01-30,Organic Search,2024-01-30
8692,8692,26,2025-09-15,Organic Search,2025-10-15
8693,8693,16,2025-04-26,Paid Ads,2025-05-21
8694,8694,1,2024-09-01,Direct,2024-09-27
8695,8695,14,2026-04-13,Email,2026-05-08
8696,8696,23,2024-06-06,Direct,2024-06-19
8697,8697,23,2024-06-28,Organic Search,2024-07-14
8698,8698,8,2024-01-13,Organic Search,2024-01-17
8699,8699,15,2024-09-20,Paid Ads,2024-10-16
8700,8700,10,2024-05-13,Paid Ads,2024-05-29
8701,8701,5,2024-01-27,Direct,2024-02-17
8702,8702,29,2024-09-23,Organic Search,2024-09-27
8703,8703,6,2023-10-06,Paid Ads,2023-10-10
8704,8704,1,2024-08-14,Organic Search,2024-08-21
8705,8705,29,2024-09-11,Organic Search,2024-09-21
8706,8706,12,2024-03-21,Direct,2024-03-24
8707,8707,27,2025-06-15,Direct,2025-07-14
8708,8708,27,2025-06-07,Email,2025-06-13
8709,8709,23,2024-06-22,Organic Search,2024-07-02
8710,8710,14,2026-04-16,Organic Search,2026-05-07
8711,8711,15,2024-09-16,Paid Ads,2024-09-16
8712,8712,11,2026-01-04,Organic Search,2026-01-26
8713,8713,30,2026-05-24,Organic Search,2026-06-21
8714,8714,1,2024-08-25,Email,2024-09-01
8715,8715,9,2025-05-14,Direct,2025-06-03
8716,8716,30,2026-05-23,Email,2026-05-29
8717,8717,23,2024-06-25,Paid Ads,2024-07-11
8718,8718,27,2025-06-22,Email,2025-07-13
8719,8719,10,2024-05-16,Organic Search,2024-05-24
8720,8720,20,2025-11-06,Organic Search,2025-12-01
8721,8721,6,2023-10-08,Organic Search,2023-10-08
8722,8722,20,2025-11-26,Paid Ads,2025-11-27
8723,8723,21,2026-04-26,Organic Search,2026-05-13
8724,8724,7,2023-12-18,Direct,2024-01-05
8725,8725,2,2025-10-11,Paid Ads,2025-10-26
8726,8726,20,2025-11-02,Paid Ads,2025-11-28
8727,8727,29,2024-09-14,Email,2024-09-21
8728,8728,3,2025-09-28,Paid Ads,2025-10-13
8729,8729,19,2025-10-10,Paid Ads,2025-10-21
8730,8730,28,2024-10-09,Email,2024-10-18
8731,8731,11,2026-01-29,Organic Search,2026-02-26
8732,8732,20,2025-11-04,Organic Search,2025-11-25
8733,8733,9,2025-05-27,Paid Ads,2025-06-03
8734,8734,13,2026-01-26,Paid Ads,2026-02-07
8735,8735,10,2024-05-11,Direct,2024-06-04
8736,8736,17,2026-06-15,Email,2026-07-06
8737,8737,20,2025-11-14,Paid Ads,2025-12-06
8738,8738,28,2024-10-10,Direct,2024-10-11
8739,8739,12,2024-03-22,Paid Ads,2024-03-24
8740,8740,9,2025-06-14,Organic Search,2025-06-17
8741,8741,25,2025-07-31,Organic Search,2025-08-26
8742,8742,19,2025-10-06,Email,2025-10-22
8743,8743,26,2025-09-17,Paid Ads,2025-09-24
8744,8744,24,2025-07-02,Paid Ads,2025-07-24
8745,8745,5,2024-01-24,Paid Ads,2024-02-08
8746,8746,1,2024-08-11,Paid Ads,2024-08-31
8747,8747,28,2024-10-22,Organic Search,2024-11-01
8748,8748,23,2024-06-04,Paid Ads,2024-06-17
8749,8749,12,2024-03-22,Organic Search,2024-03-25
8750,8750,17,2026-06-14,Paid Ads,2026-06-14
8751,8751,28,2024-10-18,Paid Ads,2024-11-04
8752,8752,20,2025-11-19,Paid Ads,2025-12-05
8753,8753,1,2024-09-04,Paid Ads,2024-09-09
8754,8754,1,2024-09-10,Direct,2024-09-28
8755,8755,20,2025-11-28,Paid Ads,2025-12-03
8756,8756,10,2024-05-14,Paid Ads,2024-06-11
8757,8757,26,2025-09-23,Paid Ads,2025-09-28
8758,8758,9,2025-06-18,Organic Search,2025-07-06
8759,8759,21,2026-05-04,Direct,2026-06-01
8760,8760,22,2026-08-12,Paid Ads,2026-08-26
8761,8761,19,2025-10-25,Email,2025-11-02
8762,8762,21,2026-04-27,Email,2026-05-20
8763,8763,29,2024-09-14,Paid Ads,2024-09-23
8764,8764,3,2025-10-01,Organic Search,2025-10-16
8765,8765,20,2025-11-22,Organic Search,2025-12-09
8766,8766,22,2026-08-15,Organic Search,2026-08-27
8767,8767,3,2025-09-19,Paid Ads,2025-09-20
8768,8768,2,2025-10-14,Organic Search,2025-10-20
8769,8769,3,2025-09-29,Organic Search,2025-10-26
8770,8770,5,2024-02-07,Paid Ads,2024-02-20
8771,8771,24,2025-06-13,Paid Ads,2025-06-29
8772,8772,3,2025-09-21,Paid Ads,2025-10-05
8773,8773,11,2026-01-06,Direct,2026-01-24
8774,8774,1,2024-08-08,Direct,2024-08-11
8775,8775,9,2025-06-13,Organic Search,2025-07-09
8776,8776,27,2025-06-22,Organic Search,2025-06-27
8777,8777,28,2024-11-04,Direct,2024-11-15
8778,8778,7,2024-01-16,Organic Search,2024-02-07
8779,8779,22,2026-08-18,Paid Ads,2026-08-27
8780,8780,17,2026-06-18,Direct,2026-07-05
8781,8781,17,2026-06-19,Direct,2026-07-16
8782,8782,24,2025-06-03,Email,2025-06-04
8783,8783,1,2024-09-07,Paid Ads,2024-09-26
8784,8784,29,2024-09-19,Organic Search,2024-10-14
8785,8785,29,2024-10-04,Organic Search,2024-10-18
8786,8786,29,2024-09-15,Organic Search,2024-09-26
8787,8787,2,2025-09-28,Paid Ads,2025-09-28
8788,8788,19,2025-10-20,Paid Ads,2025-11-07
8789,8789,28,2024-10-23,Paid Ads,2024-11-14
8790,8790,20,2025-11-16,Direct,2025-12-03
8791,8791,15,2024-09-12,Organic Search,2024-10-12
8792,8792,13,2026-01-28,Paid Ads,2026-02-16
8793,8793,19,2025-10-11,Email,2025-11-01
8794,8794,6,2023-10-20,Organic Search,2023-10-25
8795,8795,10,2024-05-10,Paid Ads,2024-06-06
8796,8796,21,2026-05-03,Direct,2026-05-13
8797,8797,13,2026-01-27,Paid Ads,2026-01-27
8798,8798,25,2025-08-03,Paid Ads,2025-08-13
8799,8799,23,2024-06-07,Organic Search,2024-06-15
8800,8800,14,2026-04-28,Organic Search,2026-05-13
8801,8801,12,2024-03-25,Paid Ads,2024-04-15
8802,8802,2,2025-10-05,Email,2025-10-30
8803,8803,3,2025-09-30,Organic Search,2025-10-05
8804,8804,8,2024-01-13,Email,2024-02-01
8805,8805,12,2024-04-07,Email,2024-04-07
8806,8806,12,2024-04-08,Direct,2024-05-05
8807,8807,27,2025-06-26,Direct,2025-07-09
8808,8808,22,2026-08-14,Paid Ads,2026-09-03
8809,8809,15,2024-09-15,Organic Search,2024-09-18
8810,8810,17,2026-06-18,Paid Ads,2026-07-12
8811,8811,12,2024-03-23,Paid Ads,2024-04-05
8812,8812,28,2024-10-14,Direct,2024-10-17
8813,8813,18,2025-12-01,Paid Ads,2025-12-23
8814,8814,5,2024-01-29,Email,2024-01-29
8815,8815,20,2025-11-06,Paid Ads,2025-11-28
8816,8816,19,2025-11-05,Organic Search,2025-12-02
8817,8817,2,2025-10-01,Organic Search,2025-10-30
8818,8818,5,2024-01-18,Paid Ads,2024-01-27
8819,8819,11,2026-01-26,Organic Search,2026-02-24
8820,8820,13,2026-01-23,Organic Search,2026-02-08
8821,8821,6,2023-09-27,Paid Ads,2023-10-03
8822,8822,30,2026-05-19,Paid Ads,2026-06-04
8823,8823,27,2025-06-10,Paid Ads,2025-06-21
8824,8824,18,2025-12-03,Organic Search,2025-12-14
8825,8825,12,2024-04-01,Email,2024-04-16
8826,8826,23,2024-06-07,Direct,2024-06-29
8827,8827,26,2025-09-16,Paid Ads,2025-10-07
8828,8828,12,2024-03-28,Paid Ads,2024-04-04
8829,8829,24,2025-05-31,Paid Ads,2025-06-09
8830,8830,26,2025-09-15,Organic Search,2025-10-04
8831,8831,21,2026-05-03,Direct,2026-05-05
8832,8832,18,2025-11-26,Paid Ads,2025-12-19
8833,8833,27,2025-06-02,Organic Search,2025-06-22
8834,8834,19,2025-10-23,Organic Search,2025-11-06
8835,8835,12,2024-03-23,Direct,2024-04-12
8836,8836,10,2024-05-18,Organic Search,2024-06-04
8837,8837,3,2025-09-20,Organic Search,2025-10-04
8838,8838,26,2025-09-21,Paid Ads,2025-10-10
8839,8839,24,2025-06-27,Direct,2025-07-15
8840,8840,1,2024-08-15,Paid Ads,2024-09-08
8841,8841,3,2025-10-02,Email,2025-10-04
8842,8842,26,2025-09-22,Direct,2025-10-01
8843,8843,22,2026-08-13,Email,2026-09-05
8844,8844,24,2025-06-23,Email,2025-07-04
8845,8845,10,2024-05-10,Paid Ads,2024-06-04
8846,8846,11,2026-02-02,Direct,2026-02-03
8847,8847,17,2026-06-18,Paid Ads,2026-07-06
8848,8848,7,2023-12-12,Paid Ads,2023-12-23
8849,8849,11,2026-01-01,Email,2026-01-21
8850,8850,4,2024-01-28,Paid Ads,2024-02-15
8851,8851,1,2024-08-13,Organic Search,2024-08-16
8852,8852,15,2024-09-25,Email,2024-10-25
8853,8853,6,2023-10-29,Direct,2023-11-14
8854,8854,3,2025-09-25,Email,2025-09-26
8855,8855,27,2025-06-28,Organic Search,2025-07-28
8856,8856,4,2024-01-17,Email,2024-01-20
8857,8857,15,2024-09-16,Organic Search,2024-10-11
8858,8858,10,2024-05-18,Organic Search,2024-05-31
8859,8859,10,2024-05-13,Email,2024-06-11
8860,8860,26,2025-09-16,Organic Search,2025-10-13
8861,8861,25,2025-08-11,Paid Ads,2025-09-02
8862,8862,24,2025-06-07,Organic Search,2025-06-19
8863,8863,24,2025-06-14,Direct,2025-07-10
8864,8864,11,2026-01-02,Organic Search,2026-01-21
8865,8865,13,2026-01-30,Organic Search,2026-02-23
8866,8866,23,2024-06-14,Paid Ads,2024-07-04
8867,8867,29,2024-09-09,Direct,2024-09-26
8868,8868,24,2025-06-18,Paid Ads,2025-06-27
8869,8869,23,2024-06-19,Organic Search,2024-07-09
8870,8870,29,2024-09-06,Paid Ads,2024-09-29
8871,8871,28,2024-10-16,Organic Search,2024-10-26
8872,8872,27,2025-06-08,Organic Search,2025-06-15
8873,8873,22,2026-08-07,Direct,2026-09-03
8874,8874,22,2026-08-04,Paid Ads,2026-08-16
8875,8875,8,2024-01-11,Paid Ads,2024-01-30
8876,8876,13,2026-01-22,Paid Ads,2026-02-12
8877,8877,3,2025-09-23,Organic Search,2025-10-01
8878,8878,5,2024-01-15,Paid Ads,2024-02-03
8879,8879,8,2024-01-12,Organic Search,2024-02-05
8880,8880,21,2026-05-08,Organic Search,2026-05-24
8881,8881,2,2025-10-08,Organic Search,2025-10-30
8882,8882,23,2024-06-30,Direct,2024-07-25
8883,8883,20,2025-11-29,Direct,2025-12-24
8884,8884,1,2024-08-25,Paid Ads,2024-09-20
8885,8885,16,2025-05-25,Organic Search,2025-06-20
8886,8886,24,2025-06-26,Paid Ads,2025-06-26
8887,8887,11,2026-01-02,Organic Search,2026-01-30
8888,8888,11,2026-01-28,Organic Search,2026-01-29
8889,8889,5,2024-01-21,Paid Ads,2024-02-07
8890,8890,20,2025-11-26,Paid Ads,2025-12-03
8891,8891,25,2025-08-17,Direct,2025-08-31
8892,8892,14,2026-04-09,Organic Search,2026-04-12
8893,8893,19,2025-11-05,Organic Search,2025-11-10
8894,8894,2,2025-10-06,Direct,2025-10-26
8895,8895,13,2026-01-25,Email,2026-02-24
8896,8896,18,2025-12-01,Organic Search,2025-12-29
8897,8897,11,2025-12-24,Organic Search,2026-01-18
8898,8898,15,2024-09-10,Email,2024-09-11
8899,8899,10,2024-05-17,Paid Ads,2024-05-19
8900,8900,18,2025-11-27,Email,2025-12-15
8901,8901,1,2024-08-14,Paid Ads,2024-09-06
8902,8902,9,2025-05-16,Organic Search,2025-06-06
8903,8903,15,2024-09-10,Paid Ads,2024-10-01
8904,8904,18,2025-12-03,Organic Search,2025-12-03
8905,8905,18,2025-11-29,Paid Ads,2025-12-25
8906,8906,14,2026-05-03,Paid Ads,2026-05-21
8907,8907,29,2024-09-18,Paid Ads,2024-09-21
8908,8908,27,2025-06-06,Direct,2025-06-27
8909,8909,23,2024-06-15,Paid Ads,2024-06-29
8910,8910,9,2025-05-27,Organic Search,2025-05-30
8911,8911,16,2025-05-04,Paid Ads,2025-05-14
8912,8912,26,2025-09-17,Paid Ads,2025-09-17
8913,8913,28,2024-11-07,Direct,2024-11-11
8914,8914,22,2026-08-04,Organic Search,2026-08-25
8915,8915,3,2025-10-01,Organic Search,2025-10-06
8916,8916,20,2025-11-26,Organic Search,2025-12-13
8917,8917,24,2025-06-26,Direct,2025-07-17
8918,8918,29,2024-09-15,Organic Search,2024-09-30
8919,8919,16,2025-05-14,Paid Ads,2025-05-14
8920,8920,27,2025-06-06,Paid Ads,2025-06-12
8921,8921,20,2025-11-25,Paid Ads,2025-12-18
8922,8922,26,2025-09-21,Paid Ads,2025-09-29
8923,8923,4,2024-01-21,Direct,2024-01-31
8924,8924,23,2024-06-06,Email,2024-07-01
8925,8925,2,2025-09-27,Organic Search,2025-10-27
8926,8926,13,2026-01-25,Paid Ads,2026-02-02
8927,8927,17,2026-06-19,Paid Ads,2026-07-09
8928,8928,13,2026-01-25,Direct,2026-02-11
8929,8929,18,2025-11-26,Paid Ads,2025-12-03
8930,8930,5,2024-02-05,Paid Ads,2024-02-13
8931,8931,16,2025-04-25,Organic Search,2025-05-07
8932,8932,23,2024-06-17,Paid Ads,2024-06-19
8933,8933,7,2023-12-21,Organic Search,2024-01-08
8934,8934,25,2025-07-29,Organic Search,2025-08-01
8935,8935,26,2025-09-17,Organic Search,2025-10-03
8936,8936,26,2025-09-20,Paid Ads,2025-10-06
8937,8937,27,2025-06-06,Organic Search,2025-06-23
8938,8938,24,2025-05-28,Direct,2025-06-10
8939,8939,13,2026-01-26,Paid Ads,2026-02-10
8940,8940,3,2025-09-24,Direct,2025-10-01
8941,8941,1,2024-08-18,Direct,2024-08-22
8942,8942,7,2024-01-04,Paid Ads,2024-01-26
8943,8943,15,2024-09-11,Organic Search,2024-10-05
8944,8944,21,2026-05-02,Email,2026-05-19
8945,8945,8,2024-01-08,Organic Search,2024-01-22
8946,8946,22,2026-08-08,Paid Ads,2026-08-16
8947,8947,12,2024-03-29,Email,2024-04-12
8948,8948,9,2025-06-01,Organic Search,2025-06-30
8949,8949,13,2026-01-28,Organic Search,2026-02-08
8950,8950,2,2025-10-03,Paid Ads,2025-10-31
8951,8951,24,2025-05-29,Paid Ads,2025-06-25
8952,8952,8,2024-01-10,Paid Ads,2024-01-19
8953,8953,18,2025-11-25,Direct,2025-12-02
8954,8954,21,2026-04-30,Paid Ads,2026-05-14
8955,8955,10,2024-05-10,Organic Search,2024-06-01
8956,8956,6,2023-10-12,Organic Search,2023-11-08
8957,8957,6,2023-10-12,Paid Ads,2023-10-17
8958,8958,27,2025-06-16,Email,2025-07-13
8959,8959,22,2026-08-03,Organic Search,2026-08-27
8960,8960,6,2023-10-05,Organic Search,2023-10-13
8961,8961,7,2024-01-03,Direct,2024-01-03
8962,8962,23,2024-06-26,Organic Search,2024-07-06
8963,8963,14,2026-05-04,Direct,2026-06-01
8964,8964,8,2024-01-14,Paid Ads,2024-01-23
8965,8965,21,2026-05-08,Email,2026-05-28
8966,8966,29,2024-09-12,Paid Ads,2024-09-21
8967,8967,12,2024-04-04,Direct,2024-04-12
8968,8968,12,2024-03-18,Paid Ads,2024-04-06
8969,8969,2,2025-10-15,Paid Ads,2025-11-09
8970,8970,13,2026-01-29,Organic Search,2026-02-24
8971,8971,2,2025-10-10,Direct,2025-10-16
8972,8972,27,2025-06-05,Paid Ads,2025-06-12
8973,8973,7,2023-12-17,Email,2024-01-04
8974,8974,11,2025-12-25,Organic Search,2025-12-30
8975,8975,2,2025-10-15,Paid Ads,2025-11-05
8976,8976,24,2025-06-06,Organic Search,2025-06-24
8977,8977,24,2025-06-15,Direct,2025-06-23
8978,8978,4,2024-01-18,Organic Search,2024-01-29
8979,8979,21,2026-05-05,Paid Ads,2026-05-27
8980,8980,2,2025-10-03,Paid Ads,2025-10-06
8981,8981,25,2025-08-13,Organic Search,2025-08-22
8982,8982,28,2024-11-07,Paid Ads,2024-11-08
8983,8983,26,2025-09-14,Organic Search,2025-10-02
8984,8984,14,2026-04-25,Organic Search,2026-05-01
8985,8985,11,2026-01-18,Paid Ads,2026-02-10
8986,8986,5,2024-01-14,Email,2024-01-14
8987,8987,27,2025-06-03,Organic Search,2025-06-14
8988,8988,3,2025-10-05,Paid Ads,2025-10-28
8989,8989,1,2024-09-04,Organic Search,2024-10-01
8990,8990,4,2024-01-20,Paid Ads,2024-02-18
8991,8991,11,2026-01-18,Paid Ads,2026-02-03
8992,8992,2,2025-10-05,Paid Ads,2025-10-23
8993,8993,20,2025-11-04,Direct,2025-11-08
8994,8994,9,2025-05-22,Paid Ads,2025-06-09
8995,8995,6,2023-09-29,Email,2023-10-01
8996,8996,12,2024-04-14,Paid Ads,2024-04-25
8997,8997,21,2026-05-01,Paid Ads,2026-05-27
8998,8998,29,2024-09-27,Organic Search,2024-10-09
8999,8999,15,2024-09-25,Paid Ads,2024-10-25
9000,9000,28,2024-10-19,Direct,2024-10-23
9001,9001,29,2024-09-25,Direct,2024-10-11
9002,9002,7,2024-01-17,Organic Search,2024-01-26
9003,9003,3,2025-10-03,Paid Ads,2025-10-22
9004,9004,25,2025-08-13,Paid Ads,2025-09-06
9005,9005,30,2026-05-16,Paid Ads,2026-06-15
9006,9006,5,2024-02-12,Paid Ads,2024-03-06
9007,9007,24,2025-06-03,Paid Ads,2025-06-22
9008,9008,28,2024-11-14,Organic Search,2024-12-07
9009,9009,3,2025-09-29,Paid Ads,2025-10-11
9010,9010,15,2024-09-19,Paid Ads,2024-09-23
9011,9011,1,2024-08-14,Paid Ads,2024-08-27
9012,9012,11,2025-12-21,Direct,2026-01-12
9013,9013,17,2026-06-15,Direct,2026-07-04
9014,9014,7,2023-12-27,Paid Ads,2024-01-18
9015,9015,11,2026-01-14,Paid Ads,2026-02-13
9016,9016,29,2024-09-15,Organic Search,2024-10-02
9017,9017,19,2025-10-16,Organic Search,2025-11-15
9018,9018,6,2023-10-26,Paid Ads,2023-11-12
9019,9019,20,2025-11-10,Organic Search,2025-11-11
9020,9020,12,2024-03-30,Organic Search,2024-04-29
9021,9021,12,2024-04-09,Paid Ads,2024-05-06
9022,9022,18,2025-11-30,Organic Search,2025-12-10
9023,9023,22,2026-08-06,Organic Search,2026-08-16
9024,9024,16,2025-05-26,Organic Search,2025-05-26
9025,9025,25,2025-08-07,Paid Ads,2025-08-22
9026,9026,3,2025-09-27,Paid Ads,2025-10-19
9027,9027,6,2023-10-19,Organic Search,2023-11-06
9028,9028,18,2025-12-05,Organic Search,2025-12-16
9029,9029,14,2026-04-16,Paid Ads,2026-05-03
9030,9030,11,2026-02-03,Direct,2026-02-15
9031,9031,3,2025-10-03,Paid Ads,2025-10-31
9032,9032,14,2026-05-10,Direct,2026-05-24
9033,9033,30,2026-05-22,Direct,2026-06-04
9034,9034,27,2025-06-30,Paid Ads,2025-07-30
9035,9035,25,2025-07-30,Organic Search,2025-08-23
9036,9036,10,2024-05-11,Paid Ads,2024-05-29
9037,9037,14,2026-05-04,Direct,2026-05-27
9038,9038,14,2026-04-13,Paid Ads,2026-04-26
9039,9039,20,2025-11-18,Organic Search,2025-12-12
9040,9040,13,2026-01-25,Email,2026-02-19
9041,9041,23,2024-06-28,Email,2024-07-08
9042,9042,2,2025-10-02,Direct,2025-10-11
9043,9043,8,2024-01-07,Paid Ads,2024-02-02
9044,9044,10,2024-05-17,Paid Ads,2024-05-17
9045,9045,8,2024-01-09,Direct,2024-01-17
9046,9046,7,2024-01-15,Organic Search,2024-02-08
9047,9047,19,2025-11-01,Organic Search,2025-11-13
9048,9048,7,2024-01-08,Organic Search,2024-01-10
9049,9049,4,2024-01-21,Paid Ads,2024-01-21
9050,9050,29,2024-09-26,Paid Ads,2024-10-03
9051,9051,6,2023-10-18,Paid Ads,2023-10-22
9052,9052,5,2024-01-27,Organic Search,2024-02-04
9053,9053,25,2025-07-29,Paid Ads,2025-08-09
9054,9054,28,2024-11-09,Organic Search,2024-11-13
9055,9055,23,2024-06-25,Organic Search,2024-07-18
9056,9056,5,2024-01-15,Organic Search,2024-01-27
9057,9057,14,2026-05-10,Paid Ads,2026-05-12
9058,9058,14,2026-05-04,Direct,2026-05-04
9059,9059,21,2026-04-28,Organic Search,2026-05-24
9060,9060,6,2023-10-16,Email,2023-10-22
9061,9061,13,2026-02-01,Direct,2026-02-28
9062,9062,30,2026-05-23,Paid Ads,2026-05-26
9063,9063,16,2025-04-26,Organic Search,2025-05-03
9064,9064,19,2025-10-02,Direct,2025-10-03
9065,9065,6,2023-10-09,Email,2023-10-21
9066,9066,11,2026-01-05,Direct,2026-01-17
9067,9067,28,2024-11-02,Direct,2024-11-26
9068,9068,21,2026-05-10,Email,2026-05-11
9069,9069,6,2023-10-23,Organic Search,2023-11-18
9070,9070,3,2025-09-18,Direct,2025-10-10
9071,9071,10,2024-05-13,Organic Search,2024-06-06
9072,9072,21,2026-05-09,Paid Ads,2026-05-30
9073,9073,19,2025-09-28,Organic Search,2025-10-07
9074,9074,29,2024-09-10,Paid Ads,2024-10-06
9075,9075,6,2023-09-28,Organic Search,2023-10-17
9076,9076,1,2024-08-11,Paid Ads,2024-08-11
9077,9077,14,2026-04-13,Direct,2026-04-28
9078,9078,25,2025-08-04,Direct,2025-08-11
9079,9079,13,2026-01-23,Direct,2026-02-01
9080,9080,15,2024-09-13,Paid Ads,2024-09-22
9081,9081,27,2025-06-27,Direct,2025-07-27
9082,9082,21,2026-05-08,Email,2026-05-22
9083,9083,15,2024-09-24,Email,2024-10-14
9084,9084,3,2025-10-04,Paid Ads,2025-10-25
9085,9085,18,2025-11-28,Paid Ads,2025-12-11
9086,9086,9,2025-05-20,Direct,2025-05-31
9087,9087,4,2024-01-20,Paid Ads,2024-02-17
9088,9088,6,2023-10-12,Organic Search,2023-11-02
9089,9089,28,2024-10-14,Direct,2024-10-27
9090,9090,23,2024-06-22,Paid Ads,2024-06-24
9091,9091,24,2025-06-06,Organic Search,2025-07-04
9092,9092,8,2024-01-12,Paid Ads,2024-01-15
9093,9093,6,2023-10-06,Paid Ads,2023-10-14
9094,9094,27,2025-06-17,Paid Ads,2025-07-06
9095,9095,13,2026-01-27,Organic Search,2026-02-07
9096,9096,4,2024-01-19,Organic Search,2024-01-30
9097,9097,1,2024-09-04,Organic Search,2024-09-15
9098,9098,11,2025-12-29,Paid Ads,2026-01-27
9099,9099,15,2024-09-12,Paid Ads,2024-09-24
9100,9100,21,2026-05-07,Email,2026-06-04
9101,9101,4,2024-01-24,Organic Search,2024-02-07
9102,9102,24,2025-06-20,Direct,2025-07-01
9103,9103,11,2026-01-18,Organic Search,2026-02-09
9104,9104,1,2024-09-08,Organic Search,2024-10-03
9105,9105,16,2025-05-24,Paid Ads,2025-05-25
9106,9106,3,2025-09-29,Paid Ads,2025-10-16
9107,9107,15,2024-09-15,Organic Search,2024-09-17
9108,9108,21,2026-05-10,Direct,2026-05-12
9109,9109,20,2025-11-17,Organic Search,2025-11-21
9110,9110,27,2025-06-07,Paid Ads,2025-06-19
9111,9111,10,2024-05-15,Paid Ads,2024-06-07
9112,9112,1,2024-08-21,Direct,2024-09-16
9113,9113,28,2024-10-15,Paid Ads,2024-10-27
9114,9114,8,2024-01-10,Organic Search,2024-01-26
9115,9115,13,2026-02-01,Paid Ads,2026-02-22
9116,9116,18,2025-11-30,Direct,2025-12-20
9117,9117,7,2023-12-11,Direct,2024-01-01
9118,9118,7,2023-12-29,Direct,2024-01-26
9119,9119,21,2026-05-05,Organic Search,2026-05-17
9120,9120,30,2026-05-24,Organic Search,2026-06-15
9121,9121,3,2025-09-28,Email,2025-10-02
9122,9122,18,2025-12-04,Paid Ads,2025-12-24
9123,9123,9,2025-06-21,Direct,2025-06-29
9124,9124,25,2025-08-05,Paid Ads,2025-08-14
9125,9125,19,2025-10-24,Direct,2025-11-08
9126,9126,17,2026-06-19,Paid Ads,2026-07-12
9127,9127,18,2025-11-30,Paid Ads,2025-12-10
9128,9128,21,2026-04-27,Organic Search,2026-05-12
9129,9129,23,2024-06-24,Organic Search,2024-07-13
9130,9130,22,2026-08-14,Paid Ads,2026-09-12
9131,9131,20,2025-11-27,Paid Ads,2025-12-16
9132,9132,10,2024-05-13,Direct,2024-05-24
9133,9133,24,2025-05-30,Direct,2025-06-12
9134,9134,4,2024-01-25,Organic Search,2024-02-02
9135,9135,5,2024-01-13,Paid Ads,2024-02-07
9136,9136,17,2026-06-17,Paid Ads,2026-06-29
9137,9137,19,2025-09-25,Paid Ads,2025-10-07
9138,9138,20,2025-11-16,Paid Ads,2025-12-13
9139,9139,26,2025-09-21,Organic Search,2025-10-19
9140,9140,18,2025-11-29,Organic Search,2025-12-21
9141,9141,22,2026-08-08,Organic Search,2026-09-04
9142,9142,11,2026-01-22,Paid Ads,2026-01-31
9143,9143,6,2023-10-23,Email,2023-11-16
9144,9144,15,2024-09-20,Email,2024-10-02
9145,9145,10,2024-05-14,Organic Search,2024-06-01
9146,9146,29,2024-09-06,Organic Search,2024-09-24
9147,9147,12,2024-03-29,Paid Ads,2024-04-02
9148,9148,26,2025-09-22,Paid Ads,2025-09-28
9149,9149,3,2025-10-04,Paid Ads,2025-11-02
9150,9150,20,2025-11-26,Organic Search,2025-12-14
9151,9151,9,2025-06-24,Paid Ads,2025-07-04
9152,9152,4,2024-01-23,Email,2024-01-31
9153,9153,1,2024-09-09,Paid Ads,2024-10-03
9154,9154,13,2026-01-28,Organic Search,2026-02-04
9155,9155,13,2026-01-25,Direct,2026-02-01
9156,9156,6,2023-10-22,Organic Search,2023-11-12
9157,9157,21,2026-04-27,Direct,2026-05-01
9158,9158,24,2025-06-09,Paid Ads,2025-06-13
9159,9159,2,2025-10-01,Organic Search,2025-10-16
9160,9160,25,2025-08-04,Paid Ads,2025-08-23
9161,9161,4,2024-01-20,Organic Search,2024-02-11
9162,9162,11,2026-01-23,Paid Ads,2026-02-01
9163,9163,20,2025-11-05,Paid Ads,2025-11-10
9164,9164,14,2026-04-23,Direct,2026-05-20
9165,9165,15,2024-09-15,Paid Ads,2024-10-01
9166,9166,17,2026-06-18,Paid Ads,2026-06-27
9167,9167,26,2025-09-18,Paid Ads,2025-10-08
9168,9168,5,2024-01-24,Organic Search,2024-02-21
9169,9169,11,2025-12-27,Organic Search,2026-01-08
9170,9170,4,2024-01-24,Paid Ads,2024-01-26
9171,9171,22,2026-08-08,Paid Ads,2026-08-10
9172,9172,5,2024-01-25,Organic Search,2024-01-27
9173,9173,2,2025-10-13,Organic Search,2025-10-31
9174,9174,15,2024-09-19,Paid Ads,2024-10-15
9175,9175,2,2025-10-03,Paid Ads,2025-10-22
9176,9176,1,2024-08-19,Paid Ads,2024-09-16
9177,9177,1,2024-08-15,Organic Search,2024-08-20
9178,9178,29,2024-09-28,Direct,2024-10-12
9179,9179,9,2025-06-19,Organic Search,2025-07-16
9180,9180,21,2026-05-09,Direct,2026-05-21
9181,9181,25,2025-08-05,Organic Search,2025-08-28
9182,9182,2,2025-09-30,Email,2025-10-26
9183,9183,23,2024-06-05,Direct,2024-06-05
9184,9184,1,2024-09-04,Paid Ads,2024-09-19
9185,9185,16,2025-05-26,Direct,2025-06-24
9186,9186,28,2024-10-21,Organic Search,2024-10-23
9187,9187,16,2025-05-28,Organic Search,2025-06-26
9188,9188,24,2025-06-20,Paid Ads,2025-07-10
9189,9189,14,2026-04-20,Direct,2026-05-03
9190,9190,13,2026-02-01,Paid Ads,2026-03-03
9191,9191,15,2024-09-12,Organic Search,2024-10-02
9192,9192,17,2026-06-15,Organic Search,2026-07-12
9193,9193,14,2026-04-29,Organic Search,2026-05-15
9194,9194,7,2023-12-27,Organic Search,2024-01-10
9195,9195,29,2024-09-21,Paid Ads,2024-10-20
9196,9196,26,2025-09-16,Paid Ads,2025-10-12
9197,9197,15,2024-09-18,Paid Ads,2024-10-02
9198,9198,22,2026-08-17,Direct,2026-09-02
9199,9199,7,2023-12-22,Direct,2024-01-07
9200,9200,25,2025-08-04,Direct,2025-08-20
9201,9201,9,2025-05-26,Direct,2025-06-02
9202,9202,12,2024-04-01,Organic Search,2024-04-30
9203,9203,14,2026-05-07,Paid Ads,2026-05-29
9204,9204,28,2024-10-29,Direct,2024-11-01
9205,9205,25,2025-08-06,Direct,2025-08-24
9206,9206,9,2025-06-04,Direct,2025-07-01
9207,9207,6,2023-10-07,Organic Search,2023-10-20
9208,9208,28,2024-10-14,Paid Ads,2024-11-13
9209,9209,10,2024-05-10,Organic Search,2024-05-25
9210,9210,4,2024-01-18,Organic Search,2024-02-14
9211,9211,18,2025-12-06,Organic Search,2025-12-21
9212,9212,17,2026-06-18,Direct,2026-07-07
9213,9213,8,2024-01-13,Paid Ads,2024-02-03
9214,9214,22,2026-08-05,Direct,2026-09-02
9215,9215,7,2023-12-16,Organic Search,2024-01-01
9216,9216,7,2023-12-18,Organic Search,2024-01-01
9217,9217,30,2026-05-24,Direct,2026-06-05
9218,9218,23,2024-06-20,Organic Search,2024-06-20
9219,9219,27,2025-06-07,Direct,2025-06-25
9220,9220,29,2024-09-26,Paid Ads,2024-10-12
9221,9221,29,2024-10-01,Paid Ads,2024-10-14
9222,9222,4,2024-01-23,Organic Search,2024-02-12
9223,9223,6,2023-10-21,Email,2023-11-02
9224,9224,5,2024-01-20,Direct,2024-02-19
9225,9225,14,2026-04-19,Paid Ads,2026-04-19
9226,9226,27,2025-06-21,Organic Search,2025-07-17
9227,9227,9,2025-06-18,Organic Search,2025-07-17
9228,9228,9,2025-06-22,Organic Search,2025-07-17
9229,9229,1,2024-08-11,Email,2024-09-10
9230,9230,8,2024-01-07,Organic Search,2024-01-18
9231,9231,2,2025-10-01,Direct,2025-10-21
9232,9232,20,2025-11-17,Paid Ads,2025-11-26
9233,9233,15,2024-09-13,Organic Search,2024-10-11
9234,9234,17,2026-06-14,Direct,2026-06-22
9235,9235,27,2025-06-10,Organic Search,2025-07-07
9236,9236,17,2026-06-13,Direct,2026-06-19
9237,9237,11,2026-01-03,Direct,2026-01-26
9238,9238,2,2025-10-07,Organic Search,2025-10-22
9239,9239,19,2025-11-06,Organic Search,2025-12-03
9240,9240,30,2026-05-21,Organic Search,2026-06-04
9241,9241,4,2024-01-24,Direct,2024-02-03
9242,9242,8,2024-01-14,Email,2024-02-13
9243,9243,9,2025-06-11,Organic Search,2025-07-01
9244,9244,6,2023-10-15,Direct,2023-11-10
9245,9245,29,2024-09-29,Paid Ads,2024-10-11
9246,9246,5,2024-01-15,Organic Search,2024-01-28
9247,9247,23,2024-06-12,Email,2024-06-20
9248,9248,19,2025-10-29,Paid Ads,2025-11-27
9249,9249,16,2025-05-26,Direct,2025-06-24
9250,9250,23,2024-06-26,Organic Search,2024-06-26
9251,9251,19,2025-09-25,Paid Ads,2025-10-13
9252,9252,2,2025-09-27,Direct,2025-10-24
9253,9253,2,2025-10-07,Email,2025-10-24
9254,9254,14,2026-05-03,Direct,2026-05-20
9255,9255,27,2025-06-12,Organic Search,2025-07-03
9256,9256,30,2026-05-25,Organic Search,2026-06-05
9257,9257,20,2025-11-03,Email,2025-12-03
9258,9258,13,2026-01-28,Email,2026-01-29
9259,9259,6,2023-10-19,Organic Search,2023-11-03
9260,9260,18,2025-11-30,Direct,2025-12-01
9261,9261,6,2023-10-30,Paid Ads,2023-11-23
9262,9262,9,2025-05-19,Paid Ads,2025-06-12
9263,9263,26,2025-09-16,Paid Ads,2025-10-06
9264,9264,2,2025-10-04,Direct,2025-10-28
9265,9265,11,2025-12-27,Paid Ads,2026-01-18
9266,9266,26,2025-09-18,Organic Search,2025-09-19
9267,9267,19,2025-11-06,Paid Ads,2025-11-30
9268,9268,13,2026-01-26,Organic Search,2026-02-22
9269,9269,24,2025-06-27,Direct,2025-07-17
9270,9270,27,2025-06-15,Paid Ads,2025-06-29
9271,9271,4,2024-01-22,Organic Search,2024-01-23
9272,9272,29,2024-10-06,Paid Ads,2024-10-12
9273,9273,24,2025-06-17,Organic Search,2025-07-05
9274,9274,20,2025-11-05,Paid Ads,2025-11-19
9275,9275,12,2024-03-18,Organic Search,2024-04-11
9276,9276,2,2025-10-13,Organic Search,2025-10-16
9277,9277,13,2026-01-31,Paid Ads,2026-02-18
9278,9278,4,2024-01-24,Organic Search,2024-02-09
9279,9279,13,2026-01-26,Organic Search,2026-02-25
9280,9280,10,2024-05-18,Organic Search,2024-06-17
9281,9281,26,2025-09-19,Paid Ads,2025-10-11
9282,9282,20,2025-11-17,Organic Search,2025-11-30
9283,9283,23,2024-06-13,Paid Ads,2024-07-01
9284,9284,23,2024-06-25,Paid Ads,2024-06-27
9285,9285,12,2024-03-26,Organic Search,2024-04-01
9286,9286,20,2025-11-09,Organic Search,2025-11-13
9287,9287,14,2026-04-26,Email,2026-05-22
9288,9288,10,2024-05-17,Paid Ads,2024-06-02
9289,9289,27,2025-06-11,Direct,2025-07-06
9290,9290,20,2025-11-15,Paid Ads,2025-11-26
9291,9291,27,2025-06-16,Email,2025-06-18
9292,9292,28,2024-10-14,Paid Ads,2024-10-17
9293,9293,3,2025-09-25,Paid Ads,2025-09-29
9294,9294,25,2025-08-01,Paid Ads,2025-08-29
9295,9295,2,2025-10-01,Direct,2025-10-06
9296,9296,29,2024-09-29,Paid Ads,2024-10-03
9297,9297,12,2024-04-12,Paid Ads,2024-05-02
9298,9298,16,2025-04-18,Organic Search,2025-04-30
9299,9299,21,2026-04-28,Organic Search,2026-05-15
9300,9300,8,2024-01-13,Paid Ads,2024-01-26
9301,9301,16,2025-04-25,Paid Ads,2025-05-20
9302,9302,4,2024-01-18,Organic Search,2024-01-21
9303,9303,14,2026-04-26,Email,2026-05-17
9304,9304,22,2026-08-05,Organic Search,2026-08-18
9305,9305,26,2025-09-22,Paid Ads,2025-10-06
9306,9306,11,2026-01-01,Paid Ads,2026-01-18
9307,9307,3,2025-10-03,Organic Search,2025-10-04
9308,9308,13,2026-01-31,Paid Ads,2026-02-13
9309,9309,3,2025-10-05,Organic Search,2025-11-04
9310,9310,10,2024-05-13,Organic Search,2024-06-08
9311,9311,30,2026-05-23,Organic Search,2026-06-12
9312,9312,2,2025-10-03,Paid Ads,2025-10-27
9313,9313,30,2026-05-21,Paid Ads,2026-05-26
9314,9314,22,2026-08-17,Organic Search,2026-09-04
9315,9315,12,2024-04-13,Paid Ads,2024-05-12
9316,9316,16,2025-04-18,Organic Search,2025-04-29
9317,9317,27,2025-06-14,Paid Ads,2025-07-03
9318,9318,14,2026-04-18,Organic Search,2026-04-24
9319,9319,22,2026-08-09,Organic Search,2026-08-17
9320,9320,6,2023-10-07,Paid Ads,2023-10-25
9321,9321,16,2025-05-13,Organic Search,2025-06-09
9322,9322,25,2025-08-17,Paid Ads,2025-08-31
9323,9323,11,2026-01-30,Organic Search,2026-02-19
9324,9324,23,2024-06-27,Paid Ads,2024-07-16
9325,9325,15,2024-09-23,Direct,2024-10-04
9326,9326,9,2025-06-19,Paid Ads,2025-06-20
9327,9327,3,2025-09-27,Organic Search,2025-10-22
9328,9328,12,2024-04-03,Email,2024-04-25
9329,9329,2,2025-10-12,Organic Search,2025-10-15
9330,9330,30,2026-05-23,Paid Ads,2026-06-14
9331,9331,6,2023-09-28,Paid Ads,2023-10-04
9332,9332,14,2026-05-09,Paid Ads,2026-05-22
9333,9333,17,2026-06-20,Paid Ads,2026-07-04
9334,9334,12,2024-03-16,Email,2024-03-20
9335,9335,14,2026-04-20,Organic Search,2026-05-04
9336,9336,22,2026-08-13,Organic Search,2026-08-19
9337,9337,25,2025-08-08,Organic Search,2025-08-18
9338,9338,20,2025-11-25,Organic Search,2025-11-25
9339,9339,25,2025-08-07,Organic Search,2025-08-21
9340,9340,16,2025-05-05,Paid Ads,2025-05-26
9341,9341,20,2025-11-07,Paid Ads,2025-11-23
9342,9342,27,2025-06-29,Paid Ads,2025-07-09
9343,9343,8,2024-01-09,Direct,2024-01-13
9344,9344,24,2025-06-13,Direct,2025-06-27
9345,9345,26,2025-09-13,Direct,2025-10-04
9346,9346,22,2026-08-08,Email,2026-08-18
9347,9347,28,2024-10-16,Paid Ads,2024-10-25
9348,9348,27,2025-06-01,Paid Ads,2025-06-30
9349,9349,14,2026-05-01,Direct,2026-05-18
9350,9350,7,2023-12-18,Paid Ads,2023-12-27
9351,9351,9,2025-05-16,Email,2025-05-30
9352,9352,25,2025-08-03,Paid Ads,2025-08-10
9353,9353,27,2025-06-20,Organic Search,2025-07-19
9354,9354,19,2025-10-30,Paid Ads,2025-11-16
9355,9355,3,2025-10-04,Paid Ads,2025-11-01
9356,9356,13,2026-02-02,Paid Ads,2026-02-04
9357,9357,1,2024-09-06,Organic Search,2024-09-08
9358,9358,25,2025-07-30,Paid Ads,2025-08-17
9359,9359,24,2025-06-09,Organic Search,2025-07-03
9360,9360,13,2026-01-29,Paid Ads,2026-02-18
9361,9361,16,2025-04-18,Organic Search,2025-05-15
9362,9362,7,2023-12-26,Organic Search,2023-12-27
9363,9363,2,2025-10-05,Paid Ads,2025-10-16
9364,9364,25,2025-08-01,Organic Search,2025-08-17
9365,9365,25,2025-07-30,Paid Ads,2025-08-24
9366,9366,1,2024-08-16,Organic Search,2024-09-12
9367,9367,18,2025-11-30,Organic Search,2025-12-25
9368,9368,16,2025-05-08,Direct,2025-05-09
9369,9369,26,2025-09-20,Paid Ads,2025-10-05
9370,9370,25,2025-07-31,Paid Ads,2025-08-25
9371,9371,16,2025-05-10,Email,2025-05-16
9372,9372,10,2024-05-13,Email,2024-05-19
9373,9373,30,2026-05-18,Organic Search,2026-06-06
9374,9374,14,2026-05-03,Paid Ads,2026-05-08
9375,9375,18,2025-12-02,Direct,2025-12-15
9376,9376,22,2026-08-09,Organic Search,2026-08-31
9377,9377,6,2023-10-29,Organic Search,2023-10-29
9378,9378,28,2024-10-12,Direct,2024-11-10
9379,9379,27,2025-06-30,Organic Search,2025-07-24
9380,9380,15,2024-09-22,Paid Ads,2024-10-04
9381,9381,14,2026-05-09,Organic Search,2026-06-03
9382,9382,27,2025-06-12,Email,2025-06-30
9383,9383,21,2026-05-04,Direct,2026-05-19
9384,9384,15,2024-09-22,Direct,2024-10-11
9385,9385,13,2026-01-31,Direct,2026-01-31
9386,9386,22,2026-08-06,Organic Search,2026-08-13
9387,9387,15,2024-09-13,Organic Search,2024-09-15
9388,9388,19,2025-10-11,Paid Ads,2025-11-10
9389,9389,23,2024-06-09,Paid Ads,2024-07-02
9390,9390,29,2024-09-13,Direct,2024-10-05
9391,9391,20,2025-11-10,Email,2025-12-10
9392,9392,13,2026-01-26,Paid Ads,2026-02-24
9393,9393,18,2025-12-06,Paid Ads,2025-12-23
9394,9394,15,2024-09-10,Paid Ads,2024-09-28
9395,9395,17,2026-06-18,Organic Search,2026-07-15
9396,9396,29,2024-09-24,Organic Search,2024-10-15
9397,9397,7,2024-01-13,Organic Search,2024-02-12
9398,9398,2,2025-10-05,Direct,2025-10-26
9399,9399,26,2025-09-14,Organic Search,2025-09-28
9400,9400,14,2026-05-07,Direct,2026-06-04
9401,9401,1,2024-08-08,Organic Search,2024-08-10
9402,9402,6,2023-10-06,Direct,2023-10-09
9403,9403,1,2024-08-28,Paid Ads,2024-09-23
9404,9404,6,2023-10-20,Organic Search,2023-11-08
9405,9405,29,2024-09-13,Paid Ads,2024-10-08
9406,9406,29,2024-09-30,Paid Ads,2024-10-08
9407,9407,17,2026-06-17,Paid Ads,2026-07-08
9408,9408,28,2024-10-12,Paid Ads,2024-11-09
9409,9409,10,2024-05-17,Organic Search,2024-06-06
9410,9410,14,2026-04-11,Email,2026-04-12
9411,9411,12,2024-04-14,Organic Search,2024-04-24
9412,9412,5,2024-02-04,Organic Search,2024-02-13
9413,9413,18,2025-11-26,Paid Ads,2025-12-13
9414,9414,9,2025-05-17,Paid Ads,2025-06-02
9415,9415,12,2024-03-20,Organic Search,2024-04-07
9416,9416,10,2024-05-18,Direct,2024-06-10
9417,9417,4,2024-01-19,Paid Ads,2024-01-29
9418,9418,6,2023-10-04,Organic Search,2023-10-12
9419,9419,28,2024-10-24,Organic Search,2024-11-06
9420,9420,14,2026-04-16,Paid Ads,2026-05-12
9421,9421,24,2025-06-20,Email,2025-07-17
9422,9422,3,2025-09-23,Paid Ads,2025-09-30
9423,9423,25,2025-08-05,Organic Search,2025-08-17
9424,9424,11,2026-01-19,Organic Search,2026-02-15
9425,9425,22,2026-08-17,Organic Search,2026-08-28
9426,9426,23,2024-06-07,Direct,2024-06-10
9427,9427,18,2025-12-01,Paid Ads,2025-12-28
9428,9428,30,2026-05-18,Organic Search,2026-06-07
9429,9429,7,2024-01-07,Paid Ads,2024-01-15
9430,9430,7,2023-12-26,Organic Search,2024-01-15
9431,9431,28,2024-10-14,Email,2024-10-21
9432,9432,19,2025-09-29,Paid Ads,2025-10-22
9433,9433,15,2024-09-17,Organic Search,2024-10-17
9434,9434,15,2024-09-19,Direct,2024-10-02
9435,9435,23,2024-06-09,Paid Ads,2024-06-22
9436,9436,22,2026-08-03,Organic Search,2026-08-28
9437,9437,4,2024-01-19,Organic Search,2024-02-03
9438,9438,10,2024-05-11,Organic Search,2024-05-21
9439,9439,30,2026-05-20,Organic Search,2026-06-03
9440,9440,1,2024-09-09,Paid Ads,2024-09-20
9441,9441,8,2024-01-12,Organic Search,2024-01-25
9442,9442,21,2026-05-01,Organic Search,2026-05-14
9443,9443,11,2025-12-27,Direct,2026-01-03
9444,9444,14,2026-05-03,Organic Search,2026-05-18
9445,9445,15,2024-09-10,Paid Ads,2024-09-15
9446,9446,12,2024-03-25,Organic Search,2024-04-24
9447,9447,8,2024-01-12,Paid Ads,2024-02-10
9448,9448,18,2025-11-25,Paid Ads,2025-12-19
9449,9449,7,2023-12-12,Email,2024-01-04
9450,9450,11,2026-01-11,Paid Ads,2026-01-30
9451,9451,2,2025-10-15,Organic Search,2025-10-31
9452,9452,24,2025-06-15,Paid Ads,2025-06-18
9453,9453,18,2025-12-05,Paid Ads,2025-12-31
9454,9454,21,2026-05-04,Paid Ads,2026-05-14
9455,9455,11,2026-01-29,Paid Ads,2026-02-01
9456,9456,8,2024-01-11,Organic Search,2024-01-24
9457,9457,14,2026-04-20,Paid Ads,2026-05-13
9458,9458,23,2024-06-08,Organic Search,2024-07-08
9459,9459,18,2025-11-27,Paid Ads,2025-12-17
9460,9460,25,2025-07-31,Organic Search,2025-08-21
9461,9461,18,2025-12-06,Direct,2025-12-26
9462,9462,29,2024-09-18,Organic Search,2024-09-21
9463,9463,10,2024-05-12,Organic Search,2024-05-25
9464,9464,21,2026-05-01,Paid Ads,2026-05-22
9465,9465,18,2025-12-02,Paid Ads,2025-12-27
9466,9466,1,2024-08-15,Organic Search,2024-08-26
9467,9467,8,2024-01-14,Organic Search,2024-02-13
9468,9468,3,2025-09-23,Direct,2025-10-19
9469,9469,26,2025-09-19,Paid Ads,2025-10-11
9470,9470,5,2024-01-16,Organic Search,2024-02-14
9471,9471,21,2026-04-27,Email,2026-05-27
9472,9472,17,2026-06-14,Paid Ads,2026-06-18
9473,9473,29,2024-09-16,Paid Ads,2024-09-18
9474,9474,25,2025-08-04,Paid Ads,2025-08-18
9475,9475,9,2025-06-07,Organic Search,2025-06-21
9476,9476,11,2026-01-30,Email,2026-02-01
9477,9477,4,2024-01-24,Organic Search,2024-01-29
9478,9478,9,2025-06-08,Paid Ads,2025-06-22
9479,9479,22,2026-08-06,Organic Search,2026-08-30
9480,9480,27,2025-06-04,Paid Ads,2025-06-28
9481,9481,18,2025-12-04,Organic Search,2025-12-04
9482,9482,24,2025-05-24,Organic Search,2025-06-19
9483,9483,28,2024-10-23,Paid Ads,2024-11-21
9484,9484,18,2025-12-02,Direct,2025-12-05
9485,9485,4,2024-01-24,Paid Ads,2024-02-21
9486,9486,18,2025-12-06,Paid Ads,2025-12-07
9487,9487,23,2024-06-26,Organic Search,2024-07-16
9488,9488,1,2024-08-31,Organic Search,2024-09-04
9489,9489,25,2025-07-31,Paid Ads,2025-08-27
9490,9490,6,2023-10-29,Organic Search,2023-10-30
9491,9491,17,2026-06-18,Direct,2026-07-10
9492,9492,12,2024-03-21,Email,2024-03-27
9493,9493,12,2024-04-06,Organic Search,2024-05-03
9494,9494,17,2026-06-14,Direct,2026-06-15
9495,9495,15,2024-09-17,Paid Ads,2024-09-21
9496,9496,12,2024-03-28,Direct,2024-04-20
9497,9497,30,2026-05-22,Paid Ads,2026-06-08
9498,9498,6,2023-10-10,Organic Search,2023-10-24
9499,9499,17,2026-06-20,Paid Ads,2026-07-19
9500,9500,7,2024-01-07,Paid Ads,2024-01-21
9501,9501,29,2024-09-07,Direct,2024-09-12
9502,9502,23,2024-06-29,Paid Ads,2024-07-24
9503,9503,30,2026-05-18,Paid Ads,2026-05-22
9504,9504,7,2023-12-28,Organic Search,2024-01-18
9505,9505,26,2025-09-23,Direct,2025-09-23
9506,9506,11,2026-01-18,Organic Search,2026-02-01
9507,9507,3,2025-09-20,Paid Ads,2025-09-20
9508,9508,27,2025-06-30,Direct,2025-07-28
9509,9509,1,2024-09-02,Paid Ads,2024-09-28
9510,9510,28,2024-10-25,Direct,2024-10-29
9511,9511,20,2025-11-14,Direct,2025-11-20
9512,9512,10,2024-05-16,Email,2024-06-02
9513,9513,13,2026-01-26,Organic Search,2026-01-29
9514,9514,13,2026-01-24,Organic Search,2026-02-12
9515,9515,4,2024-01-23,Organic Search,2024-02-21
9516,9516,6,2023-10-04,Email,2023-10-08
9517,9517,14,2026-05-04,Organic Search,2026-05-16
9518,9518,12,2024-04-13,Paid Ads,2024-04-21
9519,9519,30,2026-05-16,Direct,2026-06-15
9520,9520,10,2024-05-17,Paid Ads,2024-06-16
9521,9521,18,2025-12-03,Paid Ads,2025-12-30
9522,9522,4,2024-01-20,Paid Ads,2024-02-13
9523,9523,21,2026-05-02,Paid Ads,2026-05-30
9524,9524,19,2025-10-26,Organic Search,2025-10-31
9525,9525,2,2025-10-13,Paid Ads,2025-10-22
9526,9526,24,2025-06-16,Organic Search,2025-07-03
9527,9527,20,2025-11-26,Organic Search,2025-12-12
9528,9528,8,2024-01-07,Organic Search,2024-01-13
9529,9529,7,2024-01-09,Direct,2024-01-30
9530,9530,24,2025-06-14,Organic Search,2025-06-20
9531,9531,29,2024-09-07,Organic Search,2024-09-20
9532,9532,20,2025-11-10,Organic Search,2025-11-16
9533,9533,8,2024-01-10,Paid Ads,2024-01-14
9534,9534,9,2025-06-12,Organic Search,2025-06-24
9535,9535,15,2024-09-13,Paid Ads,2024-10-09
9536,9536,28,2024-10-09,Paid Ads,2024-10-29
9537,9537,4,2024-01-23,Direct,2024-01-31
9538,9538,1,2024-08-06,Organic Search,2024-09-01
9539,9539,6,2023-10-27,Paid Ads,2023-11-09
9540,9540,14,2026-04-30,Paid Ads,2026-05-11
9541,9541,14,2026-05-06,Paid Ads,2026-05-31
9542,9542,19,2025-10-28,Email,2025-11-18
9543,9543,20,2025-11-15,Paid Ads,2025-11-16
9544,9544,15,2024-09-12,Organic Search,2024-10-08
9545,9545,23,2024-06-22,Organic Search,2024-07-08
9546,9546,20,2025-11-15,Organic Search,2025-12-03
9547,9547,17,2026-06-19,Organic Search,2026-07-13
9548,9548,16,2025-05-15,Paid Ads,2025-05-20
9549,9549,10,2024-05-15,Email,2024-05-30
9550,9550,24,2025-07-02,Organic Search,2025-07-20
9551,9551,2,2025-10-06,Organic Search,2025-10-20
9552,9552,9,2025-05-30,Paid Ads,2025-06-17
9553,9553,20,2025-11-20,Organic Search,2025-12-19
9554,9554,10,2024-05-11,Organic Search,2024-05-12
9555,9555,11,2026-01-14,Direct,2026-01-15
9556,9556,4,2024-01-23,Direct,2024-02-11
9557,9557,18,2025-12-04,Organic Search,2025-12-08
9558,9558,29,2024-10-07,Organic Search,2024-10-09
9559,9559,10,2024-05-15,Paid Ads,2024-06-11
9560,9560,8,2024-01-09,Organic Search,2024-02-06
9561,9561,27,2025-06-08,Email,2025-06-30
9562,9562,29,2024-10-07,Paid Ads,2024-11-01
9563,9563,28,2024-11-05,Organic Search,2024-11-28
9564,9564,6,2023-10-18,Paid Ads,2023-11-15
9565,9565,11,2026-01-09,Direct,2026-01-11
9566,9566,16,2025-04-23,Direct,2025-04-28
9567,9567,16,2025-05-28,Organic Search,2025-06-11
9568,9568,22,2026-08-11,Paid Ads,2026-08-18
9569,9569,10,2024-05-16,Organic Search,2024-06-06
9570,9570,19,2025-10-01,Organic Search,2025-10-19
9571,9571,30,2026-05-24,Direct,2026-06-07
9572,9572,19,2025-11-01,Paid Ads,2025-11-12
9573,9573,6,2023-10-24,Direct,2023-10-24
9574,9574,13,2026-01-25,Paid Ads,2026-02-08
9575,9575,29,2024-09-29,Direct,2024-10-28
9576,9576,12,2024-03-16,Paid Ads,2024-04-05
9577,9577,5,2024-01-22,Paid Ads,2024-01-25
9578,9578,25,2025-08-12,Email,2025-09-02
9579,9579,2,2025-09-28,Paid Ads,2025-10-09
9580,9580,28,2024-10-19,Paid Ads,2024-11-16
9581,9581,19,2025-10-31,Paid Ads,2025-11-20
9582,9582,28,2024-10-11,Organic Search,2024-10-24
9583,9583,4,2024-01-24,Organic Search,2024-02-22
9584,9584,22,2026-08-12,Paid Ads,2026-08-28
9585,9585,28,2024-10-13,Email,2024-10-28
9586,9586,4,2024-01-18,Paid Ads,2024-02-04
9587,9587,28,2024-10-12,Paid Ads,2024-10-14
9588,9588,22,2026-08-16,Organic Search,2026-09-10
9589,9589,25,2025-08-08,Paid Ads,2025-08-16
9590,9590,30,2026-05-18,Email,2026-05-23
9591,9591,16,2025-05-26,Paid Ads,2025-06-24
9592,9592,17,2026-06-18,Organic Search,2026-06-18
9593,9593,21,2026-05-05,Direct,2026-05-23
9594,9594,30,2026-05-20,Organic Search,2026-06-09
9595,9595,11,2026-01-23,Organic Search,2026-02-19
9596,9596,22,2026-08-08,Email,2026-08-20
9597,9597,8,2024-01-07,Paid Ads,2024-01-27
9598,9598,18,2025-12-03,Direct,2026-01-02
9599,9599,12,2024-03-23,Paid Ads,2024-03-30
9600,9600,22,2026-08-12,Paid Ads,2026-09-09
9601,9601,1,2024-09-06,Paid Ads,2024-09-19
9602,9602,1,2024-08-13,Direct,2024-09-01
9603,9603,17,2026-06-17,Organic Search,2026-06-30
9604,9604,17,2026-06-17,Paid Ads,2026-07-15
9605,9605,17,2026-06-17,Organic Search,2026-06-22
9606,9606,19,2025-09-28,Direct,2025-09-29
9607,9607,12,2024-04-10,Paid Ads,2024-04-20
9608,9608,11,2026-01-06,Paid Ads,2026-01-12
9609,9609,22,2026-08-15,Organic Search,2026-09-03
9610,9610,19,2025-10-04,Organic Search,2025-10-31
9611,9611,12,2024-04-13,Paid Ads,2024-05-11
9612,9612,20,2025-11-14,Paid Ads,2025-12-08
9613,9613,14,2026-04-09,Organic Search,2026-05-01
9614,9614,18,2025-11-30,Organic Search,2025-12-03
9615,9615,12,2024-03-19,Organic Search,2024-04-05
9616,9616,7,2024-01-01,Organic Search,2024-01-17
9617,9617,18,2025-12-05,Organic Search,2025-12-05
9618,9618,15,2024-09-25,Organic Search,2024-10-04
9619,9619,28,2024-10-24,Paid Ads,2024-10-31
9620,9620,6,2023-10-22,Paid Ads,2023-11-06
9621,9621,23,2024-06-29,Paid Ads,2024-07-21
9622,9622,2,2025-09-29,Paid Ads,2025-10-11
9623,9623,11,2026-01-18,Organic Search,2026-02-15
9624,9624,11,2026-01-02,Paid Ads,2026-01-10
9625,9625,18,2025-12-02,Paid Ads,2025-12-19
9626,9626,16,2025-05-04,Paid Ads,2025-05-24
9627,9627,6,2023-10-07,Paid Ads,2023-10-28
9628,9628,8,2024-01-07,Paid Ads,2024-02-06
9629,9629,26,2025-09-19,Paid Ads,2025-10-19
9630,9630,2,2025-09-30,Paid Ads,2025-10-20
9631,9631,25,2025-08-16,Direct,2025-08-19
9632,9632,1,2024-09-07,Direct,2024-09-08
9633,9633,18,2025-12-04,Direct,2025-12-18
9634,9634,21,2026-05-10,Paid Ads,2026-05-24
9635,9635,30,2026-05-20,Organic Search,2026-06-10
9636,9636,29,2024-10-01,Organic Search,2024-10-07
9637,9637,7,2024-01-12,Organic Search,2024-02-05
9638,9638,24,2025-06-04,Organic Search,2025-06-21
9639,9639,11,2026-01-24,Paid Ads,2026-01-31
9640,9640,25,2025-08-07,Organic Search,2025-09-04
9641,9641,22,2026-08-14,Direct,2026-09-01
9642,9642,6,2023-10-21,Paid Ads,2023-11-08
9643,9643,13,2026-02-01,Paid Ads,2026-02-10
9644,9644,8,2024-01-09,Email,2024-01-11
9645,9645,24,2025-06-06,Paid Ads,2025-06-19
9646,9646,8,2024-01-10,Paid Ads,2024-01-12
9647,9647,19,2025-10-19,Paid Ads,2025-10-30
9648,9648,14,2026-05-04,Direct,2026-05-24
9649,9649,25,2025-08-12,Paid Ads,2025-08-26
9650,9650,7,2023-12-20,Direct,2023-12-28
9651,9651,4,2024-01-23,Direct,2024-02-16
9652,9652,22,2026-08-10,Direct,2026-08-27
9653,9653,26,2025-09-21,Paid Ads,2025-10-11
9654,9654,23,2024-06-17,Organic Search,2024-06-22
9655,9655,27,2025-06-13,Direct,2025-06-20
9656,9656,5,2024-01-29,Paid Ads,2024-01-29
9657,9657,26,2025-09-19,Organic Search,2025-10-08
9658,9658,3,2025-09-20,Paid Ads,2025-10-17
9659,9659,27,2025-06-12,Organic Search,2025-07-05
9660,9660,30,2026-05-18,Direct,2026-06-12
9661,9661,13,2026-01-26,Paid Ads,2026-02-11
9662,9662,3,2025-09-22,Organic Search,2025-10-14
9663,9663,14,2026-05-01,Paid Ads,2026-05-08
9664,9664,29,2024-09-27,Organic Search,2024-09-27
9665,9665,7,2023-12-27,Direct,2023-12-27
9666,9666,10,2024-05-12,Email,2024-05-19
9667,9667,11,2026-02-01,Organic Search,2026-03-02
9668,9668,4,2024-01-25,Email,2024-02-21
9669,9669,6,2023-10-19,Organic Search,2023-11-08
9670,9670,24,2025-06-24,Organic Search,2025-07-17
9671,9671,10,2024-05-14,Direct,2024-05-24
9672,9672,23,2024-06-15,Paid Ads,2024-06-16
9673,9673,13,2026-01-24,Paid Ads,2026-01-26
9674,9674,26,2025-09-11,Email,2025-09-25
9675,9675,10,2024-05-17,Paid Ads,2024-06-16
9676,9676,28,2024-10-24,Paid Ads,2024-11-04
9677,9677,1,2024-08-13,Direct,2024-09-02
9678,9678,19,2025-10-19,Paid Ads,2025-11-17
9679,9679,19,2025-10-05,Paid Ads,2025-10-13
9680,9680,30,2026-05-23,Paid Ads,2026-06-19
9681,9681,13,2026-01-31,Paid Ads,2026-02-20
9682,9682,2,2025-10-10,Organic Search,2025-11-04
9683,9683,16,2025-05-19,Paid Ads,2025-06-12
9684,9684,21,2026-04-27,Organic Search,2026-05-23
9685,9685,29,2024-10-05,Organic Search,2024-10-08
9686,9686,23,2024-06-28,Paid Ads,2024-07-24
9687,9687,19,2025-10-04,Paid Ads,2025-10-16
9688,9688,9,2025-06-06,Organic Search,2025-06-08
9689,9689,1,2024-08-19,Paid Ads,2024-08-21
9690,9690,10,2024-05-14,Organic Search,2024-05-21
9691,9691,23,2024-06-27,Direct,2024-07-10
9692,9692,10,2024-05-12,Organic Search,2024-06-03
9693,9693,26,2025-09-15,Paid Ads,2025-09-23
9694,9694,10,2024-05-17,Paid Ads,2024-06-11
9695,9695,14,2026-04-21,Organic Search,2026-05-11
9696,9696,24,2025-06-19,Organic Search,2025-07-08
9697,9697,15,2024-09-10,Email,2024-09-22
9698,9698,24,2025-06-16,Organic Search,2025-07-15
9699,9699,28,2024-11-04,Direct,2024-11-30
9700,9700,25,2025-08-06,Paid Ads,2025-09-01
9701,9701,11,2025-12-31,Direct,2026-01-25
9702,9702,17,2026-06-18,Paid Ads,2026-06-25
9703,9703,17,2026-06-18,Organic Search,2026-07-12
9704,9704,26,2025-09-19,Email,2025-10-19
9705,9705,30,2026-05-21,Organic Search,2026-05-25
9706,9706,25,2025-07-30,Paid Ads,2025-08-07
9707,9707,14,2026-05-04,Organic Search,2026-05-31
9708,9708,8,2024-01-11,Organic Search,2024-01-28
9709,9709,23,2024-06-26,Organic Search,2024-07-17
9710,9710,15,2024-09-13,Organic Search,2024-10-07
9711,9711,8,2024-01-11,Email,2024-01-24
9712,9712,10,2024-05-12,Direct,2024-06-10
9713,9713,19,2025-10-22,Organic Search,2025-11-11
9714,9714,9,2025-06-03,Paid Ads,2025-06-10
9715,9715,24,2025-06-08,Organic Search,2025-06-25
9716,9716,8,2024-01-13,Paid Ads,2024-02-03
9717,9717,10,2024-05-16,Direct,2024-06-08
9718,9718,6,2023-10-01,Paid Ads,2023-10-19
9719,9719,30,2026-05-23,Organic Search,2026-05-31
9720,9720,3,2025-09-26,Email,2025-10-20
9721,9721,11,2026-01-21,Direct,2026-02-03
9722,9722,13,2026-01-24,Paid Ads,2026-01-28
9723,9723,6,2023-10-23,Organic Search,2023-11-09
9724,9724,8,2024-01-14,Paid Ads,2024-02-01
9725,9725,6,2023-10-30,Direct,2023-11-17
9726,9726,2,2025-09-26,Paid Ads,2025-10-07
9727,9727,2,2025-10-02,Paid Ads,2025-10-04
9728,9728,9,2025-06-03,Email,2025-06-17
9729,9729,6,2023-10-25,Paid Ads,2023-11-17
9730,9730,18,2025-11-28,Direct,2025-12-19
9731,9731,8,2024-01-08,Direct,2024-01-23
9732,9732,2,2025-10-12,Organic Search,2025-10-25
9733,9733,17,2026-06-19,Organic Search,2026-06-24
9734,9734,21,2026-04-27,Direct,2026-05-09
9735,9735,29,2024-09-25,Organic Search,2024-10-22
9736,9736,22,2026-08-04,Organic Search,2026-08-07
9737,9737,1,2024-08-22,Paid Ads,2024-09-10
9738,9738,13,2026-01-30,Organic Search,2026-02-06
9739,9739,4,2024-01-17,Organic Search,2024-02-08
9740,9740,23,2024-06-11,Organic Search,2024-07-04
9741,9741,19,2025-10-15,Organic Search,2025-11-09
9742,9742,12,2024-04-08,Organic Search,2024-05-08
9743,9743,29,2024-09-13,Organic Search,2024-10-10
9744,9744,12,2024-04-07,Paid Ads,2024-04-14
9745,9745,12,2024-04-16,Paid Ads,2024-05-11
9746,9746,5,2024-01-18,Paid Ads,2024-02-11
9747,9747,22,2026-08-14,Organic Search,2026-08-25
9748,9748,10,2024-05-13,Paid Ads,2024-06-04
9749,9749,18,2025-12-06,Organic Search,2025-12-07
9750,9750,13,2026-01-24,Email,2026-02-08
9751,9751,11,2026-01-08,Email,2026-01-10
9752,9752,17,2026-06-18,Organic Search,2026-07-06
9753,9753,5,2024-02-12,Paid Ads,2024-03-07
9754,9754,15,2024-09-25,Paid Ads,2024-10-24
9755,9755,8,2024-01-08,Organic Search,2024-01-14
9756,9756,30,2026-05-16,Paid Ads,2026-06-10
9757,9757,9,2025-05-27,Organic Search,2025-06-03
9758,9758,11,2025-12-31,Paid Ads,2026-01-26
9759,9759,3,2025-10-01,Paid Ads,2025-10-04
9760,9760,16,2025-05-02,Paid Ads,2025-05-06
9761,9761,18,2025-11-25,Email,2025-12-11
9762,9762,19,2025-10-08,Organic Search,2025-10-19
9763,9763,28,2024-10-20,Paid Ads,2024-10-20
9764,9764,16,2025-05-11,Organic Search,2025-05-24
9765,9765,8,2024-01-09,Email,2024-01-13
9766,9766,13,2026-01-29,Paid Ads,2026-02-19
9767,9767,30,2026-05-25,Organic Search,2026-06-03
9768,9768,14,2026-04-19,Paid Ads,2026-05-13
9769,9769,14,2026-04-26,Paid Ads,2026-05-18
9770,9770,4,2024-01-20,Organic Search,2024-02-08
9771,9771,16,2025-05-13,Organic Search,2025-05-16
9772,9772,3,2025-09-20,Direct,2025-10-15
9773,9773,20,2025-11-23,Email,2025-11-26
9774,9774,1,2024-08-10,Paid Ads,2024-08-24
9775,9775,9,2025-05-30,Direct,2025-06-02
9776,9776,3,2025-09-23,Paid Ads,2025-10-04
9777,9777,18,2025-12-05,Direct,2026-01-04
9778,9778,1,2024-08-26,Organic Search,2024-09-21
9779,9779,10,2024-05-16,Organic Search,2024-05-29
9780,9780,29,2024-10-06,Paid Ads,2024-11-02
9781,9781,12,2024-04-09,Paid Ads,2024-04-14
9782,9782,13,2026-02-01,Direct,2026-02-12
9783,9783,9,2025-06-07,Organic Search,2025-06-14
9784,9784,13,2026-02-02,Organic Search,2026-02-20
9785,9785,14,2026-04-13,Paid Ads,2026-04-22
9786,9786,18,2025-11-25,Paid Ads,2025-12-01
9787,9787,10,2024-05-12,Paid Ads,2024-06-04
9788,9788,16,2025-05-05,Organic Search,2025-05-11
9789,9789,13,2026-01-27,Organic Search,2026-02-19
9790,9790,30,2026-05-24,Direct,2026-05-29
9791,9791,23,2024-06-04,Organic Search,2024-06-11
9792,9792,3,2025-09-23,Organic Search,2025-10-15
9793,9793,29,2024-09-16,Email,2024-10-13
9794,9794,4,2024-01-22,Paid Ads,2024-01-27
9795,9795,8,2024-01-14,Paid Ads,2024-01-15
9796,9796,15,2024-09-12,Paid Ads,2024-10-08
9797,9797,9,2025-05-21,Paid Ads,2025-06-15
9798,9798,20,2025-11-22,Organic Search,2025-12-20
9799,9799,17,2026-06-18,Paid Ads,2026-07-04
9800,9800,30,2026-05-16,Direct,2026-05-25
9801,9801,16,2025-05-12,Organic Search,2025-05-23
9802,9802,23,2024-06-15,Paid Ads,2024-06-16
9803,9803,25,2025-08-07,Paid Ads,2025-08-08
9804,9804,18,2025-12-05,Email,2025-12-22
9805,9805,2,2025-10-03,Email,2025-11-02
9806,9806,20,2025-11-09,Paid Ads,2025-11-18
9807,9807,11,2026-01-13,Paid Ads,2026-02-08
9808,9808,11,2026-01-07,Paid Ads,2026-01-14
9809,9809,13,2026-01-29,Email,2026-02-25
9810,9810,10,2024-05-11,Paid Ads,2024-06-07
9811,9811,23,2024-06-19,Organic Search,2024-06-26
9812,9812,9,2025-06-13,Paid Ads,2025-06-20
9813,9813,16,2025-05-22,Paid Ads,2025-06-14
9814,9814,2,2025-10-03,Paid Ads,2025-10-07
9815,9815,10,2024-05-16,Paid Ads,2024-06-06
9816,9816,19,2025-10-24,Paid Ads,2025-11-16
9817,9817,27,2025-06-06,Direct,2025-07-01
9818,9818,19,2025-10-03,Paid Ads,2025-10-08
9819,9819,13,2026-01-28,Organic Search,2026-02-15
9820,9820,4,2024-01-21,Organic Search,2024-02-15
9821,9821,16,2025-04-26,Paid Ads,2025-05-05
9822,9822,3,2025-10-01,Paid Ads,2025-10-17
9823,9823,7,2024-01-03,Email,2024-01-14
9824,9824,22,2026-08-10,Direct,2026-09-09
9825,9825,13,2026-01-30,Organic Search,2026-02-27
9826,9826,2,2025-10-09,Direct,2025-10-18
9827,9827,21,2026-05-03,Organic Search,2026-05-20
9828,9828,11,2025-12-25,Organic Search,2026-01-17
9829,9829,14,2026-05-08,Organic Search,2026-05-19
9830,9830,29,2024-09-27,Organic Search,2024-10-13
9831,9831,28,2024-10-31,Organic Search,2024-11-17
9832,9832,24,2025-05-24,Organic Search,2025-06-03
9833,9833,3,2025-10-01,Direct,2025-10-15
9834,9834,10,2024-05-18,Organic Search,2024-06-04
9835,9835,2,2025-10-10,Direct,2025-10-15
9836,9836,2,2025-10-15,Paid Ads,2025-11-02
9837,9837,10,2024-05-15,Paid Ads,2024-05-19
9838,9838,7,2023-12-29,Organic Search,2024-01-21
9839,9839,17,2026-06-13,Direct,2026-06-13
9840,9840,27,2025-06-13,Paid Ads,2025-07-11
9841,9841,10,2024-05-14,Paid Ads,2024-06-10
9842,9842,27,2025-06-22,Direct,2025-07-21
9843,9843,21,2026-05-08,Organic Search,2026-05-22
9844,9844,18,2025-12-01,Paid Ads,2025-12-11
9845,9845,11,2025-12-21,Paid Ads,2026-01-15
9846,9846,23,2024-06-17,Paid Ads,2024-07-06
9847,9847,19,2025-11-03,Organic Search,2025-11-17
9848,9848,16,2025-05-16,Direct,2025-05-20
9849,9849,6,2023-10-27,Organic Search,2023-11-08
9850,9850,9,2025-05-31,Organic Search,2025-06-06
9851,9851,9,2025-05-14,Paid Ads,2025-05-19
9852,9852,29,2024-09-07,Organic Search,2024-09-09
9853,9853,30,2026-05-18,Paid Ads,2026-05-19
9854,9854,23,2024-06-10,Organic Search,2024-06-27
9855,9855,11,2026-01-05,Paid Ads,2026-01-07
9856,9856,4,2024-01-23,Paid Ads,2024-02-21
9857,9857,10,2024-05-15,Organic Search,2024-05-20
9858,9858,10,2024-05-10,Direct,2024-05-17
9859,9859,12,2024-03-17,Organic Search,2024-04-12
9860,9860,23,2024-06-13,Email,2024-06-15
9861,9861,2,2025-10-09,Paid Ads,2025-10-16
9862,9862,20,2025-11-25,Organic Search,2025-12-08
9863,9863,2,2025-10-07,Paid Ads,2025-10-11
9864,9864,28,2024-10-30,Organic Search,2024-11-05
9865,9865,21,2026-05-05,Organic Search,2026-05-27
9866,9866,2,2025-10-01,Direct,2025-10-13
9867,9867,15,2024-09-23,Organic Search,2024-10-18
9868,9868,16,2025-05-14,Paid Ads,2025-05-28
9869,9869,18,2025-11-26,Paid Ads,2025-12-06
9870,9870,7,2024-01-04,Direct,2024-01-11
9871,9871,15,2024-09-20,Organic Search,2024-09-21
9872,9872,15,2024-09-15,Organic Search,2024-09-23
9873,9873,17,2026-06-17,Paid Ads,2026-07-11
9874,9874,12,2024-04-10,Paid Ads,2024-04-18
9875,9875,11,2026-01-10,Paid Ads,2026-01-17
9876,9876,16,2025-05-25,Direct,2025-06-10
9877,9877,17,2026-06-20,Direct,2026-07-15
9878,9878,7,2023-12-12,Email,2024-01-03
9879,9879,15,2024-09-11,Paid Ads,2024-10-06
9880,9880,26,2025-09-15,Organic Search,2025-09-15
9881,9881,8,2024-01-13,Organic Search,2024-01-16
9882,9882,22,2026-08-13,Organic Search,2026-09-02
9883,9883,19,2025-10-15,Email,2025-10-15
9884,9884,20,2025-11-23,Paid Ads,2025-11-30
9885,9885,3,2025-09-22,Email,2025-09-27
9886,9886,30,2026-05-17,Organic Search,2026-05-19
9887,9887,3,2025-09-27,Paid Ads,2025-10-07
9888,9888,25,2025-08-05,Paid Ads,2025-08-25
9889,9889,28,2024-10-26,Organic Search,2024-11-17
9890,9890,7,2023-12-25,Paid Ads,2024-01-09
9891,9891,7,2024-01-16,Organic Search,2024-01-22
9892,9892,24,2025-06-13,Organic Search,2025-06-13
9893,9893,22,2026-08-16,Paid Ads,2026-08-27
9894,9894,12,2024-03-17,Direct,2024-03-26
9895,9895,13,2026-01-31,Organic Search,2026-02-04
9896,9896,20,2025-11-13,Organic Search,2025-11-24
9897,9897,25,2025-08-13,Paid Ads,2025-08-20
9898,9898,5,2024-02-12,Organic Search,2024-03-04
9899,9899,1,2024-09-03,Paid Ads,2024-09-23
9900,9900,10,2024-05-11,Organic Search,2024-06-03
9901,9901,15,2024-09-24,Organic Search,2024-10-02
9902,9902,1,2024-09-07,Organic Search,2024-09-07
9903,9903,20,2025-11-24,Paid Ads,2025-12-17
9904,9904,11,2026-01-12,Organic Search,2026-01-16
9905,9905,22,2026-08-10,Organic Search,2026-09-01
9906,9906,14,2026-04-08,Organic Search,2026-04-28
9907,9907,16,2025-04-20,Paid Ads,2025-04-26
9908,9908,27,2025-06-18,Paid Ads,2025-06-23
9909,9909,30,2026-05-18,Organic Search,2026-05-31
9910,9910,23,2024-06-15,Paid Ads,2024-07-10
9911,9911,9,2025-05-20,Paid Ads,2025-06-19
9912,9912,24,2025-06-26,Email,2025-07-14
9913,9913,11,2026-01-18,Organic Search,2026-01-21
9914,9914,14,2026-05-04,Organic Search,2026-05-16
9915,9915,17,2026-06-16,Paid Ads,2026-07-14
9916,9916,23,2024-06-19,Paid Ads,2024-07-15
9917,9917,11,2026-01-02,Direct,2026-01-20
9918,9918,30,2026-05-22,Organic Search,2026-05-31
9919,9919,22,2026-08-07,Direct,2026-08-29
9920,9920,2,2025-10-05,Organic Search,2025-11-04
9921,9921,25,2025-08-09,Organic Search,2025-09-02
9922,9922,1,2024-08-08,Paid Ads,2024-08-14
9923,9923,4,2024-01-26,Paid Ads,2024-02-14
9924,9924,6,2023-10-31,Paid Ads,2023-11-10
9925,9925,12,2024-04-11,Paid Ads,2024-05-05
9926,9926,8,2024-01-09,Organic Search,2024-01-18
9927,9927,14,2026-05-10,Organic Search,2026-05-13
9928,9928,10,2024-05-14,Email,2024-05-31
9929,9929,5,2024-01-22,Organic Search,2024-02-19
9930,9930,14,2026-04-27,Direct,2026-05-05
9931,9931,18,2025-12-03,Organic Search,2025-12-19
9932,9932,21,2026-05-09,Organic Search,2026-06-06
9933,9933,16,2025-05-14,Paid Ads,2025-06-02
9934,9934,2,2025-10-03,Organic Search,2025-10-03
9935,9935,10,2024-05-10,Paid Ads,2024-05-23
9936,9936,10,2024-05-16,Organic Search,2024-05-27
9937,9937,19,2025-10-24,Organic Search,2025-11-21
9938,9938,22,2026-08-03,Paid Ads,2026-08-15
9939,9939,5,2024-02-12,Direct,2024-03-13
9940,9940,23,2024-06-22,Paid Ads,2024-07-06
9941,9941,22,2026-08-16,Paid Ads,2026-08-17
9942,9942,14,2026-04-20,Email,2026-05-17
9943,9943,3,2025-09-27,Organic Search,2025-10-24
9944,9944,18,2025-12-03,Direct,2025-12-21
9945,9945,9,2025-06-12,Paid Ads,2025-06-22
9946,9946,23,2024-06-14,Paid Ads,2024-07-10
9947,9947,30,2026-05-20,Direct,2026-05-27
9948,9948,30,2026-05-16,Organic Search,2026-06-03
9949,9949,14,2026-04-12,Direct,2026-04-16
9950,9950,28,2024-11-04,Organic Search,2024-11-21
9951,9951,15,2024-09-16,Paid Ads,2024-10-15
9952,9952,14,2026-04-28,Paid Ads,2026-05-28
9953,9953,16,2025-04-30,Paid Ads,2025-05-12
9954,9954,29,2024-10-07,Paid Ads,2024-10-07
9955,9955,30,2026-05-16,Email,2026-05-17
9956,9956,22,2026-08-13,Paid Ads,2026-08-26
9957,9957,29,2024-09-30,Organic Search,2024-10-09
9958,9958,30,2026-05-17,Paid Ads,2026-05-22
9959,9959,7,2024-01-08,Paid Ads,2024-01-19
9960,9960,26,2025-09-19,Organic Search,2025-10-03
9961,9961,9,2025-06-11,Email,2025-06-24
9962,9962,22,2026-08-18,Paid Ads,2026-09-16
9963,9963,25,2025-08-15,Organic Search,2025-09-04
9964,9964,7,2024-01-14,Paid Ads,2024-01-15
9965,9965,30,2026-05-19,Organic Search,2026-05-23
9966,9966,3,2025-09-21,Paid Ads,2025-09-24
9967,9967,7,2024-01-10,Paid Ads,2024-01-26
9968,9968,18,2025-12-04,Organic Search,2025-12-16
9969,9969,30,2026-05-25,Organic Search,2026-05-28
9970,9970,28,2024-10-09,Organic Search,2024-11-04
9971,9971,19,2025-11-06,Organic Search,2025-11-17
9972,9972,20,2025-11-12,Paid Ads,2025-11-17
9973,9973,1,2024-08-10,Organic Search,2024-09-06
9974,9974,7,2024-01-10,Paid Ads,2024-01-21
9975,9975,23,2024-06-29,Paid Ads,2024-07-23
9976,9976,30,2026-05-16,Paid Ads,2026-05-26
9977,9977,16,2025-04-23,Paid Ads,2025-05-01
9978,9978,7,2023-12-26,Paid Ads,2024-01-04
9979,9979,11,2026-02-02,Organic Search,2026-03-03
9980,9980,5,2024-02-04,Paid Ads,2024-02-15
9981,9981,24,2025-06-08,Paid Ads,2025-06-14
9982,9982,18,2025-12-04,Paid Ads,2025-12-20
9983,9983,14,2026-05-10,Paid Ads,2026-06-03
9984,9984,19,2025-09-27,Paid Ads,2025-09-29
9985,9985,5,2024-01-23,Direct,2024-01-24
9986,9986,13,2026-01-28,Email,2026-02-15
9987,9987,20,2025-11-09,Paid Ads,2025-11-09
9988,9988,25,2025-08-14,Paid Ads,2025-08-21
9989,9989,28,2024-10-11,Paid Ads,2024-11-03
9990,9990,15,2024-09-16,Email,2024-10-05
9991,9991,30,2026-05-25,Organic Search,2026-06-22
9992,9992,11,2026-01-18,Organic Search,2026-01-25
9993,9993,8,2024-01-07,Direct,2024-01-20
9994,9994,12,2024-03-17,Paid Ads,2024-04-08
9995,9995,2,2025-10-04,Organic Search,2025-10-05
9996,9996,8,2024-01-13,Direct,2024-02-10
9997,9997,13,2026-01-22,Direct,2026-01-22
9998,9998,8,2024-01-09,Organic Search,2024-01-28
9999,9999,29,2024-10-05,Direct,2024-10-05
10000,10000,8,2024-01-08,Paid Ads,2024-01-24
