payment_id,booking_id,payment_timestamp,payment_method,payment_status,transaction_id,amount_paid,refund_amount,currency
1,1,2026-07-07 02:34:56,UPI,Paid,TPPAYRMKR7YXKCF,34473.6,0.0,INR
2,2,2026-09-01 03:23:40,UPI,Paid,TPPAYSYLGXB0P60,20698.0,0.0,INR
3,3,2023-09-30 02:53:33,Net Banking,Paid,TPPAYX5G1VKV5WN,30310.4,0.0,INR
4,4,2025-02-18 02:15:39,Debit Card,Paid,TPPAY5E78Q5JN84,39572.0,0.0,INR
5,5,2026-02-25 05:46:55,Credit Card,Refunded,TPPAYK9IGX5A0Y4,23706.0,23706.0,INR
6,6,2023-11-24 01:30:10,Net Banking,Paid,TPPAY40FOU4YV5F,10379.7,0.0,INR
7,7,2026-07-29 00:50:15,UPI,Paid,TPPAYPQ2FBZ5MZM,25908.0,0.0,INR
8,8,2026-07-18 00:41:53,Credit Card,Refunded,TPPAYKQAG0MRXYN,84795.0,84795.0,INR
9,9,2026-07-08 20:46:26,UPI,Pending,TPPAYGUZLQOV5Q5,0.0,0.0,INR
10,10,2026-07-18 13:14:20,Debit Card,Paid,TPPAYRZ5G4K99HX,35993.6,0.0,INR
11,11,2026-03-11 10:01:26,UPI,Paid,TPPAYXNH7NHNC0R,24322.0,0.0,INR
12,12,2026-06-28 01:21:49,UPI,Paid,TPPAYBK560YGIXD,28146.6,0.0,INR
13,13,2026-08-26 08:27:50,Credit Card,Pending,TPPAYX7CMGBOB41,0.0,0.0,INR
14,14,2026-08-04 22:49:53,Debit Card,Paid,TPPAYE7QA3TAPXH,8837.0,0.0,INR
15,15,2026-06-20 21:13:10,Wallet,Paid,TPPAYWKZJEI04XO,121965.0,0.0,INR
16,16,2025-09-25 21:54:18,Credit Card,Paid,TPPAYONWOEW60H5,34818.0,0.0,INR
17,17,2026-08-19 21:59:42,UPI,Paid,TPPAY2EJUJPM6HS,46570.5,0.0,INR
18,18,2026-07-28 19:21:02,Credit Card,Paid,TPPAY3JYW3G7PAP,67296.0,0.0,INR
19,19,2026-08-04 16:29:41,Net Banking,Pending,TPPAY1AE7IHUCED,0.0,0.0,INR
20,20,2025-03-24 08:08:15,Credit Card,Paid,TPPAY953LY39B16,35148.0,0.0,INR
21,21,2026-07-23 00:58:24,Credit Card,Paid,TPPAYCEYPE3KLPL,21122.3,0.0,INR
22,22,2026-08-06 20:19:44,Credit Card,Refunded,TPPAY5Q8WTK79NL,10336.85,10336.85,INR
23,23,2026-08-13 15:23:58,UPI,Paid,TPPAYTV5PG3GWSQ,86808.0,0.0,INR
24,24,2024-08-21 04:21:10,Debit Card,Paid,TPPAYZE5LVZU89C,20698.0,0.0,INR
25,25,2023-12-06 00:18:25,Credit Card,Paid,TPPAYR7893PY8R9,23101.2,0.0,INR
26,26,2026-08-21 20:52:46,UPI,Paid,TPPAYQPIJMWLD83,19178.0,0.0,INR
27,27,2026-06-28 23:55:57,Debit Card,Pending,TPPAYT5F58AL9SO,0.0,0.0,INR
28,28,2026-06-16 12:24:04,Net Banking,Paid,TPPAYPCQWGK759O,52276.0,0.0,INR
29,29,2025-11-22 12:20:00,Credit Card,Paid,TPPAYRH4X24AH7Y,19692.0,0.0,INR
30,30,2025-08-07 20:36:14,UPI,Paid,TPPAYE32A35EGJ3,30108.0,0.0,INR
31,31,2026-06-17 20:32:41,Credit Card,Paid,TPPAY70C3F03I8T,9355.0,0.0,INR
32,32,2026-08-12 03:07:57,UPI,Paid,TPPAY897MIAVTPT,25359.0,0.0,INR
33,33,2026-07-01 18:03:55,Debit Card,Paid,TPPAYNLUYL18SFI,25908.0,0.0,INR
34,34,2026-07-03 07:23:53,UPI,Paid,TPPAYRA7TE7P7YM,109055.0,0.0,INR
35,35,2026-03-25 10:34:46,Credit Card,Paid,TPPAYTS5ELRV43Q,61772.0,0.0,INR
36,36,2025-10-07 19:32:47,UPI,Paid,TPPAYIR1AT97BFJ,33351.0,0.0,INR
37,37,2025-07-08 08:42:11,UPI,Refunded,TPPAYGCNBSLWQ0F,38527.25,38527.25,INR
38,38,2024-05-21 23:44:43,Credit Card,Paid,TPPAYGIHO5XXU55,44756.0,0.0,INR
39,39,2026-08-09 16:20:33,Credit Card,Paid,TPPAYTG2MLK0EQR,25563.75,0.0,INR
40,40,2025-12-02 01:22:51,Net Banking,Paid,TPPAYDAYBNAAJ0K,139032.0,0.0,INR
41,41,2026-08-19 16:18:52,UPI,Paid,TPPAYT6DSVCPQWV,62006.0,0.0,INR
42,42,2026-08-07 15:22:11,UPI,Paid,TPPAY6EHI28GLUD,105248.7,0.0,INR
43,43,2024-07-15 12:16:00,UPI,Paid,TPPAY8W60ZGQ30O,44468.0,0.0,INR
44,44,2026-07-15 17:48:16,Credit Card,Paid,TPPAYMDMZTZSFLK,31401.0,0.0,INR
45,45,2024-10-18 14:56:56,Net Banking,Paid,TPPAYCQWAOD5UE2,51914.0,0.0,INR
46,46,2026-06-24 04:17:29,Debit Card,Paid,TPPAYM4CU3LKEPV,10005.3,0.0,INR
47,47,2025-10-31 06:53:53,Debit Card,Paid,TPPAYCHC35D2SJX,12905.0,0.0,INR
48,48,2024-07-18 17:24:08,UPI,Paid,TPPAY6TQ0JGSK31,46148.0,0.0,INR
49,49,2026-07-27 00:48:16,Credit Card,Paid,TPPAY06KZGT6AQE,122716.25,0.0,INR
50,50,2024-06-29 17:56:19,Credit Card,Paid,TPPAY4QRPYCL1GA,29180.2,0.0,INR
51,51,2024-04-22 15:59:06,Wallet,Paid,TPPAYZOD1XISCB7,146420.0,0.0,INR
52,52,2026-07-01 11:16:45,UPI,Paid,TPPAYH7JFRHRBIF,65106.0,0.0,INR
53,53,2026-09-04 16:38:35,Credit Card,Paid,TPPAY5IEX380IKQ,33567.0,0.0,INR
54,54,2026-02-18 01:35:47,Debit Card,Paid,TPPAYOC4J2TWIPH,155924.0,0.0,INR
55,55,2025-07-26 10:50:36,Net Banking,Paid,TPPAYME6DLSVOE1,77434.0,0.0,INR
56,56,2024-08-25 10:35:13,Net Banking,Refunded,TPPAY9K0EY52KEL,14818.0,14818.0,INR
57,57,2026-08-13 13:35:14,UPI,Refunded,TPPAYKW56HJSDYM,92560.0,14818.0,INR
58,58,2026-04-04 10:34:25,Credit Card,Paid,TPPAYC5VG38VQVK,121965.0,0.0,INR
59,59,2023-11-01 10:08:56,Debit Card,Paid,TPPAYTPWJHQJUQW,55365.0,0.0,INR
60,60,2024-12-17 15:36:41,UPI,Paid,TPPAYT0HY5D22XM,103820.0,0.0,INR
61,61,2025-10-22 03:15:19,Debit Card,Refunded,TPPAYZSO1ZOHTPY,10298.95,10298.95,INR
62,62,2026-08-12 23:39:08,UPI,Refunded,TPPAYH3UFL2QWFJ,12030.0,12030.0,INR
63,63,2025-05-22 09:34:13,Credit Card,Paid,TPPAYX32Q2IV8BS,44468.0,0.0,INR
64,64,2025-11-19 01:43:57,Credit Card,Paid,TPPAYSXCVUI3IGX,33351.0,0.0,INR
65,65,2023-10-20 10:27:06,Credit Card,Paid,TPPAYBABQDAQ9F6,50928.0,0.0,INR
66,66,2024-12-11 00:47:48,UPI,Paid,TPPAYY194XM35SH,31312.95,0.0,INR
67,67,2026-08-14 07:23:11,Debit Card,Paid,TPPAYB3OVOJTZZM,17481.6,0.0,INR
68,68,2026-07-21 05:12:09,Net Banking,Paid,TPPAYBDAIN1KMEW,109055.0,0.0,INR
69,69,2026-08-07 15:21:54,Credit Card,Paid,TPPAY7VFDSLPZAU,25908.0,0.0,INR
70,70,2023-11-01 17:22:02,UPI,Paid,TPPAYD46FR94EA1,46074.0,0.0,INR
71,71,2026-06-13 21:26:23,Credit Card,Paid,TPPAYH910ICYIMF,103828.0,0.0,INR
72,72,2023-11-28 22:29:54,Credit Card,Paid,TPPAYBZBKRY6B68,33567.0,0.0,INR
73,73,2026-06-22 03:33:46,UPI,Paid,TPPAY9Q82EC5NJG,81310.0,0.0,INR
74,74,2025-06-17 16:24:26,UPI,Paid,TPPAYNZKFB6THT6,130620.0,0.0,INR
75,75,2025-02-24 15:03:18,Credit Card,Paid,TPPAYOVS9S1V886,33480.0,0.0,INR
76,76,2026-07-02 06:42:17,Net Banking,Paid,TPPAY1RAPP6PSS3,28061.1,0.0,INR
77,77,2026-06-23 23:24:34,UPI,Paid,TPPAYNYWC3TRB45,83645.0,0.0,INR
78,78,2026-08-12 15:45:19,Credit Card,Paid,TPPAY5Z8P2PHBYD,81310.0,0.0,INR
79,79,2026-08-16 05:57:32,Net Banking,Pending,TPPAYZDF7FP8G9V,0.0,0.0,INR
80,80,2024-02-19 02:20:10,UPI,Paid,TPPAYD8JSJ2FF25,74691.2,0.0,INR
81,81,2024-02-21 09:29:24,Debit Card,Paid,TPPAYGEIKBP1Y0S,70023.0,0.0,INR
82,82,2024-12-24 18:10:33,UPI,Paid,TPPAY5EXRBPPTIA,31139.1,0.0,INR
83,83,2026-06-12 14:30:42,UPI,Paid,TPPAYVA7Q4ZZW2Z,82467.6,0.0,INR
84,84,2026-06-21 17:44:29,Net Banking,Paid,TPPAY3NI6D099AN,48206.4,0.0,INR
85,85,2025-03-06 23:58:27,Credit Card,Paid,TPPAYO8J9E5NEFZ,44756.0,0.0,INR
86,86,2024-09-28 19:31:38,UPI,Paid,TPPAYO7P20EY4HU,27215.6,0.0,INR
87,87,2026-06-26 02:17:09,Wallet,Paid,TPPAY39TN0CHB85,27189.0,0.0,INR
88,88,2024-07-12 11:06:17,Wallet,Paid,TPPAYYLFPI9KL29,49284.0,0.0,INR
89,89,2026-08-16 15:22:37,Debit Card,Refunded,TPPAY1CUFZ7ZD8D,162620.0,162620.0,INR
90,90,2024-04-19 05:39:18,Credit Card,Refunded,TPPAYNDX6PS7RVG,75831.0,75831.0,INR
91,91,2026-09-05 10:12:24,UPI,Pending,TPPAYGDAVFFA50T,0.0,0.0,INR
92,92,2026-07-09 21:56:34,UPI,Paid,TPPAYL5RO724931,32085.0,0.0,INR
93,93,2024-05-18 21:02:49,UPI,Paid,TPPAY1NM920YO6M,44518.5,0.0,INR
94,94,2026-01-01 01:16:58,Net Banking,Paid,TPPAYK2KB1HB9AN,28712.0,0.0,INR
95,95,2026-07-23 01:51:40,Debit Card,Paid,TPPAYRM9HIVP40H,48460.0,0.0,INR
96,96,2026-07-28 19:10:37,UPI,Paid,TPPAYQ61T7IDC7K,49284.0,0.0,INR
97,97,2026-07-10 13:40:44,UPI,Paid,TPPAYTFSIT7991X,116151.0,0.0,INR
98,98,2025-03-11 16:28:06,UPI,Paid,TPPAYD0ESDVESR6,58030.0,0.0,INR
99,99,2026-09-02 00:15:26,Debit Card,Paid,TPPAY4YRVY4MCRH,21534.0,0.0,INR
100,100,2026-08-19 14:47:43,Credit Card,Pending,TPPAYSAK09SDFU7,0.0,0.0,INR
101,101,2026-07-18 14:09:54,Debit Card,Paid,TPPAY4HJ3AKB2IJ,20070.0,0.0,INR
102,102,2026-08-28 13:49:19,UPI,Paid,TPPAYQ44LKZ34AJ,49284.0,0.0,INR
103,103,2025-06-22 16:44:28,UPI,Paid,TPPAYPM7VOK2PM6,10987.0,0.0,INR
104,104,2026-07-25 07:05:19,Debit Card,Paid,TPPAY22COR73RXX,18710.0,0.0,INR
105,105,2026-06-18 15:08:58,UPI,Paid,TPPAYE04L55ZODN,29240.0,0.0,INR
106,106,2026-08-09 10:01:21,UPI,Paid,TPPAYO5J3HUV2LK,30624.0,0.0,INR
107,107,2026-07-28 15:31:00,Credit Card,Paid,TPPAYEH8AF9JBOQ,32778.0,0.0,INR
108,108,2026-06-28 20:59:18,UPI,Paid,TPPAY1IU3FY74R4,49465.0,0.0,INR
109,109,2025-12-31 02:07:22,UPI,Paid,TPPAYH57F9RN8GQ,14356.0,0.0,INR
110,110,2026-06-29 14:30:21,UPI,Paid,TPPAY8UAB2SX471,122249.6,0.0,INR
111,111,2026-09-06 22:04:30,Debit Card,Paid,TPPAYM4T3SEJFGN,99705.0,0.0,INR
112,112,2026-07-28 14:16:53,Debit Card,Paid,TPPAY0K1RP8H2N4,82672.0,0.0,INR
113,113,2026-08-16 23:59:45,UPI,Pending,TPPAYW6IIM337KV,0.0,0.0,INR
114,114,2026-06-18 14:43:51,UPI,Paid,TPPAY0T7K4S7ZES,121686.0,0.0,INR
115,115,2026-09-02 23:23:39,UPI,Pending,TPPAYT7Y4BG4AEG,0.0,0.0,INR
116,116,2023-12-26 12:11:44,UPI,Paid,TPPAYS9FJNRDCXO,34099.2,0.0,INR
117,117,2026-08-27 05:28:06,Debit Card,Paid,TPPAYENVXFMPNSQ,52335.0,0.0,INR
118,118,2023-10-13 15:09:15,UPI,Paid,TPPAY1EGDK7KN7N,18072.0,0.0,INR
119,119,2026-06-10 16:36:02,UPI,Paid,TPPAYRKUN0TTWUS,58328.1,0.0,INR
120,120,2026-08-21 01:41:50,UPI,Paid,TPPAY15BVBTJCJ3,46634.4,0.0,INR
121,121,2026-06-11 04:23:40,UPI,Paid,TPPAYWDRRBE9WDZ,33567.0,0.0,INR
122,122,2026-08-19 02:47:12,UPI,Paid,TPPAYLELE6L3R0E,155530.0,0.0,INR
123,123,2025-03-12 01:45:27,UPI,Paid,TPPAYQT2K6YSLRY,72309.6,0.0,INR
124,124,2024-12-08 03:28:42,Debit Card,Paid,TPPAYILT15IV3LU,59668.2,0.0,INR
125,125,2026-06-14 14:38:35,UPI,Pending,TPPAYET0MJKQOYP,0.0,0.0,INR
126,126,2026-08-28 07:28:39,Debit Card,Refunded,TPPAYVA7K4TBN0K,162248.0,162248.0,INR
127,127,2026-07-22 08:52:45,Debit Card,Paid,TPPAY4G5RQG0JC7,132252.0,0.0,INR
128,128,2025-10-04 11:16:15,Debit Card,Paid,TPPAY95UNOA43HS,16824.0,0.0,INR
129,129,2025-12-11 02:12:27,Credit Card,Paid,TPPAY2QY1DQCT7E,34818.0,0.0,INR
130,130,2023-10-12 22:01:47,Credit Card,Paid,TPPAYB6MITLWIRE,177304.2,0.0,INR
131,131,2024-11-16 09:16:11,Credit Card,Paid,TPPAYOP0O833KQC,139032.0,0.0,INR
132,132,2026-07-29 14:26:21,UPI,Paid,TPPAYQ8H3PVCFHW,86226.0,0.0,INR
133,133,2026-07-19 00:03:59,Credit Card,Paid,TPPAYYJY9BLKRS5,72446.4,0.0,INR
134,134,2026-09-03 10:12:31,UPI,Paid,TPPAYMQMIKSQY9U,50187.0,0.0,INR
135,135,2026-07-16 01:54:18,UPI,Paid,TPPAY9QGOUIKVJW,120065.75,0.0,INR
136,136,2024-02-02 11:34:30,UPI,Paid,TPPAY4EHFTGJW0A,124424.0,0.0,INR
137,137,2026-06-17 18:32:50,Credit Card,Paid,TPPAYEVMLBG76AE,177304.2,0.0,INR
138,138,2026-06-20 06:29:11,Credit Card,Paid,TPPAYEL0X53VG94,119646.0,0.0,INR
139,139,2026-07-29 04:47:56,Credit Card,Refunded,TPPAYVNRZFEST9L,21534.0,21534.0,INR
140,140,2026-08-04 04:00:50,UPI,Paid,TPPAY184SBL9XGV,30896.85,0.0,INR
141,141,2026-08-28 04:52:50,Credit Card,Paid,TPPAY9ABPT0IEBM,77505.0,0.0,INR
142,142,2024-06-10 00:08:17,Net Banking,Paid,TPPAYVJ2R64KCEA,36252.0,0.0,INR
143,143,2026-07-31 23:23:56,Debit Card,Paid,TPPAY0ZPRHZXMB2,35559.0,0.0,INR
144,144,2024-10-06 20:51:00,UPI,Refunded,TPPAYBWLUR0PFWZ,21548.0,21548.0,INR
145,145,2024-07-08 11:40:54,Debit Card,Paid,TPPAYGZB8I631PT,24642.0,0.0,INR
146,146,2025-09-26 12:37:48,Wallet,Paid,TPPAYHS5BD7AOS2,59823.0,0.0,INR
147,147,2026-07-15 11:55:48,UPI,Paid,TPPAYFJOUVWPXME,130212.0,0.0,INR
148,148,2026-01-15 05:22:08,Debit Card,Paid,TPPAYPVBKRVSSUO,79764.0,0.0,INR
149,149,2025-05-16 13:46:51,UPI,Paid,TPPAYRDCDWFXDQ8,25668.0,0.0,INR
150,150,2026-06-26 01:43:41,Debit Card,Refunded,TPPAY8PTJRG7NNO,57296.0,57296.0,INR
151,151,2026-09-03 17:59:14,UPI,Paid,TPPAYL9RXZVEZS5,58580.0,0.0,INR
152,152,2026-08-22 02:03:47,UPI,Paid,TPPAYWNF4SREQHD,48250.0,0.0,INR
153,153,2025-01-29 03:56:01,Net Banking,Paid,TPPAY6T6VK0M0BG,58328.1,0.0,INR
154,154,2026-06-12 18:16:55,UPI,Refunded,TPPAYHPRY5SX15W,110869.75,110869.75,INR
155,155,2026-08-11 15:45:28,UPI,Pending,TPPAYV8WNSW066S,0.0,0.0,INR
156,156,2026-07-20 16:29:27,UPI,Refunded,TPPAYBV8H09RFY4,14814.0,14814.0,INR
157,157,2026-08-10 19:50:28,Debit Card,Pending,TPPAYL107197ZW1,0.0,0.0,INR
158,158,2025-04-01 10:49:15,Net Banking,Paid,TPPAY32CDC5JD65,12030.0,0.0,INR
159,159,2026-08-31 05:31:37,UPI,Paid,TPPAY1ZTEKDQ88Q,77962.0,0.0,INR
160,160,2026-06-14 02:55:35,Credit Card,Paid,TPPAYIDV95CUALF,37420.0,0.0,INR
161,161,2026-07-11 22:41:08,Debit Card,Paid,TPPAYV0V3IHVZMO,35559.0,0.0,INR
162,162,2023-09-18 11:00:13,Credit Card,Paid,TPPAYZ42I7OGGGL,119646.0,0.0,INR
163,163,2026-07-27 02:17:53,Credit Card,Paid,TPPAYWFK3P3SLKO,79764.0,0.0,INR
164,164,2026-07-12 10:54:10,UPI,Paid,TPPAY9YL6X17VE2,26784.0,0.0,INR
165,165,2025-10-26 14:09:04,Net Banking,Paid,TPPAYIFFV02C3D6,15379.2,0.0,INR
166,166,2024-11-23 19:30:03,Credit Card,Paid,TPPAYC61VEAKWMU,35348.0,0.0,INR
167,167,2025-09-01 00:33:06,Debit Card,Paid,TPPAYV17EGV6ZW8,73990.8,0.0,INR
168,168,2024-08-28 10:14:49,UPI,Paid,TPPAYIQOTA95WWF,38136.8,0.0,INR
169,169,2023-11-04 12:39:01,Debit Card,Paid,TPPAY3CGNUS5QW7,72309.6,0.0,INR
170,170,2026-07-17 03:19:27,Credit Card,Paid,TPPAYS5EU36CI09,103340.0,0.0,INR
171,171,2026-06-01 15:20:59,UPI,Paid,TPPAY2EWOYBLQP6,34176.0,0.0,INR
172,172,2026-07-28 16:54:06,Net Banking,Pending,TPPAY8GW3H5K2FB,0.0,0.0,INR
173,173,2023-10-30 10:35:58,Debit Card,Refunded,TPPAYU6E8MX7PFM,49145.6,49145.6,INR
174,174,2024-05-30 10:23:40,Debit Card,Paid,TPPAYOEGMWE5FAC,22378.0,0.0,INR
175,175,2026-08-07 23:30:02,UPI,Refunded,TPPAYPQX5ZZ882B,46458.0,46458.0,INR
176,176,2025-09-06 05:01:30,Credit Card,Paid,TPPAYRKOKAPCUVJ,53940.0,0.0,INR
177,177,2026-01-21 18:26:13,Debit Card,Paid,TPPAYQVE3ZOTCBP,151662.0,0.0,INR
178,178,2026-06-21 09:02:59,UPI,Paid,TPPAYQXSU5N6R8D,54797.4,0.0,INR
179,179,2026-08-11 11:38:36,Credit Card,Pending,TPPAYQ4ZV0RTWUU,0.0,0.0,INR
180,180,2026-07-17 10:01:49,UPI,Paid,TPPAYZ4HO434OYP,97660.0,0.0,INR
181,181,2025-12-26 17:25:56,Net Banking,Paid,TPPAYLZ9X048FZZ,69549.5,0.0,INR
182,182,2024-02-10 22:57:01,UPI,Paid,TPPAYZFNAIPXH4V,30045.8,0.0,INR
183,183,2026-07-27 09:58:56,Net Banking,Paid,TPPAY233C35B33M,46037.0,0.0,INR
184,184,2025-08-02 17:11:31,UPI,Paid,TPPAY51JV2M5F72,17219.7,0.0,INR
185,185,2026-07-01 01:27:37,Net Banking,Pending,TPPAYFDMDUVQ8XI,0.0,0.0,INR
186,186,2026-06-10 17:36:08,UPI,Refunded,TPPAYKLBGPZB5MD,81310.0,81310.0,INR
187,187,2026-07-19 01:10:22,Credit Card,Paid,TPPAY6DKYXIOVI4,35292.0,0.0,INR
188,188,2026-07-12 16:16:22,UPI,Paid,TPPAYKZ6Q9R4AT4,20506.25,0.0,INR
189,189,2026-08-26 02:04:08,UPI,Paid,TPPAYAYRI7J5676,44292.0,0.0,INR
190,190,2026-07-09 15:22:08,UPI,Pending,TPPAYDID0UXIYPP,0.0,0.0,INR
191,191,2026-09-05 10:04:00,UPI,Paid,TPPAYJS8TQVFHR6,36144.0,0.0,INR
192,192,2023-10-29 07:00:04,UPI,Paid,TPPAYPS59RA178R,61052.4,0.0,INR
193,193,2024-06-06 06:25:50,UPI,Paid,TPPAYTFVANIZD51,113336.0,0.0,INR
194,194,2026-06-10 15:54:04,Credit Card,Paid,TPPAYYZQEIRV4KC,77962.0,0.0,INR
195,195,2026-06-28 19:48:06,Debit Card,Paid,TPPAYEP0AR8EDMC,25810.0,0.0,INR
196,196,2026-06-22 02:54:48,Credit Card,Paid,TPPAYFR8M7Z8K7S,104535.9,0.0,INR
197,197,2023-10-06 23:30:25,UPI,Paid,TPPAYNBQM5KH1ZK,97660.0,0.0,INR
198,198,2026-03-01 21:43:10,UPI,Paid,TPPAYLGFOE2OBPJ,55805.4,0.0,INR
199,199,2026-07-17 22:17:19,UPI,Refunded,TPPAYTB6KCOYS2R,123701.4,123701.4,INR
200,200,2025-11-09 13:37:20,UPI,Paid,TPPAYK7EU7OLH5B,81745.2,0.0,INR
201,201,2026-06-30 20:18:00,Debit Card,Pending,TPPAYXKA0RDIB39,0.0,0.0,INR
202,202,2026-03-01 03:15:22,UPI,Pending,TPPAYK4B34JVA4B,50187.0,0.0,INR
203,203,2026-06-23 16:44:13,Net Banking,Paid,TPPAYVNSCPC3GZ6,42653.0,0.0,INR
204,204,2026-07-24 02:32:36,Credit Card,Paid,TPPAYASNC925VRA,42177.6,0.0,INR
205,205,2023-12-14 14:32:55,UPI,Paid,TPPAYE7LS74PI6X,14356.0,0.0,INR
206,206,2025-12-30 17:41:34,UPI,Paid,TPPAYPAKYSFYOFC,121686.0,0.0,INR
207,207,2025-11-30 13:54:16,Credit Card,Paid,TPPAYFTW14POW94,146420.0,0.0,INR
208,208,2026-08-10 12:08:25,Debit Card,Paid,TPPAYPNEONKDOI0,108850.0,0.0,INR
209,209,2026-06-26 23:24:38,UPI,Paid,TPPAYK7OA12FEEL,77434.0,0.0,INR
210,210,2026-08-22 23:27:23,Credit Card,Paid,TPPAYHOHPM6S29B,92097.0,0.0,INR
211,211,2026-07-12 06:34:50,UPI,Paid,TPPAYWQKM93S0A5,20088.0,0.0,INR
212,212,2026-08-22 00:14:56,Debit Card,Paid,TPPAY9NZ4255WT6,36144.0,0.0,INR
213,213,2026-08-12 12:24:09,Debit Card,Paid,TPPAYJ4Y0IJ9AY2,40165.0,0.0,INR
214,214,2026-07-06 01:09:14,UPI,Refunded,TPPAYIZ6YUK7Q1H,84120.0,84120.0,INR
215,215,2024-08-21 23:26:41,Net Banking,Paid,TPPAY9RP61XLGQA,21208.8,0.0,INR
216,216,2026-07-24 08:38:34,UPI,Paid,TPPAYZCNP1NDW6Y,9472.0,0.0,INR
217,217,2026-08-05 10:30:44,Debit Card,Paid,TPPAYZUC47RIKJJ,71620.0,0.0,INR
218,218,2025-05-01 02:38:06,Debit Card,Paid,TPPAYBTAP202RO0,10437.65,0.0,INR
219,219,2026-09-05 14:13:09,Debit Card,Paid,TPPAYYCOOGKGX4H,41518.8,0.0,INR
220,220,2023-11-08 23:58:32,UPI,Paid,TPPAY57N0AO0NN0,93364.0,0.0,INR
221,221,2025-09-01 22:55:37,UPI,Paid,TPPAYNO53P9MB0J,16476.4,0.0,INR
222,222,2026-05-29 20:09:46,UPI,Refunded,TPPAYX5K3O7DW0U,16222.0,16222.0,INR
223,223,2026-06-11 21:47:31,Debit Card,Paid,TPPAYZYHRWS54X7,9063.0,0.0,INR
224,224,2026-06-18 20:57:17,Debit Card,Paid,TPPAY57ET33Z6DI,35292.0,0.0,INR
225,225,2026-07-09 20:13:02,Net Banking,Paid,TPPAYKLN4TPNZLV,43840.6,0.0,INR
226,226,2026-08-12 04:46:23,Credit Card,Paid,TPPAYS80TZYDAH4,21974.0,0.0,INR
227,227,2026-07-14 03:32:42,UPI,Refunded,TPPAYC3W1UUODOM,51816.0,51816.0,INR
228,228,2026-07-26 02:32:46,Credit Card,Refunded,TPPAYD6O2RKKCRR,87080.0,51816.0,INR
229,229,2024-11-17 01:03:37,UPI,Refunded,TPPAYI9GND2HZAW,20088.0,20088.0,INR
230,230,2026-06-14 18:46:40,Net Banking,Paid,TPPAYN5P0KT5YGG,70980.0,0.0,INR
231,231,2026-08-06 15:24:39,UPI,Paid,TPPAYZS8OPSAHND,94640.0,0.0,INR
232,232,2026-07-24 23:08:21,Net Banking,Refunded,TPPAYX4Y5RXPXZ0,131637.8,131637.8,INR
233,233,2026-07-16 06:29:47,Credit Card,Paid,TPPAYMSQ30ZH1PK,60886.0,0.0,INR
234,234,2025-06-16 02:41:01,UPI,Paid,TPPAY5TG653AKI0,126041.4,0.0,INR
235,235,2026-07-02 10:33:37,Credit Card,Paid,TPPAYRJHOQXX9RE,131898.0,0.0,INR
236,236,2024-01-27 12:37:13,UPI,Paid,TPPAYMWJWJ4AUNZ,35348.0,0.0,INR
237,237,2026-07-14 08:36:40,Debit Card,Refunded,TPPAY1K5FXPXELK,155010.0,155010.0,INR
238,238,2026-08-02 00:44:57,UPI,Paid,TPPAY9VC28K1KHJ,51469.2,0.0,INR
239,239,2025-08-01 21:49:38,UPI,Paid,TPPAYNE6DYGG9ZT,162248.0,0.0,INR
240,240,2024-04-21 12:42:38,UPI,Paid,TPPAY1MQRYJN04M,90997.2,0.0,INR
241,241,2026-07-11 08:04:40,UPI,Paid,TPPAYYI0AGNITG5,116943.0,0.0,INR
242,242,2026-08-26 11:33:35,UPI,Paid,TPPAYYWHBJ95ISY,130572.0,0.0,INR
243,243,2026-08-01 03:02:55,Debit Card,Paid,TPPAYPPFYMBD5C2,13380.0,0.0,INR
244,244,2024-12-31 16:58:35,Debit Card,Refunded,TPPAY446DB1WBMA,17674.0,17674.0,INR
245,245,2026-09-04 12:43:31,UPI,Pending,TPPAYVUYNW316MT,0.0,0.0,INR
246,246,2023-10-23 06:54:21,Credit Card,Paid,TPPAYOSESJ8IVJZ,65433.0,0.0,INR
247,247,2026-04-04 15:01:58,Credit Card,Paid,TPPAYBM5VQ76VKE,12415.55,0.0,INR
248,248,2026-01-29 16:11:28,Net Banking,Paid,TPPAYWQZMKK375M,140046.0,0.0,INR
249,249,2026-07-23 09:53:23,Credit Card,Paid,TPPAYIGP802BL2W,75831.0,0.0,INR
250,250,2024-03-27 20:49:06,UPI,Paid,TPPAYRX5OE2K8TB,46991.75,0.0,INR
251,251,2026-07-01 22:36:29,Credit Card,Paid,TPPAYOKUS3G7I65,62161.35,0.0,INR
252,252,2026-06-28 17:41:57,UPI,Paid,TPPAY4B9VTPIXKB,23068.8,0.0,INR
253,253,2026-06-18 11:55:34,Wallet,Paid,TPPAY15Q98G7ZCZ,23432.0,0.0,INR
254,254,2026-08-30 23:46:20,Debit Card,Pending,TPPAYO2ONOBLA8Q,0.0,0.0,INR
255,255,2024-01-03 06:31:30,Credit Card,Paid,TPPAYBK81FUS06F,109815.0,0.0,INR
256,256,2026-06-23 04:03:02,Credit Card,Pending,TPPAYGH4FW8HOLF,0.0,0.0,INR
257,257,2026-04-13 11:23:34,Debit Card,Paid,TPPAYEYRZGJ09DR,150964.0,0.0,INR
258,258,2025-06-19 00:31:23,UPI,Paid,TPPAYWZEC1TWKTV,103820.0,0.0,INR
259,259,2026-07-13 08:39:34,Wallet,Paid,TPPAYFAS10GVJL8,24333.0,0.0,INR
260,260,2024-07-21 07:21:29,UPI,Paid,TPPAYHM42N5K679,37082.3,0.0,INR
261,261,2025-09-11 18:44:45,UPI,Paid,TPPAYVTPDC48C71,39207.0,0.0,INR
262,262,2025-08-27 12:23:05,UPI,Paid,TPPAYE4RN6QKB3H,53834.6,0.0,INR
263,263,2026-03-30 15:10:09,Debit Card,Paid,TPPAYWTVVYLU86O,120516.0,0.0,INR
264,264,2026-07-31 06:54:57,Credit Card,Pending,TPPAY6JJRXQ60LN,0.0,0.0,INR
265,265,2026-06-10 02:45:04,UPI,Paid,TPPAYSV2KARTGYT,77505.0,0.0,INR
266,266,2025-11-08 14:20:48,UPI,Paid,TPPAYPPJXSPHWEO,138840.0,0.0,INR
267,267,2026-07-06 22:11:56,Net Banking,Paid,TPPAY6U47N4CRE4,186636.0,0.0,INR
268,268,2026-07-30 17:22:40,UPI,Paid,TPPAYEUP0ZWI5EA,87690.0,0.0,INR
269,269,2025-06-02 23:21:24,UPI,Paid,TPPAYD0FRZ2ZYGR,21534.0,0.0,INR
270,270,2026-08-18 06:15:59,UPI,Paid,TPPAY9YBDXBQ0PJ,31767.9,0.0,INR
271,271,2024-05-12 11:29:07,Credit Card,Paid,TPPAY058D5EKWYD,76315.5,0.0,INR
272,272,2026-07-01 18:43:48,Debit Card,Paid,TPPAYOKLKHDRRGN,41396.0,0.0,INR
273,273,2025-12-15 15:36:44,Wallet,Paid,TPPAYMM0C3BKXVC,26584.2,0.0,INR
274,274,2026-08-29 04:01:05,Wallet,Paid,TPPAYNBJ6IH7ICH,132252.0,0.0,INR
275,275,2024-11-27 11:46:22,UPI,Paid,TPPAYT743TNMIK2,38862.0,0.0,INR
276,276,2025-06-25 19:06:09,UPI,Refunded,TPPAYTSZZK0B0OD,99189.0,99189.0,INR
277,277,2026-07-23 17:22:38,UPI,Paid,TPPAYJMSUNUE6GS,121044.0,0.0,INR
278,278,2026-01-20 12:23:02,Debit Card,Refunded,TPPAY2V08JY1DRQ,39572.0,39572.0,INR
279,279,2026-07-02 07:43:01,UPI,Refunded,TPPAY3B5A4OBMH7,61398.0,61398.0,INR
280,280,2026-04-09 19:00:04,Debit Card,Paid,TPPAYXZCZRXPDAE,155924.0,0.0,INR
281,281,2026-08-24 15:42:45,Wallet,Paid,TPPAYFZ7MWS95GU,55444.5,0.0,INR
282,282,2026-08-10 09:56:29,UPI,Paid,TPPAYFTKEKZYSIL,84795.0,0.0,INR
283,283,2026-07-23 23:59:34,UPI,Paid,TPPAYJM308IS135,40165.0,0.0,INR
284,284,2024-08-29 02:21:48,UPI,Paid,TPPAYHN45F3IAEQ,32961.0,0.0,INR
285,285,2025-09-12 11:22:30,Wallet,Refunded,TPPAY0YVHTZO7VS,80696.0,80696.0,INR
286,286,2025-12-05 00:45:28,UPI,Paid,TPPAYL0PYVR1FW6,80496.0,0.0,INR
287,287,2024-02-07 02:29:37,UPI,Paid,TPPAYJ0MXSR0XQJ,28416.0,0.0,INR
288,288,2026-07-14 19:05:13,UPI,Pending,TPPAYWIBN7PSOZJ,0.0,0.0,INR
289,289,2026-07-20 03:42:57,UPI,Paid,TPPAYKOERJD8H57,35292.0,0.0,INR
290,290,2024-04-26 01:48:37,Debit Card,Paid,TPPAYFUT9CFCBKL,121320.0,0.0,INR
291,291,2025-07-04 06:51:07,Wallet,Paid,TPPAYA8IZTRDR2A,26469.0,0.0,INR
292,292,2026-06-28 23:52:31,Debit Card,Paid,TPPAY8E6A2YXNLC,81310.0,0.0,INR
293,293,2023-11-14 12:22:10,Credit Card,Paid,TPPAYMJSZ85WZ4M,66126.6,0.0,INR
294,294,2026-08-08 19:32:39,Net Banking,Paid,TPPAY636NHN6EBZ,77067.8,0.0,INR
295,295,2026-03-31 04:16:38,UPI,Paid,TPPAYMXTZZWVSPN,30886.0,0.0,INR
296,296,2026-09-02 00:11:18,Net Banking,Refunded,TPPAY8LW56GO7FL,33351.0,33351.0,INR
297,297,2026-06-30 18:30:55,Debit Card,Refunded,TPPAYU6YFW5YJIZ,69800.3,69800.3,INR
298,298,2026-08-14 12:34:27,UPI,Paid,TPPAYDW33OFYY5Y,155010.0,0.0,INR
299,299,2025-04-16 21:52:25,Debit Card,Paid,TPPAYHBM73KR3CJ,32778.0,0.0,INR
300,300,2026-08-05 16:41:46,UPI,Paid,TPPAYI3T01ETH7D,29076.0,0.0,INR
301,301,2024-12-23 00:53:54,UPI,Paid,TPPAYZ5NN97GRSM,46458.0,0.0,INR
302,302,2025-11-12 07:25:37,UPI,Paid,TPPAYVV9OBXLLAO,29240.0,0.0,INR
303,303,2026-07-12 21:50:42,Debit Card,Paid,TPPAY1MKPOL5I6Z,67904.0,0.0,INR
304,304,2026-07-20 19:16:30,Debit Card,Paid,TPPAYYIJFUE2VNX,94640.0,0.0,INR
305,305,2026-09-06 07:27:32,UPI,Paid,TPPAYIC69ZRPP7S,108510.0,0.0,INR
306,306,2026-07-07 16:35:47,UPI,Pending,TPPAYEWIHC68VAQ,0.0,0.0,INR
307,307,2024-02-23 21:27:04,Credit Card,Paid,TPPAYU33YDIYXMQ,114330.0,0.0,INR
308,308,2026-07-08 13:27:04,Credit Card,Paid,TPPAYMEDH0K35AD,42972.0,0.0,INR
309,309,2026-08-14 06:16:57,UPI,Paid,TPPAYIC3EA73G4E,62161.35,0.0,INR
310,310,2026-06-18 13:49:58,Debit Card,Paid,TPPAY2FMH39II8C,48644.0,0.0,INR
311,311,2026-07-23 11:49:17,Credit Card,Paid,TPPAYMRLOAPA41R,23432.0,0.0,INR
312,312,2026-03-20 13:37:30,UPI,Paid,TPPAY8H2IERQ0NM,30210.3,0.0,INR
313,313,2024-12-30 14:57:59,UPI,Refunded,TPPAYRS3978WQP3,18045.0,18045.0,INR
314,314,2026-08-05 09:03:37,Net Banking,Paid,TPPAYW0XMSSK9IC,54232.2,0.0,INR
315,315,2023-10-24 19:41:37,UPI,Refunded,TPPAYBZDDXW78ZI,52276.0,52276.0,INR
316,316,2024-10-27 08:25:48,Credit Card,Refunded,TPPAY0RH35YJUJO,47948.4,47948.4,INR
317,317,2025-07-12 11:48:05,UPI,Refunded,TPPAYOF9U4BMJVR,90990.0,90990.0,INR
318,318,2026-07-13 22:32:35,Net Banking,Paid,TPPAYLSS8XNEQ21,20088.0,0.0,INR
319,319,2025-08-14 11:40:45,Debit Card,Paid,TPPAYJS0ZH77NRC,35148.0,0.0,INR
320,320,2026-08-15 10:20:00,Debit Card,Paid,TPPAYYCGNKKI8UH,25632.0,0.0,INR
321,321,2026-06-10 19:56:41,Debit Card,Paid,TPPAYRPSM9LEGPA,33636.2,0.0,INR
322,322,2026-07-04 04:24:04,Credit Card,Paid,TPPAYUT7M8E3O09,33952.0,0.0,INR
323,323,2025-08-18 00:55:03,UPI,Paid,TPPAY9TBWDH0871,30132.0,0.0,INR
324,324,2024-02-06 02:32:19,Debit Card,Paid,TPPAYUYYZT6RQVZ,27861.3,0.0,INR
325,325,2026-08-30 04:12:31,UPI,Paid,TPPAYWTETYJWM16,23706.0,0.0,INR
326,326,2026-06-28 17:27:59,UPI,Paid,TPPAYVLYP70RPZF,99199.25,0.0,INR
327,327,2026-08-28 08:30:29,Credit Card,Paid,TPPAYRWERUA6QOG,95275.0,0.0,INR
328,328,2024-08-22 17:46:46,Credit Card,Paid,TPPAYZRSDKO83L1,33480.0,0.0,INR
329,329,2026-06-14 02:30:14,Debit Card,Paid,TPPAYTTJEWIEJOV,36144.0,0.0,INR
330,330,2024-09-02 02:11:10,Credit Card,Paid,TPPAYM5IVI0VDZF,186636.0,0.0,INR
331,331,2026-08-07 13:24:05,Credit Card,Pending,TPPAYHESZR3DJ15,0.0,0.0,INR
332,332,2026-07-17 03:21:07,Net Banking,Paid,TPPAYSY0TY7I9Q1,67836.0,0.0,INR
333,333,2026-03-31 09:20:20,Credit Card,Paid,TPPAYM3W5EOMR74,27622.2,0.0,INR
334,334,2026-08-05 18:48:00,Debit Card,Paid,TPPAY0CQZ20DK6L,18687.0,0.0,INR
335,335,2025-07-21 18:25:19,Credit Card,Paid,TPPAYQ17B4XAJ6U,87244.0,0.0,INR
336,336,2025-08-20 15:26:56,UPI,Paid,TPPAYGCKUXQLRPK,48460.0,0.0,INR
337,337,2024-09-29 13:43:56,Net Banking,Paid,TPPAY9AD5IEYS7U,16906.0,0.0,INR
338,338,2026-07-27 21:06:32,Debit Card,Paid,TPPAYOLNRTRKXSF,49284.0,0.0,INR
339,339,2026-07-17 21:31:07,Debit Card,Paid,TPPAY284I8CCIVQ,80636.0,0.0,INR
340,340,2026-08-19 00:34:52,Net Banking,Pending,TPPAYDC9PHGW73F,0.0,0.0,INR
341,341,2026-06-19 10:40:33,UPI,Paid,TPPAYW3E16IW921,155010.0,0.0,INR
342,342,2026-06-08 23:40:31,UPI,Paid,TPPAY9FMMCOVOEA,99189.0,0.0,INR
343,343,2026-07-11 22:46:04,Wallet,Paid,TPPAY0125F7M5N6,80344.0,0.0,INR
344,344,2025-01-03 12:32:54,Credit Card,Paid,TPPAYLT5VG5YLEM,44756.0,0.0,INR
345,345,2026-07-25 23:45:51,Debit Card,Paid,TPPAYQ7F6K9TDID,77871.0,0.0,INR
346,346,2026-08-16 03:07:30,Debit Card,Pending,TPPAY29V359JTII,0.0,0.0,INR
347,347,2025-05-13 03:55:18,UPI,Paid,TPPAYJX8YRZN54U,39034.0,0.0,INR
348,348,2025-01-07 03:38:53,UPI,Refunded,TPPAYKM3DOODOJO,90990.0,90990.0,INR
349,349,2026-07-15 17:58:52,Debit Card,Paid,TPPAY0MXWXJDJHL,26469.0,0.0,INR
350,350,2024-02-04 17:04:10,Debit Card,Paid,TPPAYSHH8NFP7UZ,15906.6,0.0,INR
351,351,2026-05-25 13:11:05,Credit Card,Paid,TPPAYQ35DK4H44A,80555.25,0.0,INR
352,352,2026-03-13 11:47:12,Credit Card,Paid,TPPAYUT32QYD74V,62983.1,0.0,INR
353,353,2026-08-21 22:41:10,Wallet,Paid,TPPAYUK25USESGE,14472.0,0.0,INR
354,354,2026-06-22 23:49:05,Credit Card,Paid,TPPAYDDMUCM9ALU,48333.15,0.0,INR
355,355,2024-01-27 22:00:42,UPI,Paid,TPPAY22ORAK8FKG,47945.0,0.0,INR
356,356,2024-02-04 22:36:40,UPI,Paid,TPPAYHLF2J8F4M0,17593.3,0.0,INR
357,357,2026-06-06 12:02:52,Net Banking,Paid,TPPAY8FBZ6JJH2C,39463.0,0.0,INR
358,358,2025-03-24 19:21:06,Debit Card,Paid,TPPAYJ3NZP27FL1,28154.2,0.0,INR
359,359,2026-03-08 07:29:02,UPI,Paid,TPPAYUU05EOSNY0,17722.8,0.0,INR
360,360,2026-07-21 22:59:18,Credit Card,Paid,TPPAY0H165VXZH5,21974.0,0.0,INR
361,361,2026-08-26 14:05:15,Credit Card,Paid,TPPAYMFBAJKKJZ5,62004.0,0.0,INR
362,362,2026-08-15 18:09:53,UPI,Paid,TPPAYXO3EMN2MDX,64772.0,0.0,INR
363,363,2024-02-17 00:54:37,UPI,Paid,TPPAY4X19DZUPBY,35348.0,0.0,INR
364,364,2026-08-13 10:04:20,UPI,Paid,TPPAYVM94L1Q9IF,35148.0,0.0,INR
365,365,2024-02-17 23:44:39,Debit Card,Paid,TPPAY6I9BOBSR6X,108850.0,0.0,INR
366,366,2026-06-26 03:20:34,UPI,Refunded,TPPAYPBDO4KP1BS,24333.0,24333.0,INR
367,367,2026-07-26 23:07:06,UPI,Pending,TPPAYICDA36X06W,0.0,0.0,INR
368,368,2026-07-05 20:17:59,Debit Card,Paid,TPPAY7PN4WMWB5A,33149.0,0.0,INR
369,369,2026-07-01 08:09:11,Net Banking,Refunded,TPPAYBWNGE0I7UM,11550.6,11550.6,INR
370,370,2026-08-16 02:50:10,UPI,Paid,TPPAY2K4GK6JTWD,52705.1,0.0,INR
371,371,2026-06-15 21:19:52,Net Banking,Paid,TPPAY2C97DQ2KPD,44756.0,0.0,INR
372,372,2026-06-14 15:51:03,Credit Card,Paid,TPPAYOG3A2KB2MJ,20070.0,0.0,INR
373,373,2026-08-28 12:28:00,Credit Card,Paid,TPPAY7SYD4VRIG5,19083.6,0.0,INR
374,374,2026-08-27 06:49:50,Credit Card,Pending,TPPAYJCMPR3OZIT,0.0,0.0,INR
375,375,2024-09-26 08:22:47,UPI,Refunded,TPPAYDXOO5M0KOZ,32961.0,32961.0,INR
376,376,2025-06-22 09:20:22,Credit Card,Paid,TPPAY452UXN8K58,29538.0,0.0,INR
377,377,2026-08-23 22:10:29,Credit Card,Paid,TPPAYQKE8ZK32IZ,8837.0,0.0,INR
378,378,2026-01-21 05:55:46,Debit Card,Paid,TPPAYBPHTT8TZDP,9355.0,0.0,INR
379,379,2026-06-11 04:56:51,Net Banking,Paid,TPPAYLCL29I77WP,10987.0,0.0,INR
380,380,2026-09-01 07:42:20,UPI,Paid,TPPAYHFKLPBBLXX,28648.0,0.0,INR
381,381,2026-08-24 02:11:29,Debit Card,Paid,TPPAYVRT2AD5UPP,13042.0,0.0,INR
382,382,2026-06-15 04:00:52,Credit Card,Paid,TPPAYUQVDOQKICI,57165.0,0.0,INR
383,383,2026-08-30 11:32:37,Debit Card,Paid,TPPAYWDF6VYV758,30766.7,0.0,INR
384,384,2026-08-07 17:15:34,Wallet,Paid,TPPAYZ2BJKHDRYZ,38862.0,0.0,INR
385,385,2026-08-24 20:52:25,UPI,Paid,TPPAYVO6R08BH8J,23432.0,0.0,INR
386,386,2025-12-29 11:34:00,UPI,Paid,TPPAY11J6M5H37T,72585.7,0.0,INR
387,387,2024-07-22 08:58:22,Net Banking,Refunded,TPPAYSYI9V0VOO3,57841.7,57841.7,INR
388,388,2024-06-18 19:20:33,Credit Card,Paid,TPPAYZWTEYRP7ZF,32523.0,0.0,INR
389,389,2026-07-29 23:17:28,UPI,Paid,TPPAYM6NSBLPDD0,48579.0,0.0,INR
390,390,2024-01-07 16:37:32,Credit Card,Paid,TPPAY9DBRS5SEP9,69516.0,0.0,INR
391,391,2026-03-02 12:08:14,UPI,Paid,TPPAYNALTI9Q4AM,78676.0,0.0,INR
392,392,2026-08-04 17:34:45,UPI,Paid,TPPAY8FFL96MA7M,57764.75,0.0,INR
393,393,2026-07-26 07:53:27,UPI,Refunded,TPPAYSD542P9RRL,116705.0,116705.0,INR
394,394,2026-01-24 17:28:25,UPI,Paid,TPPAY2F0TSIFC44,65949.0,0.0,INR
395,395,2026-07-08 10:16:58,UPI,Paid,TPPAY76SL3Y8XKJ,114330.0,0.0,INR
396,396,2026-08-24 16:15:09,Debit Card,Pending,TPPAYY1J1LMP1FX,0.0,0.0,INR
397,397,2026-06-26 01:15:21,Net Banking,Paid,TPPAYSJU5BH4XMJ,111981.6,0.0,INR
398,398,2026-07-15 23:19:17,Credit Card,Paid,TPPAYL4R3BLX9X4,71920.0,0.0,INR
399,399,2026-08-04 10:03:08,Net Banking,Paid,TPPAY8DB121RSXK,111027.0,0.0,INR
400,400,2026-08-03 02:45:00,Credit Card,Paid,TPPAYWEY06JA4IS,19692.0,0.0,INR
401,401,2026-08-20 14:08:45,Net Banking,Pending,TPPAY2UZW30OZDI,0.0,0.0,INR
402,402,2026-09-03 13:58:41,Debit Card,Paid,TPPAYU3R2YO83MI,26084.0,0.0,INR
403,403,2025-02-11 11:03:06,Debit Card,Refunded,TPPAYYNNPKDL19P,26918.4,26918.4,INR
404,404,2026-07-11 05:06:35,Net Banking,Refunded,TPPAYXPREQZYWE2,155924.0,155924.0,INR
405,405,2025-04-06 20:48:16,Credit Card,Paid,TPPAYXCK3A8IH9M,21938.5,0.0,INR
406,406,2025-08-22 09:39:44,UPI,Paid,TPPAYFKEVGTBX9M,37491.2,0.0,INR
407,407,2026-06-19 08:53:51,Wallet,Paid,TPPAY8IL1OX9VZP,95275.0,0.0,INR
408,408,2026-06-14 10:21:44,Credit Card,Paid,TPPAYPWNX72K6SF,152812.0,0.0,INR
409,409,2026-04-08 19:48:29,UPI,Paid,TPPAYD3YO78T2SA,50928.0,0.0,INR
410,410,2026-08-26 05:20:04,UPI,Paid,TPPAY9SYVFI4LFW,53940.0,0.0,INR
411,411,2026-07-19 00:14:00,UPI,Paid,TPPAYK85KLJCNUU,87080.0,0.0,INR
412,412,2025-03-27 19:10:25,UPI,Paid,TPPAYUV4NR8JG9X,36963.0,0.0,INR
413,413,2026-06-21 11:56:21,UPI,Paid,TPPAYCECOD1YBR0,35549.0,0.0,INR
414,414,2023-11-19 12:51:21,Debit Card,Paid,TPPAYPCZOAG0D1I,22378.0,0.0,INR
415,415,2026-08-01 13:06:34,Credit Card,Paid,TPPAYVN9QFH4OD3,38304.0,0.0,INR
416,416,2025-07-02 05:08:08,UPI,Paid,TPPAYP3FCXKO0WP,21787.2,0.0,INR
417,417,2026-07-18 12:53:02,Debit Card,Paid,TPPAYAACEHUV1I1,18045.0,0.0,INR
418,418,2026-07-21 07:26:39,Credit Card,Pending,TPPAY1XW5L6BU7P,0.0,0.0,INR
419,419,2026-07-10 18:10:19,Credit Card,Paid,TPPAYC92UOQAVF5,32322.0,0.0,INR
420,420,2024-04-03 16:01:54,Debit Card,Paid,TPPAYMX64PIAQBC,57296.0,0.0,INR
421,421,2026-08-07 10:15:23,UPI,Paid,TPPAY3KO82WJNL6,83011.0,0.0,INR
422,422,2026-08-09 10:55:13,Net Banking,Paid,TPPAYY1JEFCDV6U,11853.0,0.0,INR
423,423,2025-06-29 15:07:33,UPI,Paid,TPPAYAL5CXV948E,16222.0,0.0,INR
424,424,2025-11-21 11:36:04,Credit Card,Refunded,TPPAYPF1ZCX39O2,30045.8,30045.8,INR
425,425,2025-09-07 10:29:46,Debit Card,Refunded,TPPAY4OJ3JCCT8Y,73474.0,30045.8,INR
426,426,2024-04-23 23:40:57,Credit Card,Paid,TPPAYO4VFJV3VUY,68598.0,0.0,INR
427,427,2026-09-03 10:24:13,Debit Card,Paid,TPPAYDBRPVEPQ83,114330.0,0.0,INR
428,428,2026-07-14 06:09:22,UPI,Paid,TPPAYRIWLT3QAU0,76220.0,0.0,INR
429,429,2025-02-25 01:33:44,Credit Card,Paid,TPPAYB6YVHR29CR,129175.0,0.0,INR
430,430,2026-09-02 05:42:14,UPI,Paid,TPPAYE2XHGJE5NF,95275.0,0.0,INR
431,431,2024-03-13 09:38:53,UPI,Paid,TPPAYPSBK2CY2YW,64525.0,0.0,INR
432,432,2026-07-24 08:03:16,Net Banking,Refunded,TPPAYZRN6Z2JKT9,139032.0,139032.0,INR
433,433,2026-07-18 12:39:05,Credit Card,Paid,TPPAYIXERELG9T5,154868.0,0.0,INR
434,434,2025-04-02 22:00:47,UPI,Paid,TPPAYQWEC5FCPTH,121320.0,0.0,INR
435,435,2026-04-30 17:09:32,Net Banking,Paid,TPPAY014GL0FX33,99705.0,0.0,INR
436,436,2024-04-04 10:18:37,UPI,Paid,TPPAYLZC8I0MJAF,134862.0,0.0,INR
437,437,2023-10-02 07:01:38,Credit Card,Paid,TPPAY0H3UO395IK,132535.4,0.0,INR
438,438,2025-01-20 06:29:21,Credit Card,Paid,TPPAYEZDBZQ6N0R,69420.0,0.0,INR
439,439,2024-03-01 00:08:53,UPI,Paid,TPPAYXLXVX9MMTT,62983.1,0.0,INR
440,440,2026-09-01 00:25:22,UPI,Pending,TPPAY3HV93CVH0C,0.0,0.0,INR
441,441,2025-01-03 01:33:16,Credit Card,Paid,TPPAYWWNXR26RX9,21852.0,0.0,INR
442,442,2024-01-17 09:43:53,Credit Card,Paid,TPPAYMXPI5QWF6M,43364.0,0.0,INR
443,443,2024-02-06 15:55:40,Credit Card,Paid,TPPAYC8MJ1CZ8NL,60258.0,0.0,INR
444,444,2026-08-30 08:53:42,Credit Card,Pending,TPPAYOY54MJMRBC,0.0,0.0,INR
445,445,2026-07-22 03:39:05,Credit Card,Paid,TPPAYWLNSKSBEQF,19563.0,0.0,INR
446,446,2024-09-12 14:49:04,UPI,Paid,TPPAYAHH08FKIYU,97660.0,0.0,INR
447,447,2026-04-14 19:49:28,Credit Card,Paid,TPPAYQ9UZSVU1XS,85747.5,0.0,INR
448,448,2024-11-23 04:12:05,UPI,Paid,TPPAYMBKN95DPFK,155530.0,0.0,INR
449,449,2026-08-15 19:58:28,Net Banking,Pending,TPPAYZYSWJISVTX,0.0,0.0,INR
450,450,2024-04-01 02:32:46,Net Banking,Paid,TPPAYUKVR4CG9GC,115700.0,0.0,INR
451,451,2024-01-13 20:37:00,UPI,Paid,TPPAYLUTTPPSTQX,46864.0,0.0,INR
452,452,2025-07-27 08:49:00,Debit Card,Paid,TPPAYYQR38BDTVR,52364.25,0.0,INR
453,453,2026-08-19 06:12:15,Debit Card,Paid,TPPAYZODPBBSQIC,32467.2,0.0,INR
454,454,2025-09-08 21:43:17,UPI,Paid,TPPAYI9FQVOW7P8,112125.6,0.0,INR
455,455,2026-07-20 19:45:31,Credit Card,Pending,TPPAYJRQVKPMKBA,0.0,0.0,INR
456,456,2026-07-11 11:19:39,UPI,Paid,TPPAYDH12ZW6TRB,57296.0,0.0,INR
457,457,2025-05-25 04:28:41,UPI,Refunded,TPPAYR2TFZS2NPJ,57165.0,57165.0,INR
458,458,2026-07-02 23:50:28,Credit Card,Paid,TPPAYODJIUY15NG,93364.0,0.0,INR
459,459,2024-03-28 11:04:30,UPI,Paid,TPPAYNJ9LZBJE34,96835.2,0.0,INR
460,460,2025-06-22 20:36:37,Credit Card,Paid,TPPAYA7QNYYW9I8,111095.85,0.0,INR
461,461,2026-07-16 00:16:01,UPI,Paid,TPPAYP1H98T5UV0,107561.85,0.0,INR
462,462,2026-08-15 23:33:59,UPI,Paid,TPPAYVNI0ANUKWL,99189.0,0.0,INR
463,463,2026-06-30 15:35:04,Credit Card,Paid,TPPAYJL6VZJCCVB,22914.0,0.0,INR
464,464,2024-03-28 21:27:10,UPI,Paid,TPPAYBIRTCWX24B,38304.0,0.0,INR
465,465,2026-01-29 19:21:17,UPI,Paid,TPPAYLCBUGK7C0H,92560.0,0.0,INR
466,466,2023-10-25 14:10:31,Debit Card,Paid,TPPAY6NO811X906,65632.75,0.0,INR
467,467,2026-06-27 01:22:08,Credit Card,Paid,TPPAYFPSBL8IC8Y,82887.3,0.0,INR
468,468,2026-07-11 11:28:57,Debit Card,Refunded,TPPAY837UR49LJK,57245.1,57245.1,INR
469,469,2026-07-22 14:58:55,Debit Card,Paid,TPPAYL7RXKGC351,186636.0,0.0,INR
470,470,2025-09-30 03:57:54,Credit Card,Paid,TPPAYRS19V11XKZ,22520.7,0.0,INR
471,471,2026-07-12 07:14:18,Debit Card,Paid,TPPAYSXM8PFT7Y8,60805.0,0.0,INR
472,472,2026-09-02 22:00:50,Wallet,Paid,TPPAYT24HOKGFYZ,48460.0,0.0,INR
473,473,2024-09-27 09:42:03,Debit Card,Paid,TPPAYWMYDS8KZNA,95408.5,0.0,INR
474,474,2026-09-06 06:36:03,Debit Card,Paid,TPPAY0L62OU92GL,162620.0,0.0,INR
475,475,2026-02-10 17:07:04,UPI,Paid,TPPAYTW7CLFI7VM,81124.0,0.0,INR
476,476,2025-01-23 14:48:32,Credit Card,Paid,TPPAYYKPBM7POMU,40144.0,0.0,INR
477,477,2026-08-24 05:39:46,UPI,Paid,TPPAY5WL4CR719J,53940.0,0.0,INR
478,478,2025-06-26 00:20:25,UPI,Refunded,TPPAYPEWBGBL3ZK,35292.0,35292.0,INR
479,479,2026-07-19 18:03:08,Debit Card,Pending,TPPAYIQO5JKIYJS,0.0,0.0,INR
480,480,2026-04-13 02:18:28,Credit Card,Paid,TPPAYAWU0HJUFO2,103852.0,0.0,INR
481,481,2026-06-24 08:32:40,Credit Card,Paid,TPPAYXWAXBLX0SI,59823.0,0.0,INR
482,482,2026-06-29 16:43:12,Net Banking,Paid,TPPAY2ZARQ67KD9,29897.1,0.0,INR
483,483,2023-10-09 12:06:08,Debit Card,Paid,TPPAYFX5Y0Z1XAW,16476.4,0.0,INR
484,484,2026-08-14 02:49:15,Net Banking,Paid,TPPAYRXGSNIHUXJ,66126.0,0.0,INR
485,485,2026-06-20 17:24:36,UPI,Paid,TPPAYMOGCXBZ5LP,132252.0,0.0,INR
486,486,2026-04-13 00:14:12,Wallet,Paid,TPPAYYUZYS9270I,31401.0,0.0,INR
487,487,2024-09-16 12:26:57,Net Banking,Paid,TPPAY3YVA04R3XD,145171.4,0.0,INR
488,488,2026-05-21 15:01:19,UPI,Paid,TPPAY7HEGMBXNB3,177304.2,0.0,INR
489,489,2026-07-10 20:20:43,Credit Card,Paid,TPPAYR6JRGF490X,36483.0,0.0,INR
490,490,2026-08-14 05:12:54,Wallet,Paid,TPPAYMKJL841B3E,111027.0,0.0,INR
491,491,2024-05-07 11:25:25,Debit Card,Paid,TPPAY59JPC5E7JS,46864.0,0.0,INR
492,492,2026-01-27 02:27:06,Credit Card,Paid,TPPAYDY3NJDFPAK,83056.0,0.0,INR
493,493,2026-08-30 15:30:11,UPI,Refunded,TPPAYJY7AA8WBNU,88695.8,88695.8,INR
494,494,2026-07-14 03:22:26,Wallet,Paid,TPPAYYRCI7ZLP8S,36779.25,0.0,INR
495,495,2026-08-15 15:18:43,UPI,Paid,TPPAY5KQSPZ2D9V,53940.0,0.0,INR
496,496,2025-04-29 16:19:09,UPI,Paid,TPPAYWW3OT6KX25,28876.5,0.0,INR
497,497,2024-04-10 08:42:28,Net Banking,Paid,TPPAYIT0JFCBIAL,155530.0,0.0,INR
498,498,2026-06-15 22:33:35,UPI,Paid,TPPAY7A47WJ8SDG,87690.0,0.0,INR
499,499,2024-06-16 02:13:25,Net Banking,Paid,TPPAYKCPARHA7OP,18687.0,0.0,INR
500,500,2026-08-16 09:53:40,Debit Card,Refunded,TPPAYQQIBTFMIY2,35614.8,35614.8,INR
501,501,2026-08-20 08:24:48,UPI,Paid,TPPAYPLST6VP2YI,38768.0,0.0,INR
502,502,2025-11-05 13:09:41,Wallet,Paid,TPPAY9APIV98BFN,107561.85,0.0,INR
503,503,2026-06-25 03:15:26,Wallet,Paid,TPPAYJUIB3CNTME,93435.0,0.0,INR
504,504,2026-07-08 03:29:14,Credit Card,Paid,TPPAYJYGTSVOZF9,25632.0,0.0,INR
505,505,2026-08-18 11:28:33,Debit Card,Paid,TPPAY57052WK6UZ,49465.0,0.0,INR
506,506,2026-08-25 17:19:08,Credit Card,Paid,TPPAYH1SBYYDHGT,104169.6,0.0,INR
507,507,2026-08-25 13:50:19,UPI,Pending,TPPAYR3X60BMI34,0.0,0.0,INR
508,508,2024-04-03 18:03:06,UPI,Paid,TPPAYKOF90DEQZ1,58030.0,0.0,INR
509,509,2024-12-21 16:40:25,UPI,Paid,TPPAYNMQKNITVEG,70152.0,0.0,INR
510,510,2024-01-17 23:23:33,Credit Card,Paid,TPPAYTKMQCA5JRH,51816.0,0.0,INR
511,511,2026-08-22 19:58:45,Wallet,Paid,TPPAYRIL7XIFX24,97660.0,0.0,INR
512,512,2026-08-30 22:37:09,UPI,Paid,TPPAYMHJTRDWQ2N,162620.0,0.0,INR
513,513,2026-07-02 17:30:00,UPI,Paid,TPPAYOWJNJEYKFX,67904.0,0.0,INR
514,514,2026-07-27 11:00:33,Debit Card,Paid,TPPAYKUD8QBOEOK,22227.0,0.0,INR
515,515,2026-08-16 13:59:20,Credit Card,Paid,TPPAYQXH1Z1VCAV,41868.0,0.0,INR
516,516,2026-08-31 00:58:33,Net Banking,Refunded,TPPAYIJ7QBSKXH1,49157.75,49157.75,INR
517,517,2026-07-09 03:00:26,Debit Card,Paid,TPPAY7AVP9CASL7,22221.0,0.0,INR
518,518,2026-08-19 10:54:47,Debit Card,Pending,TPPAYQZ4YT51L75,0.0,0.0,INR
519,519,2026-07-21 03:49:50,Debit Card,Paid,TPPAY5UE7H7IITB,21811.0,0.0,INR
520,520,2026-08-20 00:50:40,Debit Card,Paid,TPPAYRC6V1FJCWJ,115048.8,0.0,INR
521,521,2026-09-01 16:03:51,Wallet,Paid,TPPAYFTSCSYLAFY,29538.0,0.0,INR
522,522,2026-07-09 18:56:05,UPI,Pending,TPPAY0UC7YME2IR,0.0,0.0,INR
523,523,2026-07-20 14:13:53,Credit Card,Refunded,TPPAYCDE2JPSF26,16222.0,16222.0,INR
524,524,2024-09-21 07:37:53,Credit Card,Paid,TPPAY7JU5002UGE,29076.0,0.0,INR
525,525,2026-06-24 02:01:52,Wallet,Pending,TPPAYHNZQ9GWR8G,0.0,0.0,INR
526,526,2023-11-20 17:48:54,UPI,Paid,TPPAYVG7ALSI5WB,22746.0,0.0,INR
527,527,2026-09-01 13:50:37,UPI,Paid,TPPAYG6QIZTKO68,29834.1,0.0,INR
528,528,2024-12-23 15:32:46,Wallet,Paid,TPPAY6WJ0ZVQCE8,20140.2,0.0,INR
529,529,2026-08-17 10:04:27,UPI,Paid,TPPAYJ17DSK3YY4,113223.0,0.0,INR
530,530,2024-04-15 06:49:15,Debit Card,Paid,TPPAYWASA8PFMFS,53038.4,0.0,INR
531,531,2026-07-29 09:47:41,Credit Card,Paid,TPPAYRMUKAJ1VN2,22378.0,0.0,INR
532,532,2026-07-26 20:15:51,UPI,Paid,TPPAY27OLSPHGT3,39034.0,0.0,INR
533,533,2024-01-01 14:13:29,Debit Card,Paid,TPPAYZZ6YLRO57Q,51914.0,0.0,INR
534,534,2026-08-09 06:46:38,Wallet,Paid,TPPAYEFUCZYQE2P,50472.0,0.0,INR
535,535,2025-10-20 23:00:20,Debit Card,Paid,TPPAYOD42497Z3L,67296.0,0.0,INR
536,536,2026-08-30 21:50:41,Net Banking,Paid,TPPAY1POP6I1WJI,45849.0,0.0,INR
537,537,2026-06-20 11:10:08,UPI,Paid,TPPAYDM6XR9Z6YP,139099.0,0.0,INR
538,538,2026-04-20 09:35:58,Credit Card,Refunded,TPPAYLHLOKYE7B5,74018.0,74018.0,INR
539,539,2025-06-16 14:28:10,Debit Card,Refunded,TPPAYJT51T3G137,155530.0,155530.0,INR
540,540,2024-11-23 10:20:20,UPI,Paid,TPPAY1RKXHCHJ48,77505.0,0.0,INR
541,541,2024-01-25 11:36:15,Credit Card,Paid,TPPAYFMLNI8XFWR,19384.0,0.0,INR
542,542,2026-06-23 16:36:26,Credit Card,Pending,TPPAYK4BYEBWCI5,0.0,0.0,INR
543,543,2026-08-15 15:06:11,UPI,Pending,TPPAYGZ4FK4RNUY,0.0,0.0,INR
544,544,2023-10-29 10:26:34,Credit Card,Paid,TPPAYW2GUMTXYEB,27134.4,0.0,INR
545,545,2026-07-17 20:11:28,UPI,Paid,TPPAY4RPU44ES92,46991.75,0.0,INR
546,546,2024-05-08 16:58:07,Credit Card,Paid,TPPAYA54O85ZPZN,50928.0,0.0,INR
547,547,2024-04-15 05:04:43,UPI,Paid,TPPAY38YDVMBDAB,17088.0,0.0,INR
548,548,2026-07-11 18:53:54,UPI,Refunded,TPPAYXRT0SEENLC,20070.0,20070.0,INR
549,549,2026-08-07 12:47:01,UPI,Paid,TPPAYPSRYCOMHAV,24612.6,0.0,INR
550,550,2026-06-16 14:57:22,Net Banking,Paid,TPPAYEEMMOWJXBF,114490.2,0.0,INR
551,551,2026-08-27 11:29:43,Debit Card,Paid,TPPAYEYJM2XML80,76315.5,0.0,INR
552,552,2026-08-24 16:11:42,Wallet,Paid,TPPAYRJ7CJZF7XZ,31785.1,0.0,INR
553,553,2026-08-16 05:34:42,Debit Card,Pending,TPPAYIIX770RHQJ,0.0,0.0,INR
554,554,2024-03-18 09:26:43,UPI,Refunded,TPPAYD0K20OU6G3,122796.0,122796.0,INR
555,555,2025-01-06 22:34:41,Net Banking,Paid,TPPAYB57BIIF5YT,48579.0,0.0,INR
556,556,2026-08-13 09:57:43,UPI,Paid,TPPAYE4NC8UUZM3,73210.0,0.0,INR
557,557,2024-08-07 02:53:18,Debit Card,Paid,TPPAYUHV7A09ZAD,73474.0,0.0,INR
558,558,2026-07-25 16:35:08,Debit Card,Paid,TPPAY6PLTN4NKDZ,155010.0,0.0,INR
559,559,2026-06-20 07:41:47,Credit Card,Pending,TPPAYYSXBBV8FMK,0.0,0.0,INR
560,560,2024-12-09 04:30:19,UPI,Paid,TPPAYZ3QXDWWL9V,14620.0,0.0,INR
561,561,2026-09-01 12:31:17,Net Banking,Paid,TPPAY7NO6R0VE28,30525.4,0.0,INR
562,562,2026-07-07 16:55:22,UPI,Paid,TPPAYWA6QCADTEZ,114490.2,0.0,INR
563,563,2024-01-31 17:55:39,Debit Card,Paid,TPPAYOKHM2IBB19,146420.0,0.0,INR
564,564,2025-02-03 23:16:11,UPI,Refunded,TPPAY1EKSEJ0I92,89900.0,89900.0,INR
565,565,2023-09-09 00:11:09,UPI,Paid,TPPAYKZU702V0WF,10235.3,0.0,INR
566,566,2026-06-27 22:12:44,Debit Card,Paid,TPPAYUCU6E9OAI4,60886.0,0.0,INR
567,567,2023-12-17 23:20:23,UPI,Paid,TPPAY1QM96F5UTT,17606.7,0.0,INR
568,568,2026-06-22 06:22:49,Credit Card,Refunded,TPPAYCTCS4E1PP9,119646.0,119646.0,INR
569,569,2024-07-10 16:51:43,Wallet,Paid,TPPAY98UCPSEO7X,52705.1,0.0,INR
570,570,2026-08-15 09:00:19,UPI,Pending,TPPAYEYY5LJE8GB,0.0,0.0,INR
571,571,2026-06-18 19:16:48,UPI,Paid,TPPAY7COBOGGYP4,37374.0,0.0,INR
572,572,2025-12-23 17:24:09,Credit Card,Refunded,TPPAY1AZ27U4BOI,22918.4,22918.4,INR
573,573,2025-07-29 13:55:39,UPI,Paid,TPPAYP0XW5X64DW,140046.0,0.0,INR
574,574,2026-08-07 13:45:21,UPI,Paid,TPPAYU40QYXB8O9,43948.0,0.0,INR
575,575,2025-06-24 13:57:48,Credit Card,Paid,TPPAYATA5DGCH65,58580.0,0.0,INR
576,576,2026-06-26 05:18:23,Credit Card,Paid,TPPAY1JNDX24RU3,28648.0,0.0,INR
577,577,2023-09-15 10:57:54,Credit Card,Paid,TPPAY3OGKKASW3M,28767.0,0.0,INR
578,578,2026-07-28 10:44:57,UPI,Refunded,TPPAY7V8RZ7HNCS,80344.0,80344.0,INR
579,579,2026-07-12 20:36:19,Debit Card,Paid,TPPAYV0W1FSDP2Y,37681.2,0.0,INR
580,580,2026-06-09 22:54:55,Debit Card,Paid,TPPAY2ZVDL0SNIZ,146420.0,0.0,INR
581,581,2026-08-13 02:26:23,UPI,Paid,TPPAY7GB7YEYANX,57296.0,0.0,INR
582,582,2026-08-08 14:06:31,Debit Card,Paid,TPPAY4F7Y0XDEJR,33232.0,0.0,INR
583,583,2026-02-26 09:13:23,Debit Card,Paid,TPPAY1E41T4QBHC,22234.0,0.0,INR
584,584,2026-08-23 23:50:51,UPI,Paid,TPPAYJ5W0MYD2ZX,32523.0,0.0,INR
585,585,2026-07-04 10:36:54,UPI,Paid,TPPAY8JJUY1Y4P1,116943.0,0.0,INR
586,586,2025-12-04 05:29:28,UPI,Paid,TPPAY0AEJDE4KLV,55365.0,0.0,INR
587,587,2024-08-13 10:20:37,Credit Card,Paid,TPPAYNYOPM53ACK,17704.2,0.0,INR
588,588,2026-06-15 11:07:53,UPI,Paid,TPPAY9C6Y5UUTPW,103852.0,0.0,INR
589,589,2026-09-02 12:03:08,Credit Card,Pending,TPPAYDLJB1TZ2BY,0.0,0.0,INR
590,590,2025-06-07 01:21:04,UPI,Paid,TPPAYAXLPOG6YTR,32322.0,0.0,INR
591,591,2024-09-20 07:03:39,Debit Card,Paid,TPPAYL9GQ9C3FUH,24060.0,0.0,INR
592,592,2026-09-05 13:01:40,UPI,Paid,TPPAY3RKSYUFQQ2,18636.0,0.0,INR
593,593,2026-06-16 08:29:18,UPI,Paid,TPPAY6Y69T0MCNZ,19384.0,0.0,INR
594,594,2026-06-13 18:25:46,UPI,Paid,TPPAY8IBZAGKTE2,75482.0,0.0,INR
595,595,2025-06-28 09:18:38,Debit Card,Paid,TPPAYO8LF04RCOP,13788.7,0.0,INR
596,596,2025-02-16 19:29:12,UPI,Paid,TPPAYMWG4GZOI2U,28065.0,0.0,INR
597,597,2026-08-20 18:44:52,Credit Card,Paid,TPPAY2EM23GP072,69549.5,0.0,INR
598,598,2023-12-04 16:10:26,Debit Card,Refunded,TPPAYTNA67KF0R9,29664.9,29664.9,INR
599,599,2024-08-01 12:20:24,Debit Card,Paid,TPPAYP8YEUZ9N88,54306.75,0.0,INR
600,600,2025-08-13 08:08:09,UPI,Paid,TPPAYKYNEWM7AW8,26108.6,0.0,INR
601,601,2024-06-21 08:57:35,UPI,Paid,TPPAY3JU4FJ40WP,35348.0,0.0,INR
602,602,2026-06-10 23:55:20,Debit Card,Paid,TPPAYCRARYS4MY8,92560.0,0.0,INR
603,603,2026-06-19 01:48:20,UPI,Paid,TPPAYG6WPERN7DY,115700.0,0.0,INR
604,604,2024-09-23 03:55:24,UPI,Paid,TPPAY31GTNR9R6W,86808.0,0.0,INR
605,605,2026-06-26 08:21:55,Credit Card,Paid,TPPAY5HSYS6YSDA,72309.6,0.0,INR
606,606,2025-08-24 19:05:47,Wallet,Paid,TPPAY4BAC6ETJV0,58580.0,0.0,INR
607,607,2026-08-10 23:47:03,Credit Card,Pending,TPPAYF3CKMSOVMH,0.0,0.0,INR
608,608,2025-07-13 16:21:55,Credit Card,Paid,TPPAYCLE0C9IR3C,100430.0,0.0,INR
609,609,2026-08-28 11:37:33,UPI,Paid,TPPAYZDHA3U8ON8,18687.0,0.0,INR
610,610,2026-07-26 07:57:30,Debit Card,Paid,TPPAYDFD36AGWFD,51926.0,0.0,INR
611,611,2026-08-31 18:11:45,Credit Card,Paid,TPPAYJ9DW81OZM0,16313.4,0.0,INR
612,612,2025-03-04 06:17:09,Wallet,Paid,TPPAYL10GWY3QR6,25185.45,0.0,INR
613,613,2024-07-14 07:09:50,Credit Card,Refunded,TPPAYAMQTSVCJU2,18126.0,18126.0,INR
614,614,2026-07-30 08:49:11,Debit Card,Paid,TPPAYJY7UNFY5CJ,29538.0,0.0,INR
615,615,2026-06-13 02:07:58,UPI,Refunded,TPPAYDXUXS1R0IM,9833.4,9833.4,INR
616,616,2025-08-27 19:06:23,Credit Card,Paid,TPPAYC2F4HCYE9C,23432.0,0.0,INR
617,617,2025-12-08 17:36:48,UPI,Paid,TPPAYNMJJIPXGSZ,9214.85,0.0,INR
618,618,2026-07-11 16:15:01,UPI,Paid,TPPAYPFSDQRGQFR,13042.0,0.0,INR
619,619,2024-10-11 19:54:20,UPI,Paid,TPPAYGH4J3ZMSB9,33480.0,0.0,INR
620,620,2025-04-29 03:31:30,Debit Card,Paid,TPPAYC3YZA60ROV,53834.6,0.0,INR
621,621,2026-06-26 00:01:42,UPI,Paid,TPPAYY3D8T6Y7ME,51926.0,0.0,INR
622,622,2026-09-07 02:04:23,Credit Card,Paid,TPPAYP72J26XC3M,129175.0,0.0,INR
623,623,2024-10-25 05:42:13,Credit Card,Paid,TPPAYI7OG2QDKXX,28416.0,0.0,INR
624,624,2026-06-29 13:34:29,Debit Card,Pending,TPPAYJ65SQM7DWU,0.0,0.0,INR
625,625,2026-08-14 23:15:13,UPI,Paid,TPPAYEPPZQLTCN3,24848.0,0.0,INR
626,626,2025-05-07 18:05:36,UPI,Paid,TPPAY1SP84QX5J3,66126.0,0.0,INR
627,627,2026-07-17 06:30:34,Credit Card,Pending,TPPAY178231K3VC,0.0,0.0,INR
628,628,2025-01-05 17:35:45,UPI,Paid,TPPAYAGVV2S294O,18636.0,0.0,INR
629,629,2026-07-29 23:54:04,Debit Card,Paid,TPPAYZV3ILY5R49,22146.0,0.0,INR
630,630,2024-02-24 21:31:37,Net Banking,Paid,TPPAYM5PQDF8UJA,57685.0,0.0,INR
631,631,2026-06-16 08:14:34,UPI,Paid,TPPAY6I1D0I6IE8,14459.4,0.0,INR
632,632,2023-12-31 09:18:26,UPI,Refunded,TPPAY2OXZOAR4FS,25668.0,25668.0,INR
633,633,2026-04-06 02:33:41,Net Banking,Paid,TPPAYMFOT7EYTTK,31139.1,0.0,INR
634,634,2025-02-27 03:21:07,UPI,Paid,TPPAYXLQBE5TYK7,18219.1,0.0,INR
635,635,2025-02-22 01:57:18,UPI,Paid,TPPAYRXQUYJHJWK,21682.0,0.0,INR
636,636,2023-10-19 11:45:16,UPI,Paid,TPPAYAZUFLFA960,26760.0,0.0,INR
637,637,2024-03-31 03:36:01,Debit Card,Paid,TPPAY1V715XVMP2,93435.0,0.0,INR
638,638,2025-03-09 05:27:54,UPI,Paid,TPPAYVGJ6HXQW8E,87080.0,0.0,INR
639,639,2026-07-05 16:43:52,Debit Card,Refunded,TPPAY7JDMKVXD2K,30525.4,30525.4,INR
640,640,2026-07-29 02:34:38,Credit Card,Paid,TPPAYDZNRRTVC5P,155924.0,0.0,INR
641,641,2025-09-06 03:13:38,UPI,Paid,TPPAYUJZ6MT5C8S,39463.0,0.0,INR
642,642,2026-07-29 13:32:13,Credit Card,Refunded,TPPAYTY35HVJLAC,80965.0,80965.0,INR
643,643,2026-07-11 22:39:42,UPI,Paid,TPPAYKNFQEZCQ41,81124.0,0.0,INR
644,644,2026-08-23 13:21:03,UPI,Paid,TPPAYJKWQ4BKZF4,76220.0,0.0,INR
645,645,2026-07-23 16:25:08,Credit Card,Paid,TPPAYT9ZRS05KUO,114330.0,0.0,INR
646,646,2026-08-27 06:21:28,Credit Card,Paid,TPPAYGLEMENHQ6A,130212.0,0.0,INR
647,647,2026-07-24 07:14:46,Debit Card,Paid,TPPAYPS64QQPCEK,118202.8,0.0,INR
648,648,2026-09-02 08:57:45,UPI,Paid,TPPAYSUP73MR4YF,155010.0,0.0,INR
649,649,2026-08-17 07:06:39,Debit Card,Paid,TPPAY1O30DV3EF4,147753.5,0.0,INR
650,650,2026-07-23 00:42:21,Debit Card,Refunded,TPPAY69NIYK0LD2,69446.4,69446.4,INR
651,651,2026-09-05 14:31:12,UPI,Paid,TPPAYCOEGSERSM7,81124.0,0.0,INR
652,652,2023-09-09 14:43:15,Net Banking,Paid,TPPAYWO19GQAI07,121104.0,0.0,INR
653,653,2025-06-06 17:51:46,Net Banking,Paid,TPPAY33LSK9WD9C,122796.0,0.0,INR
654,654,2024-09-10 03:19:53,UPI,Refunded,TPPAYINXRLBBT1U,9888.3,9888.3,INR
655,655,2026-06-26 11:51:56,Credit Card,Paid,TPPAYWVW26WB26J,71620.0,0.0,INR
656,656,2026-08-05 13:43:22,UPI,Pending,TPPAY61HSA4L3WB,0.0,0.0,INR
657,657,2026-07-11 06:45:55,Net Banking,Pending,TPPAYSVCCPXKT7Y,0.0,0.0,INR
658,658,2026-07-05 01:42:01,Net Banking,Paid,TPPAY8HOZZJSP47,28648.0,0.0,INR
659,659,2026-06-17 16:13:36,Debit Card,Paid,TPPAYWDXUHF0YAX,75775.8,0.0,INR
660,660,2026-06-27 19:58:53,UPI,Paid,TPPAY8ZD74D9S9H,119039.1,0.0,INR
661,661,2025-07-15 03:01:28,Net Banking,Paid,TPPAY253VXYLK66,90990.0,0.0,INR
662,662,2026-05-14 19:48:47,UPI,Paid,TPPAYSM55F7SK0W,40555.0,0.0,INR
663,663,2026-07-24 11:15:29,Net Banking,Paid,TPPAYPBYOCF76MV,41891.4,0.0,INR
664,664,2026-08-02 17:57:58,Credit Card,Paid,TPPAYD3J47EMFH9,47945.0,0.0,INR
665,665,2026-06-18 17:31:43,Net Banking,Paid,TPPAY3PM2J2B6YO,32160.0,0.0,INR
666,666,2024-07-22 09:25:13,Credit Card,Paid,TPPAYF2NCGRGU3H,38136.8,0.0,INR
667,667,2026-06-28 20:40:13,Credit Card,Paid,TPPAYBWWDHSNW52,49828.5,0.0,INR
668,668,2025-02-28 05:30:07,UPI,Paid,TPPAYZOM9JQVWTN,20502.0,0.0,INR
669,669,2025-06-12 18:20:02,Net Banking,Paid,TPPAYC7JVXZVIXS,19786.0,0.0,INR
670,670,2025-09-30 08:01:33,UPI,Paid,TPPAYEMTYSR3VC5,18944.0,0.0,INR
671,671,2024-08-15 08:34:46,Debit Card,Paid,TPPAY1WRCOP0W4L,59798.4,0.0,INR
672,672,2026-08-17 08:37:31,Credit Card,Paid,TPPAYRF94EZECIZ,33812.0,0.0,INR
673,673,2026-07-21 03:40:45,UPI,Paid,TPPAYHES3Q8IRDG,23432.0,0.0,INR
674,674,2023-11-11 09:18:32,Net Banking,Paid,TPPAYN377OB0SS9,51448.5,0.0,INR
675,675,2023-09-13 00:14:50,Wallet,Paid,TPPAYBZCAIUC7Z4,17088.0,0.0,INR
676,676,2025-12-12 16:02:10,UPI,Paid,TPPAYP6NNJF30EY,19786.0,0.0,INR
677,677,2026-07-03 01:43:07,Debit Card,Paid,TPPAYZ5BD8V856V,24084.0,0.0,INR
678,678,2026-06-21 11:43:20,Net Banking,Paid,TPPAYYSOSO0C5ZO,61605.0,0.0,INR
679,679,2026-08-14 01:34:17,UPI,Refunded,TPPAY3UFI6R6JT6,16222.0,16222.0,INR
680,680,2026-07-04 03:39:56,Credit Card,Paid,TPPAYN4M3SVVZ45,64444.2,0.0,INR
681,681,2025-01-21 23:43:39,UPI,Refunded,TPPAY6OQMXFC1PF,107669.2,107669.2,INR
682,682,2026-07-26 18:03:07,Net Banking,Paid,TPPAYHUR4LK75K8,92777.0,0.0,INR
683,683,2026-02-04 00:13:12,Credit Card,Paid,TPPAY6A2RUAB4Y1,7951.75,0.0,INR
684,684,2025-10-08 08:43:54,Debit Card,Paid,TPPAYDQ0011TDVU,47412.0,0.0,INR
685,685,2026-08-26 19:44:26,Credit Card,Pending,TPPAYWR7SQ96PZ9,0.0,0.0,INR
686,686,2025-11-06 16:41:33,Credit Card,Paid,TPPAYSTJKJMP9IU,62564.4,0.0,INR
687,687,2026-08-21 17:44:26,UPI,Paid,TPPAY981QL0B8D3,32322.0,0.0,INR
688,688,2026-08-13 01:31:12,Debit Card,Refunded,TPPAY1NCOTTR7A8,12905.0,12905.0,INR
689,689,2025-09-22 16:57:21,UPI,Paid,TPPAYFPM677F1XB,51753.1,0.0,INR
690,690,2026-06-17 22:13:05,UPI,Paid,TPPAYLWI8FYS90Q,48579.0,0.0,INR
691,691,2023-11-13 11:27:20,Credit Card,Paid,TPPAY8R2HA2N5V6,152812.0,0.0,INR
692,692,2026-01-04 15:12:59,UPI,Paid,TPPAY27O7DQU106,66205.65,0.0,INR
693,693,2026-09-03 14:31:42,Credit Card,Pending,TPPAY8JMPMQEXFM,0.0,0.0,INR
694,694,2025-03-28 12:30:34,Credit Card,Paid,TPPAYG538XWISE2,31813.2,0.0,INR
695,695,2026-06-23 17:01:58,Credit Card,Paid,TPPAY55XYJM02JN,43622.0,0.0,INR
696,696,2026-03-28 03:57:59,Debit Card,Paid,TPPAYDCRBSX252L,33567.0,0.0,INR
697,697,2026-06-23 02:51:21,UPI,Paid,TPPAYMMYBW7U1M9,51916.5,0.0,INR
698,698,2024-11-26 17:38:38,UPI,Paid,TPPAYOJ5QG0F8BU,18079.2,0.0,INR
699,699,2026-07-22 17:00:19,UPI,Paid,TPPAYGXC3X1M5MN,29628.0,0.0,INR
700,700,2026-06-23 23:46:26,Credit Card,Paid,TPPAYVGX12Z3WK0,13392.0,0.0,INR
701,701,2025-05-09 20:57:59,Credit Card,Paid,TPPAYNFCR6WB40P,28712.0,0.0,INR
702,702,2026-07-25 07:19:59,UPI,Paid,TPPAYDIGYLX2KSZ,11260.35,0.0,INR
703,703,2024-04-22 11:16:58,Debit Card,Paid,TPPAYJHJOJJPHO1,50928.0,0.0,INR
704,704,2025-03-29 00:37:43,Debit Card,Paid,TPPAYDU0YMM1LI2,21335.4,0.0,INR
705,705,2026-07-25 03:45:33,Credit Card,Pending,TPPAYX35Z0XNOJZ,0.0,0.0,INR
706,706,2025-02-01 09:19:32,UPI,Refunded,TPPAYKZH0JXH1I9,121686.0,121686.0,INR
707,707,2026-07-05 08:12:07,UPI,Paid,TPPAYRU3BFGO1P2,89900.0,0.0,INR
708,708,2025-10-21 07:56:24,UPI,Paid,TPPAYUIMXPXYHHG,80496.0,0.0,INR
709,709,2025-01-31 19:05:52,Credit Card,Paid,TPPAY1O9JYH81TU,23706.0,0.0,INR
710,710,2025-05-12 15:03:14,Net Banking,Refunded,TPPAYXRDETSG4R9,71620.0,71620.0,INR
711,711,2026-03-07 12:16:22,Credit Card,Paid,TPPAYZFFULSKDW3,11853.0,0.0,INR
712,712,2024-03-30 16:07:07,Credit Card,Paid,TPPAYSN3FZAZAJK,23432.0,0.0,INR
713,713,2026-06-26 03:08:33,UPI,Paid,TPPAYV5ZWQQ9JWG,34176.0,0.0,INR
714,714,2026-04-19 20:08:15,UPI,Paid,TPPAYR9QJ5RUJOA,25359.0,0.0,INR
715,715,2026-07-12 06:55:39,Net Banking,Paid,TPPAYBHQPZ8DYZ4,9472.0,0.0,INR
716,716,2024-09-21 19:00:05,Credit Card,Refunded,TPPAYRPSRZP94XW,11802.8,11802.8,INR
717,717,2026-06-22 23:15:19,Credit Card,Pending,TPPAY0BICGFFT91,0.0,0.0,INR
718,718,2026-08-20 00:08:15,Credit Card,Pending,TPPAYYOH1N2QRLU,0.0,0.0,INR
719,719,2026-07-23 18:46:23,Wallet,Refunded,TPPAYOZLSV6CJVY,17325.9,17325.9,INR
720,720,2023-12-15 22:06:27,Credit Card,Paid,TPPAY9Y1Z4D9YZ5,138840.0,0.0,INR
721,721,2026-06-27 06:06:47,UPI,Pending,TPPAY1GVBGBCDAP,0.0,0.0,INR
722,722,2024-11-12 22:02:03,UPI,Paid,TPPAYKRK74JI91I,12424.0,0.0,INR
723,723,2024-01-11 13:27:04,Credit Card,Paid,TPPAY68359FARIP,49230.0,0.0,INR
724,724,2026-06-26 15:40:43,UPI,Paid,TPPAY5GZPP7X9H5,18944.0,0.0,INR
725,725,2026-07-20 23:40:09,Wallet,Paid,TPPAYZF7DV1FBPD,109055.0,0.0,INR
726,726,2026-09-04 14:24:50,Credit Card,Paid,TPPAYR4EC41BRCA,17674.0,0.0,INR
727,727,2026-07-09 11:04:38,UPI,Paid,TPPAY673MJEWJIG,120516.0,0.0,INR
728,728,2026-08-05 20:21:12,Credit Card,Paid,TPPAYL1SK9E2B9Y,116705.0,0.0,INR
729,729,2025-12-04 06:27:25,Credit Card,Paid,TPPAY2GRJVVMYSK,59823.0,0.0,INR
730,730,2026-08-06 01:57:06,Debit Card,Paid,TPPAYHXVZS0FCB1,66916.0,0.0,INR
731,731,2023-11-03 20:24:30,UPI,Paid,TPPAYZS7KVITV77,33480.0,0.0,INR
732,732,2026-08-17 19:54:57,Credit Card,Paid,TPPAY6MFYLF44LI,25632.0,0.0,INR
733,733,2026-07-22 07:09:53,Net Banking,Pending,TPPAY737RNGXMJ3,0.0,0.0,INR
734,734,2026-06-30 23:34:17,UPI,Paid,TPPAY4XYKLL3KTN,115700.0,0.0,INR
735,735,2026-08-11 17:15:10,Credit Card,Paid,TPPAY1CIQ01DR3T,69754.5,0.0,INR
736,736,2025-10-31 11:48:44,UPI,Paid,TPPAYFUA4EPSF65,109915.0,0.0,INR
737,737,2026-09-01 19:36:57,Debit Card,Paid,TPPAYQ5PLDOQH17,69754.5,0.0,INR
738,738,2026-05-12 08:43:02,Net Banking,Paid,TPPAYWL582I543P,72409.0,0.0,INR
739,739,2026-06-11 21:45:38,UPI,Paid,TPPAY62RKV5NIKF,65310.0,0.0,INR
740,740,2026-06-30 20:35:37,Wallet,Paid,TPPAYNAXC7A0LN3,28447.2,0.0,INR
741,741,2026-06-22 21:30:31,Credit Card,Paid,TPPAYQPMS23J7JQ,9063.0,0.0,INR
742,742,2026-06-29 08:11:20,UPI,Refunded,TPPAY54CH5RWWUT,46864.0,46864.0,INR
743,743,2026-07-02 19:15:01,UPI,Paid,TPPAYU5LM12C1JF,17606.7,0.0,INR
744,744,2026-07-15 00:17:23,Debit Card,Paid,TPPAYDK65NV741E,55945.0,0.0,INR
745,745,2026-07-10 03:49:28,Wallet,Pending,TPPAY5FQALALAZX,0.0,0.0,INR
746,746,2026-07-04 10:16:01,Debit Card,Pending,TPPAYCQW7LCFUHK,0.0,0.0,INR
747,747,2026-08-11 05:45:52,UPI,Pending,TPPAYFSB0GWAD7O,0.0,0.0,INR
748,748,2025-12-21 12:42:31,Debit Card,Paid,TPPAYHK1QSJI2NU,51816.0,0.0,INR
749,749,2026-07-07 06:08:59,UPI,Paid,TPPAY0HNU9O6JD5,21974.0,0.0,INR
750,750,2025-03-01 04:09:11,Net Banking,Paid,TPPAYEHZNQ5PJBG,39384.0,0.0,INR
751,751,2024-09-03 16:24:10,Credit Card,Paid,TPPAYXKXI1NOB9G,113223.0,0.0,INR
752,752,2025-02-27 18:20:11,UPI,Paid,TPPAYBHTG4EXP57,33636.6,0.0,INR
753,753,2025-02-03 16:10:39,UPI,Paid,TPPAYYX5TXVK2KF,30821.8,0.0,INR
754,754,2024-10-21 03:59:06,Credit Card,Paid,TPPAYZ2B6H4BDJK,123701.4,0.0,INR
755,755,2024-09-13 14:59:37,UPI,Paid,TPPAY9GI3S16RQ0,89734.5,0.0,INR
756,756,2026-07-24 06:25:10,Credit Card,Paid,TPPAYIX72JMGHAX,24091.05,0.0,INR
757,757,2026-04-13 09:32:20,Debit Card,Paid,TPPAYFCIDFX9E5C,92560.0,0.0,INR
758,758,2026-06-29 21:18:02,UPI,Paid,TPPAYRDN0N072PY,87932.0,0.0,INR
759,759,2025-09-01 01:58:45,Credit Card,Paid,TPPAY1BOSBGFB8C,140046.0,0.0,INR
760,760,2026-09-06 17:25:14,UPI,Paid,TPPAYRI2QYYU52X,31401.0,0.0,INR
761,761,2026-06-22 16:14:09,UPI,Paid,TPPAYHPPK3IUKBK,70165.8,0.0,INR
762,762,2026-08-18 22:18:11,UPI,Paid,TPPAY4SSPJKCIPA,42244.6,0.0,INR
763,763,2026-06-15 11:07:06,Debit Card,Paid,TPPAYFYIC0T03MW,21930.0,0.0,INR
764,764,2025-02-01 05:01:19,UPI,Paid,TPPAY7I0SNPUO4G,19178.0,0.0,INR
765,765,2025-11-07 02:43:31,Credit Card,Paid,TPPAYGWOBDN5AY4,44484.75,0.0,INR
766,766,2025-01-28 02:07:39,Credit Card,Refunded,TPPAY5DIZJA96DO,25908.0,25908.0,INR
767,767,2023-10-13 01:19:55,UPI,Paid,TPPAY28YZBTLLR4,21534.0,0.0,INR
768,768,2026-08-20 14:37:01,Credit Card,Refunded,TPPAYDZHDDET2R9,78921.0,78921.0,INR
769,769,2026-08-05 23:57:51,UPI,Paid,TPPAYDIQ89FILPR,13383.2,0.0,INR
770,770,2024-04-10 06:21:40,Debit Card,Paid,TPPAYSS5DRFC3UX,51620.0,0.0,INR
771,771,2025-01-06 06:53:51,UPI,Refunded,TPPAYOJKSJDLQ1N,114330.0,114330.0,INR
772,772,2026-06-27 14:55:43,UPI,Paid,TPPAYU5RSUIMUVY,28016.85,0.0,INR
773,773,2024-05-20 08:07:55,UPI,Paid,TPPAYX4NK3JTGXE,65106.0,0.0,INR
774,774,2026-07-27 01:35:44,UPI,Pending,TPPAYDJUIA6I827,0.0,0.0,INR
775,775,2026-06-24 11:47:56,UPI,Paid,TPPAYFPDCKSAAQ0,19692.0,0.0,INR
776,776,2024-03-11 08:47:54,Credit Card,Paid,TPPAY44UCDYYGDU,17088.0,0.0,INR
777,777,2026-08-03 12:02:24,Debit Card,Pending,TPPAYO1R4DQK2RI,0.0,0.0,INR
778,778,2026-06-15 13:59:51,UPI,Paid,TPPAYZM65PR6V15,58030.0,0.0,INR
779,779,2026-03-13 17:05:36,Net Banking,Paid,TPPAYE6TXQSGW7O,21534.0,0.0,INR
780,780,2026-07-25 04:15:41,UPI,Paid,TPPAYMBGURLD0MZ,33480.0,0.0,INR
781,781,2024-02-12 01:06:07,UPI,Paid,TPPAYV39IP7RYBV,13380.0,0.0,INR
782,782,2026-08-22 02:04:10,UPI,Paid,TPPAY4PRU215LXS,27189.0,0.0,INR
783,783,2026-04-12 07:44:24,Debit Card,Paid,TPPAYVX3VCFFGSJ,61605.0,0.0,INR
784,784,2023-10-10 19:13:53,UPI,Paid,TPPAYNN29KBD6JL,80344.0,0.0,INR
785,785,2026-05-29 05:53:23,Net Banking,Refunded,TPPAYHPCYIB5RB2,124424.0,124424.0,INR
786,786,2026-06-09 23:56:56,UPI,Pending,TPPAYEP8U9DLW1L,0.0,0.0,INR
787,787,2025-07-18 06:26:38,Net Banking,Paid,TPPAYTNUCF6REYL,81124.0,0.0,INR
788,788,2026-08-06 21:26:05,UPI,Paid,TPPAYT8PGSSUN99,81124.0,0.0,INR
789,789,2025-09-20 08:49:13,Credit Card,Paid,TPPAYCZHXHRGEYA,108850.0,0.0,INR
790,790,2026-07-06 21:21:52,UPI,Paid,TPPAYEX4AA7ERJ2,16080.0,0.0,INR
791,791,2026-05-11 09:52:28,Debit Card,Paid,TPPAY943MX28YAF,25752.6,0.0,INR
792,792,2026-08-10 02:19:59,Credit Card,Pending,TPPAYIRHT2P6KA3,0.0,0.0,INR
793,793,2024-10-23 01:23:44,UPI,Paid,TPPAY3NBCI7LOK7,64787.0,0.0,INR
794,794,2026-07-05 18:55:17,UPI,Paid,TPPAYQTL24D19EU,58595.4,0.0,INR
795,795,2026-07-11 14:42:53,Net Banking,Paid,TPPAY6X0QBBAO3O,39333.6,0.0,INR
796,796,2026-08-08 19:34:58,Net Banking,Paid,TPPAYAIXS1E5D4D,80496.0,0.0,INR
797,797,2026-06-27 07:12:55,UPI,Paid,TPPAYC3CSXQLQ1V,26784.0,0.0,INR
798,798,2026-08-15 20:13:13,Credit Card,Paid,TPPAYJI4EUA2EVY,24099.0,0.0,INR
799,799,2026-06-17 06:26:19,Credit Card,Paid,TPPAY4NIOY37ADD,60552.0,0.0,INR
800,800,2024-01-15 23:21:04,Debit Card,Paid,TPPAYINVTSF8XV8,29507.0,0.0,INR
801,801,2026-07-14 17:19:59,Credit Card,Paid,TPPAYPMHXJ4BR16,16066.0,0.0,INR
802,802,2026-06-21 04:46:10,Debit Card,Paid,TPPAY0ORAKT7KFK,33567.0,0.0,INR
803,803,2024-01-05 22:47:18,Wallet,Paid,TPPAY46QCAW8UEN,34099.2,0.0,INR
804,804,2026-07-01 10:45:59,Net Banking,Refunded,TPPAYOZQ3GW8Y6I,43704.0,43704.0,INR
805,805,2026-08-25 17:38:47,UPI,Paid,TPPAYBAGLLJ7VWR,90990.0,0.0,INR
806,806,2026-06-30 12:30:45,UPI,Paid,TPPAY3Z38V5OLSS,62819.7,0.0,INR
807,807,2025-12-17 05:48:58,Credit Card,Paid,TPPAY1VIPFUUY8M,19563.0,0.0,INR
808,808,2026-06-19 14:51:43,Debit Card,Paid,TPPAYZWMLKGWOA1,62819.7,0.0,INR
809,809,2026-06-27 07:47:53,Credit Card,Refunded,TPPAYWJ7LHTYJE1,22146.0,22146.0,INR
810,810,2025-01-11 13:52:46,Credit Card,Paid,TPPAYQ4FV5WNBC6,19251.0,0.0,INR
811,811,2026-08-07 11:45:34,Net Banking,Paid,TPPAYIOK3OLDEAV,49465.0,0.0,INR
812,812,2024-09-02 15:53:56,Net Banking,Paid,TPPAYWT5K8ZLY1T,17646.0,0.0,INR
813,813,2024-01-08 07:07:05,UPI,Paid,TPPAY412JI2I6F2,51914.0,0.0,INR
814,814,2024-08-06 06:09:10,Credit Card,Paid,TPPAYBN8PVST3WW,18126.0,0.0,INR
815,815,2026-08-03 19:17:22,Debit Card,Paid,TPPAYGR00MHTT1O,21534.0,0.0,INR
816,816,2026-07-03 21:23:36,Debit Card,Paid,TPPAY78NBUNOZYC,13069.0,0.0,INR
817,817,2026-07-16 13:05:54,Credit Card,Pending,TPPAYLA2AVZPPQG,0.0,0.0,INR
818,818,2024-04-30 14:35:40,UPI,Paid,TPPAYJ2ARQT56MQ,31785.1,0.0,INR
819,819,2024-07-31 22:15:38,Debit Card,Paid,TPPAYWN34KVKMGE,66298.0,0.0,INR
820,820,2026-01-05 01:59:48,UPI,Paid,TPPAYI2PRC2GNO5,47945.0,0.0,INR
821,821,2025-08-15 11:26:23,UPI,Paid,TPPAYFAPF7OBL80,107880.0,0.0,INR
822,822,2023-12-11 20:03:23,Credit Card,Paid,TPPAYYJM56NDF85,67296.0,0.0,INR
823,823,2024-03-15 23:57:54,UPI,Paid,TPPAYPXN9Y6M752,76220.0,0.0,INR
824,824,2026-08-13 09:53:15,Debit Card,Paid,TPPAYGJF3TODDYR,50187.0,0.0,INR
825,825,2026-08-12 09:52:10,Credit Card,Refunded,TPPAYVLLIU64XCC,60805.0,60805.0,INR
826,826,2026-07-23 13:09:55,Debit Card,Paid,TPPAYFQTU5YICHP,18707.4,0.0,INR
827,827,2024-09-06 05:54:04,Debit Card,Paid,TPPAYW6FT1IPZSF,34176.0,0.0,INR
828,828,2026-07-09 15:02:58,Credit Card,Pending,TPPAYTR9M2ENZOG,0.0,0.0,INR
829,829,2024-09-03 12:32:24,Credit Card,Paid,TPPAYV97UJA38E1,111981.6,0.0,INR
830,830,2025-01-28 07:20:33,Debit Card,Refunded,TPPAYMOS5J7XF9D,41191.0,41191.0,INR
831,831,2026-07-04 16:10:03,Credit Card,Paid,TPPAYS0DL6W33E0,51926.0,0.0,INR
832,832,2024-02-04 12:19:44,Credit Card,Paid,TPPAYDGKY4J6TTS,69638.4,0.0,INR
833,833,2025-06-02 19:14:45,UPI,Paid,TPPAYT6SS2ZVEIF,15883.95,0.0,INR
834,834,2025-07-24 01:42:03,UPI,Paid,TPPAY6O8YOO9SXE,45789.3,0.0,INR
835,835,2025-12-26 22:11:26,Debit Card,Paid,TPPAYL6HLIP62QF,86808.0,0.0,INR
836,836,2024-02-01 06:39:44,Credit Card,Paid,TPPAYWJB1Z4HJ3R,73786.8,0.0,INR
837,837,2025-07-25 21:57:01,UPI,Paid,TPPAY1RAZ2MXZL5,20070.0,0.0,INR
838,838,2026-07-01 06:55:09,UPI,Paid,TPPAYK80SFHFYQ2,43096.0,0.0,INR
839,839,2026-09-05 16:08:08,Debit Card,Paid,TPPAYD7UFC3SC8A,13889.0,0.0,INR
840,840,2024-05-24 19:25:12,Credit Card,Paid,TPPAYN89B0S8BST,27189.0,0.0,INR
841,841,2026-07-13 08:40:01,Debit Card,Paid,TPPAYSJVPCEUPGV,8837.0,0.0,INR
842,842,2026-08-10 03:38:01,Net Banking,Paid,TPPAY4R6SGA804O,80344.0,0.0,INR
843,843,2026-07-22 03:34:42,Credit Card,Paid,TPPAY4ANXSR504W,40200.0,0.0,INR
844,844,2026-07-11 12:47:41,Credit Card,Paid,TPPAYC9MKLEEVB7,130212.0,0.0,INR
845,845,2026-09-07 00:52:23,Net Banking,Paid,TPPAY240DYVDLOM,59823.0,0.0,INR
846,846,2024-03-30 14:22:32,UPI,Paid,TPPAYYR7FK3HMFX,33351.0,0.0,INR
847,847,2026-07-05 22:11:29,Credit Card,Paid,TPPAYKDK4K009EC,124424.0,0.0,INR
848,848,2024-09-23 09:22:41,Credit Card,Paid,TPPAYJP8VMYIM4R,93364.0,0.0,INR
849,849,2026-06-09 17:15:33,Credit Card,Paid,TPPAY2NHERAD3GM,115700.0,0.0,INR
850,850,2026-09-01 05:32:05,Net Banking,Pending,TPPAYFGW76Z3YF8,0.0,0.0,INR
851,851,2026-08-31 19:08:20,Wallet,Paid,TPPAYI3WS57LDVK,93318.0,0.0,INR
852,852,2026-07-19 04:11:23,Credit Card,Paid,TPPAY1JP3LX2VM0,57165.0,0.0,INR
853,853,2026-09-05 05:57:23,Debit Card,Paid,TPPAYH5R71MS5YA,41396.0,0.0,INR
854,854,2024-06-06 07:09:17,Debit Card,Paid,TPPAYDYK808VCFM,11260.35,0.0,INR
855,855,2026-09-09 11:42:00,Credit Card,Refunded,TPPAY8MLWCOJD85,123701.4,123701.4,INR
856,856,2026-06-24 01:01:01,Debit Card,Paid,TPPAYMP7UM6G4RU,27067.5,0.0,INR
857,857,2026-07-11 11:50:40,Debit Card,Paid,TPPAYAAP94ORLVF,19279.2,0.0,INR
858,858,2026-07-07 23:28:32,UPI,Paid,TPPAYLJO0SA5QDK,40144.0,0.0,INR
859,859,2026-08-10 12:51:34,UPI,Paid,TPPAYKM53OTAZLY,31003.0,0.0,INR
860,860,2026-08-09 01:15:16,Debit Card,Paid,TPPAY6CD8HZWZ3R,46074.0,0.0,INR
861,861,2025-03-04 17:15:01,Debit Card,Paid,TPPAYP5BYN3L5NW,14356.0,0.0,INR
862,862,2026-06-26 21:33:38,UPI,Refunded,TPPAYVRNE7VYFN6,80444.0,80444.0,INR
863,863,2025-01-01 12:15:46,UPI,Paid,TPPAYRIX4PMZEC6,32605.0,0.0,INR
864,864,2026-08-02 06:07:53,Net Banking,Pending,TPPAYTG7OS1T486,0.0,0.0,INR
865,865,2026-01-08 20:32:10,UPI,Paid,TPPAYVO321MKTZN,40200.0,0.0,INR
866,866,2026-08-06 06:17:33,Net Banking,Paid,TPPAYT6W53Z9LVB,48250.0,0.0,INR
867,867,2026-07-29 16:33:17,UPI,Paid,TPPAYHWUZVYBJ5M,13380.0,0.0,INR
868,868,2024-08-24 19:02:26,UPI,Paid,TPPAYSPEG6ACJFX,121044.0,0.0,INR
869,869,2023-10-28 11:59:19,Credit Card,Paid,TPPAYUBOZ0LAB43,88695.8,0.0,INR
870,870,2025-12-30 22:06:21,Debit Card,Paid,TPPAYVNQU7DZ6RW,23605.6,0.0,INR
871,871,2026-06-03 01:48:33,UPI,Paid,TPPAYKH6X1FPCII,126385.0,0.0,INR
872,872,2026-06-24 13:37:43,Credit Card,Paid,TPPAYVW9T5ZPBPB,100870.0,0.0,INR
873,873,2024-09-02 05:36:41,Debit Card,Refunded,TPPAYXECVPTINDH,28767.0,28767.0,INR
874,874,2026-06-26 01:29:37,UPI,Paid,TPPAY9BBZ8PO4Z1,73210.0,0.0,INR
875,875,2026-08-10 13:32:27,UPI,Paid,TPPAYYF04UO66HK,48579.0,0.0,INR
876,876,2025-09-21 00:35:18,UPI,Paid,TPPAYPWSSR1QG8M,121686.0,0.0,INR
877,877,2026-06-26 19:45:43,Credit Card,Paid,TPPAYILJYDTV2AZ,20070.0,0.0,INR
878,878,2026-07-05 14:57:23,Net Banking,Paid,TPPAY3TVI3LW6EC,75482.0,0.0,INR
879,879,2023-10-26 09:56:23,Credit Card,Paid,TPPAYMN5WGOEJYW,33812.0,0.0,INR
880,880,2024-05-04 04:33:00,Credit Card,Paid,TPPAY5D1UQGNCXJ,93364.0,0.0,INR
881,881,2026-08-23 23:16:12,Credit Card,Paid,TPPAYJNLJCJR0NM,80344.0,0.0,INR
882,882,2026-08-17 22:14:36,UPI,Pending,TPPAYYF989T29U6,0.0,0.0,INR
883,883,2026-01-11 15:38:07,UPI,Paid,TPPAY0XN6H4X721,72409.0,0.0,INR
884,884,2025-08-11 20:42:23,Credit Card,Paid,TPPAYN4QG127QOU,100430.0,0.0,INR
885,885,2026-08-30 23:22:05,UPI,Paid,TPPAYYMPQA54WRE,17674.0,0.0,INR
886,886,2026-07-10 22:49:01,Debit Card,Pending,TPPAYEGMRLEW58X,0.0,0.0,INR
887,887,2024-02-24 18:29:53,Credit Card,Paid,TPPAYITTE0RQSSU,50187.0,0.0,INR
888,888,2026-07-25 10:37:16,Wallet,Paid,TPPAY4FZC8M8B9I,43096.0,0.0,INR
889,889,2026-07-31 17:41:50,UPI,Paid,TPPAYDPN6FBHGMT,78282.45,0.0,INR
890,890,2025-10-17 15:47:50,Credit Card,Paid,TPPAYPO3864HBP4,95275.0,0.0,INR
891,891,2026-06-14 10:26:17,Debit Card,Paid,TPPAY3CVO3ZFPO4,16772.4,0.0,INR
892,892,2026-03-01 10:37:55,Credit Card,Paid,TPPAYXOG0G13YIG,78372.0,0.0,INR
893,893,2026-07-20 13:47:47,Credit Card,Paid,TPPAYF278E2EDBK,73210.0,0.0,INR
894,894,2026-06-27 23:28:14,Net Banking,Paid,TPPAYLCWLP39YWQ,54306.75,0.0,INR
895,895,2025-08-13 09:24:15,Debit Card,Paid,TPPAYSUF5RERNYU,31139.1,0.0,INR
896,896,2024-09-27 15:14:28,Credit Card,Paid,TPPAYLLRFQRXAPG,87048.0,0.0,INR
897,897,2024-07-17 06:14:55,Debit Card,Paid,TPPAYTLVUXE6T9X,26253.1,0.0,INR
898,898,2024-04-09 13:00:37,UPI,Paid,TPPAYDQYHB20427,82887.3,0.0,INR
899,899,2024-08-02 13:05:06,Net Banking,Paid,TPPAYKJDFWRLKDM,61398.0,0.0,INR
900,900,2026-06-10 08:33:38,UPI,Pending,TPPAYCDDMJWA4OZ,0.0,0.0,INR
901,901,2025-10-04 13:15:08,UPI,Pending,TPPAY6SBMLKSXW4,57627.0,0.0,INR
902,902,2026-08-04 11:18:37,Wallet,Paid,TPPAYM4NVJGZYSM,22378.0,0.0,INR
903,903,2024-01-29 14:11:29,UPI,Paid,TPPAYTJY7QYD16N,32778.0,0.0,INR
904,904,2024-11-21 14:31:10,UPI,Paid,TPPAYM6JO5AJTTB,118300.0,0.0,INR
905,905,2026-08-10 09:58:47,Credit Card,Paid,TPPAYW6L233QP9W,83011.0,0.0,INR
906,906,2025-03-04 02:08:43,Credit Card,Paid,TPPAY65NDD7K7PW,33809.0,0.0,INR
907,907,2026-07-02 15:24:18,Debit Card,Paid,TPPAYNXG6MGWJTU,120516.0,0.0,INR
908,908,2026-08-26 08:29:01,UPI,Paid,TPPAY7LXF1W8ZV4,9355.0,0.0,INR
909,909,2026-07-22 05:55:30,Wallet,Paid,TPPAYEMWG6GMGK0,52596.75,0.0,INR
910,910,2026-08-20 04:15:35,Debit Card,Pending,TPPAYWD8SSYA36C,0.0,0.0,INR
911,911,2026-07-20 20:03:31,Debit Card,Paid,TPPAYYP8U8PWQHA,50928.0,0.0,INR
912,912,2026-06-28 21:38:09,UPI,Paid,TPPAYON5W92QGRA,62292.0,0.0,INR
913,913,2025-09-16 08:47:27,UPI,Paid,TPPAY8L45YIPYQF,64772.0,0.0,INR
914,914,2024-06-21 00:03:42,UPI,Paid,TPPAY4W0DDKDMFQ,76790.0,0.0,INR
915,915,2026-07-19 14:04:23,Credit Card,Paid,TPPAY3Y69XD6772,53840.7,0.0,INR
916,916,2026-08-25 20:53:00,UPI,Paid,TPPAYO2T8RVD59Q,39774.6,0.0,INR
917,917,2026-07-08 17:21:19,UPI,Paid,TPPAY9S9YKJABET,103340.0,0.0,INR
918,918,2026-07-12 18:14:48,Credit Card,Paid,TPPAYNZR2MDITRZ,61605.0,0.0,INR
919,919,2026-07-18 13:37:13,UPI,Paid,TPPAYADAMR4U1HM,58580.0,0.0,INR
920,920,2026-06-11 01:44:29,UPI,Paid,TPPAY6P77OHZMXZ,64237.1,0.0,INR
921,921,2024-03-17 19:04:19,Credit Card,Paid,TPPAY56HO5SE872,24120.0,0.0,INR
922,922,2026-06-19 17:28:41,UPI,Paid,TPPAYCI6ZGMGAUX,9355.0,0.0,INR
923,923,2024-03-23 11:24:19,Debit Card,Paid,TPPAY7OJ5AMKXFJ,83056.0,0.0,INR
924,924,2025-12-15 14:17:37,Credit Card,Paid,TPPAYF7T9XOSYNU,18636.0,0.0,INR
925,925,2026-07-30 13:01:01,UPI,Paid,TPPAYJ4S7SZV4DK,103340.0,0.0,INR
926,926,2026-03-02 18:45:11,Net Banking,Paid,TPPAYR8O5XA4OPZ,33219.0,0.0,INR
927,927,2025-05-10 07:11:30,Credit Card,Paid,TPPAYWCULZLKQTZ,50849.55,0.0,INR
928,928,2026-02-27 05:20:40,Net Banking,Paid,TPPAYZZD0ZCKGSO,108850.0,0.0,INR
929,929,2025-03-21 03:09:29,Credit Card,Paid,TPPAYONJZ5C79MR,28648.0,0.0,INR
930,930,2023-12-09 05:10:57,Debit Card,Paid,TPPAYQCPOSK9IXA,46148.0,0.0,INR
931,931,2025-12-11 17:50:06,UPI,Paid,TPPAYQNZ53JMJN1,90828.0,0.0,INR
932,932,2026-08-28 20:50:30,Net Banking,Paid,TPPAYOZAFZYT6EF,49284.0,0.0,INR
933,933,2025-01-09 19:05:26,Wallet,Paid,TPPAYV9SPJMKR5K,56668.0,0.0,INR
934,934,2026-07-31 03:22:51,Debit Card,Paid,TPPAYNDLP1LHMSE,49284.0,0.0,INR
935,935,2026-06-10 12:33:55,Debit Card,Paid,TPPAY1FHR7HRGQ6,23605.6,0.0,INR
936,936,2024-02-02 07:02:56,UPI,Paid,TPPAYK3JC0NMJHP,27161.6,0.0,INR
937,937,2024-04-26 05:24:53,UPI,Refunded,TPPAYCGEGSIYSO3,154135.6,154135.6,INR
938,938,2025-02-12 08:40:06,Net Banking,Paid,TPPAY3DXKD4B49X,151662.0,0.0,INR
939,939,2026-06-25 02:16:50,UPI,Paid,TPPAYM9TE1T9L15,8453.0,0.0,INR
940,940,2026-08-16 04:22:47,Wallet,Paid,TPPAYE2NXGA2Z5X,14818.0,0.0,INR
941,941,2026-07-09 18:13:06,Debit Card,Paid,TPPAYDCBY9IX0QI,132080.4,0.0,INR
942,942,2026-07-30 15:01:25,UPI,Refunded,TPPAYH007UMZCFF,24153.6,24153.6,INR
943,943,2025-09-09 17:26:18,UPI,Paid,TPPAYQBOWYLN9H2,64770.0,0.0,INR
944,944,2023-12-22 13:12:00,Credit Card,Paid,TPPAY6ZDXQ7WEN5,38768.0,0.0,INR
945,945,2026-08-15 13:02:29,Credit Card,Refunded,TPPAYRUW9TGTGE5,20088.0,20088.0,INR
946,946,2024-07-25 02:23:18,UPI,Refunded,TPPAYFKQ8NMYLC6,107681.4,20088.0,INR
947,947,2026-09-08 07:05:26,Credit Card,Paid,TPPAYF7NM0XA2VI,20934.0,0.0,INR
948,948,2026-08-12 10:24:04,UPI,Paid,TPPAYQ20IN6HSYP,95275.0,0.0,INR
949,949,2025-07-31 15:32:59,UPI,Paid,TPPAYLL9B8QAEUE,67799.4,0.0,INR
950,950,2026-06-27 03:22:09,UPI,Paid,TPPAYP2IXP6DT77,33809.0,0.0,INR
951,951,2026-08-17 23:03:58,Net Banking,Paid,TPPAYX1DJGXCQZ9,67618.0,0.0,INR
952,952,2026-07-30 08:06:44,UPI,Paid,TPPAYH3R5V4M678,27561.6,0.0,INR
953,953,2026-07-30 13:55:40,Credit Card,Paid,TPPAYG6Q9493F9V,20088.0,0.0,INR
954,954,2023-12-20 14:08:38,UPI,Paid,TPPAYVQ8EUMAU60,22968.0,0.0,INR
955,955,2026-09-06 20:21:17,UPI,Pending,TPPAY7OVG9M11XG,0.0,0.0,INR
956,956,2025-05-30 19:08:18,Debit Card,Paid,TPPAY6ER79BE4FF,68039.0,0.0,INR
957,957,2026-08-31 12:23:25,Credit Card,Paid,TPPAYYGOQ9CG1UX,28944.0,0.0,INR
958,958,2026-07-17 13:15:57,Wallet,Pending,TPPAYZO9JQTO65I,0.0,0.0,INR
959,959,2026-06-24 23:19:47,Wallet,Paid,TPPAYRPOTXS59OI,26784.0,0.0,INR
960,960,2026-06-27 00:22:35,UPI,Paid,TPPAYO7D6LOCJRM,35148.0,0.0,INR
961,961,2026-07-10 23:29:32,Credit Card,Paid,TPPAYNRR2H8O0Z6,49329.7,0.0,INR
962,962,2026-07-27 21:56:33,UPI,Paid,TPPAY7KFR1FC69Y,10455.2,0.0,INR
963,963,2026-06-14 06:36:49,Credit Card,Refunded,TPPAY1LPN0LGKTS,11853.0,11853.0,INR
964,964,2025-09-18 04:15:00,Wallet,Paid,TPPAY11BWYQDNCX,26084.0,0.0,INR
965,965,2024-01-07 03:10:16,Net Banking,Paid,TPPAYC78CRL335P,32085.0,0.0,INR
966,966,2026-05-04 23:54:59,Net Banking,Paid,TPPAYKEWR5PAWH3,9472.0,0.0,INR
967,967,2025-05-19 08:11:15,Wallet,Paid,TPPAYSRHKGI30ZR,29664.9,0.0,INR
968,968,2026-08-08 10:41:04,Debit Card,Paid,TPPAYSCZ7P020EK,108993.6,0.0,INR
969,969,2026-08-17 19:20:07,UPI,Paid,TPPAYTJTHF6JWM1,50877.0,0.0,INR
970,970,2025-10-08 15:24:14,Net Banking,Paid,TPPAY9DHNPJRI5O,76406.0,0.0,INR
971,971,2026-03-28 17:39:22,UPI,Paid,TPPAY3M15689ZLY,75482.0,0.0,INR
972,972,2026-09-01 04:13:48,UPI,Paid,TPPAY3OT2HV74QF,109055.0,0.0,INR
973,973,2025-10-25 15:49:50,Credit Card,Paid,TPPAY5LAQ34LXCJ,37246.65,0.0,INR
974,974,2025-09-11 13:09:14,UPI,Paid,TPPAY1CXX6YQK15,35890.0,0.0,INR
975,975,2026-08-07 00:04:55,UPI,Paid,TPPAYSVG5W31XHI,65310.0,0.0,INR
976,976,2026-06-19 05:50:05,Wallet,Paid,TPPAY38KI3C89MD,36483.0,0.0,INR
977,977,2024-01-04 17:40:54,Debit Card,Paid,TPPAYCG6NX51BM4,38862.0,0.0,INR
978,978,2026-08-31 00:49:44,UPI,Pending,TPPAY88C3959U3O,0.0,0.0,INR
979,979,2025-07-22 23:20:20,UPI,Paid,TPPAYWJK7UBFVOL,36252.0,0.0,INR
980,980,2026-06-30 01:36:55,Debit Card,Paid,TPPAYGBY57E02K4,12042.0,0.0,INR
981,981,2026-08-21 17:36:33,UPI,Paid,TPPAYBPDG5OKYNQ,28416.0,0.0,INR
982,982,2026-08-08 06:30:05,Wallet,Paid,TPPAYLLJNV89NFA,46864.0,0.0,INR
983,983,2025-09-03 19:58:53,Credit Card,Paid,TPPAY5OH544UGMA,155530.0,0.0,INR
984,984,2025-12-18 18:24:39,UPI,Paid,TPPAYB17PM186XN,130212.0,0.0,INR
985,985,2024-07-05 07:37:38,Credit Card,Paid,TPPAYQ020RHUPAS,18303.9,0.0,INR
986,986,2023-10-02 12:58:20,Debit Card,Paid,TPPAYYLFIO6JRIN,18710.0,0.0,INR
987,987,2026-08-29 08:29:29,UPI,Paid,TPPAYGOOQ1OAPUJ,21852.0,0.0,INR
988,988,2024-07-28 23:17:41,Credit Card,Paid,TPPAYM7TPIQ9IB8,19786.0,0.0,INR
989,989,2026-08-25 19:12:33,Net Banking,Pending,TPPAYSSYH020I1P,0.0,0.0,INR
990,990,2026-07-23 14:24:54,UPI,Paid,TPPAYVZMVTK5TID,54594.0,0.0,INR
991,991,2026-07-11 22:26:23,UPI,Paid,TPPAYD8P30QQGSH,53840.7,0.0,INR
992,992,2026-08-24 15:47:32,UPI,Paid,TPPAY0JJV5FTWJC,103828.0,0.0,INR
993,993,2024-01-11 01:18:06,Credit Card,Paid,TPPAYV1Z75TYW1G,20698.0,0.0,INR
994,994,2024-09-22 18:54:37,Debit Card,Paid,TPPAYLWIC0P06IW,131758.5,0.0,INR
995,995,2025-01-16 10:21:42,Debit Card,Paid,TPPAY83C1TCN9HK,139977.0,0.0,INR
996,996,2023-12-31 06:04:50,UPI,Refunded,TPPAYVKJ5TAAX6Q,51926.0,51926.0,INR
997,997,2026-09-01 15:03:09,Credit Card,Paid,TPPAYBHXKBSP56W,65106.0,0.0,INR
998,998,2026-06-20 03:25:56,Net Banking,Paid,TPPAY6T35S4RJGS,31965.6,0.0,INR
999,999,2026-01-26 11:18:33,UPI,Paid,TPPAYTFJVNEPNDS,32386.0,0.0,INR
1000,1000,2026-06-21 01:55:55,Debit Card,Paid,TPPAYRKODSMGJCI,55493.1,0.0,INR
1001,1001,2024-11-03 18:25:48,Credit Card,Paid,TPPAYA35B4TZZPH,14356.0,0.0,INR
1002,1002,2026-09-01 14:14:02,Credit Card,Paid,TPPAYM5WOGKPJS9,49465.0,0.0,INR
1003,1003,2026-06-18 09:46:31,UPI,Paid,TPPAYAQZ85FVZ74,8524.8,0.0,INR
1004,1004,2024-04-08 15:53:58,UPI,Refunded,TPPAYDJS9FT4NNN,26084.0,26084.0,INR
1005,1005,2026-07-12 09:36:55,Debit Card,Paid,TPPAY46STDPOKL5,22378.0,0.0,INR
1006,1006,2026-03-07 06:52:15,UPI,Paid,TPPAYTGGVUQ0N51,22378.0,0.0,INR
1007,1007,2024-07-08 19:34:42,Credit Card,Paid,TPPAY68I1EDYXQY,82881.8,0.0,INR
1008,1008,2026-07-19 22:57:51,Credit Card,Paid,TPPAYBTF8C6VGRM,113336.0,0.0,INR
1009,1009,2025-01-11 15:30:00,UPI,Refunded,TPPAYCEIJ6TC0NE,60522.0,60522.0,INR
1010,1010,2026-06-28 16:28:17,Credit Card,Paid,TPPAY3RJIFUK8DY,37045.0,0.0,INR
1011,1011,2026-08-09 02:20:51,Net Banking,Paid,TPPAYFC4NQPDNNZ,101900.7,0.0,INR
1012,1012,2024-05-16 21:55:23,Credit Card,Paid,TPPAYXW7R9SKZXX,103433.1,0.0,INR
1013,1013,2026-06-16 15:52:26,UPI,Paid,TPPAY8FLK8GL84Q,30108.0,0.0,INR
1014,1014,2026-07-30 05:00:14,Credit Card,Paid,TPPAYXM51FPNN2G,68980.8,0.0,INR
1015,1015,2023-09-17 07:06:16,Wallet,Paid,TPPAY5NA8TZN8Z5,92097.0,0.0,INR
1016,1016,2026-07-29 09:52:10,Debit Card,Paid,TPPAY77LH6X803N,43704.0,0.0,INR
1017,1017,2026-07-12 08:32:05,Net Banking,Paid,TPPAYNVZMQWMV48,22520.7,0.0,INR
1018,1018,2026-06-19 06:55:55,UPI,Paid,TPPAYWYH44LTLZK,56121.6,0.0,INR
1019,1019,2026-03-17 15:42:03,Credit Card,Paid,TPPAY63HGJNUN8U,56207.1,0.0,INR
1020,1020,2024-12-22 21:21:55,UPI,Paid,TPPAYXBULSEUTG8,23822.1,0.0,INR
1021,1021,2024-12-04 23:13:04,UPI,Paid,TPPAYBTAMBBMPFA,111027.0,0.0,INR
1022,1022,2026-06-17 22:05:30,Credit Card,Paid,TPPAYSXZCDRM9VI,103852.0,0.0,INR
1023,1023,2024-09-29 08:15:38,Credit Card,Paid,TPPAY1MTOBMGJZP,13380.0,0.0,INR
1024,1024,2025-09-06 20:39:34,UPI,Paid,TPPAYWYI6IL0LAW,24397.2,0.0,INR
1025,1025,2026-08-07 11:01:26,UPI,Paid,TPPAYTCJ95X55WR,98636.6,0.0,INR
1026,1026,2026-07-31 18:19:12,UPI,Paid,TPPAYVLKTQVPH32,11260.35,0.0,INR
1027,1027,2026-06-09 17:52:00,Debit Card,Paid,TPPAY2G6BVCCFTS,25359.0,0.0,INR
1028,1028,2024-11-22 04:13:25,UPI,Paid,TPPAYBWP4U6YMEF,80344.0,0.0,INR
1029,1029,2024-04-23 00:05:26,UPI,Paid,TPPAY74SAA43IS2,90997.2,0.0,INR
1030,1030,2026-09-01 04:22:23,Credit Card,Paid,TPPAYLAHDLSQTOE,17088.0,0.0,INR
1031,1031,2025-11-06 00:06:54,UPI,Paid,TPPAYVB5TN5WAKE,108850.0,0.0,INR
1032,1032,2025-06-08 15:40:11,Credit Card,Paid,TPPAYEXGYIQWRIJ,16824.0,0.0,INR
1033,1033,2025-06-28 06:30:17,Credit Card,Paid,TPPAY5U68TMN2TU,39774.6,0.0,INR
1034,1034,2026-07-03 19:22:32,Wallet,Refunded,TPPAYVMDAAW6BXU,121104.0,121104.0,INR
1035,1035,2026-08-05 03:04:57,UPI,Paid,TPPAYT4HUZ2DB4O,18840.6,0.0,INR
1036,1036,2026-06-12 01:28:49,Credit Card,Paid,TPPAYJDA6052UO3,18710.0,0.0,INR
1037,1037,2026-06-18 03:45:34,Credit Card,Pending,TPPAYR7RM24VJ9K,0.0,0.0,INR
1038,1038,2026-08-30 05:46:54,UPI,Paid,TPPAY026P99MCT0,49284.0,0.0,INR
1039,1039,2026-09-03 05:56:14,UPI,Refunded,TPPAY5PU4MCEOHE,52614.0,52614.0,INR
1040,1040,2026-07-01 09:28:41,UPI,Paid,TPPAY2E5ZYDL3HZ,23432.0,0.0,INR
1041,1041,2024-06-27 05:07:28,UPI,Paid,TPPAYSNST28LVOS,13380.0,0.0,INR
1042,1042,2026-08-27 06:46:40,Debit Card,Paid,TPPAY4SQT2OV577,56668.0,0.0,INR
1043,1043,2025-04-16 07:04:41,UPI,Paid,TPPAYJKN6DWNP0T,12415.55,0.0,INR
1044,1044,2026-08-09 00:53:15,Credit Card,Paid,TPPAY3P19G5WFWV,39333.6,0.0,INR
1045,1045,2025-12-18 21:05:23,UPI,Paid,TPPAY798KUWLF9Q,40941.2,0.0,INR
1046,1046,2023-11-26 10:53:43,Credit Card,Paid,TPPAYTSDNMSR0YF,25632.0,0.0,INR
1047,1047,2026-06-24 12:18:04,UPI,Paid,TPPAY447QISI2QZ,20890.8,0.0,INR
1048,1048,2025-10-13 21:58:18,UPI,Refunded,TPPAYY6ALQK5KTB,41868.0,41868.0,INR
1049,1049,2026-08-18 07:17:00,Credit Card,Paid,TPPAYS0PZR9BE63,77871.0,0.0,INR
1050,1050,2023-09-20 09:44:57,UPI,Paid,TPPAYTJQA0R08NL,26995.2,0.0,INR
1051,1051,2026-02-27 00:31:46,UPI,Paid,TPPAYVZMZM0KSGN,21038.7,0.0,INR
1052,1052,2026-08-04 13:17:36,UPI,Refunded,TPPAYT4YGLQJ15K,43096.0,43096.0,INR
1053,1053,2026-08-07 12:05:55,Debit Card,Paid,TPPAYZIV5U5GURE,33077.1,0.0,INR
1054,1054,2026-08-31 09:38:38,UPI,Paid,TPPAY0GB2XT0GUX,14356.0,0.0,INR
1055,1055,2025-11-30 04:03:21,Credit Card,Paid,TPPAYE975JI5BY5,37497.75,0.0,INR
1056,1056,2023-11-10 07:45:56,Wallet,Paid,TPPAYQU7N3SPGE9,46722.6,0.0,INR
1057,1057,2026-04-03 14:05:44,UPI,Paid,TPPAYQEGQ43G6EB,162248.0,0.0,INR
1058,1058,2026-08-17 01:33:19,Debit Card,Paid,TPPAY0U831GBR5C,137910.8,0.0,INR
1059,1059,2026-07-16 11:05:19,UPI,Paid,TPPAYMO1TUI0JK9,47651.85,0.0,INR
1060,1060,2025-11-14 00:57:40,Debit Card,Paid,TPPAYFCDKLTEUFV,16818.1,0.0,INR
1061,1061,2026-03-27 04:44:19,Debit Card,Paid,TPPAY1LEQ0CZFG2,16790.3,0.0,INR
1062,1062,2026-08-05 02:28:27,Debit Card,Paid,TPPAY88N441W5KW,62161.35,0.0,INR
1063,1063,2026-07-05 18:28:47,UPI,Pending,TPPAYZLK8NXYY2D,0.0,0.0,INR
1064,1064,2024-03-10 09:21:36,UPI,Paid,TPPAYSU7YENWEHK,43704.0,0.0,INR
1065,1065,2025-06-13 03:11:17,UPI,Paid,TPPAYA1XV19V60S,10774.0,0.0,INR
1066,1066,2026-06-20 23:39:48,Debit Card,Refunded,TPPAYDNPWGZF43L,43622.0,43622.0,INR
1067,1067,2024-10-27 11:31:50,Credit Card,Refunded,TPPAYHRXXQ3UFLA,29538.0,29538.0,INR
1068,1068,2024-12-22 11:06:11,UPI,Refunded,TPPAY9OMN4245W7,20470.6,20470.6,INR
1069,1069,2026-06-24 05:48:43,UPI,Paid,TPPAYV4K1WAR8CW,19786.0,0.0,INR
1070,1070,2025-11-23 20:37:26,Debit Card,Paid,TPPAYIE7TS31D5V,7185.05,0.0,INR
1071,1071,2026-07-15 08:09:17,Net Banking,Paid,TPPAYWBFPKBXMUT,33480.0,0.0,INR
1072,1072,2026-07-05 12:09:13,UPI,Paid,TPPAY1GBOW85YRA,13126.55,0.0,INR
1073,1073,2026-06-16 04:55:07,UPI,Paid,TPPAY67GAF8B2CH,103852.0,0.0,INR
1074,1074,2026-08-21 18:46:00,Credit Card,Paid,TPPAYNNAECY193G,83056.0,0.0,INR
1075,1075,2026-06-18 05:34:15,Debit Card,Paid,TPPAY32KMCSTLUV,9063.0,0.0,INR
1076,1076,2026-06-26 17:47:39,UPI,Paid,TPPAYRCZDEE3GRM,28416.0,0.0,INR
1077,1077,2026-07-06 08:37:31,UPI,Paid,TPPAYJEFBY38LYM,61772.0,0.0,INR
1078,1078,2026-07-29 07:34:32,Credit Card,Paid,TPPAYD0FNEN2EL2,8524.8,0.0,INR
1079,1079,2026-07-26 16:16:02,Credit Card,Paid,TPPAY4OC7632FL5,25829.55,0.0,INR
1080,1080,2024-04-03 23:11:53,UPI,Paid,TPPAYIZHCZCDOPY,15312.0,0.0,INR
1081,1081,2026-06-09 17:10:04,Net Banking,Paid,TPPAYQKRGF10VDY,24322.0,0.0,INR
1082,1082,2026-07-17 20:15:14,Debit Card,Paid,TPPAYZ26HOEOJBT,21534.0,0.0,INR
1083,1083,2026-04-15 03:12:50,UPI,Paid,TPPAY1OJEGJMZFK,44518.5,0.0,INR
1084,1084,2024-05-16 01:01:19,Net Banking,Paid,TPPAYL9G0SSS4BR,40165.0,0.0,INR
1085,1085,2024-11-30 23:09:10,UPI,Paid,TPPAYAJ3A5008GH,69690.6,0.0,INR
1086,1086,2026-06-28 15:11:52,UPI,Paid,TPPAYE1TV0A4XML,141960.0,0.0,INR
1087,1087,2025-10-20 13:49:05,Credit Card,Paid,TPPAYQ07BF2GTFE,108850.0,0.0,INR
1088,1088,2026-07-12 00:28:36,Credit Card,Paid,TPPAY1O2Q05AQQU,35114.85,0.0,INR
1089,1089,2026-06-25 18:27:17,Debit Card,Paid,TPPAYY5S0N5F76C,33952.0,0.0,INR
1090,1090,2026-07-15 15:08:50,UPI,Pending,TPPAY5GV5JECGMV,0.0,0.0,INR
1091,1091,2026-06-17 13:02:16,Debit Card,Paid,TPPAYHV55FT6Q4G,13042.0,0.0,INR
1092,1092,2024-01-29 11:41:04,Credit Card,Paid,TPPAYPT0IP29FKE,103340.0,0.0,INR
1093,1093,2026-06-27 17:10:54,Credit Card,Paid,TPPAY0BWN354A86,68292.4,0.0,INR
1094,1094,2026-06-18 12:24:54,Net Banking,Refunded,TPPAY7KU9VIJ47P,103340.0,103340.0,INR
1095,1095,2026-06-19 04:29:07,Credit Card,Paid,TPPAYJ3C7RZ7VCM,95275.0,0.0,INR
1096,1096,2026-08-14 01:37:45,UPI,Paid,TPPAYJ15JQGCPK7,69420.0,0.0,INR
1097,1097,2026-08-25 00:45:08,Debit Card,Paid,TPPAYXSQ82A09X3,119646.0,0.0,INR
1098,1098,2024-03-29 03:52:32,Credit Card,Paid,TPPAY7UA6KDCT4D,27189.0,0.0,INR
1099,1099,2026-08-19 17:28:28,Credit Card,Paid,TPPAYD06GW7KIQA,40941.2,0.0,INR
1100,1100,2023-11-30 08:10:53,UPI,Paid,TPPAYA76SVCG59T,10774.0,0.0,INR
1101,1101,2026-07-11 20:46:13,Debit Card,Paid,TPPAY1NELAUJUDO,16363.35,0.0,INR
1102,1102,2026-06-23 19:06:17,UPI,Paid,TPPAYLEPWL9NW5I,16818.1,0.0,INR
1103,1103,2026-08-11 22:20:42,Credit Card,Paid,TPPAYTMOJHKX7F7,9472.0,0.0,INR
1104,1104,2026-09-03 14:32:28,Debit Card,Pending,TPPAYD173KU4XDQ,0.0,0.0,INR
1105,1105,2024-09-03 00:58:15,Debit Card,Paid,TPPAYR71CCYS1Q1,42972.0,0.0,INR
1106,1106,2026-08-12 14:46:26,UPI,Paid,TPPAYGSAAG1YT99,44292.0,0.0,INR
1107,1107,2026-07-13 16:41:07,Credit Card,Paid,TPPAYEZCE4UVLU4,103828.0,0.0,INR
1108,1108,2025-03-28 01:17:28,UPI,Paid,TPPAYIQIOFNA0SR,51243.0,0.0,INR
1109,1109,2026-03-06 02:24:07,Wallet,Paid,TPPAYZPV862YBQO,125639.4,0.0,INR
1110,1110,2026-07-25 22:36:13,Debit Card,Paid,TPPAYPTVBE1KI4F,117190.8,0.0,INR
1111,1111,2026-03-04 11:15:19,UPI,Paid,TPPAYU1HIM301GX,65949.0,0.0,INR
1112,1112,2025-03-05 10:21:49,UPI,Paid,TPPAY55PWZR3GPO,127764.0,0.0,INR
1113,1113,2026-08-17 00:16:22,Wallet,Paid,TPPAYEL5EYIS7WZ,36483.0,0.0,INR
1114,1114,2026-02-27 13:30:52,UPI,Refunded,TPPAYJA73PNGA43,38356.0,38356.0,INR
1115,1115,2025-07-26 15:24:28,Debit Card,Paid,TPPAY5Z0Z71MLAG,12030.0,0.0,INR
1116,1116,2026-08-07 09:35:07,Debit Card,Paid,TPPAYQ03OX3QEJ1,22857.0,0.0,INR
1117,1117,2026-08-11 11:08:28,Credit Card,Paid,TPPAYNZ7GBXZ0SN,28648.0,0.0,INR
1118,1118,2025-05-13 03:30:05,Credit Card,Paid,TPPAYTUFQXYGWMA,33918.0,0.0,INR
1119,1119,2026-07-14 08:23:25,Debit Card,Paid,TPPAYESQ9WAM2N6,32444.0,0.0,INR
1120,1120,2026-08-15 20:45:32,UPI,Refunded,TPPAYR51HZN3GOK,15785.2,15785.2,INR
1121,1121,2026-08-12 13:18:43,Debit Card,Paid,TPPAYTGL5685XXC,130212.0,0.0,INR
1122,1122,2026-08-02 02:19:48,Credit Card,Paid,TPPAYWWA7GQB0RI,13788.7,0.0,INR
1123,1123,2026-08-24 01:09:21,UPI,Paid,TPPAYVU8XUMGCOJ,33450.0,0.0,INR
1124,1124,2026-07-16 22:24:39,Debit Card,Paid,TPPAY0W85EEGQ7O,77889.0,0.0,INR
1125,1125,2026-02-22 15:43:31,Credit Card,Paid,TPPAYQNSXSUB79O,100870.0,0.0,INR
1126,1126,2026-07-15 12:35:44,UPI,Paid,TPPAYAE4NCXO7TN,21811.0,0.0,INR
1127,1127,2024-08-23 23:57:15,UPI,Paid,TPPAYBIL3RH2EYU,104274.0,0.0,INR
1128,1128,2026-06-28 02:07:44,UPI,Refunded,TPPAYXMC8ILTBSB,43364.0,43364.0,INR
1129,1129,2024-10-09 23:58:07,Net Banking,Paid,TPPAY3LES5ZGVQT,43364.0,0.0,INR
1130,1130,2026-06-22 02:43:45,Credit Card,Paid,TPPAY1R27LP42LO,66126.6,0.0,INR
1131,1131,2026-07-28 11:33:44,Net Banking,Paid,TPPAY8GU8P4ICOU,137530.8,0.0,INR
1132,1132,2026-06-18 14:17:39,Wallet,Paid,TPPAYGSGKSBOUU5,109517.4,0.0,INR
1133,1133,2024-06-02 15:25:22,Debit Card,Paid,TPPAY58CGZTS378,37888.0,0.0,INR
1134,1134,2026-07-25 07:36:41,Debit Card,Paid,TPPAYGMZPXXE4UJ,48460.0,0.0,INR
1135,1135,2026-07-02 17:39:57,Debit Card,Paid,TPPAYUM4IIED5EF,25591.8,0.0,INR
1136,1136,2026-08-27 04:47:03,Net Banking,Pending,TPPAY2QGCHJES1Q,0.0,0.0,INR
1137,1137,2026-02-25 09:54:20,Credit Card,Paid,TPPAY7500CVH2CN,64772.0,0.0,INR
1138,1138,2026-07-05 14:25:32,UPI,Paid,TPPAY0UXVY26FBK,93318.0,0.0,INR
1139,1139,2026-04-26 08:49:03,UPI,Paid,TPPAY2ZCEP4AOHI,77505.0,0.0,INR
1140,1140,2026-07-20 03:25:24,Debit Card,Paid,TPPAYTEGNEOO6RI,162620.0,0.0,INR
1141,1141,2026-06-21 18:58:56,UPI,Paid,TPPAYWVNJGSTGBA,68980.8,0.0,INR
1142,1142,2026-07-10 18:03:45,Credit Card,Paid,TPPAYEE85UR3WZL,63882.0,0.0,INR
1143,1143,2026-08-23 10:38:54,Debit Card,Paid,TPPAYYLS4B2EDBX,29679.0,0.0,INR
1144,1144,2026-08-23 02:42:19,Credit Card,Pending,TPPAYVGWETXBPZZ,0.0,0.0,INR
1145,1145,2023-12-09 18:51:07,UPI,Pending,TPPAYXDH4QQYEDA,37888.0,0.0,INR
1146,1146,2026-07-25 09:14:40,Wallet,Paid,TPPAYULO62FSGZ0,154489.0,0.0,INR
1147,1147,2025-11-22 22:09:06,UPI,Paid,TPPAYB8PVKCYTUY,42244.6,0.0,INR
1148,1148,2026-07-03 20:27:16,Credit Card,Paid,TPPAYDEKFFEGN7Y,12424.0,0.0,INR
1149,1149,2023-12-29 14:03:32,Debit Card,Paid,TPPAYOZITN3FFV2,19786.0,0.0,INR
1150,1150,2026-05-18 22:26:58,UPI,Paid,TPPAY2PWF5VMNH8,37593.4,0.0,INR
1151,1151,2026-07-29 10:10:14,UPI,Paid,TPPAYUUIDF3IHAM,31010.55,0.0,INR
1152,1152,2026-08-27 12:07:45,Wallet,Paid,TPPAYMI4VS16K77,35348.0,0.0,INR
1153,1153,2026-06-22 16:09:28,UPI,Paid,TPPAYYXS4NSORHX,22452.0,0.0,INR
1154,1154,2025-07-02 04:01:46,Credit Card,Refunded,TPPAY5HZFDN6F0E,55651.0,55651.0,INR
1155,1155,2025-11-23 06:15:00,UPI,Paid,TPPAYMV42YE3QVV,40823.4,0.0,INR
1156,1156,2025-11-26 22:59:06,Net Banking,Paid,TPPAYN6I6HQA6KK,39384.0,0.0,INR
1157,1157,2026-01-17 00:07:09,UPI,Paid,TPPAYKJYC3CH668,11108.65,0.0,INR
1158,1158,2026-07-25 06:14:45,UPI,Paid,TPPAY5EJZLA0XFD,56668.0,0.0,INR
1159,1159,2026-08-12 15:13:06,UPI,Pending,TPPAY0IONSZ1J8L,0.0,0.0,INR
1160,1160,2025-12-23 21:47:37,Net Banking,Paid,TPPAYSDHAQ3A9F9,51494.75,0.0,INR
1161,1161,2026-06-18 00:43:29,UPI,Paid,TPPAYQOYV3W4TI4,80496.0,0.0,INR
1162,1162,2026-08-23 08:03:31,Net Banking,Paid,TPPAYQRUZSF0MW3,32386.0,0.0,INR
1163,1163,2026-08-05 22:03:15,Wallet,Paid,TPPAYBL3DGOLJT8,129175.0,0.0,INR
1164,1164,2025-08-05 08:33:06,UPI,Refunded,TPPAYJ816H08CFW,63811.2,63811.2,INR
1165,1165,2026-06-15 08:25:55,UPI,Paid,TPPAY3FKX5O53RH,29628.0,0.0,INR
1166,1166,2026-07-21 10:46:24,Debit Card,Paid,TPPAYT57DEW3V32,13336.2,0.0,INR
1167,1167,2026-06-24 10:42:28,Credit Card,Paid,TPPAYG66YLLI9IN,73210.0,0.0,INR
1168,1168,2026-08-04 16:46:04,Debit Card,Paid,TPPAY87KV4SWD4X,86286.6,0.0,INR
1169,1169,2024-06-02 16:42:14,Credit Card,Paid,TPPAYQBNJW9I3DR,35192.75,0.0,INR
1170,1170,2026-06-27 13:42:28,Credit Card,Paid,TPPAYYD71YJH3L0,28154.2,0.0,INR
1171,1171,2026-06-14 12:53:04,Credit Card,Paid,TPPAY5JPQH45DPT,66521.85,0.0,INR
1172,1172,2026-07-08 06:46:50,UPI,Paid,TPPAYXIZXMFXH45,17236.8,0.0,INR
1173,1173,2025-09-02 13:49:53,UPI,Paid,TPPAYR4E8GJ2G3N,32961.0,0.0,INR
1174,1174,2026-08-21 02:08:30,Debit Card,Paid,TPPAYA3XCI4ZLPQ,14620.0,0.0,INR
1175,1175,2024-02-10 14:03:51,Debit Card,Paid,TPPAYEA3J44TJD9,38715.0,0.0,INR
1176,1176,2026-01-13 07:38:24,UPI,Refunded,TPPAYHW03MZN2R6,24612.6,24612.6,INR
1177,1177,2024-11-11 00:26:35,UPI,Paid,TPPAY9PWWGGTGSQ,17807.4,0.0,INR
1178,1178,2025-10-03 19:26:34,UPI,Paid,TPPAYGSKDRX345V,64772.0,0.0,INR
1179,1179,2026-06-25 01:28:16,Net Banking,Pending,TPPAY1MS0TQBUGQ,0.0,0.0,INR
1180,1180,2026-06-26 03:00:17,Credit Card,Paid,TPPAYIH8QQVNKI1,85002.0,0.0,INR
1181,1181,2026-06-20 23:21:22,UPI,Paid,TPPAY75644KJHN9,122796.0,0.0,INR
1182,1182,2026-08-08 15:52:01,UPI,Refunded,TPPAYRAXY9TIQ4Y,38862.0,38862.0,INR
1183,1183,2026-06-20 10:54:31,UPI,Paid,TPPAYFP643ZIQFN,42720.0,0.0,INR
1184,1184,2026-07-19 03:49:44,UPI,Paid,TPPAYNTFFS03PDM,33812.0,0.0,INR
1185,1185,2026-07-22 09:59:43,Net Banking,Paid,TPPAYPQIEQAK6KN,41440.9,0.0,INR
1186,1186,2026-07-20 02:13:57,Wallet,Paid,TPPAYNTURKGGH50,18707.4,0.0,INR
1187,1187,2024-09-05 02:24:47,UPI,Paid,TPPAYCAQ770A0TS,30705.9,0.0,INR
1188,1188,2026-08-27 22:11:35,UPI,Pending,TPPAY3TXD7K6ZGT,0.0,0.0,INR
1189,1189,2025-03-23 06:27:04,Debit Card,Paid,TPPAY4IU9RTNAGW,43364.0,0.0,INR
1190,1190,2026-09-06 13:53:38,Net Banking,Paid,TPPAY5SQI6M747N,28767.0,0.0,INR
1191,1191,2026-07-08 10:16:59,Credit Card,Paid,TPPAY6ZDF357GO6,37420.0,0.0,INR
1192,1192,2026-06-22 02:25:21,Wallet,Paid,TPPAYN5S2526IC7,90990.0,0.0,INR
1193,1193,2026-08-10 14:05:37,Debit Card,Paid,TPPAYHOPLWBE4D1,40823.4,0.0,INR
1194,1194,2024-06-27 12:59:21,Debit Card,Paid,TPPAYNJ5AQZW4CS,66126.6,0.0,INR
1195,1195,2026-06-25 03:37:06,Debit Card,Paid,TPPAYC9MNTRS7U4,126385.0,0.0,INR
1196,1196,2026-07-24 01:41:08,Wallet,Refunded,TPPAYQEX11P3PFD,81310.0,81310.0,INR
1197,1197,2026-07-29 12:44:24,UPI,Paid,TPPAYD2NS1MAX1J,92560.0,0.0,INR
1198,1198,2026-07-06 20:34:59,UPI,Paid,TPPAYD6N5NRLHW7,47945.0,0.0,INR
1199,1199,2026-06-16 11:49:41,Credit Card,Refunded,TPPAYYCDRQUXNXN,40144.0,40144.0,INR
1200,1200,2026-08-20 14:20:40,Debit Card,Paid,TPPAY3PMJ6GXJHB,13042.0,0.0,INR
1201,1201,2026-07-09 01:06:20,UPI,Refunded,TPPAYD5KEHNW7M1,27108.0,27108.0,INR
1202,1202,2024-04-16 17:39:00,Credit Card,Paid,TPPAYT2267DWXD4,108510.0,0.0,INR
1203,1203,2026-06-19 16:28:32,Credit Card,Paid,TPPAYM9Q7BTLWF6,17538.0,0.0,INR
1204,1204,2025-03-14 02:19:37,Credit Card,Paid,TPPAYBPSH0GQ7XI,97660.0,0.0,INR
1205,1205,2026-03-15 14:20:09,Debit Card,Paid,TPPAY0OJUQCYBGQ,66298.0,0.0,INR
1206,1206,2025-04-01 18:18:01,UPI,Paid,TPPAY08E40CONLR,26469.0,0.0,INR
1207,1207,2024-01-03 02:07:30,UPI,Paid,TPPAYFF56UO6A7J,38136.8,0.0,INR
1208,1208,2024-12-08 23:17:49,Net Banking,Paid,TPPAY6XS39T2CYO,51620.0,0.0,INR
1209,1209,2026-08-17 22:41:39,Net Banking,Paid,TPPAYMRQDIXRN5J,23432.0,0.0,INR
1210,1210,2024-03-01 05:51:16,UPI,Paid,TPPAY4WBF59YVCL,33812.0,0.0,INR
1211,1211,2026-02-02 04:57:31,UPI,Refunded,TPPAY3GMX8V9AQO,61398.0,61398.0,INR
1212,1212,2026-08-17 21:53:55,UPI,Refunded,TPPAYCNTOHETHV4,26138.0,26138.0,INR
1213,1213,2026-06-30 19:28:04,Net Banking,Pending,TPPAY6Q1JP0JKQO,0.0,0.0,INR
1214,1214,2026-05-17 21:47:22,UPI,Paid,TPPAYPPAZZW7HL7,57685.0,0.0,INR
1215,1215,2026-08-18 09:58:41,Credit Card,Paid,TPPAY71RG988S0Y,121320.0,0.0,INR
1216,1216,2024-12-19 04:21:29,Debit Card,Paid,TPPAYDWZ4ZJFE1E,112125.6,0.0,INR
1217,1217,2026-05-07 02:36:09,Debit Card,Paid,TPPAYP685CT9I1L,33812.0,0.0,INR
1218,1218,2025-04-18 11:40:24,Wallet,Paid,TPPAY1SFANFSAOH,8887.25,0.0,INR
1219,1219,2025-06-06 19:34:56,UPI,Paid,TPPAY9FJ9DDEJLI,36144.0,0.0,INR
1220,1220,2024-01-04 11:24:31,Credit Card,Paid,TPPAYMIE107CZU4,30624.0,0.0,INR
1221,1221,2026-09-05 20:28:55,Debit Card,Paid,TPPAY9QEYQ811YG,121104.0,0.0,INR
1222,1222,2026-06-20 13:46:10,Credit Card,Paid,TPPAYRTER48XXUM,19066.5,0.0,INR
1223,1223,2026-06-14 08:30:51,UPI,Paid,TPPAYTFC805RTL7,73474.0,0.0,INR
1224,1224,2026-09-04 01:05:49,Debit Card,Pending,TPPAY38HETLUSHC,0.0,0.0,INR
1225,1225,2025-05-14 22:04:44,Credit Card,Paid,TPPAYYMF2ZFFLU3,108810.0,0.0,INR
1226,1226,2026-08-29 16:59:20,UPI,Pending,TPPAY1FDUODUFZC,0.0,0.0,INR
1227,1227,2023-09-17 01:17:37,Wallet,Paid,TPPAYS7CPHDE4KK,58779.0,0.0,INR
1228,1228,2026-05-30 23:15:27,Net Banking,Paid,TPPAYTM2418619J,130212.0,0.0,INR
1229,1229,2026-08-02 13:55:15,Net Banking,Paid,TPPAYCX3XZVO79N,34170.0,0.0,INR
1230,1230,2026-07-01 11:41:07,Debit Card,Paid,TPPAY1WOZ5CPGKD,13392.0,0.0,INR
1231,1231,2024-03-18 02:37:33,UPI,Refunded,TPPAYKNEM4Y52XB,18710.0,18710.0,INR
1232,1232,2024-09-01 04:14:23,Credit Card,Paid,TPPAYFHBXQX55OV,112125.6,0.0,INR
1233,1233,2026-07-02 16:36:53,Debit Card,Paid,TPPAYC4LPLL6UDK,103602.25,0.0,INR
1234,1234,2026-06-14 10:03:33,Net Banking,Paid,TPPAY7T5LSAPZLL,33494.4,0.0,INR
1235,1235,2023-10-03 02:35:34,Net Banking,Paid,TPPAYMJ4TI5Y2VE,19248.0,0.0,INR
1236,1236,2026-07-14 11:40:14,Debit Card,Paid,TPPAYN5TLUOZUIF,49225.2,0.0,INR
1237,1237,2026-06-26 21:33:48,Debit Card,Pending,TPPAY1DK45VL7BH,0.0,0.0,INR
1238,1238,2026-03-27 02:24:02,Debit Card,Paid,TPPAY0E1TJ6IIJQ,10926.0,0.0,INR
1239,1239,2026-07-13 14:16:56,UPI,Paid,TPPAYKA185PTSEI,143415.8,0.0,INR
1240,1240,2023-12-06 17:09:30,Net Banking,Paid,TPPAYOV3V77UJN4,14908.8,0.0,INR
1241,1241,2026-09-06 03:58:38,UPI,Paid,TPPAYI73J4LD5EL,35076.0,0.0,INR
1242,1242,2026-08-15 23:32:03,Credit Card,Paid,TPPAYAOL30VHKW6,21682.0,0.0,INR
1243,1243,2025-05-20 21:22:58,Credit Card,Paid,TPPAYNS5953SJ6V,130212.0,0.0,INR
1244,1244,2026-06-22 03:01:43,UPI,Paid,TPPAYPIR48J6VAU,108613.5,0.0,INR
1245,1245,2026-08-12 15:57:06,Credit Card,Paid,TPPAYSP9Y013AVZ,44355.6,0.0,INR
1246,1246,2026-07-29 10:38:22,UPI,Paid,TPPAYDVK0841IOS,29076.0,0.0,INR
1247,1247,2025-04-02 11:43:58,Credit Card,Paid,TPPAYNYIBQ5LBBD,29076.0,0.0,INR
1248,1248,2026-08-29 06:25:31,UPI,Paid,TPPAYZEFZU9LEKK,16222.0,0.0,INR
1249,1249,2026-06-21 23:24:40,Credit Card,Paid,TPPAYQOUPXI8PAA,51816.0,0.0,INR
1250,1250,2026-06-23 17:04:58,UPI,Paid,TPPAY2HWL9745VO,26760.0,0.0,INR
1251,1251,2026-09-06 01:02:27,UPI,Paid,TPPAY5GLESB6BFZ,49465.0,0.0,INR
1252,1252,2026-08-21 06:10:34,UPI,Pending,TPPAYR64U4L99BJ,0.0,0.0,INR
1253,1253,2026-06-11 17:49:18,UPI,Paid,TPPAYUHQUFMEULD,30075.0,0.0,INR
1254,1254,2026-08-02 01:21:25,Debit Card,Paid,TPPAY355YKVUM7K,37045.0,0.0,INR
1255,1255,2026-07-24 00:06:02,Debit Card,Paid,TPPAYAR6ECUVJ6L,45180.0,0.0,INR
1256,1256,2024-09-26 00:08:14,Debit Card,Paid,TPPAY3U4Q7FJYJG,87080.0,0.0,INR
1257,1257,2024-09-10 14:34:45,UPI,Paid,TPPAYPNRXLB9UPM,59513.4,0.0,INR
1258,1258,2026-08-17 12:02:05,UPI,Paid,TPPAYVVG4HE7P4E,111027.0,0.0,INR
1259,1259,2026-06-20 05:17:43,Credit Card,Paid,TPPAY60N4UF57IR,110986.2,0.0,INR
1260,1260,2025-02-17 12:42:20,Credit Card,Paid,TPPAYXF3AK4220X,11853.0,0.0,INR
1261,1261,2026-09-07 02:17:44,UPI,Paid,TPPAYKM0LP4QKIR,152812.0,0.0,INR
1262,1262,2024-05-11 23:50:15,Credit Card,Paid,TPPAY0QN8K2QPBU,74748.0,0.0,INR
1263,1263,2026-07-14 03:31:17,Debit Card,Paid,TPPAY3XQI0AHM9H,28712.0,0.0,INR
1264,1264,2026-06-12 07:41:17,UPI,Paid,TPPAYM0Z87GF6U2,35348.0,0.0,INR
1265,1265,2026-06-14 06:31:05,Credit Card,Paid,TPPAYCWLE6GHBCG,62369.6,0.0,INR
1266,1266,2023-09-20 14:05:24,UPI,Paid,TPPAY6D32KHE5QN,32961.0,0.0,INR
1267,1267,2025-07-18 20:45:54,UPI,Paid,TPPAYOU7KOU2M2E,69690.6,0.0,INR
1268,1268,2025-02-27 04:22:59,Credit Card,Paid,TPPAYFF8TDOHNIY,92560.0,0.0,INR
1269,1269,2024-09-23 10:28:38,Net Banking,Paid,TPPAY0MXAB8OCPA,75831.0,0.0,INR
1270,1270,2023-10-12 10:17:24,UPI,Paid,TPPAYT43PS7EF0S,118202.8,0.0,INR
1271,1271,2025-04-22 20:27:42,UPI,Paid,TPPAYGON4PCPCED,98636.6,0.0,INR
1272,1272,2026-06-20 22:11:04,Debit Card,Paid,TPPAYD7WHZM6BD4,150964.0,0.0,INR
1273,1273,2026-07-11 21:29:53,Debit Card,Paid,TPPAY9HHYUW60VK,139032.0,0.0,INR
1274,1274,2026-06-14 21:05:39,UPI,Paid,TPPAYJOO1K2IDNI,60224.4,0.0,INR
1275,1275,2026-08-04 06:54:09,UPI,Paid,TPPAYPZ0OSGGAW8,74748.0,0.0,INR
1276,1276,2026-06-27 02:07:14,Wallet,Pending,TPPAYQMBXMH9U5T,0.0,0.0,INR
1277,1277,2026-07-15 21:43:31,Debit Card,Paid,TPPAYJTVKKTBGYF,81310.0,0.0,INR
1278,1278,2024-04-07 01:36:30,UPI,Paid,TPPAYXOHV4LC2V5,61533.4,0.0,INR
1279,1279,2026-06-23 02:11:51,Debit Card,Paid,TPPAYK2U10OP6YG,87690.0,0.0,INR
1280,1280,2024-12-08 22:09:37,Credit Card,Paid,TPPAYKXO787XH4P,89900.0,0.0,INR
1281,1281,2024-09-12 19:38:11,Credit Card,Paid,TPPAYKW7UPGGPUB,72868.5,0.0,INR
1282,1282,2026-08-07 17:51:01,Debit Card,Paid,TPPAYR2YRHCJS16,13158.0,0.0,INR
1283,1283,2024-01-30 11:14:07,UPI,Paid,TPPAY029CPCC97V,42658.95,0.0,INR
1284,1284,2026-09-01 00:33:01,Wallet,Paid,TPPAYD095GAO4V5,99705.0,0.0,INR
1285,1285,2024-09-20 22:08:36,Debit Card,Paid,TPPAYO2H1DKVMZ5,20070.0,0.0,INR
1286,1286,2026-07-07 15:56:09,Credit Card,Refunded,TPPAY8HYCB231SP,32778.0,32778.0,INR
1287,1287,2024-07-02 10:47:07,UPI,Paid,TPPAYOYI2RFYKF2,97660.0,0.0,INR
1288,1288,2026-06-20 11:17:25,Credit Card,Paid,TPPAYAE107ZC7NR,95275.0,0.0,INR
1289,1289,2026-08-08 09:42:27,Wallet,Paid,TPPAYMTNLP2G5L6,111981.6,0.0,INR
1290,1290,2025-12-30 04:22:34,UPI,Paid,TPPAYZYEZXPTFC2,32558.4,0.0,INR
1291,1291,2026-07-04 17:26:17,UPI,Paid,TPPAYBNCS8N3VTG,25632.0,0.0,INR
1292,1292,2023-10-13 11:03:01,Credit Card,Paid,TPPAYE5YG56B6AR,23212.0,0.0,INR
1293,1293,2026-07-23 16:49:46,Credit Card,Paid,TPPAYHHXVFFV5U1,89734.5,0.0,INR
1294,1294,2025-05-07 09:07:50,Debit Card,Paid,TPPAYSM752HPLHW,93364.0,0.0,INR
1295,1295,2026-08-28 07:36:23,Wallet,Paid,TPPAY0DUN8JQW4A,39034.0,0.0,INR
1296,1296,2025-10-19 15:07:05,UPI,Paid,TPPAYY6UTQP8S6T,29830.95,0.0,INR
1297,1297,2024-11-18 16:16:14,UPI,Paid,TPPAYXG3NHR7BKX,21109.95,0.0,INR
1298,1298,2025-03-21 08:54:05,Wallet,Paid,TPPAY8SLRGP4BVW,31777.5,0.0,INR
1299,1299,2026-06-30 20:07:33,UPI,Refunded,TPPAY93XI3IR5XY,83645.0,83645.0,INR
1300,1300,2026-08-31 10:31:46,UPI,Paid,TPPAY7O1RRGFDKD,28648.0,0.0,INR
1301,1301,2026-07-11 12:31:37,UPI,Paid,TPPAYVO0VG014BP,103340.0,0.0,INR
1302,1302,2026-07-05 16:17:57,Credit Card,Paid,TPPAYFS2DDZKM4G,13042.0,0.0,INR
1303,1303,2026-08-09 06:49:27,Debit Card,Refunded,TPPAY27J14EZZQO,21115.65,21115.65,INR
1304,1304,2024-01-14 16:40:49,Debit Card,Refunded,TPPAYB8A6FYCC20,77203.8,77203.8,INR
1305,1305,2026-07-08 16:42:05,Net Banking,Paid,TPPAYF9ZS2TB3TR,84027.6,0.0,INR
1306,1306,2026-08-21 15:46:16,Credit Card,Paid,TPPAYN3BHR1UL3Q,30108.0,0.0,INR
1307,1307,2026-08-26 04:51:15,Debit Card,Paid,TPPAY6UAREJ0E3F,36144.0,0.0,INR
1308,1308,2026-06-17 13:50:55,Credit Card,Paid,TPPAYJMRQJ4HIK3,9063.0,0.0,INR
1309,1309,2026-08-08 21:18:48,Debit Card,Paid,TPPAYKR2JM2TJ9V,71620.0,0.0,INR
1310,1310,2025-07-16 23:46:14,UPI,Paid,TPPAY09J71G2IEP,60660.0,0.0,INR
1311,1311,2024-02-06 12:22:51,UPI,Paid,TPPAYOA64KV0LYM,46329.0,0.0,INR
1312,1312,2026-07-29 18:20:28,Credit Card,Paid,TPPAYUWUK8GJF5K,60886.0,0.0,INR
1313,1313,2025-04-24 11:35:21,UPI,Refunded,TPPAYZCYMFYN3X5,35148.0,35148.0,INR
1314,1314,2025-02-20 18:40:56,UPI,Refunded,TPPAY58J87B4LMN,22051.4,22051.4,INR
1315,1315,2026-06-24 21:38:13,Credit Card,Paid,TPPAYUYNJHFQ6IP,10987.0,0.0,INR
1316,1316,2026-07-15 14:20:39,UPI,Paid,TPPAYO3YY8A2ZKW,19786.0,0.0,INR
1317,1317,2026-08-04 23:41:39,Credit Card,Paid,TPPAY8I1NH3U979,57296.0,0.0,INR
1318,1318,2026-02-05 11:04:34,UPI,Refunded,TPPAY5O9ZLY502T,33918.0,33918.0,INR
1319,1319,2026-06-26 16:27:16,UPI,Paid,TPPAY1146GYT1O5,35114.85,0.0,INR
1320,1320,2026-02-18 04:49:08,Debit Card,Paid,TPPAY8O5FBT8NZJ,24642.0,0.0,INR
1321,1321,2023-10-31 13:39:31,Debit Card,Paid,TPPAYM34LO334MO,18126.0,0.0,INR
1322,1322,2026-07-01 18:47:04,Credit Card,Paid,TPPAY4LFTAMIC2G,12711.0,0.0,INR
1323,1323,2023-11-26 02:36:51,UPI,Paid,TPPAYKZDN5F0EEC,30225.15,0.0,INR
1324,1324,2026-07-25 01:53:30,UPI,Pending,TPPAY522Z7V727P,0.0,0.0,INR
1325,1325,2025-05-14 21:24:02,Net Banking,Paid,TPPAYW6PQNNVLFB,147124.6,0.0,INR
1326,1326,2026-08-09 13:43:07,Debit Card,Paid,TPPAYHY2ZWL1YZL,98833.5,0.0,INR
1327,1327,2026-07-09 00:20:06,UPI,Refunded,TPPAYGHY9D6AITJ,41396.0,41396.0,INR
1328,1328,2026-07-22 12:02:42,UPI,Refunded,TPPAYICO62G5J9O,43425.0,41396.0,INR
1329,1329,2026-06-17 02:27:19,Credit Card,Pending,TPPAYPXH4LF12G1,0.0,0.0,INR
1330,1330,2023-11-21 06:11:57,UPI,Paid,TPPAYO72VIWBKG9,29636.0,0.0,INR
1331,1331,2024-10-29 22:05:37,Net Banking,Paid,TPPAYPBHFUVESE3,43425.0,0.0,INR
1332,1332,2026-07-29 20:36:42,UPI,Paid,TPPAY81ON56AR2J,103340.0,0.0,INR
1333,1333,2025-03-10 08:51:53,Wallet,Paid,TPPAYJNBCDL04DO,46819.8,0.0,INR
1334,1334,2026-06-23 07:00:36,Credit Card,Paid,TPPAYH7O5U7CN5T,26511.0,0.0,INR
1335,1335,2026-07-08 23:07:58,Net Banking,Paid,TPPAY7MV6VK784V,24642.0,0.0,INR
1336,1336,2023-10-06 13:23:45,UPI,Paid,TPPAY84EIZ0Z2XP,26352.55,0.0,INR
1337,1337,2024-09-01 10:36:01,Debit Card,Paid,TPPAY1I8S2KKX4Q,32961.0,0.0,INR
1338,1338,2026-07-31 01:06:09,Credit Card,Paid,TPPAYYWS61MFVGB,20698.0,0.0,INR
1339,1339,2026-06-15 19:56:43,Debit Card,Refunded,TPPAYSPCZJJ57IB,36144.0,36144.0,INR
1340,1340,2025-01-26 16:28:13,Wallet,Paid,TPPAYI821D2NJ04,140046.0,0.0,INR
1341,1341,2026-02-27 21:23:31,Net Banking,Paid,TPPAYLCHHMC157B,22520.7,0.0,INR
1342,1342,2026-03-24 02:50:51,Debit Card,Paid,TPPAYRDZ9NERDOW,31488.25,0.0,INR
1343,1343,2025-09-02 15:04:46,Debit Card,Paid,TPPAYCBYOGTDFNK,154868.0,0.0,INR
1344,1344,2026-07-29 19:15:53,Credit Card,Paid,TPPAYXOM1IJOXAL,25668.0,0.0,INR
1345,1345,2026-09-07 11:05:56,Credit Card,Pending,TPPAY67HYXGXZSQ,0.0,0.0,INR
1346,1346,2025-07-27 08:12:22,UPI,Paid,TPPAYX7MMDC9MUG,13670.4,0.0,INR
1347,1347,2026-08-30 06:26:14,Credit Card,Paid,TPPAY3X93V5PC9Q,51816.0,0.0,INR
1348,1348,2026-06-26 17:47:58,Credit Card,Paid,TPPAYSZFG39ONM1,92097.0,0.0,INR
1349,1349,2023-11-05 16:14:54,UPI,Paid,TPPAY6HORD1IXD8,27276.4,0.0,INR
1350,1350,2026-08-27 01:38:22,UPI,Paid,TPPAYHNHAHW7ZW8,43096.0,0.0,INR
1351,1351,2024-07-28 22:46:37,Debit Card,Paid,TPPAYGR8PN3OMM6,29076.0,0.0,INR
1352,1352,2025-10-06 18:58:03,UPI,Paid,TPPAYJ2JHNLVISA,46424.0,0.0,INR
1353,1353,2026-07-23 17:10:47,Credit Card,Paid,TPPAYF3QCHNU3NY,51684.25,0.0,INR
1354,1354,2024-01-06 22:34:46,UPI,Paid,TPPAY7P5I76U0CO,18710.0,0.0,INR
1355,1355,2026-08-09 07:17:50,UPI,Paid,TPPAYBS4N9LFRAA,8524.8,0.0,INR
1356,1356,2026-09-06 01:49:49,Wallet,Paid,TPPAYNKPUDYKTY5,72075.75,0.0,INR
1357,1357,2026-06-26 06:43:20,UPI,Paid,TPPAYO47ERACI5Z,51684.25,0.0,INR
1358,1358,2025-04-02 01:22:34,Debit Card,Paid,TPPAY0C5JF48SVK,96052.6,0.0,INR
1359,1359,2026-01-09 10:32:18,Net Banking,Paid,TPPAYFO04T3SQNL,118300.0,0.0,INR
1360,1360,2025-07-07 05:47:31,UPI,Paid,TPPAY4BPUU9WRO7,15312.0,0.0,INR
1361,1361,2026-08-31 08:17:24,UPI,Paid,TPPAYWA8U334AGX,33809.0,0.0,INR
1362,1362,2025-08-17 15:11:19,UPI,Paid,TPPAYS4KBMEZFM1,34818.0,0.0,INR
1363,1363,2026-07-25 06:50:37,Credit Card,Pending,TPPAY4VMFXQWKV0,0.0,0.0,INR
1364,1364,2025-07-25 03:52:49,UPI,Paid,TPPAY0LNM6FSR8K,15312.0,0.0,INR
1365,1365,2025-02-05 20:13:52,Net Banking,Paid,TPPAYO3A031CL88,20004.3,0.0,INR
1366,1366,2026-07-29 02:42:31,Debit Card,Paid,TPPAYN7BCATWNYT,12415.55,0.0,INR
1367,1367,2024-08-02 16:59:22,Debit Card,Paid,TPPAY05N22D3V4P,13069.0,0.0,INR
1368,1368,2026-06-30 11:33:55,Debit Card,Paid,TPPAYBVVHW04W7P,130620.0,0.0,INR
1369,1369,2026-06-14 10:34:19,UPI,Paid,TPPAYQP8PWI8CSN,24397.2,0.0,INR
1370,1370,2026-06-22 23:27:07,Debit Card,Paid,TPPAYOL0XP27GNQ,13392.0,0.0,INR
1371,1371,2026-08-22 03:07:46,Credit Card,Paid,TPPAYCNGK18PER4,61947.2,0.0,INR
1372,1372,2025-04-07 18:43:14,Debit Card,Paid,TPPAYCJ4VZR86HE,70980.0,0.0,INR
1373,1373,2026-03-09 19:58:51,Credit Card,Paid,TPPAYRBZ0R2ASU1,32386.0,0.0,INR
1374,1374,2026-07-28 15:49:30,UPI,Paid,TPPAYX9EE5OGF18,108993.6,0.0,INR
1375,1375,2026-05-19 21:04:50,UPI,Paid,TPPAYICPSRB50OL,73474.0,0.0,INR
1376,1376,2025-05-30 22:17:50,UPI,Paid,TPPAYV0WCAPJOCL,23706.0,0.0,INR
1377,1377,2024-06-14 12:06:22,Net Banking,Paid,TPPAY1W4GXXPMB0,186636.0,0.0,INR
1378,1378,2026-07-30 08:08:48,Credit Card,Paid,TPPAYCN8IMT63TK,131758.5,0.0,INR
1379,1379,2024-06-05 20:26:18,UPI,Paid,TPPAYDY7MQI0ZU2,26760.0,0.0,INR
1380,1380,2023-09-08 20:44:33,Debit Card,Paid,TPPAYROV6B4P2AT,81310.0,0.0,INR
1381,1381,2026-07-01 08:56:36,UPI,Refunded,TPPAYBSCZX8JWBF,104274.0,104274.0,INR
1382,1382,2025-10-07 05:18:36,UPI,Paid,TPPAYSZ8V7BV6XC,34140.25,0.0,INR
1383,1383,2024-05-01 15:59:17,Credit Card,Paid,TPPAYV0653BGE1Y,87932.0,0.0,INR
1384,1384,2026-07-08 09:00:31,Wallet,Pending,TPPAYKSIF4HUR9H,0.0,0.0,INR
1385,1385,2026-08-06 19:18:06,Credit Card,Paid,TPPAYM5XGVL89H0,70980.0,0.0,INR
1386,1386,2026-07-26 07:42:19,Credit Card,Paid,TPPAY24FNJXA3I1,14356.0,0.0,INR
1387,1387,2024-01-19 14:47:03,Net Banking,Paid,TPPAYWQYAE3MK61,19692.0,0.0,INR
1388,1388,2025-03-30 08:55:44,Debit Card,Paid,TPPAYY8GTW7JA0T,90990.0,0.0,INR
1389,1389,2026-08-26 13:28:00,UPI,Paid,TPPAY7P2GAL5N0L,69800.3,0.0,INR
1390,1390,2026-06-20 07:52:07,Net Banking,Paid,TPPAYX1TA7C0LTA,66126.0,0.0,INR
1391,1391,2025-05-12 06:24:31,UPI,Paid,TPPAYSU5KQ60N5P,73474.0,0.0,INR
1392,1392,2026-03-24 01:52:56,Credit Card,Paid,TPPAYW5WCDH614W,25591.8,0.0,INR
1393,1393,2023-12-09 01:50:54,UPI,Refunded,TPPAYRXFEG55UWD,13380.0,13380.0,INR
1394,1394,2025-06-27 14:54:29,UPI,Paid,TPPAYR8NN2B0BW3,28065.0,0.0,INR
1395,1395,2026-08-07 18:16:20,UPI,Paid,TPPAY6C5ETJI1BB,130212.0,0.0,INR
1396,1396,2024-05-14 03:38:18,Debit Card,Paid,TPPAY86EKHA104T,14814.0,0.0,INR
1397,1397,2026-06-24 17:55:31,UPI,Pending,TPPAY7I6Y5LFK9I,0.0,0.0,INR
1398,1398,2026-08-25 03:25:02,Credit Card,Pending,TPPAYS2QVRT3MHA,79764.0,0.0,INR
1399,1399,2026-08-16 05:37:54,Credit Card,Paid,TPPAYBBHS0BEUIW,111981.6,0.0,INR
1400,1400,2024-03-31 03:03:27,UPI,Paid,TPPAYU7Q45NUNWX,17325.9,0.0,INR
1401,1401,2026-09-04 12:40:53,Net Banking,Paid,TPPAYG2SHU35RQ8,90990.0,0.0,INR
1402,1402,2026-08-06 19:56:31,UPI,Paid,TPPAY9GL5FV8XLA,41868.0,0.0,INR
1403,1403,2023-12-18 01:06:26,UPI,Paid,TPPAYELS6EFMZNR,68765.4,0.0,INR
1404,1404,2026-08-17 22:38:22,UPI,Paid,TPPAY1STS8L2Q48,76501.8,0.0,INR
1405,1405,2024-08-11 11:48:37,Credit Card,Paid,TPPAYDBQH9R94QT,69516.0,0.0,INR
1406,1406,2026-08-21 03:00:17,Credit Card,Paid,TPPAY12W621O6SM,21548.0,0.0,INR
1407,1407,2026-06-24 01:40:01,Credit Card,Paid,TPPAYGT3Y6V5124,26084.0,0.0,INR
1408,1408,2025-12-30 23:06:55,Net Banking,Paid,TPPAYPUMURSD4U1,67836.0,0.0,INR
1409,1409,2025-07-03 23:00:19,Credit Card,Refunded,TPPAYXWQBO9G9EN,155530.0,155530.0,INR
1410,1410,2024-08-11 21:52:54,UPI,Paid,TPPAY71HD3VABC1,73629.75,0.0,INR
1411,1411,2026-08-19 19:13:53,UPI,Paid,TPPAYWNP1YSOT2I,69754.5,0.0,INR
1412,1412,2025-04-26 09:41:50,UPI,Paid,TPPAYHKY1ZG5UNQ,129175.0,0.0,INR
1413,1413,2024-12-31 20:35:41,Credit Card,Paid,TPPAYBPKSFDX4LP,43622.0,0.0,INR
1414,1414,2023-09-09 18:00:18,UPI,Paid,TPPAYNSH5BRTDWC,86808.0,0.0,INR
1415,1415,2026-08-24 00:13:57,UPI,Paid,TPPAYI3WXV5RGR2,7577.6,0.0,INR
1416,1416,2025-11-03 04:30:07,UPI,Paid,TPPAYGP1UIVVSB8,76406.0,0.0,INR
1417,1417,2025-09-29 08:41:56,Debit Card,Paid,TPPAYU06K6WFVXY,18628.2,0.0,INR
1418,1418,2026-08-29 04:37:22,Credit Card,Paid,TPPAYOR46HXGXSQ,88652.1,0.0,INR
1419,1419,2026-07-08 05:04:58,Credit Card,Paid,TPPAYGR1V77CUN9,25190.6,0.0,INR
1420,1420,2026-07-15 21:35:08,Debit Card,Pending,TPPAYW49AGAR0KQ,0.0,0.0,INR
1421,1421,2026-06-09 08:31:08,UPI,Paid,TPPAYDZR8YMN0HN,58779.0,0.0,INR
1422,1422,2026-07-13 23:07:16,Debit Card,Paid,TPPAYL5UOVKSJAJ,46864.0,0.0,INR
1423,1423,2026-07-05 22:43:05,Credit Card,Paid,TPPAYG34O39TQ0X,38768.0,0.0,INR
1424,1424,2026-08-21 19:17:00,UPI,Paid,TPPAYX5URIXCAWD,58580.0,0.0,INR
1425,1425,2024-03-26 20:09:30,UPI,Paid,TPPAYF7IM9HLRWF,26511.0,0.0,INR
1426,1426,2026-07-31 01:18:36,Net Banking,Paid,TPPAYU6H1XVLESB,108510.0,0.0,INR
1427,1427,2026-08-08 20:48:05,UPI,Paid,TPPAY0R6151LVTJ,9355.0,0.0,INR
1428,1428,2026-07-01 09:37:49,UPI,Paid,TPPAYBK1FE3SEYR,77203.8,0.0,INR
1429,1429,2026-07-25 13:48:59,UPI,Paid,TPPAYSOG988E4WD,26469.0,0.0,INR
1430,1430,2026-08-12 00:38:32,UPI,Paid,TPPAY0P4YAUOL9I,20698.0,0.0,INR
1431,1431,2025-07-10 23:58:36,Net Banking,Paid,TPPAY1BN1O6FV1S,108810.0,0.0,INR
1432,1432,2025-07-18 03:44:04,Credit Card,Paid,TPPAYA1HWZCNP32,28065.0,0.0,INR
1433,1433,2024-12-01 14:14:57,Debit Card,Refunded,TPPAYA225T9RBLT,17704.2,17704.2,INR
1434,1434,2026-09-06 09:04:38,Debit Card,Pending,TPPAYQ5TW1KV00B,0.0,0.0,INR
1435,1435,2026-07-01 05:07:21,Net Banking,Paid,TPPAY5PJ8CZCMBD,55945.0,0.0,INR
1436,1436,2026-07-13 12:02:08,UPI,Paid,TPPAYH27DWH70M3,24848.0,0.0,INR
1437,1437,2024-04-03 12:55:05,UPI,Refunded,TPPAYGSCI8ZWSTV,20890.8,20890.8,INR
1438,1438,2025-07-04 18:39:56,Credit Card,Refunded,TPPAYB13YWH1E4K,150964.0,150964.0,INR
1439,1439,2026-07-17 07:31:23,Debit Card,Paid,TPPAYOAW8QLF97U,43622.0,0.0,INR
1440,1440,2026-06-26 15:03:33,Net Banking,Paid,TPPAYXJ2HEQ15OO,113336.0,0.0,INR
1441,1441,2026-06-21 12:13:58,UPI,Paid,TPPAYQXEW1YDPCJ,186636.0,0.0,INR
1442,1442,2026-08-05 19:52:14,Net Banking,Pending,TPPAYJVLUU716FX,0.0,0.0,INR
1443,1443,2025-10-30 00:09:20,UPI,Paid,TPPAYA32FQIN3FK,54232.2,0.0,INR
1444,1444,2026-08-26 02:17:59,UPI,Refunded,TPPAYTHE6AHJF2K,62004.0,62004.0,INR
1445,1445,2026-08-03 20:40:50,Credit Card,Paid,TPPAYYMXKRTPY2J,120516.0,0.0,INR
1446,1446,2026-09-01 01:43:44,UPI,Paid,TPPAYD10X4XS6IE,140046.0,0.0,INR
1447,1447,2024-10-31 21:32:59,Credit Card,Paid,TPPAYFZY5WH02V5,24519.5,0.0,INR
1448,1448,2026-09-01 10:32:41,Credit Card,Paid,TPPAYJ6OMZSP347,85002.0,0.0,INR
1449,1449,2026-08-20 02:46:29,Credit Card,Paid,TPPAYE9VBQY3HQA,22534.35,0.0,INR
1450,1450,2026-07-09 01:34:17,UPI,Paid,TPPAYI22WM1BDUN,84880.0,0.0,INR
1451,1451,2026-07-25 04:22:41,UPI,Paid,TPPAYEVWDPKTPSM,108850.0,0.0,INR
1452,1452,2024-02-23 18:29:20,Credit Card,Paid,TPPAYT8QQCFK1E1,21175.2,0.0,INR
1453,1453,2024-08-26 01:11:42,Debit Card,Paid,TPPAYMF9K00QFUY,20698.0,0.0,INR
1454,1454,2026-06-20 10:08:14,UPI,Paid,TPPAYKOTSFA0P49,10774.0,0.0,INR
1455,1455,2023-09-12 15:36:09,UPI,Paid,TPPAYMBLB26MV1W,69516.0,0.0,INR
1456,1456,2026-09-04 00:01:02,UPI,Paid,TPPAY9ZAZFZ4EZW,154868.0,0.0,INR
1457,1457,2026-07-08 04:13:34,Debit Card,Paid,TPPAYMIPA4SR7P1,33580.6,0.0,INR
1458,1458,2026-06-12 11:10:29,UPI,Pending,TPPAYN4ZHAN5AO1,0.0,0.0,INR
1459,1459,2026-07-03 18:14:35,Net Banking,Paid,TPPAYJZ8VFXLVMG,7185.05,0.0,INR
1460,1460,2026-01-29 19:35:49,UPI,Refunded,TPPAYOG34W27WCZ,11853.0,11853.0,INR
1461,1461,2026-09-04 07:06:04,Debit Card,Paid,TPPAY0R0FKPAJWB,18064.8,0.0,INR
1462,1462,2026-07-01 21:55:54,Debit Card,Paid,TPPAY17ALERNUSZ,46864.0,0.0,INR
1463,1463,2026-07-31 23:23:41,UPI,Paid,TPPAYEU4HLSS6JM,38862.0,0.0,INR
1464,1464,2026-06-28 02:49:45,UPI,Paid,TPPAYISOXCEAAJP,34818.0,0.0,INR
1465,1465,2025-06-22 14:18:18,UPI,Paid,TPPAY84KCDOHKOM,43622.0,0.0,INR
1466,1466,2026-08-30 21:01:22,Credit Card,Refunded,TPPAY7GLKX0ORE1,32322.0,32322.0,INR
1467,1467,2026-06-22 07:39:08,Debit Card,Refunded,TPPAYTYR49L8TH1,90828.0,90828.0,INR
1468,1468,2024-11-21 02:17:45,Debit Card,Paid,TPPAYG8G5185C3M,24848.0,0.0,INR
1469,1469,2026-08-09 11:27:10,UPI,Paid,TPPAYOW15UEGEH1,64525.0,0.0,INR
1470,1470,2026-07-11 04:44:08,UPI,Paid,TPPAYQCP2TS1EZO,65106.0,0.0,INR
1471,1471,2026-06-27 07:01:16,Debit Card,Paid,TPPAY8PNQ6O3L9Y,40144.0,0.0,INR
1472,1472,2026-08-07 06:01:03,Net Banking,Paid,TPPAYQJKSCF149B,44126.9,0.0,INR
1473,1473,2026-07-09 10:22:23,Debit Card,Paid,TPPAYM5PKM67JSL,41396.0,0.0,INR
1474,1474,2026-08-08 04:40:03,UPI,Refunded,TPPAYUTAHWGHUAP,19563.0,19563.0,INR
1475,1475,2026-07-07 18:53:37,Debit Card,Refunded,TPPAYSQB80AFUHL,129175.0,19563.0,INR
1476,1476,2026-07-27 05:34:58,Debit Card,Paid,TPPAYV354YOR8A8,58030.0,0.0,INR
1477,1477,2026-08-23 02:39:53,UPI,Pending,TPPAY4IWD7ZKEON,0.0,0.0,INR
1478,1478,2023-09-20 03:09:55,Credit Card,Paid,TPPAY5563ODQSKS,114330.0,0.0,INR
1479,1479,2026-08-16 22:36:15,Debit Card,Paid,TPPAYS901MUI7D8,83062.4,0.0,INR
1480,1480,2026-06-16 09:50:44,UPI,Paid,TPPAYESI19Q30CA,51914.0,0.0,INR
1481,1481,2024-03-04 01:23:09,UPI,Paid,TPPAYRSP5KAF7B6,112414.2,0.0,INR
1482,1482,2026-07-26 03:05:52,Credit Card,Paid,TPPAYI6XSTCGVVP,62452.9,0.0,INR
1483,1483,2026-07-20 04:26:06,Debit Card,Paid,TPPAYCIWM1G7AZD,56061.0,0.0,INR
1484,1484,2026-08-26 06:56:51,Net Banking,Paid,TPPAYW7J565MCO7,26760.0,0.0,INR
1485,1485,2026-08-26 03:02:21,UPI,Paid,TPPAYOGPK3XUSLE,21852.0,0.0,INR
1486,1486,2024-01-18 16:13:27,Debit Card,Paid,TPPAYDIAHW4P94A,61531.5,0.0,INR
1487,1487,2024-02-19 15:56:13,Credit Card,Paid,TPPAYJBJ9CTO4QD,41191.0,0.0,INR
1488,1488,2024-10-18 05:14:19,UPI,Paid,TPPAYZSHHXSR8EC,17722.8,0.0,INR
1489,1489,2026-06-16 00:01:58,UPI,Paid,TPPAYHCHG4HAD09,49662.2,0.0,INR
1490,1490,2026-06-18 15:17:26,Net Banking,Paid,TPPAY2R264J3WZW,58030.0,0.0,INR
1491,1491,2026-05-01 09:50:46,Credit Card,Paid,TPPAYU7GFOQ921V,28061.1,0.0,INR
1492,1492,2026-08-01 19:03:56,Net Banking,Paid,TPPAYBOQSCVLO7N,8453.0,0.0,INR
1493,1493,2026-07-28 12:47:56,UPI,Refunded,TPPAY8PC4YTGWLB,105801.6,105801.6,INR
1494,1494,2026-01-16 12:31:33,UPI,Refunded,TPPAYEOFQGJN91C,155530.0,155530.0,INR
1495,1495,2026-07-29 21:15:02,Wallet,Paid,TPPAY22O1Q1YDEH,92560.0,0.0,INR
1496,1496,2026-08-27 20:06:04,Credit Card,Paid,TPPAYYVZDFD7WJR,24848.0,0.0,INR
1497,1497,2026-06-12 04:17:20,Debit Card,Paid,TPPAYRLUYPYSSI7,83304.0,0.0,INR
1498,1498,2026-08-23 23:20:35,UPI,Paid,TPPAYQU5HKIQNA3,93318.0,0.0,INR
1499,1499,2026-07-03 03:19:22,UPI,Refunded,TPPAY2H5J4X0NWB,57165.0,57165.0,INR
1500,1500,2026-08-22 01:29:17,Credit Card,Paid,TPPAY58DQBUC9F0,69420.0,0.0,INR
1501,1501,2026-06-28 12:07:03,Credit Card,Paid,TPPAYKSAQ77YNQA,126041.4,0.0,INR
1502,1502,2026-07-10 09:48:24,Debit Card,Paid,TPPAYOH4IHWY2PN,88695.8,0.0,INR
1503,1503,2026-08-21 15:54:32,Net Banking,Paid,TPPAY44AG6CDNV8,116151.0,0.0,INR
1504,1504,2026-01-11 12:41:45,Net Banking,Paid,TPPAYCBTKUDSDC4,60522.0,0.0,INR
1505,1505,2026-07-31 12:26:57,UPI,Pending,TPPAY52GONKZ4BH,0.0,0.0,INR
1506,1506,2024-05-23 10:13:12,UPI,Pending,TPPAY1T9NT2TV1S,17088.0,0.0,INR
1507,1507,2024-05-21 21:56:07,UPI,Paid,TPPAYU340UGA6WK,25908.0,0.0,INR
1508,1508,2026-08-28 11:12:38,Debit Card,Paid,TPPAYF610028R8X,24714.6,0.0,INR
1509,1509,2026-07-20 03:27:23,Credit Card,Paid,TPPAYLWQF6XSU85,108810.0,0.0,INR
1510,1510,2025-09-04 08:46:44,UPI,Refunded,TPPAY5640J28H9E,46037.0,46037.0,INR
1511,1511,2025-07-15 01:02:17,Wallet,Paid,TPPAY24L0GXJ09X,22221.0,0.0,INR
1512,1512,2026-09-03 11:40:00,Credit Card,Paid,TPPAYJQWO5UA8WN,12834.0,0.0,INR
1513,1513,2026-07-28 05:31:24,UPI,Paid,TPPAYF8THZ6UM54,102938.4,0.0,INR
1514,1514,2026-08-29 12:04:28,Wallet,Paid,TPPAYERPEXI5RRR,12424.0,0.0,INR
1515,1515,2026-08-05 22:08:43,UPI,Paid,TPPAYILE5M1G6P4,113746.5,0.0,INR
1516,1516,2026-07-26 03:12:34,UPI,Paid,TPPAYBU2Q7W1U9C,10841.0,0.0,INR
1517,1517,2026-08-09 16:41:00,UPI,Paid,TPPAYTRH58C2Y4S,35076.0,0.0,INR
1518,1518,2026-02-11 01:29:08,Credit Card,Paid,TPPAYIBXIF00VHY,51684.25,0.0,INR
1519,1519,2026-07-30 21:07:37,UPI,Pending,TPPAY1XP1SNZWDG,0.0,0.0,INR
1520,1520,2025-07-24 03:01:32,Debit Card,Pending,TPPAYW6WDW8NLJP,25783.2,0.0,INR
1521,1521,2024-10-03 11:54:12,Debit Card,Paid,TPPAY15ICCY2J8V,80344.0,0.0,INR
1522,1522,2023-11-25 18:05:24,Debit Card,Paid,TPPAY0S0M77XS5V,77215.0,0.0,INR
1523,1523,2026-07-26 01:47:49,Credit Card,Paid,TPPAYJW2MX4C31K,71920.0,0.0,INR
1524,1524,2026-08-14 23:44:22,Credit Card,Paid,TPPAY4ZPI24J6A7,115866.75,0.0,INR
1525,1525,2026-07-12 15:04:04,UPI,Paid,TPPAYENPIRN3JDZ,34439.4,0.0,INR
1526,1526,2026-06-21 00:31:05,UPI,Paid,TPPAYAJVNCYJ0BH,66916.0,0.0,INR
1527,1527,2023-12-27 16:37:50,UPI,Paid,TPPAYSSZ0DFDVLZ,30624.0,0.0,INR
1528,1528,2025-10-20 23:57:39,Debit Card,Refunded,TPPAYZ9TD9XXYC1,66298.0,66298.0,INR
1529,1529,2026-06-29 06:21:11,UPI,Paid,TPPAYQGYC8O20HB,44292.0,0.0,INR
1530,1530,2026-09-06 05:45:01,Credit Card,Pending,TPPAY66F63QKIU1,0.0,0.0,INR
1531,1531,2026-08-28 20:59:55,UPI,Paid,TPPAYCRDJVHM8NH,26511.0,0.0,INR
1532,1532,2025-09-25 20:08:22,UPI,Paid,TPPAYWWIND5S9SO,34818.0,0.0,INR
1533,1533,2026-07-06 06:21:09,Debit Card,Paid,TPPAYOD6QFDJE6X,25632.0,0.0,INR
1534,1534,2024-11-26 16:50:33,UPI,Paid,TPPAYFLTN082807,46634.4,0.0,INR
1535,1535,2024-03-16 12:03:17,Credit Card,Paid,TPPAYAC3EOHCAFV,39207.0,0.0,INR
1536,1536,2025-10-23 16:30:29,Wallet,Paid,TPPAYPDEUUXZLY3,114330.0,0.0,INR
1537,1537,2025-05-31 17:51:01,Debit Card,Paid,TPPAYOK06MNNAKC,79764.0,0.0,INR
1538,1538,2024-10-04 23:52:08,Net Banking,Refunded,TPPAYVF2NWXW51L,14436.0,14436.0,INR
1539,1539,2026-07-24 14:59:25,Net Banking,Paid,TPPAYKVNXB5ZRAO,60224.4,0.0,INR
1540,1540,2026-03-01 17:10:59,Debit Card,Paid,TPPAYYSDOTHA6O7,71620.0,0.0,INR
1541,1541,2026-09-03 07:14:02,UPI,Paid,TPPAY4IQAEZA1CO,49465.0,0.0,INR
1542,1542,2025-02-21 21:23:11,Credit Card,Paid,TPPAY3CCUI016H9,84795.0,0.0,INR
1543,1543,2025-07-30 01:34:16,Net Banking,Paid,TPPAY9PUAHNH2RQ,48250.0,0.0,INR
1544,1544,2024-08-15 09:20:03,Debit Card,Paid,TPPAYL7OMFU79BE,26084.0,0.0,INR
1545,1545,2026-08-07 05:07:12,UPI,Paid,TPPAYFOX7AFNV62,51926.0,0.0,INR
1546,1546,2024-12-20 22:04:12,Credit Card,Paid,TPPAY24OLZ9ZY14,25829.55,0.0,INR
1547,1547,2026-09-06 13:47:59,UPI,Paid,TPPAY33GLU41UR9,25359.0,0.0,INR
1548,1548,2025-05-20 11:34:19,UPI,Refunded,TPPAYQJDVKZSS1Y,108510.0,108510.0,INR
1549,1549,2026-06-22 14:29:27,Credit Card,Paid,TPPAYQ2CVQVKGBV,116257.5,0.0,INR
1550,1550,2024-11-09 04:23:53,UPI,Paid,TPPAYVA87F4581F,64787.0,0.0,INR
1551,1551,2026-08-05 19:21:23,Wallet,Paid,TPPAYB195RUG7JH,19786.0,0.0,INR
1552,1552,2026-09-05 18:35:05,UPI,Paid,TPPAYNUUBNE15N8,72792.0,0.0,INR
1553,1553,2026-06-24 05:59:11,Net Banking,Pending,TPPAYAOSURGS2FZ,0.0,0.0,INR
1554,1554,2023-11-04 01:34:05,Credit Card,Paid,TPPAY6SHL53CULV,108510.0,0.0,INR
1555,1555,2023-09-18 20:31:18,UPI,Paid,TPPAY7QG3C2358W,155530.0,0.0,INR
1556,1556,2026-07-10 08:43:25,UPI,Paid,TPPAYMNKGBD4K9B,22857.0,0.0,INR
1557,1557,2026-07-15 18:17:02,Credit Card,Paid,TPPAYLZTAMVCOG0,99705.0,0.0,INR
1558,1558,2024-09-22 04:18:36,UPI,Paid,TPPAYK8J6K8M5L4,71920.0,0.0,INR
1559,1559,2023-11-08 00:06:01,Credit Card,Paid,TPPAYPOZTICDIKI,72039.45,0.0,INR
1560,1560,2026-07-29 12:22:24,UPI,Pending,TPPAYW99IE1XYJ4,0.0,0.0,INR
1561,1561,2025-09-16 23:32:38,UPI,Refunded,TPPAY6JEN1WRS2K,41540.0,41540.0,INR
1562,1562,2026-08-06 13:36:37,Debit Card,Paid,TPPAYQRNDYJATXJ,109055.0,0.0,INR
1563,1563,2026-08-11 04:17:37,Credit Card,Paid,TPPAYZ8VO8QONPL,29679.0,0.0,INR
1564,1564,2025-08-01 07:31:44,Net Banking,Paid,TPPAYTE5QVZDZ1P,37374.0,0.0,INR
1565,1565,2026-07-08 04:41:34,Credit Card,Paid,TPPAYJUNBK8U7QL,49284.0,0.0,INR
1566,1566,2026-07-11 19:21:12,Net Banking,Pending,TPPAY2PZMST5XH2,0.0,0.0,INR
1567,1567,2026-08-01 19:53:52,Net Banking,Paid,TPPAYLHTZ2YEJZF,55945.0,0.0,INR
1568,1568,2026-08-25 12:12:55,Net Banking,Paid,TPPAY8JVHI9DP36,104274.0,0.0,INR
1569,1569,2025-01-11 09:21:20,Debit Card,Paid,TPPAY58NWXI62CO,49465.0,0.0,INR
1570,1570,2026-07-18 09:20:24,Net Banking,Paid,TPPAY4JTF27X1N6,97660.0,0.0,INR
1571,1571,2023-12-26 09:21:31,UPI,Paid,TPPAYV45NTHOHFO,24333.0,0.0,INR
1572,1572,2023-11-01 03:35:01,Credit Card,Paid,TPPAYGPIKDRSW8E,18944.0,0.0,INR
1573,1573,2026-09-01 12:21:55,UPI,Paid,TPPAY6Y545E41W2,18944.0,0.0,INR
1574,1574,2026-08-18 17:58:54,Net Banking,Pending,TPPAYNTTOGSS74N,0.0,0.0,INR
1575,1575,2026-08-18 08:33:38,Debit Card,Paid,TPPAY1N3HM5LZVA,61398.0,0.0,INR
1576,1576,2024-12-21 15:15:51,Wallet,Paid,TPPAY0FMW6HPM9I,28876.5,0.0,INR
1577,1577,2026-06-11 13:01:03,Wallet,Paid,TPPAYM0FKL0WCX7,19517.0,0.0,INR
1578,1578,2026-07-16 19:46:18,UPI,Pending,TPPAYKWUDHKFPAU,0.0,0.0,INR
1579,1579,2026-07-10 20:46:00,Net Banking,Paid,TPPAYNO5IW05YX4,28767.0,0.0,INR
1580,1580,2026-08-03 02:05:53,Credit Card,Paid,TPPAY67PMK3RC4O,22378.0,0.0,INR
1581,1581,2026-03-31 16:16:22,Debit Card,Paid,TPPAYLREQ2OR07E,72446.4,0.0,INR
1582,1582,2026-03-22 13:12:25,Credit Card,Paid,TPPAYMSUTX5HVW3,58072.5,0.0,INR
1583,1583,2024-06-14 01:02:30,Debit Card,Paid,TPPAYOFHCACBK30,75482.0,0.0,INR
1584,1584,2025-11-28 02:11:10,Credit Card,Paid,TPPAYXAJ742ZBLN,20698.0,0.0,INR
1585,1585,2026-07-27 07:36:30,Net Banking,Paid,TPPAYGHOPPLXGQ1,82726.0,0.0,INR
1586,1586,2025-10-21 19:50:03,UPI,Paid,TPPAYFOV4VBLSR1,61398.0,0.0,INR
1587,1587,2024-04-16 10:49:33,Debit Card,Paid,TPPAYEBLYIEXCFG,70023.0,0.0,INR
1588,1588,2025-05-12 18:20:59,Credit Card,Paid,TPPAYAVF0A61UCH,80696.0,0.0,INR
1589,1589,2025-05-25 04:09:10,UPI,Paid,TPPAY0CZBY51IKU,27189.0,0.0,INR
1590,1590,2025-01-08 14:05:07,Net Banking,Paid,TPPAYUSRAEWKQ7L,16906.0,0.0,INR
1591,1591,2026-07-15 15:21:04,Credit Card,Paid,TPPAY8JUFPHOBTW,22227.0,0.0,INR
1592,1592,2025-02-26 22:47:41,Wallet,Paid,TPPAYZ59O4OO8QF,30624.0,0.0,INR
1593,1593,2025-01-06 10:10:19,UPI,Paid,TPPAYQ8SSUC6PZC,30974.75,0.0,INR
1594,1594,2024-01-30 17:29:52,Wallet,Paid,TPPAYQD5V4N0VG4,50187.0,0.0,INR
1595,1595,2026-07-20 06:31:49,Wallet,Paid,TPPAY9K37YOD65E,24333.0,0.0,INR
1596,1596,2026-06-15 00:02:20,Debit Card,Paid,TPPAYGLGP3A89UO,29089.8,0.0,INR
1597,1597,2026-06-17 05:59:47,Credit Card,Paid,TPPAY19ARIGHR0H,35559.0,0.0,INR
1598,1598,2026-08-04 09:27:41,UPI,Paid,TPPAYINPQ5VK9QA,14370.1,0.0,INR
1599,1599,2025-11-08 13:45:20,Debit Card,Paid,TPPAYMD0K580VNJ,25908.0,0.0,INR
1600,1600,2026-08-22 04:56:46,Net Banking,Paid,TPPAYUJ91Z952SV,18887.85,0.0,INR
1601,1601,2025-08-17 12:45:44,UPI,Paid,TPPAY9R4EML5GM0,21852.0,0.0,INR
1602,1602,2026-08-02 12:45:15,Wallet,Paid,TPPAYEFGZFHRSLL,43622.0,0.0,INR
1603,1603,2026-07-11 01:46:10,UPI,Paid,TPPAYTS2VYK7FCM,39207.0,0.0,INR
1604,1604,2025-08-18 22:05:25,UPI,Paid,TPPAYI8R1XWPXJA,58030.0,0.0,INR
1605,1605,2026-04-28 16:46:13,Credit Card,Refunded,TPPAYMI6EWK7V0I,130572.0,130572.0,INR
1606,1606,2026-09-03 11:54:51,UPI,Paid,TPPAYJTM8MHBIVT,138840.0,0.0,INR
1607,1607,2026-09-02 19:18:38,UPI,Pending,TPPAYUZ55FUOB1X,0.0,0.0,INR
1608,1608,2023-10-13 03:48:07,Net Banking,Pending,TPPAYQYVEX43L29,48579.0,0.0,INR
1609,1609,2026-07-10 16:03:50,Credit Card,Paid,TPPAYXLCIZ1CR08,69549.5,0.0,INR
1610,1610,2026-02-02 05:55:46,Credit Card,Refunded,TPPAYD6XN1ODH5X,34818.0,34818.0,INR
1611,1611,2026-07-02 01:42:20,Credit Card,Paid,TPPAYXEFXQXZMAY,57296.0,0.0,INR
1612,1612,2025-12-07 02:40:53,UPI,Paid,TPPAYXK43DU1RNT,43948.0,0.0,INR
1613,1613,2026-08-17 09:58:20,Wallet,Paid,TPPAYM7N6D86GZ0,71010.6,0.0,INR
1614,1614,2025-02-09 12:08:46,UPI,Paid,TPPAYUF9KX8O0XU,12905.0,0.0,INR
1615,1615,2026-06-18 11:55:46,Net Banking,Paid,TPPAYC5CGUJLDOD,125639.4,0.0,INR
1616,1616,2026-07-03 18:07:22,UPI,Paid,TPPAYTXWAHWFUSM,111027.0,0.0,INR
1617,1617,2026-08-03 14:00:57,UPI,Paid,TPPAYLG425X8YH5,121686.0,0.0,INR
1618,1618,2023-11-16 05:20:11,UPI,Paid,TPPAYCLOUPNTIJ6,70152.0,0.0,INR
1619,1619,2026-08-11 15:28:22,UPI,Paid,TPPAYH8J9X43ERO,84120.0,0.0,INR
1620,1620,2025-02-25 02:55:05,UPI,Refunded,TPPAYO057YEF36M,132252.0,132252.0,INR
1621,1621,2026-08-23 04:56:31,UPI,Paid,TPPAYUI7EZKAG2T,81124.0,0.0,INR
1622,1622,2026-07-18 19:49:35,Net Banking,Pending,TPPAYXCXDWY0128,0.0,0.0,INR
1623,1623,2026-06-24 03:19:36,Credit Card,Paid,TPPAYLX6ZGHCZ6H,21811.0,0.0,INR
1624,1624,2026-07-17 12:19:54,UPI,Paid,TPPAYQN1RBNYDNM,11851.2,0.0,INR
1625,1625,2026-07-15 08:16:45,UPI,Paid,TPPAYY9T2GMIVG5,57296.0,0.0,INR
1626,1626,2024-01-16 01:51:28,UPI,Paid,TPPAY3EZY2IQAKI,52614.0,0.0,INR
1627,1627,2026-07-16 21:12:15,UPI,Paid,TPPAY6K4WPL10BX,22234.0,0.0,INR
1628,1628,2026-07-04 10:01:51,Wallet,Paid,TPPAYLDMYM8BECI,57764.75,0.0,INR
1629,1629,2026-07-01 01:53:30,UPI,Refunded,TPPAYU81JOF8LXD,27215.6,27215.6,INR
1630,1630,2023-10-30 01:00:41,Debit Card,Paid,TPPAYHKVTWH4W7O,42972.0,0.0,INR
1631,1631,2024-03-17 06:21:24,Credit Card,Paid,TPPAYMK5XXFH8VT,74748.0,0.0,INR
1632,1632,2026-07-20 06:17:31,Credit Card,Paid,TPPAYFDKWL6F53Q,83645.0,0.0,INR
1633,1633,2023-11-13 14:29:44,UPI,Paid,TPPAYD0X38V389W,111981.6,0.0,INR
1634,1634,2026-07-07 09:18:37,Credit Card,Paid,TPPAYQ9T014P97T,78903.2,0.0,INR
1635,1635,2026-03-14 14:34:07,Credit Card,Paid,TPPAYQ9BL7RD2TL,127764.0,0.0,INR
1636,1636,2025-06-20 09:21:46,UPI,Paid,TPPAYINSSBYLTHH,32132.0,0.0,INR
1637,1637,2026-07-23 08:02:07,Wallet,Paid,TPPAYJJM6OJEBYC,32160.0,0.0,INR
1638,1638,2024-08-22 05:23:03,UPI,Paid,TPPAYTYPOBV2Q6C,87080.0,0.0,INR
1639,1639,2024-06-13 01:33:36,UPI,Paid,TPPAYXR9QY6TI59,61398.0,0.0,INR
1640,1640,2023-10-04 02:35:05,Wallet,Paid,TPPAY2WEEZJGGS8,70165.8,0.0,INR
1641,1641,2026-07-15 11:16:12,UPI,Paid,TPPAYXI5O45PX5K,44468.0,0.0,INR
1642,1642,2026-07-11 19:13:16,Credit Card,Paid,TPPAYKSZ8MI30EK,27276.4,0.0,INR
1643,1643,2026-08-12 20:56:51,UPI,Paid,TPPAYY4VEMWSWYN,29001.6,0.0,INR
1644,1644,2026-09-04 15:33:08,UPI,Paid,TPPAYRXH23B9L7W,20833.5,0.0,INR
1645,1645,2026-08-25 13:33:01,Net Banking,Paid,TPPAY7DUNYYYS5P,60258.0,0.0,INR
1646,1646,2026-07-07 13:37:37,Credit Card,Paid,TPPAYCT5KEOLE5P,103852.0,0.0,INR
1647,1647,2026-08-06 08:56:09,UPI,Paid,TPPAYUOJPR2K368,18710.0,0.0,INR
1648,1648,2026-07-11 11:57:10,UPI,Paid,TPPAYHLMKES0EBX,28416.0,0.0,INR
1649,1649,2026-06-15 20:03:29,Net Banking,Paid,TPPAYHGAVSSS01A,19384.0,0.0,INR
1650,1650,2025-06-05 01:55:16,Credit Card,Paid,TPPAYCJFXYUV9AW,11117.0,0.0,INR
1651,1651,2026-06-21 05:40:11,Wallet,Pending,TPPAY1GGL51TBWP,0.0,0.0,INR
1652,1652,2024-09-24 00:04:51,Debit Card,Paid,TPPAYV9E1YVIPOJ,134862.0,0.0,INR
1653,1653,2026-06-27 11:10:12,Debit Card,Paid,TPPAYUZ1R1P0TEF,26253.1,0.0,INR
1654,1654,2026-09-03 23:37:16,Credit Card,Paid,TPPAYJDH5J9MEJS,52614.0,0.0,INR
1655,1655,2026-08-21 08:17:07,UPI,Paid,TPPAY0B9KERBRD1,60886.0,0.0,INR
1656,1656,2026-09-02 17:06:31,UPI,Paid,TPPAYPYK9PO8H1J,76471.2,0.0,INR
1657,1657,2024-10-16 14:01:52,Debit Card,Paid,TPPAYDFWTVMC6Q9,30821.8,0.0,INR
1658,1658,2026-01-14 00:04:15,Credit Card,Paid,TPPAYW1NWY0BD3N,35614.8,0.0,INR
1659,1659,2025-11-14 09:31:07,UPI,Paid,TPPAYI2EQ6NH63G,32322.0,0.0,INR
1660,1660,2023-11-07 07:06:17,Debit Card,Paid,TPPAYUJP7MZV6D1,24470.1,0.0,INR
1661,1661,2024-05-02 07:52:47,Net Banking,Refunded,TPPAY7JEN2UYLC1,130572.0,130572.0,INR
1662,1662,2024-02-02 17:08:12,UPI,Paid,TPPAYEYWXUBLPNZ,29679.0,0.0,INR
1663,1663,2025-03-19 09:14:02,UPI,Paid,TPPAYOEBCEPTX7W,125128.8,0.0,INR
1664,1664,2024-11-17 00:42:35,Credit Card,Paid,TPPAY1BN91KM6PW,29636.0,0.0,INR
1665,1665,2026-07-31 03:49:06,Net Banking,Pending,TPPAYBDQG7OHLX7,0.0,0.0,INR
1666,1666,2024-12-31 23:47:02,Debit Card,Paid,TPPAYUBYN2DJ3VX,13898.7,0.0,INR
1667,1667,2026-08-05 02:14:57,UPI,Paid,TPPAY937CHNWW79,30480.75,0.0,INR
1668,1668,2026-07-15 20:16:18,Wallet,Paid,TPPAYEIOJFRAC0S,65818.9,0.0,INR
1669,1669,2026-04-22 14:53:02,UPI,Paid,TPPAYACRJIXZK73,69516.0,0.0,INR
1670,1670,2025-01-06 12:39:53,Debit Card,Paid,TPPAYVD0HD852LP,103820.0,0.0,INR
1671,1671,2024-12-25 06:35:41,Net Banking,Paid,TPPAYJEG3120FKD,79764.0,0.0,INR
1672,1672,2026-09-04 10:26:07,UPI,Paid,TPPAYG21EJEC89P,29679.0,0.0,INR
1673,1673,2026-08-04 04:42:13,UPI,Paid,TPPAYPLJ3WEVB2B,50187.0,0.0,INR
1674,1674,2026-08-20 14:49:03,UPI,Refunded,TPPAY5SL0EXGGU2,116151.0,116151.0,INR
1675,1675,2026-07-19 22:31:17,UPI,Pending,TPPAYW5AOHXV8AE,0.0,0.0,INR
1676,1676,2026-06-23 07:02:52,Net Banking,Paid,TPPAYAYF4KBD4RW,93435.0,0.0,INR
1677,1677,2025-02-20 16:55:40,Credit Card,Paid,TPPAY7YPHWJHR5G,108850.0,0.0,INR
1678,1678,2026-08-15 09:46:37,Debit Card,Paid,TPPAYJ8JWF37T5F,61432.0,0.0,INR
1679,1679,2025-01-09 08:21:56,Credit Card,Paid,TPPAYPEE3OSX2WS,70980.0,0.0,INR
1680,1680,2026-01-23 04:28:24,Credit Card,Paid,TPPAYPJ9K4FBUK9,60552.0,0.0,INR
1681,1681,2026-08-29 12:46:03,UPI,Paid,TPPAY7I2EP9NN5P,79764.0,0.0,INR
1682,1682,2026-07-26 14:14:47,Net Banking,Paid,TPPAYYL689GCZYM,117558.0,0.0,INR
1683,1683,2025-12-10 18:17:52,UPI,Paid,TPPAYI51U2SV2IP,126385.0,0.0,INR
1684,1684,2023-10-11 00:55:29,UPI,Paid,TPPAYCYQI52PQ0F,104535.9,0.0,INR
1685,1685,2025-02-12 19:46:29,Debit Card,Paid,TPPAY4TNGUQPJG0,14139.2,0.0,INR
1686,1686,2026-07-26 17:58:52,Credit Card,Paid,TPPAYA2HYG1YAN3,23212.0,0.0,INR
1687,1687,2025-03-09 15:04:54,Debit Card,Paid,TPPAYOZ1TXLCEZM,57524.4,0.0,INR
1688,1688,2026-07-29 17:27:20,Net Banking,Paid,TPPAYP1G7OF0XKO,38356.0,0.0,INR
1689,1689,2026-06-28 04:19:06,Net Banking,Paid,TPPAYLG3WYNZ47O,129175.0,0.0,INR
1690,1690,2023-11-13 14:28:59,Net Banking,Paid,TPPAYR02KF0800A,49465.0,0.0,INR
1691,1691,2025-07-07 02:00:19,UPI,Paid,TPPAY67V9XR9P3J,28648.0,0.0,INR
1692,1692,2025-02-20 06:51:55,UPI,Paid,TPPAYVRSYICQD9T,64770.0,0.0,INR
1693,1693,2024-08-31 05:16:24,Debit Card,Paid,TPPAYT3LTHDLJ71,107681.4,0.0,INR
1694,1694,2026-09-03 16:14:19,UPI,Paid,TPPAY8Y8CZMUYVG,24333.0,0.0,INR
1695,1695,2023-11-18 02:10:50,Wallet,Paid,TPPAY18AG24SMUM,24333.0,0.0,INR
1696,1696,2026-02-05 05:21:00,UPI,Paid,TPPAYOLZKLH0ZR6,27644.55,0.0,INR
1697,1697,2026-09-03 16:38:37,Debit Card,Paid,TPPAYOV70K9Q9PY,21930.0,0.0,INR
1698,1698,2026-06-27 10:38:27,Net Banking,Paid,TPPAY68K4EOZRTK,26784.0,0.0,INR
1699,1699,2026-08-31 00:54:01,UPI,Paid,TPPAYKG4CW2W7I7,41868.0,0.0,INR
1700,1700,2026-07-31 06:16:47,Credit Card,Paid,TPPAY36M02IJS2Y,19152.0,0.0,INR
1701,1701,2025-05-12 08:35:25,Net Banking,Paid,TPPAYGEBJESY4NO,33232.0,0.0,INR
1702,1702,2025-03-09 23:43:11,UPI,Paid,TPPAY9F4IS3HM8A,66298.0,0.0,INR
1703,1703,2024-05-04 17:27:48,UPI,Paid,TPPAYZKI535GVZO,21686.4,0.0,INR
1704,1704,2026-06-24 16:53:15,Debit Card,Paid,TPPAYVVCEAYL9KM,32523.0,0.0,INR
1705,1705,2025-11-20 10:39:17,UPI,Paid,TPPAYOJUSLASZN3,21974.0,0.0,INR
1706,1706,2024-03-11 13:37:12,Credit Card,Paid,TPPAY0ROPQGOSU0,140046.0,0.0,INR
1707,1707,2026-07-12 23:19:11,Net Banking,Paid,TPPAYQAG2AZDNB0,18796.7,0.0,INR
1708,1708,2026-08-25 23:38:59,Net Banking,Paid,TPPAYAVKT78DPCJ,32961.0,0.0,INR
1709,1709,2026-06-25 09:13:05,UPI,Paid,TPPAYJHAFVE4HJV,49284.0,0.0,INR
1710,1710,2026-06-28 04:21:34,Credit Card,Paid,TPPAY4MLFD313IN,52276.0,0.0,INR
1711,1711,2026-06-07 08:59:49,UPI,Paid,TPPAY4L3YIQLAZY,81914.7,0.0,INR
1712,1712,2026-06-12 07:14:43,UPI,Paid,TPPAYVQZPV13UU4,33351.0,0.0,INR
1713,1713,2026-02-24 07:35:30,Credit Card,Paid,TPPAYSCO4IIGNB6,77889.0,0.0,INR
1714,1714,2026-01-28 08:46:29,UPI,Paid,TPPAYJ8D9K2FULD,49318.3,0.0,INR
1715,1715,2024-08-27 07:01:12,Credit Card,Paid,TPPAYB0YSPCH77G,73474.0,0.0,INR
1716,1716,2026-02-14 08:23:13,UPI,Paid,TPPAYNRAV8N0MIN,21682.0,0.0,INR
1717,1717,2023-11-26 01:08:45,Credit Card,Paid,TPPAYVKKN21XY89,119039.1,0.0,INR
1718,1718,2026-08-14 22:49:14,UPI,Paid,TPPAYDTAKUJMTK2,86808.0,0.0,INR
1719,1719,2025-08-17 22:15:28,UPI,Paid,TPPAY6HVPRQA1S7,9472.0,0.0,INR
1720,1720,2026-07-10 19:01:21,Credit Card,Paid,TPPAYKP1M0CU0ZG,54431.2,0.0,INR
1721,1721,2023-09-11 21:35:53,Debit Card,Refunded,TPPAYWV1S0Y72F9,65286.0,65286.0,INR
1722,1722,2026-06-09 13:15:01,Debit Card,Refunded,TPPAYKSBERJD1AD,107681.4,107681.4,INR
1723,1723,2024-01-11 04:33:57,Wallet,Paid,TPPAYDDKYT7ZAJ0,37374.0,0.0,INR
1724,1724,2026-07-04 16:27:01,UPI,Pending,TPPAYWXLPDZJ5N3,0.0,0.0,INR
1725,1725,2025-09-04 04:16:52,Net Banking,Paid,TPPAY1ACT9W900U,66126.0,0.0,INR
1726,1726,2026-08-03 23:00:51,UPI,Paid,TPPAY246FFADE4D,18126.0,0.0,INR
1727,1727,2026-08-04 08:09:00,UPI,Paid,TPPAYGWVXD4NYH6,21852.0,0.0,INR
1728,1728,2025-09-02 02:16:28,Wallet,Paid,TPPAYOQFH7JPDPW,99060.3,0.0,INR
1729,1729,2024-06-21 05:06:06,UPI,Paid,TPPAYR327YKMCMZ,152812.0,0.0,INR
1730,1730,2026-07-30 14:09:31,UPI,Paid,TPPAY3X4DNWHMUD,90990.0,0.0,INR
1731,1731,2025-10-15 07:03:23,UPI,Paid,TPPAY8J9VFANPEE,46864.0,0.0,INR
1732,1732,2026-07-12 20:07:07,Debit Card,Paid,TPPAYE9TUX85I3S,35505.3,0.0,INR
1733,1733,2025-01-17 13:46:18,Credit Card,Paid,TPPAYWJJ09JHV3H,21548.0,0.0,INR
1734,1734,2026-08-14 10:28:23,UPI,Paid,TPPAY5O587Z9JIP,28712.0,0.0,INR
1735,1735,2026-09-04 19:54:32,UPI,Paid,TPPAYX090QVC9YZ,9063.0,0.0,INR
1736,1736,2025-07-17 00:38:30,Net Banking,Paid,TPPAY4UG3FMTQK7,70980.0,0.0,INR
1737,1737,2026-08-16 17:09:09,UPI,Paid,TPPAY5DAH7861SQ,51914.0,0.0,INR
1738,1738,2026-06-29 14:38:25,Debit Card,Paid,TPPAY4N7JRU46O0,115700.0,0.0,INR
1739,1739,2026-08-02 22:47:53,Credit Card,Paid,TPPAYLSGUD7A346,93364.0,0.0,INR
1740,1740,2026-08-28 06:51:44,Debit Card,Paid,TPPAY604XKLA4GM,70023.0,0.0,INR
1741,1741,2023-11-10 05:53:31,UPI,Paid,TPPAY9MIVV3L6FV,103340.0,0.0,INR
1742,1742,2023-10-13 23:06:56,Credit Card,Paid,TPPAY8ZSH3MB1MU,60258.0,0.0,INR
1743,1743,2024-11-05 10:15:45,Debit Card,Paid,TPPAYY3W4ME2RNE,12415.55,0.0,INR
1744,1744,2026-06-19 05:13:14,Credit Card,Refunded,TPPAY4O817L5IIW,141960.0,141960.0,INR
1745,1745,2025-05-16 06:40:13,Debit Card,Paid,TPPAYXRD6QO7I1N,66205.65,0.0,INR
1746,1746,2026-09-01 19:05:41,Credit Card,Paid,TPPAYMJB7ANC3IZ,16080.0,0.0,INR
1747,1747,2026-06-21 14:34:43,Credit Card,Refunded,TPPAYINDSCV8XND,27097.2,27097.2,INR
1748,1748,2024-12-04 12:36:04,Credit Card,Paid,TPPAYFHI394EA3T,16066.0,0.0,INR
1749,1749,2026-06-11 02:14:32,UPI,Refunded,TPPAYTF6NEIR8J4,20934.0,20934.0,INR
1750,1750,2026-06-22 07:17:47,UPI,Paid,TPPAYCLULZUFG7V,130620.0,0.0,INR
1751,1751,2026-08-21 14:39:17,Debit Card,Paid,TPPAYDTGWTGVERA,18944.0,0.0,INR
1752,1752,2025-12-03 06:47:44,Net Banking,Paid,TPPAYTM7CMQ85EW,29830.95,0.0,INR
1753,1753,2024-07-21 04:32:39,UPI,Refunded,TPPAYIU9WAZ53O2,77067.8,77067.8,INR
1754,1754,2026-08-19 02:16:11,Net Banking,Pending,TPPAYABIOAF37HL,0.0,0.0,INR
1755,1755,2026-07-09 13:58:04,Credit Card,Paid,TPPAYCCZW9CVGSW,60552.0,0.0,INR
1756,1756,2024-04-23 22:48:44,Wallet,Paid,TPPAYD0P5JJG9ZF,43704.0,0.0,INR
1757,1757,2025-05-19 12:50:41,UPI,Paid,TPPAY2V283DBIID,50877.0,0.0,INR
1758,1758,2026-05-22 11:42:54,Net Banking,Paid,TPPAYNB7NUDX1C0,76220.0,0.0,INR
1759,1759,2025-02-06 05:10:25,Net Banking,Refunded,TPPAYSJVZT7DTBB,93364.0,93364.0,INR
1760,1760,2026-07-29 20:43:53,Wallet,Paid,TPPAY9H7KS7K34X,93318.0,0.0,INR
1761,1761,2026-08-28 17:05:45,UPI,Paid,TPPAYS20LPN30DT,109915.0,0.0,INR
1762,1762,2025-08-09 18:57:09,Credit Card,Paid,TPPAYR8Y23JJ9NC,120516.0,0.0,INR
1763,1763,2026-06-30 22:37:11,UPI,Pending,TPPAYXQRR0Z79KX,0.0,0.0,INR
1764,1764,2026-08-13 02:41:08,UPI,Paid,TPPAY912CS6971L,86808.0,0.0,INR
1765,1765,2026-08-22 08:33:51,UPI,Paid,TPPAYH55G8RXR88,61772.0,0.0,INR
1766,1766,2026-08-19 20:03:39,Credit Card,Paid,TPPAYST5YM2BMNM,46864.0,0.0,INR
1767,1767,2026-06-11 03:07:03,Credit Card,Paid,TPPAYZC539N6QU8,26784.0,0.0,INR
1768,1768,2024-05-07 10:31:51,UPI,Paid,TPPAYWQPTNEN894,111981.6,0.0,INR
1769,1769,2025-10-15 13:59:43,Debit Card,Paid,TPPAYZEQBTO1SGP,43152.0,0.0,INR
1770,1770,2026-05-19 17:20:51,UPI,Refunded,TPPAY44H3D02ILA,34818.0,34818.0,INR
1771,1771,2026-07-06 19:28:37,UPI,Pending,TPPAYOZ0BF58B9U,0.0,0.0,INR
1772,1772,2026-01-17 18:40:40,UPI,Paid,TPPAYY93NWZ1IQA,130572.0,0.0,INR
1773,1773,2026-06-19 21:20:45,UPI,Paid,TPPAYAZLKA3TL4Z,37888.0,0.0,INR
1774,1774,2026-08-19 16:15:13,Debit Card,Paid,TPPAYB3WFMUISX7,16066.0,0.0,INR
1775,1775,2026-06-23 22:13:47,Net Banking,Paid,TPPAYZHWCUQVTVV,14670.85,0.0,INR
1776,1776,2026-03-23 00:25:13,UPI,Paid,TPPAYT1HUU740A2,19178.0,0.0,INR
1777,1777,2026-06-21 06:32:45,Credit Card,Paid,TPPAYFAPMAK092W,69420.0,0.0,INR
1778,1778,2024-07-06 01:17:24,UPI,Paid,TPPAY8QVM5EC59O,80344.0,0.0,INR
1779,1779,2026-08-25 04:50:01,UPI,Refunded,TPPAYAUQGQDD99W,155530.0,155530.0,INR
1780,1780,2024-05-01 18:06:43,Debit Card,Paid,TPPAY28XALVFTT9,65106.0,0.0,INR
1781,1781,2026-06-11 11:45:38,Credit Card,Paid,TPPAYQYRP383ZEA,109815.0,0.0,INR
1782,1782,2026-08-31 14:10:19,Net Banking,Paid,TPPAYHXSWJCNCSH,38768.0,0.0,INR
1783,1783,2026-06-27 06:58:34,UPI,Paid,TPPAYDCP1VU2G57,68292.4,0.0,INR
1784,1784,2026-06-16 17:06:02,Debit Card,Paid,TPPAYDP8I0NSXGU,57841.7,0.0,INR
1785,1785,2026-07-04 04:14:01,Credit Card,Paid,TPPAYQ2VKIHL9EQ,12711.0,0.0,INR
1786,1786,2026-07-30 13:03:19,Credit Card,Paid,TPPAY68BZ64FVSD,25359.0,0.0,INR
1787,1787,2024-06-20 03:29:06,Debit Card,Paid,TPPAYTS1YSGBCF4,10774.0,0.0,INR
1788,1788,2026-08-01 05:45:04,Wallet,Paid,TPPAYS7OZTSTMGK,34818.0,0.0,INR
1789,1789,2024-08-03 23:25:30,Credit Card,Refunded,TPPAYWLA5OL0BE4,8837.0,8837.0,INR
1790,1790,2026-07-16 01:43:44,Credit Card,Paid,TPPAY9VXXIX96T9,80696.0,0.0,INR
1791,1791,2026-08-21 17:07:55,Credit Card,Paid,TPPAYAHFUIRSUP0,8453.0,0.0,INR
1792,1792,2024-03-08 19:02:00,UPI,Paid,TPPAYNTBW7U1F19,38304.0,0.0,INR
1793,1793,2026-09-03 18:53:02,Credit Card,Paid,TPPAYNAD51ALJWJ,75831.0,0.0,INR
1794,1794,2026-02-15 04:01:37,Net Banking,Paid,TPPAYEKS1BVL1NJ,112125.6,0.0,INR
1795,1795,2026-09-02 04:32:12,UPI,Paid,TPPAYKTKBKXLSLJ,34473.6,0.0,INR
1796,1796,2025-07-23 04:12:30,Debit Card,Paid,TPPAYJAKY45HWQS,28728.0,0.0,INR
1797,1797,2026-07-06 06:40:00,UPI,Refunded,TPPAYZA4ATYX4OG,51745.0,51745.0,INR
1798,1798,2025-05-21 19:15:32,UPI,Refunded,TPPAYDDVIJS1DJY,77889.0,51745.0,INR
1799,1799,2026-08-23 20:20:55,UPI,Paid,TPPAY0XVLX7USKW,44115.0,0.0,INR
1800,1800,2026-04-14 18:51:52,Credit Card,Paid,TPPAY28L658OABU,25908.0,0.0,INR
1801,1801,2026-06-12 23:15:21,Net Banking,Paid,TPPAYDT7SLU3933,19563.0,0.0,INR
1802,1802,2024-07-30 02:23:25,Debit Card,Paid,TPPAYN27UTLQO0W,16589.45,0.0,INR
1803,1803,2025-01-04 05:14:09,UPI,Paid,TPPAYRPWDAM7C77,33340.5,0.0,INR
1804,1804,2025-03-30 15:36:27,UPI,Paid,TPPAYNKM4ODQF4R,107561.85,0.0,INR
1805,1805,2025-02-24 02:48:55,Credit Card,Refunded,TPPAY3SBI7BA5T0,43096.0,43096.0,INR
1806,1806,2025-08-28 05:52:46,Net Banking,Paid,TPPAY4PMDD1NBT0,16080.0,0.0,INR
1807,1807,2025-12-22 18:19:33,UPI,Paid,TPPAYLA5YR4QX04,12905.0,0.0,INR
1808,1808,2025-01-20 21:59:12,Credit Card,Paid,TPPAYSK97U6RN2R,46864.0,0.0,INR
1809,1809,2025-12-31 17:12:17,UPI,Paid,TPPAYUSSENVWEEL,24642.0,0.0,INR
1810,1810,2025-06-24 16:29:53,UPI,Paid,TPPAYNMSOEUREJ7,30886.0,0.0,INR
1811,1811,2024-09-01 07:10:02,Credit Card,Paid,TPPAY69MXKNMBDO,46864.0,0.0,INR
1812,1812,2026-04-02 22:34:08,Wallet,Refunded,TPPAYRJU4RUVPHB,12905.0,12905.0,INR
1813,1813,2024-11-21 07:25:42,Credit Card,Refunded,TPPAYLF61LDRN1V,31060.0,31060.0,INR
1814,1814,2026-08-10 01:20:13,Net Banking,Paid,TPPAYBH7EE9LVYS,122796.0,0.0,INR
1815,1815,2025-12-05 15:43:59,Net Banking,Paid,TPPAYKLP3BXLBFQ,51443.7,0.0,INR
1816,1816,2026-06-17 20:26:07,Credit Card,Paid,TPPAYTAEJVJRM83,10774.0,0.0,INR
1817,1817,2026-08-30 10:10:53,Credit Card,Pending,TPPAYYYY574XZ8L,0.0,0.0,INR
1818,1818,2025-11-11 16:32:41,UPI,Paid,TPPAYU1GGPJVM0L,80910.0,0.0,INR
1819,1819,2026-06-20 13:36:13,Credit Card,Paid,TPPAYRAMLSDJKWA,83986.2,0.0,INR
1820,1820,2026-07-19 10:52:17,Net Banking,Paid,TPPAYT84GQ5EER3,44115.0,0.0,INR
1821,1821,2026-08-30 13:42:25,UPI,Paid,TPPAYBVNMP4VCOL,130212.0,0.0,INR
1822,1822,2026-06-28 23:30:28,Credit Card,Paid,TPPAYDXWAJ1XT9I,26469.0,0.0,INR
1823,1823,2026-04-20 16:37:50,UPI,Refunded,TPPAYC6K3V5ELHA,57685.0,57685.0,INR
1824,1824,2026-09-04 09:17:25,Credit Card,Pending,TPPAY9EZ5BAY5KA,0.0,0.0,INR
1825,1825,2026-06-23 08:18:01,UPI,Paid,TPPAY57D19GNARS,26760.0,0.0,INR
1826,1826,2025-07-21 16:24:02,UPI,Paid,TPPAY1IGKZKP91S,42972.0,0.0,INR
1827,1827,2024-07-19 21:42:14,Debit Card,Paid,TPPAYMRZJOGG2M0,28416.0,0.0,INR
1828,1828,2026-03-28 14:33:05,UPI,Paid,TPPAYZJ1MGNLR8B,18677.9,0.0,INR
1829,1829,2024-11-26 10:30:50,UPI,Refunded,TPPAYD7T59RNN06,75831.0,75831.0,INR
1830,1830,2024-05-09 23:11:31,UPI,Paid,TPPAYYZDYAQ2XDB,32444.0,0.0,INR
1831,1831,2026-08-01 03:01:03,Debit Card,Paid,TPPAYC6U0H4NBFT,51745.0,0.0,INR
1832,1832,2026-07-23 01:02:16,UPI,Paid,TPPAYV3NJVT2SGI,21712.5,0.0,INR
1833,1833,2026-08-15 18:25:41,UPI,Paid,TPPAY81Q83X877I,89270.1,0.0,INR
1834,1834,2025-05-31 16:01:02,Credit Card,Paid,TPPAY3UZSOAC1K2,73210.0,0.0,INR
1835,1835,2025-08-24 19:14:19,Credit Card,Paid,TPPAYUEHC34T6S7,18944.0,0.0,INR
1836,1836,2026-06-16 08:48:24,Debit Card,Paid,TPPAY8YSH0JWINH,49465.0,0.0,INR
1837,1837,2025-12-16 17:21:17,Credit Card,Paid,TPPAYXNCIM9PIGZ,77505.0,0.0,INR
1838,1838,2024-03-23 00:04:48,Debit Card,Paid,TPPAYQ7RGBB10EX,120516.0,0.0,INR
1839,1839,2026-07-12 15:37:44,UPI,Paid,TPPAYQMHTZXVLLT,43614.0,0.0,INR
1840,1840,2026-07-18 08:13:36,Net Banking,Paid,TPPAYANPH9GMRMN,68955.4,0.0,INR
1841,1841,2025-11-23 09:59:33,UPI,Paid,TPPAYROOQK1Z70D,102486.0,0.0,INR
1842,1842,2026-07-01 16:57:40,Credit Card,Paid,TPPAY8RS7ZWCVY9,94229.55,0.0,INR
1843,1843,2024-08-26 19:39:45,UPI,Paid,TPPAYXEPLFHRQFO,44518.5,0.0,INR
1844,1844,2024-09-25 19:22:13,UPI,Paid,TPPAYQLDTRBSG4H,65433.0,0.0,INR
1845,1845,2026-09-09 11:50:11,Net Banking,Pending,TPPAYYTBR6C18FI,0.0,0.0,INR
1846,1846,2026-07-21 06:11:15,Credit Card,Pending,TPPAYUG4PCMNQYZ,0.0,0.0,INR
1847,1847,2026-06-19 07:05:19,Debit Card,Paid,TPPAYXW6V9J0GP7,32778.0,0.0,INR
1848,1848,2026-06-22 03:11:00,Debit Card,Paid,TPPAYS4ACP60MSP,33178.9,0.0,INR
1849,1849,2026-08-05 02:35:56,UPI,Refunded,TPPAYK6M5I6SUIJ,32605.0,32605.0,INR
1850,1850,2026-07-19 04:39:20,Debit Card,Pending,TPPAYCEUVL2G7WE,0.0,0.0,INR
1851,1851,2023-09-13 13:42:51,Credit Card,Paid,TPPAY119PB77N6A,16738.2,0.0,INR
1852,1852,2023-12-31 03:36:59,UPI,Refunded,TPPAYZ2F8PQ0PK9,19517.0,19517.0,INR
1853,1853,2026-09-02 03:09:26,Credit Card,Paid,TPPAYY2O1MKQST7,90387.0,0.0,INR
1854,1854,2026-07-22 08:18:25,Credit Card,Paid,TPPAYLS7EJ062IO,16066.0,0.0,INR
1855,1855,2026-08-10 09:07:00,Credit Card,Paid,TPPAYEI6I7HSY1T,28416.0,0.0,INR
1856,1856,2026-06-17 21:05:48,UPI,Refunded,TPPAYWP3IFGZ5I9,87244.0,87244.0,INR
1857,1857,2025-04-30 12:33:52,Debit Card,Paid,TPPAY0J72048FW6,90511.25,0.0,INR
1858,1858,2026-06-30 06:45:44,Net Banking,Paid,TPPAYY39P4Z1Q3W,69420.0,0.0,INR
1859,1859,2023-10-31 02:29:31,UPI,Paid,TPPAYAIOW1QSQD8,35292.0,0.0,INR
1860,1860,2026-06-10 22:34:55,Credit Card,Refunded,TPPAY62R7PAN0P2,82887.3,82887.3,INR
1861,1861,2025-07-18 05:43:06,UPI,Paid,TPPAYDS68EIAR4D,55945.0,0.0,INR
1862,1862,2026-08-27 23:38:43,Wallet,Pending,TPPAYF8OSTHGXAJ,0.0,0.0,INR
1863,1863,2026-08-12 17:47:57,Credit Card,Paid,TPPAYLO9DCQ1WQQ,37420.0,0.0,INR
1864,1864,2025-04-10 22:03:14,Credit Card,Refunded,TPPAYDRZGA8BNCU,32132.0,32132.0,INR
1865,1865,2026-08-23 01:27:29,UPI,Paid,TPPAY8K9F0ME3K3,60522.0,0.0,INR
1866,1866,2025-08-13 06:24:22,UPI,Paid,TPPAYGC8QI0YGJU,18892.95,0.0,INR
1867,1867,2024-12-04 20:52:39,Debit Card,Paid,TPPAYBAML5X149D,120065.75,0.0,INR
1868,1868,2026-08-05 21:49:01,UPI,Paid,TPPAYYRWEG4J047,151662.0,0.0,INR
1869,1869,2024-07-24 21:41:06,Credit Card,Paid,TPPAYKNSOZ7WLBA,55805.4,0.0,INR
1870,1870,2026-06-29 06:50:43,Debit Card,Paid,TPPAYSYRP7XKM2S,62006.0,0.0,INR
1871,1871,2026-08-09 12:13:57,UPI,Pending,TPPAYB0V1MRQH8F,0.0,0.0,INR
1872,1872,2024-06-11 01:51:27,Credit Card,Refunded,TPPAYN1XKJ6OYI8,16906.0,16906.0,INR
1873,1873,2026-07-25 14:35:37,Debit Card,Pending,TPPAYI75XNW67MH,0.0,0.0,INR
1874,1874,2025-05-07 12:26:49,Credit Card,Paid,TPPAYYY11BLQX0X,76220.0,0.0,INR
1875,1875,2026-05-29 13:50:55,Credit Card,Paid,TPPAYAE5YI60XAR,87932.0,0.0,INR
1876,1876,2025-12-22 06:23:12,UPI,Paid,TPPAY8HH9MMW1H7,93364.0,0.0,INR
1877,1877,2024-09-30 20:57:03,UPI,Paid,TPPAYOEWAXWXAZY,93364.0,0.0,INR
1878,1878,2026-07-27 03:19:48,Net Banking,Paid,TPPAYLIVYZKOALK,92560.0,0.0,INR
1879,1879,2026-06-08 07:37:21,UPI,Paid,TPPAYYR6778EBJJ,130212.0,0.0,INR
1880,1880,2026-06-25 14:46:36,UPI,Paid,TPPAYWX9CCQILMB,93364.0,0.0,INR
1881,1881,2026-06-28 08:47:56,Credit Card,Paid,TPPAYD4SIDPQJNI,42177.6,0.0,INR
1882,1882,2026-06-15 22:42:23,UPI,Paid,TPPAY7NTMUL8AVG,36366.0,0.0,INR
1883,1883,2026-09-02 19:16:54,Credit Card,Paid,TPPAY9H092ZXO2X,52276.0,0.0,INR
1884,1884,2025-01-13 18:49:36,UPI,Paid,TPPAYMB8MTWSL4L,18126.0,0.0,INR
1885,1885,2026-08-05 14:32:01,UPI,Pending,TPPAY9BUU0CEH2B,0.0,0.0,INR
1886,1886,2023-12-05 01:00:19,Credit Card,Paid,TPPAYGJ9KIV91RY,33812.0,0.0,INR
1887,1887,2024-10-09 07:56:40,UPI,Refunded,TPPAY36U7NUR8KY,81914.7,81914.7,INR
1888,1888,2024-07-11 02:26:28,UPI,Paid,TPPAYEYOH1P3J24,19563.0,0.0,INR
1889,1889,2025-12-01 12:13:46,Debit Card,Paid,TPPAYTW9YJ87PCA,25574.4,0.0,INR
1890,1890,2025-09-03 21:03:43,Debit Card,Paid,TPPAY11RENF9T1F,17538.0,0.0,INR
1891,1891,2026-07-15 20:06:39,UPI,Paid,TPPAYPFK6W9B4N4,22378.0,0.0,INR
1892,1892,2026-06-27 20:27:29,Debit Card,Refunded,TPPAYPAF1YKE1U4,11853.0,11853.0,INR
1893,1893,2023-11-08 06:16:36,UPI,Paid,TPPAYKNVPGV95XA,49230.0,0.0,INR
1894,1894,2026-06-28 06:52:20,Net Banking,Refunded,TPPAYZHP8OADU5U,25632.0,25632.0,INR
1895,1895,2025-05-30 15:40:57,Wallet,Paid,TPPAY54NGUUYUP0,34176.0,0.0,INR
1896,1896,2023-12-31 23:29:16,Credit Card,Paid,TPPAY9E1GBT5SND,69795.2,0.0,INR
1897,1897,2026-08-20 21:30:17,Net Banking,Paid,TPPAYN4NDL1SHQJ,65433.0,0.0,INR
1898,1898,2026-08-12 02:02:36,UPI,Pending,TPPAYKP54PUC6ML,0.0,0.0,INR
1899,1899,2026-09-06 03:36:29,UPI,Paid,TPPAYP6HSRI7FRH,33266.7,0.0,INR
1900,1900,2026-07-02 17:12:14,UPI,Paid,TPPAYXJLYZMLPXS,151662.0,0.0,INR
1901,1901,2026-03-06 13:33:30,Debit Card,Paid,TPPAY29O3RD5M8Y,98173.0,0.0,INR
1902,1902,2026-07-31 13:45:43,Debit Card,Paid,TPPAY15O0J144ER,72148.0,0.0,INR
1903,1903,2026-07-10 03:16:39,Credit Card,Paid,TPPAYGO5ATCUNH1,87690.0,0.0,INR
1904,1904,2024-04-29 03:20:12,UPI,Paid,TPPAY0QJ66XFVZ0,23706.0,0.0,INR
1905,1905,2024-08-15 07:44:50,UPI,Paid,TPPAYDZQ72MMCG3,103852.0,0.0,INR
1906,1906,2026-07-01 09:08:08,Credit Card,Paid,TPPAYQD7DXZQRD9,58779.2,0.0,INR
1907,1907,2026-06-24 02:49:16,Net Banking,Paid,TPPAYMQQ8GOYSQ1,113223.0,0.0,INR
1908,1908,2026-06-15 11:18:39,Wallet,Paid,TPPAYGPUW9LNY6H,28571.25,0.0,INR
1909,1909,2026-06-13 19:26:55,UPI,Paid,TPPAYH44HPPX97W,37888.0,0.0,INR
1910,1910,2026-08-12 05:05:31,UPI,Pending,TPPAYHHGRV3TUR1,0.0,0.0,INR
1911,1911,2025-12-10 06:56:44,Credit Card,Paid,TPPAY8NCIFRLUOM,76790.0,0.0,INR
1912,1912,2026-07-05 22:18:38,Net Banking,Paid,TPPAYAUATLEP4I0,32121.4,0.0,INR
1913,1913,2026-08-02 08:10:32,Credit Card,Paid,TPPAYLPCPOXSGOO,9338.95,0.0,INR
1914,1914,2023-10-10 16:42:26,Credit Card,Paid,TPPAYPOIUZ5VT6A,73629.75,0.0,INR
1915,1915,2026-07-19 07:39:07,UPI,Paid,TPPAYZRZF8HA9VL,121044.0,0.0,INR
1916,1916,2026-07-04 08:07:01,Net Banking,Pending,TPPAYHPQ6EI0URX,0.0,0.0,INR
1917,1917,2026-07-07 06:54:15,Debit Card,Paid,TPPAYBE8107YNTB,22914.0,0.0,INR
1918,1918,2026-08-22 01:21:52,UPI,Pending,TPPAYCKOZNA7UGR,0.0,0.0,INR
1919,1919,2024-05-05 03:02:46,Credit Card,Paid,TPPAYWXVZS9L3V7,22171.4,0.0,INR
1920,1920,2026-08-19 21:29:37,Wallet,Pending,TPPAYOBBTII4FE7,0.0,0.0,INR
1921,1921,2026-07-26 14:34:42,Debit Card,Refunded,TPPAYUX890U37S8,25668.0,25668.0,INR
1922,1922,2024-07-25 09:54:48,UPI,Paid,TPPAYC8AHG6GUJV,97660.0,0.0,INR
1923,1923,2026-06-11 07:21:07,UPI,Paid,TPPAYG1AW17ONOC,39207.0,0.0,INR
1924,1924,2026-08-10 12:30:42,Credit Card,Paid,TPPAYKBPUDCAMMK,82467.6,0.0,INR
1925,1925,2025-10-24 12:38:34,Credit Card,Paid,TPPAYNFQSTQUGZC,69664.0,0.0,INR
1926,1926,2025-10-30 14:46:01,Debit Card,Paid,TPPAYG46MR3RGLI,26138.0,0.0,INR
1927,1927,2026-06-21 15:35:58,Credit Card,Paid,TPPAYHRPXABAJLU,35292.0,0.0,INR
1928,1928,2026-07-31 19:51:49,Debit Card,Paid,TPPAYK5RA8DPDBM,62006.0,0.0,INR
1929,1929,2026-06-22 21:14:18,Credit Card,Paid,TPPAYFGFP0WF608,32529.6,0.0,INR
1930,1930,2026-08-31 05:48:14,Debit Card,Paid,TPPAYUGIEBQJ125,61432.0,0.0,INR
1931,1931,2026-07-24 09:45:54,Wallet,Refunded,TPPAY5YOC6FS61R,46722.6,46722.6,INR
1932,1932,2026-06-20 18:18:18,Net Banking,Paid,TPPAYYAA76AK298,16060.7,0.0,INR
1933,1933,2026-07-27 14:17:05,UPI,Paid,TPPAYFGKSII19KS,16222.0,0.0,INR
1934,1934,2026-01-08 02:32:55,Net Banking,Refunded,TPPAYDQW61KI7ZV,50472.0,50472.0,INR
1935,1935,2026-08-24 12:48:50,UPI,Paid,TPPAYDBC5T99JMS,13380.0,0.0,INR
1936,1936,2024-04-19 10:16:48,UPI,Refunded,TPPAY9QSZXYD3KZ,46634.4,46634.4,INR
1937,1937,2026-07-01 15:42:02,Debit Card,Paid,TPPAYXSDSMEIG8Q,29595.3,0.0,INR
1938,1938,2025-04-28 18:32:46,UPI,Refunded,TPPAYZ1AL2QRVMH,77244.5,77244.5,INR
1939,1939,2025-08-02 22:32:45,UPI,Paid,TPPAYH036TRT966,12424.0,0.0,INR
1940,1940,2025-05-03 13:54:10,Debit Card,Paid,TPPAY9MYIJBLWKY,84795.0,0.0,INR
1941,1941,2026-05-13 02:49:41,Net Banking,Paid,TPPAYONU0O5XYVN,69420.0,0.0,INR
1942,1942,2025-01-15 20:02:24,Debit Card,Paid,TPPAYEGNO7GW2F7,114330.0,0.0,INR
1943,1943,2024-01-22 22:42:31,Debit Card,Paid,TPPAY8Y5ECQX16A,44468.0,0.0,INR
1944,1944,2025-01-19 23:07:14,Credit Card,Paid,TPPAYQKQXF35U3N,32085.0,0.0,INR
1945,1945,2026-06-15 10:13:23,Wallet,Paid,TPPAYBLP1LI924A,19066.5,0.0,INR
1946,1946,2026-07-27 06:23:19,UPI,Paid,TPPAYOFZJNGLKZG,34611.0,0.0,INR
1947,1947,2026-06-12 13:29:42,Debit Card,Paid,TPPAYSB3AIOIMSQ,41396.0,0.0,INR
1948,1948,2025-01-21 18:00:33,Debit Card,Refunded,TPPAY2DOQ3CPUUD,32386.0,32386.0,INR
1949,1949,2026-06-17 09:00:51,UPI,Pending,TPPAY9567YBC9BJ,0.0,0.0,INR
1950,1950,2026-06-26 02:48:35,Debit Card,Paid,TPPAYGW3QPLROA0,151662.0,0.0,INR
1951,1951,2026-08-13 12:27:23,Debit Card,Paid,TPPAYDFHXBW0CDE,67618.0,0.0,INR
1952,1952,2026-07-29 18:09:23,UPI,Pending,TPPAY2YDV7DFEZP,0.0,0.0,INR
1953,1953,2026-07-22 10:02:05,UPI,Paid,TPPAYDL3TIDD7P3,154868.0,0.0,INR
1954,1954,2024-09-19 20:07:24,Net Banking,Paid,TPPAY7B67TUQUKI,81124.0,0.0,INR
1955,1955,2024-09-10 00:58:49,UPI,Paid,TPPAYAF55TCS18E,60660.0,0.0,INR
1956,1956,2026-06-15 16:53:34,UPI,Refunded,TPPAYM8NMF5V9RK,80751.9,80751.9,INR
1957,1957,2026-07-02 05:44:29,Credit Card,Refunded,TPPAYCQ1SDVD5P5,24924.0,80751.9,INR
1958,1958,2026-02-18 04:55:03,Debit Card,Refunded,TPPAYEKNPHK9ICK,55945.0,55945.0,INR
1959,1959,2026-08-05 06:02:02,Debit Card,Paid,TPPAYB32TCALGMK,167972.4,0.0,INR
1960,1960,2026-06-16 12:17:32,Credit Card,Paid,TPPAYIVG8626A3Z,50877.0,0.0,INR
1961,1961,2025-08-03 17:39:41,Debit Card,Paid,TPPAYNLGHYR4HMN,47880.0,0.0,INR
1962,1962,2026-06-12 14:50:04,Credit Card,Paid,TPPAYG0FR3YMKC8,32961.0,0.0,INR
1963,1963,2024-12-25 11:01:03,Credit Card,Paid,TPPAYOJLWR059UW,94719.75,0.0,INR
1964,1964,2026-08-07 16:39:37,Debit Card,Pending,TPPAYN53IDLV5UO,0.0,0.0,INR
1965,1965,2024-01-07 01:31:41,UPI,Paid,TPPAYGVJ08GY8U8,38862.0,0.0,INR
1966,1966,2024-12-21 01:59:52,Wallet,Paid,TPPAY6R238XW93L,51816.0,0.0,INR
1967,1967,2026-07-25 21:34:04,UPI,Paid,TPPAYI9456SWCKE,18414.8,0.0,INR
1968,1968,2026-07-12 16:35:49,UPI,Refunded,TPPAYEAE34X0FQD,86286.6,86286.6,INR
1969,1969,2024-09-01 09:30:19,Credit Card,Paid,TPPAYTPRFJZT193,36252.0,0.0,INR
1970,1970,2024-11-13 10:51:56,UPI,Paid,TPPAYP06KHEXA5T,46864.0,0.0,INR
1971,1971,2026-06-13 11:11:50,Debit Card,Paid,TPPAYAIX6QJP114,80496.0,0.0,INR
1972,1972,2026-05-26 17:39:23,Debit Card,Paid,TPPAYEA2DY5LYYK,87492.15,0.0,INR
1973,1973,2026-07-28 13:46:43,UPI,Paid,TPPAY3WXVZ3PMCN,29636.0,0.0,INR
1974,1974,2025-01-05 11:15:51,UPI,Paid,TPPAY9RKOUMK7U6,120666.0,0.0,INR
1975,1975,2026-07-19 15:26:39,Wallet,Paid,TPPAYY9D762BB9T,44468.0,0.0,INR
1976,1976,2026-07-27 13:56:39,UPI,Pending,TPPAY4PZE0TU9WK,0.0,0.0,INR
1977,1977,2026-07-15 02:56:49,Credit Card,Pending,TPPAYW6R7FEZN8W,0.0,0.0,INR
1978,1978,2026-07-17 11:28:01,UPI,Paid,TPPAYR56WC41QKK,28830.3,0.0,INR
1979,1979,2023-10-14 23:07:54,Debit Card,Refunded,TPPAYAZSWHRTGS2,23706.0,23706.0,INR
1980,1980,2026-07-20 08:56:50,Debit Card,Paid,TPPAYLGBXWT9B11,79764.0,0.0,INR
1981,1981,2026-07-13 17:39:14,UPI,Paid,TPPAY65X13OUFHT,83056.0,0.0,INR
1982,1982,2025-12-03 11:35:54,Credit Card,Paid,TPPAYI1JHLKP6SD,30821.8,0.0,INR
1983,1983,2025-04-16 05:39:51,Net Banking,Paid,TPPAY2JFXT25MCR,32085.0,0.0,INR
1984,1984,2026-07-22 11:23:57,UPI,Paid,TPPAYGKZEN3JD2D,8030.35,0.0,INR
1985,1985,2026-08-22 07:22:42,Debit Card,Paid,TPPAYPE03Q5AM42,33567.0,0.0,INR
1986,1986,2026-07-09 12:53:31,Credit Card,Paid,TPPAYYFDKZ6RHEJ,56207.1,0.0,INR
1987,1987,2026-01-07 17:55:24,Credit Card,Paid,TPPAYHQAKNLTPTR,19931.4,0.0,INR
1988,1988,2026-07-04 04:28:57,UPI,Paid,TPPAY0A4S7G2U2S,77889.0,0.0,INR
1989,1989,2026-08-30 17:09:17,UPI,Refunded,TPPAYFHN9QRG7J5,162248.0,162248.0,INR
1990,1990,2026-06-24 20:17:19,Credit Card,Paid,TPPAYMPBU2LL74O,33390.6,0.0,INR
1991,1991,2026-08-07 01:41:15,Net Banking,Paid,TPPAYCZ48ZUIS7D,32085.0,0.0,INR
1992,1992,2026-06-20 12:54:51,Debit Card,Paid,TPPAYRBBRYD9DAN,24642.0,0.0,INR
1993,1993,2026-02-10 09:39:52,Credit Card,Paid,TPPAYJANTLCEVR7,17538.0,0.0,INR
1994,1994,2026-07-17 09:26:28,Debit Card,Paid,TPPAY4OO28RZWSN,33450.0,0.0,INR
1995,1995,2026-06-17 07:34:26,Credit Card,Pending,TPPAY90XK2YGMNH,0.0,0.0,INR
1996,1996,2026-08-26 02:53:11,Debit Card,Paid,TPPAYH3IXEE0R49,103828.0,0.0,INR
1997,1997,2026-06-25 20:29:00,UPI,Paid,TPPAYPY8JAIELXZ,46329.0,0.0,INR
1998,1998,2026-07-02 18:36:14,UPI,Paid,TPPAYI5AI97BHZ2,60886.0,0.0,INR
1999,1999,2024-02-19 00:58:14,Credit Card,Paid,TPPAY5RHLK8ZQM2,46074.25,0.0,INR
2000,2000,2024-11-12 10:54:51,UPI,Paid,TPPAYE9DIWS8BJL,61772.0,0.0,INR
2001,2001,2026-06-23 00:19:05,Credit Card,Paid,TPPAY0IJPN164F5,96239.55,0.0,INR
2002,2002,2026-07-19 19:37:36,Debit Card,Paid,TPPAYS6BXIN2HGK,36526.2,0.0,INR
2003,2003,2025-08-09 10:41:20,Credit Card,Paid,TPPAYX9LMJKKU9V,84120.0,0.0,INR
2004,2004,2024-06-21 15:18:07,Debit Card,Paid,TPPAYRZNL9W5DTC,61432.0,0.0,INR
2005,2005,2026-07-12 13:22:13,Debit Card,Paid,TPPAYDOB13F2KN1,18944.0,0.0,INR
2006,2006,2026-08-14 05:29:42,Net Banking,Paid,TPPAYDK9JYFER3Z,56668.0,0.0,INR
2007,2007,2024-10-01 01:00:51,Credit Card,Paid,TPPAY4GM4AUGXY5,27528.1,0.0,INR
2008,2008,2025-04-09 09:31:42,Wallet,Paid,TPPAYLPQWV49ORJ,125639.4,0.0,INR
2009,2009,2025-11-11 23:58:36,Credit Card,Paid,TPPAY1J4GDR2H2K,75831.0,0.0,INR
2010,2010,2026-06-18 00:20:27,UPI,Paid,TPPAYTZO9W5ZON0,105248.7,0.0,INR
2011,2011,2026-06-06 15:57:46,Debit Card,Paid,TPPAYXKY5VKPLQ9,133043.7,0.0,INR
2012,2012,2026-08-23 23:09:50,Net Banking,Paid,TPPAY3ZWUKKEYN4,43948.0,0.0,INR
2013,2013,2024-06-30 21:12:53,UPI,Paid,TPPAYJKPW5HE6FG,77067.8,0.0,INR
2014,2014,2024-05-03 08:14:54,UPI,Paid,TPPAYQYBH9JNZ8T,60333.0,0.0,INR
2015,2015,2025-05-14 16:56:11,Credit Card,Paid,TPPAYU9NHZUBZBB,40144.0,0.0,INR
2016,2016,2026-08-25 21:11:04,UPI,Pending,TPPAYCF9EQRGS61,0.0,0.0,INR
2017,2017,2026-09-02 17:02:11,Credit Card,Paid,TPPAYOM189YGQ9O,22363.2,0.0,INR
2018,2018,2024-04-01 00:13:27,UPI,Paid,TPPAYGRJVHFVYJT,28767.0,0.0,INR
2019,2019,2026-07-03 03:35:25,UPI,Paid,TPPAYDGYMLRIZMV,103852.0,0.0,INR
2020,2020,2025-12-17 16:52:24,Debit Card,Paid,TPPAYEVWTJMXFZF,87690.0,0.0,INR
2021,2021,2025-07-04 19:11:43,Net Banking,Paid,TPPAYJEIZCZXR0X,53257.95,0.0,INR
2022,2022,2026-09-06 01:09:08,UPI,Pending,TPPAYX4JNE38BBV,0.0,0.0,INR
2023,2023,2026-04-13 10:24:25,Net Banking,Paid,TPPAYR26ETJHYG1,36483.0,0.0,INR
2024,2024,2026-07-16 22:19:30,Debit Card,Paid,TPPAY08LKFNE7V8,17219.7,0.0,INR
2025,2025,2025-08-21 05:09:43,UPI,Paid,TPPAYT6DOHCLV30,18707.4,0.0,INR
2026,2026,2024-03-01 12:29:33,Net Banking,Paid,TPPAY2FDM6Q2GNH,28458.0,0.0,INR
2027,2027,2024-03-01 07:36:37,Debit Card,Paid,TPPAYQT42G5JLFA,16080.0,0.0,INR
2028,2028,2026-08-27 23:44:55,Credit Card,Paid,TPPAYE4OAXX56D2,16906.0,0.0,INR
2029,2029,2024-12-01 18:45:05,Credit Card,Paid,TPPAYNCIOQR9EJ0,85941.8,0.0,INR
2030,2030,2026-07-09 17:12:41,Credit Card,Refunded,TPPAY66HZJOSBZ3,66190.35,66190.35,INR
2031,2031,2024-12-10 20:39:15,UPI,Paid,TPPAYTQZUTD2QAA,93364.0,0.0,INR
2032,2032,2026-06-23 05:49:29,UPI,Paid,TPPAY2YPOG3IEAV,21852.0,0.0,INR
2033,2033,2026-08-24 07:29:02,Debit Card,Paid,TPPAY1385ZEI5J6,60805.0,0.0,INR
2034,2034,2025-01-26 18:39:28,Debit Card,Paid,TPPAYPD11PCA31Q,66126.6,0.0,INR
2035,2035,2026-06-16 16:28:37,Net Banking,Paid,TPPAYJONGMFJPOH,35076.0,0.0,INR
2036,2036,2026-07-11 18:36:08,UPI,Paid,TPPAYNSDGM20P0U,13069.0,0.0,INR
2037,2037,2026-06-27 07:18:25,Credit Card,Paid,TPPAY08OMVLB9F3,83645.0,0.0,INR
2038,2038,2026-07-05 15:09:12,Credit Card,Paid,TPPAYWYYMUGQBLS,66298.0,0.0,INR
2039,2039,2024-02-21 06:35:58,Debit Card,Paid,TPPAYI3MZJPKQEC,34722.5,0.0,INR
2040,2040,2026-07-27 09:45:17,Debit Card,Paid,TPPAYWZTHFCZ46S,28176.65,0.0,INR
2041,2041,2026-07-29 19:57:49,UPI,Paid,TPPAY7VSUD00PTX,18687.0,0.0,INR
2042,2042,2026-07-22 22:18:20,UPI,Paid,TPPAYTZW62OIP6G,7607.7,0.0,INR
2043,2043,2024-12-11 15:06:21,Net Banking,Paid,TPPAYCMZBTT7Q4F,77434.0,0.0,INR
2044,2044,2024-12-20 05:21:43,UPI,Paid,TPPAYNIVKV0TM92,85002.0,0.0,INR
2045,2045,2026-06-09 19:09:26,Debit Card,Paid,TPPAYYEVJ8CX7SK,60660.0,0.0,INR
2046,2046,2026-08-31 01:14:35,Credit Card,Paid,TPPAYTUN1XX292J,33952.0,0.0,INR
2047,2047,2026-02-09 06:37:32,Credit Card,Paid,TPPAYSFLHF7S4TU,29830.95,0.0,INR
2048,2048,2024-01-21 18:32:10,Wallet,Paid,TPPAY2DDC0DEQDT,18126.0,0.0,INR
2049,2049,2026-06-19 07:55:56,UPI,Refunded,TPPAYHB5XI71CH6,9063.0,9063.0,INR
2050,2050,2026-08-08 05:03:19,Net Banking,Pending,TPPAYE59XMVFLTI,0.0,0.0,INR
2051,2051,2024-02-12 00:04:37,Credit Card,Paid,TPPAYAIHF34725L,24091.05,0.0,INR
2052,2052,2026-04-10 17:10:10,UPI,Paid,TPPAYKP89M5NVCJ,33809.0,0.0,INR
2053,2053,2024-12-18 11:43:08,UPI,Paid,TPPAYB9AGWFNN8O,27276.4,0.0,INR
2054,2054,2024-04-22 17:19:40,UPI,Paid,TPPAY087WEJGXTZ,13158.0,0.0,INR
2055,2055,2024-08-04 08:21:22,Net Banking,Paid,TPPAYTGHQWMSWCN,28065.0,0.0,INR
2056,2056,2026-06-18 21:46:59,UPI,Paid,TPPAYWPQOWM5WN2,130620.0,0.0,INR
2057,2057,2024-01-12 09:50:29,UPI,Paid,TPPAYR6BP24E7TA,26389.95,0.0,INR
2058,2058,2026-08-30 03:57:34,UPI,Paid,TPPAYGJ1DTIS802,62292.0,0.0,INR
2059,2059,2024-05-12 14:08:43,Credit Card,Paid,TPPAYEJRU3DLBI2,78128.0,0.0,INR
2060,2060,2026-08-27 15:39:13,UPI,Paid,TPPAYY8XWDCKDR9,41909.25,0.0,INR
2061,2061,2026-06-12 18:38:09,Credit Card,Paid,TPPAYEAGXUK2202,51745.0,0.0,INR
2062,2062,2024-08-24 23:45:19,Debit Card,Paid,TPPAYJM3BOCG5PD,46148.0,0.0,INR
2063,2063,2025-11-04 18:28:13,UPI,Paid,TPPAY9WJG4MUIMK,20698.0,0.0,INR
2064,2064,2026-09-05 03:06:35,UPI,Paid,TPPAYOWRFHMMSIB,130212.0,0.0,INR
2065,2065,2024-11-03 06:45:28,Net Banking,Paid,TPPAYZ8FMGKHWYQ,77203.8,0.0,INR
2066,2066,2026-08-16 17:32:16,Debit Card,Paid,TPPAYOX9HS8DXTA,22378.0,0.0,INR
2067,2067,2025-02-04 20:54:50,Net Banking,Paid,TPPAYCWIFF4RJQP,90828.0,0.0,INR
2068,2068,2024-03-11 14:17:32,Credit Card,Paid,TPPAY432SAW01M4,130620.0,0.0,INR
2069,2069,2026-06-29 23:09:16,Debit Card,Paid,TPPAYHQF6AMKSBG,42972.0,0.0,INR
2070,2070,2026-07-31 02:23:13,Credit Card,Paid,TPPAYXISO8JV1M1,35348.0,0.0,INR
2071,2071,2025-12-18 04:20:54,UPI,Paid,TPPAYPPAU08V4E8,56061.0,0.0,INR
2072,2072,2026-07-10 18:27:13,UPI,Paid,TPPAY03UZ4AWPK1,12424.0,0.0,INR
2073,2073,2026-07-11 13:04:05,UPI,Paid,TPPAYAMVAI4ABEA,152812.0,0.0,INR
2074,2074,2025-07-02 22:36:45,UPI,Refunded,TPPAYH9ZX0XM1U3,67933.8,67933.8,INR
2075,2075,2026-07-15 08:43:27,Net Banking,Paid,TPPAYZ2IA8LTNLH,155010.0,0.0,INR
2076,2076,2024-02-24 16:42:02,Debit Card,Paid,TPPAYQJ2S012OG3,64772.0,0.0,INR
2077,2077,2026-08-03 07:56:00,UPI,Pending,TPPAYTMF7DP69ZA,0.0,0.0,INR
2078,2078,2026-08-31 01:15:51,Credit Card,Paid,TPPAY302UNDZJ7I,44520.8,0.0,INR
2079,2079,2026-07-16 18:13:24,Credit Card,Refunded,TPPAY9NPOYP7ZD4,37246.65,37246.65,INR
2080,2080,2026-08-29 12:30:42,UPI,Paid,TPPAYRJFCKV00V7,121686.0,0.0,INR
2081,2081,2023-09-13 11:31:14,UPI,Paid,TPPAY40E310Z222,40200.0,0.0,INR
2082,2082,2026-07-03 10:44:49,Credit Card,Paid,TPPAYDPH2UXQB5O,33812.0,0.0,INR
2083,2083,2026-08-25 21:51:26,UPI,Paid,TPPAY1CM5VF73NY,67836.0,0.0,INR
2084,2084,2024-04-16 15:57:21,Net Banking,Paid,TPPAYWF5R0XHEBX,77889.0,0.0,INR
2085,2085,2026-08-31 01:57:04,UPI,Paid,TPPAYL1A07WO5NP,102897.0,0.0,INR
2086,2086,2026-03-02 15:40:28,Credit Card,Paid,TPPAY74QC4D8UR3,35559.0,0.0,INR
2087,2087,2023-12-27 20:11:10,UPI,Paid,TPPAYM42HUPOPUU,17807.4,0.0,INR
2088,2088,2026-08-16 22:36:23,Credit Card,Refunded,TPPAYUEVEPGO0UW,35148.0,35148.0,INR
2089,2089,2025-01-31 12:56:01,UPI,Paid,TPPAYS3Z9YVAKX5,18944.0,0.0,INR
2090,2090,2023-10-18 00:35:44,UPI,Paid,TPPAYLSEWL3M81A,140046.0,0.0,INR
2091,2091,2026-06-23 22:16:04,Debit Card,Pending,TPPAYKAIWWN3FL8,0.0,0.0,INR
2092,2092,2024-03-30 12:39:23,UPI,Paid,TPPAY208Z47EKGG,55340.1,0.0,INR
2093,2093,2024-08-05 10:26:58,UPI,Paid,TPPAYRR69JNFOFH,155010.0,0.0,INR
2094,2094,2024-06-24 17:19:42,UPI,Paid,TPPAYHCM48G9624,19692.0,0.0,INR
2095,2095,2023-11-05 15:54:15,UPI,Paid,TPPAY8JIQH56D4S,87690.0,0.0,INR
2096,2096,2026-08-26 05:45:19,Debit Card,Paid,TPPAYR4STU83XDE,17704.2,0.0,INR
2097,2097,2026-08-08 19:22:56,Debit Card,Refunded,TPPAY5HADPTEXXU,18072.0,18072.0,INR
2098,2098,2025-02-10 10:56:36,UPI,Paid,TPPAYMEZS8MOZXD,70980.0,0.0,INR
2099,2099,2024-10-08 13:08:18,UPI,Paid,TPPAYOMBULD3YVN,92560.0,0.0,INR
2100,2100,2024-05-21 18:55:27,UPI,Refunded,TPPAY6WB0SLB99U,51926.0,51926.0,INR
2101,2101,2026-07-04 05:16:05,Credit Card,Refunded,TPPAY4MYMOZK7NR,23074.0,23074.0,INR
2102,2102,2026-07-18 04:17:06,UPI,Pending,TPPAYVBOPUHOVJ3,0.0,0.0,INR
2103,2103,2024-06-09 18:58:49,UPI,Paid,TPPAYXRP53QKVBE,42720.0,0.0,INR
2104,2104,2026-06-23 14:36:56,Debit Card,Paid,TPPAYPDY3868TK2,27622.2,0.0,INR
2105,2105,2025-08-08 11:36:33,UPI,Paid,TPPAY2EZD8QA12G,24084.0,0.0,INR
2106,2106,2026-08-26 07:12:21,Debit Card,Paid,TPPAY2TZMBCVA2F,19380.6,0.0,INR
2107,2107,2026-08-22 15:12:16,UPI,Refunded,TPPAYVF14CEQPFC,37420.0,37420.0,INR
2108,2108,2026-08-16 12:43:34,Net Banking,Refunded,TPPAYDG0CMLKIXV,35890.0,35890.0,INR
2109,2109,2025-08-28 15:03:10,Net Banking,Paid,TPPAYKTDFFQGD30,114330.0,0.0,INR
2110,2110,2026-08-28 10:14:33,Credit Card,Paid,TPPAYHM7HP1M1QH,138840.0,0.0,INR
2111,2111,2024-05-23 17:54:57,UPI,Paid,TPPAY6TJ3GQVVUO,33812.0,0.0,INR
2112,2112,2024-04-04 11:14:27,Credit Card,Paid,TPPAYR651H6YEXA,31047.0,0.0,INR
2113,2113,2026-08-19 01:50:23,Debit Card,Paid,TPPAYUS5E3YD49Y,114609.0,0.0,INR
2114,2114,2026-01-16 23:04:13,Credit Card,Refunded,TPPAY93ZK61KY22,38715.0,38715.0,INR
2115,2115,2026-07-13 22:37:03,UPI,Refunded,TPPAYATWOM51UXP,48579.0,48579.0,INR
2116,2116,2026-08-24 17:54:56,Wallet,Paid,TPPAYZ4I2HF07KE,22378.0,0.0,INR
2117,2117,2026-04-12 02:34:48,UPI,Paid,TPPAYW0XV5KB90J,86226.0,0.0,INR
2118,2118,2026-07-30 16:00:27,UPI,Paid,TPPAYEXXIDHJ0MN,102887.4,0.0,INR
2119,2119,2026-06-12 07:23:55,Debit Card,Paid,TPPAYNBTKD5UOKY,24060.0,0.0,INR
2120,2120,2026-08-10 11:38:29,UPI,Paid,TPPAYX44EGMQCXC,84795.0,0.0,INR
2121,2121,2023-12-02 17:18:37,UPI,Paid,TPPAYF7V5CTXWOA,12424.0,0.0,INR
2122,2122,2025-04-21 18:33:38,Net Banking,Refunded,TPPAYIWJSPDWHWY,33567.0,33567.0,INR
2123,2123,2025-09-02 09:43:41,Debit Card,Paid,TPPAYH9SWF3TAS1,30075.0,0.0,INR
2124,2124,2026-08-01 19:41:25,Debit Card,Paid,TPPAYVAU9S5UZNP,36144.0,0.0,INR
2125,2125,2026-04-10 11:22:50,Wallet,Paid,TPPAYX9P2IOYNMZ,39384.0,0.0,INR
2126,2126,2026-01-22 18:24:27,Credit Card,Paid,TPPAY7Z40D9OWVB,18687.0,0.0,INR
2127,2127,2026-07-28 23:10:28,Credit Card,Paid,TPPAYMXQGQ8H68H,47412.0,0.0,INR
2128,2128,2024-12-06 11:34:50,UPI,Paid,TPPAY9KW3Z9NAS7,42720.0,0.0,INR
2129,2129,2025-08-31 16:47:55,UPI,Paid,TPPAY1Q4UYDI5GN,29147.4,0.0,INR
2130,2130,2026-01-03 12:57:26,UPI,Paid,TPPAYI0MEQFK2RQ,60552.0,0.0,INR
2131,2131,2026-04-30 04:02:52,UPI,Paid,TPPAYR9EE1E9HSU,65433.0,0.0,INR
2132,2132,2026-07-20 19:57:31,UPI,Paid,TPPAYHBZ3LFBMY3,37374.0,0.0,INR
2133,2133,2026-07-03 17:05:30,UPI,Pending,TPPAY8Z7JT0OFPB,0.0,0.0,INR
2134,2134,2026-06-26 15:21:57,UPI,Paid,TPPAYNL0IRBR38O,42972.0,0.0,INR
2135,2135,2025-09-08 10:36:49,Credit Card,Paid,TPPAYHQH65982W7,11853.0,0.0,INR
2136,2136,2026-07-03 02:54:03,UPI,Paid,TPPAYO6SOFUC3LC,57245.1,0.0,INR
2137,2137,2023-10-02 01:47:25,UPI,Paid,TPPAY8DBZ7TK3LI,10774.0,0.0,INR
2138,2138,2024-06-16 02:46:18,Credit Card,Paid,TPPAYMT3NCCNDXZ,38280.0,0.0,INR
2139,2139,2026-08-03 22:21:22,Debit Card,Pending,TPPAY6SFWHM8CQJ,0.0,0.0,INR
2140,2140,2026-08-29 06:20:00,UPI,Paid,TPPAYX9XTIFD3WU,57165.0,0.0,INR
2141,2141,2025-04-13 10:49:23,UPI,Paid,TPPAYBQU3PFZN6W,25359.0,0.0,INR
2142,2142,2026-07-12 15:05:05,Credit Card,Paid,TPPAYKHDHTADRL5,52227.0,0.0,INR
2143,2143,2026-07-27 04:31:59,Debit Card,Paid,TPPAYO6GADWA793,21811.0,0.0,INR
2144,2144,2026-07-15 05:24:18,Debit Card,Paid,TPPAYTVGRRPKLAR,31139.1,0.0,INR
2145,2145,2026-06-28 22:28:53,UPI,Refunded,TPPAYG7MISGKRCA,35148.0,35148.0,INR
2146,2146,2026-07-30 20:31:23,Credit Card,Paid,TPPAY0W2T1A6SDD,24333.0,0.0,INR
2147,2147,2026-07-02 09:17:29,UPI,Paid,TPPAYERYVB2DCTO,34818.0,0.0,INR
2148,2148,2026-09-02 07:09:41,Net Banking,Paid,TPPAY1TXJNQVX5N,114609.0,0.0,INR
2149,2149,2026-06-11 18:26:11,Debit Card,Paid,TPPAYQB6BMMXNDM,44468.0,0.0,INR
2150,2150,2026-02-22 06:51:51,Credit Card,Refunded,TPPAYKFSCQF9DBI,77603.4,77603.4,INR
2151,2151,2026-06-15 12:48:02,UPI,Paid,TPPAYN1STLUR01D,35559.0,0.0,INR
2152,2152,2026-08-04 22:17:33,UPI,Paid,TPPAYARCGL5CD4L,33232.0,0.0,INR
2153,2153,2026-06-26 15:05:08,Credit Card,Paid,TPPAYGR9PYYVXHW,46819.8,0.0,INR
2154,2154,2026-07-05 22:10:25,Credit Card,Paid,TPPAYZIKUL3FD4P,83419.2,0.0,INR
2155,2155,2026-08-25 04:35:26,Credit Card,Paid,TPPAY4FRC9YZ55Q,64772.0,0.0,INR
2156,2156,2024-11-11 16:43:05,UPI,Paid,TPPAYI39IH4QK9R,113223.0,0.0,INR
2157,2157,2023-11-10 15:28:31,Debit Card,Paid,TPPAYDT54KFEOJ8,162248.0,0.0,INR
2158,2158,2026-08-05 04:35:29,Debit Card,Paid,TPPAYOFO4NJNEK9,151662.0,0.0,INR
2159,2159,2026-07-28 03:26:34,Credit Card,Refunded,TPPAYYC6I6BD7C3,87690.0,87690.0,INR
2160,2160,2024-01-27 01:47:26,UPI,Paid,TPPAYHQ7JWEQOWZ,26222.4,0.0,INR
2161,2161,2023-12-06 11:12:24,UPI,Paid,TPPAYG1ERV8SNRH,19786.0,0.0,INR
2162,2162,2026-08-24 17:01:04,UPI,Paid,TPPAYI6G4BOQ92R,23706.0,0.0,INR
2163,2163,2026-07-02 15:28:46,Credit Card,Paid,TPPAYI8BCXSM39J,73994.55,0.0,INR
2164,2164,2026-07-16 19:10:06,Credit Card,Paid,TPPAYVLB7J8530Z,78128.0,0.0,INR
2165,2165,2026-07-19 22:16:35,UPI,Refunded,TPPAYUKPFBF2IXD,92097.0,92097.0,INR
2166,2166,2026-02-13 23:57:12,UPI,Paid,TPPAYV5V17P1JS4,46424.0,0.0,INR
2167,2167,2025-05-23 10:15:58,UPI,Refunded,TPPAYMUJLUIGBKZ,20720.45,20720.45,INR
2168,2168,2026-07-13 16:46:06,UPI,Paid,TPPAYS5AJMFB1VI,22918.4,0.0,INR
2169,2169,2025-07-01 19:31:31,Debit Card,Paid,TPPAYCHO7JLX3YS,48701.6,0.0,INR
2170,2170,2026-06-30 09:08:16,UPI,Paid,TPPAYIC9HFD1D61,14356.0,0.0,INR
2171,2171,2025-07-05 22:24:25,Credit Card,Paid,TPPAYQII4KVDK3J,32322.0,0.0,INR
2172,2172,2024-04-16 18:44:31,Credit Card,Refunded,TPPAY332FI5J6JY,147753.5,147753.5,INR
2173,2173,2025-11-09 10:03:56,Debit Card,Paid,TPPAYFTB864MUS9,33648.0,0.0,INR
2174,2174,2026-07-23 22:58:58,UPI,Paid,TPPAYILFOVI1DZI,31488.25,0.0,INR
2175,2175,2026-07-22 00:47:36,Debit Card,Refunded,TPPAY80FM01UYTH,94229.55,94229.55,INR
2176,2176,2026-06-20 00:15:57,UPI,Paid,TPPAYCIC0C0THYH,115700.0,0.0,INR
2177,2177,2026-08-06 10:45:31,Net Banking,Paid,TPPAYL67N1C4ZTS,20088.0,0.0,INR
2178,2178,2024-06-03 22:56:03,Debit Card,Paid,TPPAYO9O29AZFVR,16839.0,0.0,INR
2179,2179,2026-08-12 07:49:27,UPI,Paid,TPPAY19QV6I6IJ8,61605.0,0.0,INR
2180,2180,2026-07-07 10:47:04,Credit Card,Paid,TPPAY37S2T6FENM,32961.0,0.0,INR
2181,2181,2026-07-14 22:52:44,UPI,Paid,TPPAYO9AKF1X9QU,132200.5,0.0,INR
2182,2182,2026-08-13 13:16:14,Net Banking,Paid,TPPAYUX13E9LEWV,154868.0,0.0,INR
2183,2183,2026-08-09 06:17:35,Net Banking,Paid,TPPAYKKHKYGEDHY,110343.45,0.0,INR
2184,2184,2026-07-06 00:18:55,Credit Card,Paid,TPPAY6XIIFWSXGP,16906.0,0.0,INR
2185,2185,2026-07-20 12:47:12,UPI,Refunded,TPPAY0Q3EFB9OB2,162620.0,162620.0,INR
2186,2186,2023-11-17 02:35:23,UPI,Paid,TPPAYDUSSYO1R46,60552.0,0.0,INR
2187,2187,2026-07-05 06:34:11,UPI,Paid,TPPAY2LDKT1LZW1,122716.25,0.0,INR
2188,2188,2026-08-17 20:59:39,Debit Card,Pending,TPPAYF6REOCLGVD,0.0,0.0,INR
2189,2189,2025-08-29 15:29:37,UPI,Paid,TPPAYZWSRZR3E9W,131758.5,0.0,INR
2190,2190,2023-12-16 04:49:37,Net Banking,Paid,TPPAYZY7C86H8D9,54232.2,0.0,INR
2191,2191,2024-03-06 06:22:47,Debit Card,Refunded,TPPAYCQ4P15FW72,43704.0,43704.0,INR
2192,2192,2026-08-01 06:06:29,Debit Card,Pending,TPPAYT9V94ZOXHP,0.0,0.0,INR
2193,2193,2025-07-30 11:34:11,Net Banking,Paid,TPPAYVPREZT6DCG,28767.0,0.0,INR
2194,2194,2026-07-23 16:57:31,Net Banking,Paid,TPPAYEGJVRMU37G,21811.0,0.0,INR
2195,2195,2026-08-04 13:56:08,Credit Card,Paid,TPPAY9BCZ7CVQ13,108850.0,0.0,INR
2196,2196,2026-06-21 14:00:09,UPI,Refunded,TPPAYB297199NS9,29679.0,29679.0,INR
2197,2197,2025-06-04 04:51:48,UPI,Paid,TPPAY72NZ94KHD0,61432.0,0.0,INR
2198,2198,2026-06-26 06:21:40,Debit Card,Paid,TPPAYG6I6VZMM1E,103828.0,0.0,INR
2199,2199,2026-04-14 17:21:33,Debit Card,Paid,TPPAYWYOEAIN4YF,8030.35,0.0,INR
2200,2200,2026-08-14 09:57:36,UPI,Paid,TPPAY4564M0GGXG,36252.0,0.0,INR
2201,2201,2026-06-13 14:33:10,Debit Card,Paid,TPPAYSQNSOMEQDC,31570.4,0.0,INR
2202,2202,2026-08-09 02:38:08,Wallet,Refunded,TPPAYRFKGBX0JR1,27215.6,27215.6,INR
2203,2203,2025-01-25 19:54:45,UPI,Paid,TPPAYGKNBI57N8V,84091.5,0.0,INR
2204,2204,2026-08-09 05:02:45,UPI,Pending,TPPAY3U6JB5T2I9,0.0,0.0,INR
2205,2205,2026-08-22 01:22:03,Debit Card,Paid,TPPAYMGAOQO558O,35559.0,0.0,INR
2206,2206,2026-06-30 11:49:18,Debit Card,Paid,TPPAYWW7N28KO6C,7185.05,0.0,INR
2207,2207,2025-10-08 12:52:35,Debit Card,Refunded,TPPAYXAJQHXUDTO,29679.0,29679.0,INR
2208,2208,2026-06-25 10:54:54,Net Banking,Paid,TPPAYE27ZWJ8W7U,19692.0,0.0,INR
2209,2209,2026-07-29 00:38:12,Credit Card,Refunded,TPPAYGJ7MSZHRQ6,32778.0,32778.0,INR
2210,2210,2025-06-07 23:32:35,Credit Card,Paid,TPPAYBN8QXW2X18,37374.0,0.0,INR
2211,2211,2026-08-06 00:51:41,UPI,Paid,TPPAYDVHOIVUBT1,60886.0,0.0,INR
2212,2212,2026-07-06 12:01:19,Credit Card,Paid,TPPAYPEKHW2TP1J,10987.0,0.0,INR
2213,2213,2026-07-08 19:40:37,UPI,Paid,TPPAYVA4LCSY3X7,19251.0,0.0,INR
2214,2214,2024-01-26 16:38:17,UPI,Paid,TPPAY6EDNWYD5UY,59177.4,0.0,INR
2215,2215,2026-01-01 08:27:59,Debit Card,Paid,TPPAYTU2TJ4SJUB,31558.05,0.0,INR
2216,2216,2025-06-25 01:14:44,UPI,Paid,TPPAY6KPJ53CV5S,49828.5,0.0,INR
2217,2217,2024-02-15 16:08:52,UPI,Paid,TPPAYRN8HEOZIOK,20875.3,0.0,INR
2218,2218,2026-06-20 23:21:35,Credit Card,Paid,TPPAYDJD0Q0S0BS,37491.2,0.0,INR
2219,2219,2026-09-04 20:49:01,Net Banking,Paid,TPPAY465VSYMQU6,13788.7,0.0,INR
2220,2220,2024-03-05 11:12:41,UPI,Paid,TPPAY2STAQTITGE,37420.0,0.0,INR
2221,2221,2026-05-05 21:35:11,UPI,Paid,TPPAYI5CIGK3O28,76220.0,0.0,INR
2222,2222,2025-06-28 22:51:17,Credit Card,Paid,TPPAY1UV4U4EEOJ,22823.1,0.0,INR
2223,2223,2023-10-20 14:31:44,Credit Card,Paid,TPPAYDYBK513NAG,73977.45,0.0,INR
2224,2224,2026-09-02 23:21:03,UPI,Paid,TPPAYNZ8R5MPIVD,20934.0,0.0,INR
2225,2225,2026-05-01 23:38:14,Credit Card,Paid,TPPAYVZGUZW91FW,130572.0,0.0,INR
2226,2226,2026-03-08 17:51:22,Debit Card,Paid,TPPAYEX2KS30EFE,60552.0,0.0,INR
2227,2227,2026-09-02 17:06:33,Credit Card,Paid,TPPAY2FKPMFTH93,60660.0,0.0,INR
2228,2228,2025-07-13 20:48:11,Net Banking,Refunded,TPPAYQ8G9RSM17I,23432.0,23432.0,INR
2229,2229,2026-08-01 07:28:46,Debit Card,Paid,TPPAYR0D16XQAU7,80344.0,0.0,INR
2230,2230,2026-08-05 21:08:22,Credit Card,Refunded,TPPAYEE00J11GO7,52364.25,52364.25,INR
2231,2231,2026-07-31 06:31:22,Debit Card,Paid,TPPAY02O3DETGR2,24099.0,0.0,INR
2232,2232,2025-06-06 08:37:42,UPI,Paid,TPPAYQ6HY3C58ZI,110680.2,0.0,INR
2233,2233,2025-03-26 02:18:56,Credit Card,Paid,TPPAYRT0FDZHFET,21974.0,0.0,INR
2234,2234,2026-07-06 19:46:54,Net Banking,Paid,TPPAYBMKR8YBJB6,36252.0,0.0,INR
2235,2235,2026-08-18 18:35:20,Debit Card,Paid,TPPAY55EZL44DHK,39207.0,0.0,INR
2236,2236,2026-07-22 13:42:22,Credit Card,Paid,TPPAYA2YQ822AX8,29089.8,0.0,INR
2237,2237,2025-12-15 21:37:19,Credit Card,Paid,TPPAYOE73A5SIM0,103369.5,0.0,INR
2238,2238,2026-04-22 02:55:09,Debit Card,Paid,TPPAYLQ4YT9PSKB,40165.0,0.0,INR
2239,2239,2026-01-26 12:20:12,Net Banking,Paid,TPPAYR86FTJ5FJP,35292.0,0.0,INR
2240,2240,2025-10-28 06:04:00,Net Banking,Paid,TPPAYTY4YIUNSE7,43840.6,0.0,INR
2241,2241,2026-08-23 01:28:16,Credit Card,Paid,TPPAYTGVGJR70H6,14818.0,0.0,INR
2242,2242,2026-06-22 19:31:00,UPI,Paid,TPPAYF4FLWS2SCX,24848.0,0.0,INR
2243,2243,2026-07-06 06:28:09,Credit Card,Pending,TPPAY6FJDP7L8CZ,0.0,0.0,INR
2244,2244,2025-02-28 20:43:52,UPI,Paid,TPPAY1ZA3QNPWMD,14500.8,0.0,INR
2245,2245,2026-05-29 07:43:18,Credit Card,Paid,TPPAYIB52LSENWD,87244.0,0.0,INR
2246,2246,2026-06-11 00:11:21,Debit Card,Paid,TPPAYHP30J50K5Y,25422.0,0.0,INR
2247,2247,2025-08-23 19:15:59,Credit Card,Paid,TPPAYS5L7YYGZWS,65433.0,0.0,INR
2248,2248,2026-07-30 13:32:53,Credit Card,Paid,TPPAYFY7ZFRHN5X,25190.6,0.0,INR
2249,2249,2026-06-18 08:38:31,Net Banking,Paid,TPPAYBA36HV5Z53,130620.0,0.0,INR
2250,2250,2025-05-18 18:01:02,Credit Card,Paid,TPPAYA3SDX3FAVT,16661.1,0.0,INR
2251,2251,2026-06-12 22:19:59,UPI,Paid,TPPAYYWYVFXUBRW,26511.0,0.0,INR
2252,2252,2026-08-24 22:31:18,UPI,Paid,TPPAY5DBFIPZ7N4,34722.5,0.0,INR
2253,2253,2024-01-02 09:21:27,UPI,Paid,TPPAYD7GQX3HW1X,146420.0,0.0,INR
2254,2254,2026-07-08 11:48:01,UPI,Paid,TPPAYL6SVY1X6GA,22221.0,0.0,INR
2255,2255,2024-04-05 17:00:23,Wallet,Paid,TPPAY89SD4QLMAX,37045.0,0.0,INR
2256,2256,2026-07-04 21:17:08,Debit Card,Pending,TPPAY51ET41WS33,0.0,0.0,INR
2257,2257,2026-03-31 08:19:43,Debit Card,Pending,TPPAYVYIOBVPHS2,70597.6,0.0,INR
2258,2258,2023-12-01 09:53:55,UPI,Paid,TPPAYW8DSL3VEKO,67431.0,0.0,INR
2259,2259,2024-03-01 23:42:00,Credit Card,Paid,TPPAYLUTGCHECQG,109815.0,0.0,INR
2260,2260,2025-02-10 01:20:31,Credit Card,Paid,TPPAYCZ7MRBQ0C3,24099.0,0.0,INR
2261,2261,2026-06-18 11:59:00,Credit Card,Pending,TPPAYQ4YK47QJZB,0.0,0.0,INR
2262,2262,2025-08-26 08:24:09,UPI,Paid,TPPAYW9EMGO31J6,43704.0,0.0,INR
2263,2263,2026-08-01 19:42:30,UPI,Paid,TPPAYG1XPG23GCF,43150.5,0.0,INR
2264,2264,2026-07-21 02:34:52,UPI,Pending,TPPAYYAYMJCDXOE,0.0,0.0,INR
2265,2265,2026-06-12 15:13:08,Debit Card,Paid,TPPAYRDB4PIXTGX,155530.0,0.0,INR
2266,2266,2026-08-16 03:20:43,Net Banking,Paid,TPPAY323MR5R2I6,25908.0,0.0,INR
2267,2267,2026-08-11 17:12:37,Credit Card,Paid,TPPAY4TIYKXYQTX,37374.0,0.0,INR
2268,2268,2026-08-28 05:54:58,Credit Card,Paid,TPPAYUG500ESIO6,18687.0,0.0,INR
2269,2269,2023-12-28 22:01:48,UPI,Paid,TPPAY9E4K0MC3YX,73474.0,0.0,INR
2270,2270,2024-09-01 08:51:21,UPI,Paid,TPPAYSIH4EH45A0,40823.4,0.0,INR
2271,2271,2026-07-22 19:49:00,Credit Card,Pending,TPPAYBZ8JBL6F2V,0.0,0.0,INR
2272,2272,2024-03-28 12:02:22,UPI,Paid,TPPAYFTKEY90JMG,38280.0,0.0,INR
2273,2273,2026-07-27 02:27:09,Credit Card,Paid,TPPAYHIHTCSC9XZ,104130.0,0.0,INR
2274,2274,2024-01-26 18:59:37,UPI,Paid,TPPAYLJYHBGWV9Y,42972.0,0.0,INR
2275,2275,2026-06-24 19:11:05,Debit Card,Refunded,TPPAYBCCX4J2T66,24848.0,24848.0,INR
2276,2276,2026-08-16 19:16:05,UPI,Paid,TPPAY1BU59WM8S1,27189.0,0.0,INR
2277,2277,2023-11-23 17:43:23,UPI,Paid,TPPAYEY4EHQC7FY,8419.5,0.0,INR
2278,2278,2025-03-18 18:16:51,Credit Card,Paid,TPPAYUHVUDURQN6,15262.7,0.0,INR
2279,2279,2025-06-23 00:39:42,Credit Card,Paid,TPPAYLXCCEU5CJ0,31491.55,0.0,INR
2280,2280,2026-06-22 11:08:21,UPI,Paid,TPPAYHSZ5XGPEQ2,47880.0,0.0,INR
2281,2281,2026-06-11 00:00:58,UPI,Paid,TPPAYU8WG3Z12B8,38304.0,0.0,INR
2282,2282,2026-07-17 13:32:28,UPI,Paid,TPPAYJ22S5CL0OE,17565.3,0.0,INR
2283,2283,2024-10-15 01:48:39,UPI,Paid,TPPAYH0YUBN6ZLZ,20934.0,0.0,INR
2284,2284,2025-03-01 12:18:06,UPI,Paid,TPPAYXSL8EN2XF7,120516.0,0.0,INR
2285,2285,2024-09-17 02:12:02,Debit Card,Paid,TPPAYQY9M5N6CHI,108878.55,0.0,INR
2286,2286,2025-04-04 16:18:44,Debit Card,Paid,TPPAYZ6V32AOPJV,9472.0,0.0,INR
2287,2287,2026-06-14 20:38:20,UPI,Paid,TPPAYQ4LE2E28BC,35148.0,0.0,INR
2288,2288,2024-07-20 03:16:05,UPI,Paid,TPPAY7CA2DR2G7Q,28146.6,0.0,INR
2289,2289,2025-10-26 15:10:56,Credit Card,Paid,TPPAY9VZPRI7X2S,23105.9,0.0,INR
2290,2290,2026-07-20 06:11:02,UPI,Pending,TPPAY2U4FNXV8XT,0.0,0.0,INR
2291,2291,2026-08-07 23:45:18,Credit Card,Paid,TPPAYOH8NDHJTCL,36148.5,0.0,INR
2292,2292,2026-08-03 01:55:46,Net Banking,Paid,TPPAYMY4PQZMWUH,33450.0,0.0,INR
2293,2293,2025-12-18 05:40:36,Debit Card,Paid,TPPAYE15ZS1KYZR,51816.0,0.0,INR
2294,2294,2026-08-15 16:46:24,Net Banking,Paid,TPPAYMM1J9QXUOD,25810.0,0.0,INR
2295,2295,2024-01-21 11:46:37,Credit Card,Paid,TPPAY5FTM1Q0PJG,34099.2,0.0,INR
2296,2296,2025-09-04 11:12:21,UPI,Paid,TPPAYMTBHW0WAIP,25632.0,0.0,INR
2297,2297,2026-07-31 20:31:22,Debit Card,Paid,TPPAYODQR2L3FSE,30886.0,0.0,INR
2298,2298,2026-06-18 16:41:48,Credit Card,Pending,TPPAYWOS7MSDZ56,0.0,0.0,INR
2299,2299,2026-02-18 01:38:05,Net Banking,Paid,TPPAYX3GMB307MB,27215.6,0.0,INR
2300,2300,2024-06-29 17:55:35,UPI,Paid,TPPAYJ8M8AX6XIH,32444.0,0.0,INR
2301,2301,2026-06-20 22:32:30,Debit Card,Paid,TPPAYL5TIDEB1NY,40584.0,0.0,INR
2302,2302,2026-07-16 08:33:59,Debit Card,Paid,TPPAYCETCPTASYX,46424.0,0.0,INR
2303,2303,2023-09-20 09:07:34,UPI,Paid,TPPAYJM1AHACI1H,19786.0,0.0,INR
2304,2304,2026-06-01 16:08:10,Credit Card,Paid,TPPAY0W7J6U8QWP,60886.0,0.0,INR
2305,2305,2026-06-15 03:15:57,Credit Card,Paid,TPPAYF00T0TU85L,81124.0,0.0,INR
2306,2306,2026-06-17 20:18:48,UPI,Paid,TPPAYOAYPNTZG90,10987.0,0.0,INR
2307,2307,2025-07-24 20:52:52,Net Banking,Refunded,TPPAYO6XGFUYV8E,28416.0,28416.0,INR
2308,2308,2026-06-16 11:29:51,UPI,Paid,TPPAY6YTOUGUWND,19692.0,0.0,INR
2309,2309,2026-08-06 00:30:34,Debit Card,Paid,TPPAY1W3EZXVWML,150964.0,0.0,INR
2310,2310,2026-06-14 23:56:17,UPI,Paid,TPPAYU2H5F7NG1W,26760.0,0.0,INR
2311,2311,2026-06-19 15:43:27,Net Banking,Refunded,TPPAY4Q6IT6CNFL,35309.0,35309.0,INR
2312,2312,2026-05-17 09:00:52,Debit Card,Paid,TPPAYOJVG17BB2T,22146.0,0.0,INR
2313,2313,2026-08-21 18:37:50,Wallet,Refunded,TPPAYLOONY8WAY5,16616.0,16616.0,INR
2314,2314,2024-11-16 22:24:29,UPI,Paid,TPPAY365PD5ZGCN,71920.0,0.0,INR
2315,2315,2026-06-10 01:30:27,Wallet,Paid,TPPAYTJIEO6QHI6,86226.0,0.0,INR
2316,2316,2026-07-30 23:49:26,Credit Card,Paid,TPPAYG9SWQW7DBP,99060.3,0.0,INR
2317,2317,2026-02-11 16:12:15,UPI,Paid,TPPAYTFCLCCT7ZY,103340.0,0.0,INR
2318,2318,2026-08-21 04:16:00,UPI,Pending,TPPAYDAQYXY4RBB,0.0,0.0,INR
2319,2319,2025-09-03 05:46:48,Credit Card,Refunded,TPPAYQKDSPHDMPC,11260.35,11260.35,INR
2320,2320,2026-07-19 18:17:18,Credit Card,Paid,TPPAYAEFJGOAM14,14818.0,0.0,INR
2321,2321,2026-07-20 22:01:55,Net Banking,Paid,TPPAYI070325OYI,39703.5,0.0,INR
2322,2322,2026-07-01 23:52:42,Credit Card,Paid,TPPAYMMAPH51YL3,21852.0,0.0,INR
2323,2323,2026-05-02 21:02:37,Credit Card,Paid,TPPAY19AM2GIWFP,14356.0,0.0,INR
2324,2324,2026-06-28 20:42:34,UPI,Paid,TPPAYMS83PAPJWR,155530.0,0.0,INR
2325,2325,2024-09-27 22:22:30,Debit Card,Paid,TPPAY298M7Q47BJ,33219.0,0.0,INR
2326,2326,2026-08-02 01:45:47,UPI,Paid,TPPAYHX3G9K4S3Z,71502.0,0.0,INR
2327,2327,2024-06-26 05:56:07,Credit Card,Paid,TPPAY69GI7JO1IQ,25840.8,0.0,INR
2328,2328,2026-09-05 17:17:34,UPI,Refunded,TPPAY7GORZPCG5T,47101.5,47101.5,INR
2329,2329,2026-07-13 21:55:21,UPI,Paid,TPPAYNSUPZVIAMZ,24153.6,0.0,INR
2330,2330,2024-10-12 02:55:53,Debit Card,Paid,TPPAYK94SK7SMZH,73292.1,0.0,INR
2331,2331,2024-07-17 13:21:23,UPI,Paid,TPPAY1XS5MDWKMR,55288.8,0.0,INR
2332,2332,2025-07-30 17:37:40,Debit Card,Paid,TPPAYVQCPVEZYZH,120516.0,0.0,INR
2333,2333,2026-02-24 19:33:55,Credit Card,Paid,TPPAYHZWHLSQQSY,93318.0,0.0,INR
2334,2334,2026-08-07 02:39:30,UPI,Paid,TPPAYXYAVOHAZQX,21974.0,0.0,INR
2335,2335,2023-09-14 20:31:04,Credit Card,Paid,TPPAYWXM6P9P8H9,70023.0,0.0,INR
2336,2336,2025-03-20 16:12:46,Credit Card,Paid,TPPAY2V2M52IG32,147259.5,0.0,INR
2337,2337,2025-07-01 04:15:59,UPI,Paid,TPPAYGBT81RCQHH,95408.5,0.0,INR
2338,2338,2026-07-06 17:48:03,Credit Card,Paid,TPPAY9NOU3ZYOK9,33918.0,0.0,INR
2339,2339,2026-06-27 14:09:49,Credit Card,Paid,TPPAY4NBQZB4BLJ,38768.0,0.0,INR
2340,2340,2026-07-16 16:44:39,Credit Card,Paid,TPPAYZQZSDGR2T1,29500.2,0.0,INR
2341,2341,2026-02-06 18:52:53,UPI,Paid,TPPAYC30DKSW97D,70165.8,0.0,INR
2342,2342,2026-07-01 16:23:00,UPI,Paid,TPPAY3X5D9FJ8Z2,94640.0,0.0,INR
2343,2343,2026-08-04 12:15:20,Credit Card,Paid,TPPAYQB65A70S3E,13780.8,0.0,INR
2344,2344,2026-06-19 12:47:06,UPI,Paid,TPPAYLC83LK61LO,42901.2,0.0,INR
2345,2345,2024-09-21 10:14:15,UPI,Paid,TPPAYAISKKR6640,75831.0,0.0,INR
2346,2346,2026-01-26 05:23:35,UPI,Paid,TPPAYDBR6SGY4T0,40941.2,0.0,INR
2347,2347,2026-06-29 10:09:26,UPI,Paid,TPPAYPRJ54M37NF,73474.0,0.0,INR
2348,2348,2026-08-28 15:40:12,Net Banking,Paid,TPPAY39SGY9BTB6,16824.0,0.0,INR
2349,2349,2025-12-14 03:16:19,Credit Card,Paid,TPPAYAJAQH1S349,77603.4,0.0,INR
2350,2350,2026-07-23 10:07:12,Net Banking,Paid,TPPAYNOVPN83Q6H,21185.4,0.0,INR
2351,2351,2025-02-03 18:45:15,Debit Card,Refunded,TPPAYWCP41N18ZL,19887.3,19887.3,INR
2352,2352,2026-08-09 22:28:44,Credit Card,Pending,TPPAYG9NICTZWIH,0.0,0.0,INR
2353,2353,2026-06-12 09:28:34,UPI,Pending,TPPAY4CT2AAS0T1,24120.0,0.0,INR
2354,2354,2026-08-25 22:47:02,UPI,Pending,TPPAYWIBD1HD1CT,0.0,0.0,INR
2355,2355,2026-07-02 16:43:45,UPI,Paid,TPPAYN0QGYVRRYX,92560.0,0.0,INR
2356,2356,2026-06-24 13:50:07,Wallet,Paid,TPPAYXS4JL983HI,90387.0,0.0,INR
2357,2357,2024-12-24 09:46:42,Wallet,Paid,TPPAYICVFDGLHC2,162248.0,0.0,INR
2358,2358,2026-08-04 09:14:11,Credit Card,Paid,TPPAY99FSM3BNB4,37681.2,0.0,INR
2359,2359,2023-09-13 14:10:25,UPI,Paid,TPPAYDP21623BI3,113336.0,0.0,INR
2360,2360,2024-11-20 15:20:37,Net Banking,Paid,TPPAYXVMTCF2MLS,55651.0,0.0,INR
2361,2361,2026-08-26 09:54:03,UPI,Paid,TPPAYUBYA1AP9W7,33480.0,0.0,INR
2362,2362,2025-11-05 18:29:49,UPI,Paid,TPPAY0H8PYABK32,108810.0,0.0,INR
2363,2363,2026-07-26 16:04:17,Debit Card,Pending,TPPAYJS649JTEUN,0.0,0.0,INR
2364,2364,2024-12-02 18:18:37,Credit Card,Paid,TPPAYROSLOJ9NUG,99705.0,0.0,INR
2365,2365,2025-01-30 02:05:02,UPI,Paid,TPPAYL6H776P3IL,100430.0,0.0,INR
2366,2366,2024-01-09 19:02:07,Debit Card,Paid,TPPAYWFFSMQPZUC,62292.0,0.0,INR
2367,2367,2026-07-12 04:52:59,UPI,Paid,TPPAY0XJ5VI93G3,79764.0,0.0,INR
2368,2368,2026-07-03 06:22:43,Debit Card,Paid,TPPAY9C9MAP6W3G,121965.0,0.0,INR
2369,2369,2026-09-03 11:54:48,Credit Card,Refunded,TPPAY4UNRHY2YUS,67296.0,67296.0,INR
2370,2370,2024-02-18 11:14:40,Credit Card,Paid,TPPAYT2YDZAZKDG,66040.2,0.0,INR
2371,2371,2026-08-30 21:33:43,UPI,Paid,TPPAY352LQSB4PV,124089.0,0.0,INR
2372,2372,2026-06-18 01:36:54,Net Banking,Refunded,TPPAYCCJCMNJXIK,31060.0,31060.0,INR
2373,2373,2025-07-23 20:07:05,Credit Card,Paid,TPPAYC7GWDVQZIY,77962.0,0.0,INR
2374,2374,2026-08-07 02:39:16,Credit Card,Paid,TPPAYKJSIMWA3IZ,18079.2,0.0,INR
2375,2375,2025-11-28 16:23:18,Credit Card,Paid,TPPAY276PNUR5RQ,31401.0,0.0,INR
2376,2376,2025-09-07 08:36:18,UPI,Paid,TPPAYEB6LKZY0AM,150964.0,0.0,INR
2377,2377,2026-08-07 07:47:46,UPI,Pending,TPPAY7ISUPN0D3O,0.0,0.0,INR
2378,2378,2026-06-25 12:42:08,Credit Card,Paid,TPPAY60G4JFD49G,19466.4,0.0,INR
2379,2379,2024-04-01 03:11:58,Credit Card,Paid,TPPAYGMAJQCK105,57245.1,0.0,INR
2380,2380,2026-07-07 08:19:48,Credit Card,Paid,TPPAYJ6D03DC69B,18710.0,0.0,INR
2381,2381,2026-06-11 00:36:42,UPI,Paid,TPPAYKQN625KZ18,33219.0,0.0,INR
2382,2382,2026-04-20 14:29:27,Debit Card,Paid,TPPAYM637H4NNWZ,29636.0,0.0,INR
2383,2383,2025-10-14 15:16:26,Credit Card,Refunded,TPPAYP65RBE423W,24060.0,24060.0,INR
2384,2384,2026-05-03 05:10:34,Credit Card,Paid,TPPAY6KZN454WTS,33781.05,0.0,INR
2385,2385,2026-06-24 00:30:23,UPI,Paid,TPPAYKTF1EU3VN9,38862.0,0.0,INR
2386,2386,2026-06-17 16:52:55,UPI,Paid,TPPAYUZ1C6UYHG8,62292.0,0.0,INR
2387,2387,2025-01-31 17:34:34,Net Banking,Paid,TPPAYJNS1A98XPC,25908.0,0.0,INR
2388,2388,2025-06-01 12:08:14,Net Banking,Paid,TPPAY53UK4IJ63V,67836.0,0.0,INR
2389,2389,2026-06-27 18:47:30,Debit Card,Paid,TPPAY8R09DVWYN6,60886.0,0.0,INR
2390,2390,2024-03-21 19:04:05,UPI,Paid,TPPAYPX8U4NU4BE,115254.0,0.0,INR
2391,2391,2024-03-31 15:15:11,Debit Card,Refunded,TPPAYEI3P8SFKBK,74536.5,74536.5,INR
2392,2392,2026-07-06 09:04:00,UPI,Paid,TPPAYZ0C4LYFDI2,24612.6,0.0,INR
2393,2393,2026-06-19 19:31:34,Credit Card,Pending,TPPAYMCWFLYBXMB,0.0,0.0,INR
2394,2394,2025-08-06 09:27:28,Credit Card,Paid,TPPAY7T1KREJS2S,119646.0,0.0,INR
2395,2395,2025-01-28 03:14:35,Wallet,Paid,TPPAYHRZP718HY9,43364.0,0.0,INR
2396,2396,2023-12-11 17:44:11,UPI,Paid,TPPAYUL4CFLPM9I,51816.0,0.0,INR
2397,2397,2026-07-26 20:00:45,Debit Card,Paid,TPPAYAMXB0TIQNM,21534.0,0.0,INR
2398,2398,2024-09-26 16:32:50,UPI,Paid,TPPAYSDLU6LFXM7,17325.9,0.0,INR
2399,2399,2026-03-29 11:12:53,Credit Card,Paid,TPPAYV3L3DDVVCN,41868.0,0.0,INR
2400,2400,2026-08-01 08:54:49,UPI,Paid,TPPAY4JXIFINWPZ,138840.0,0.0,INR
2401,2401,2026-07-26 14:45:23,UPI,Paid,TPPAYEH1CN9IPD7,29628.0,0.0,INR
2402,2402,2023-10-05 06:07:19,Net Banking,Paid,TPPAYKX2A9E7NTS,77505.0,0.0,INR
2403,2403,2025-07-24 10:14:26,UPI,Paid,TPPAY0Y55DB5P4N,147124.6,0.0,INR
2404,2404,2026-06-14 15:33:54,UPI,Paid,TPPAYE04UI637AG,55288.8,0.0,INR
2405,2405,2026-08-08 17:28:47,UPI,Paid,TPPAYVUM639B2ES,83986.2,0.0,INR
2406,2406,2026-07-05 13:10:57,UPI,Paid,TPPAYF6A12J6YGU,51469.2,0.0,INR
2407,2407,2025-01-06 22:40:46,UPI,Refunded,TPPAY1YKLMUIMWP,103852.0,103852.0,INR
2408,2408,2025-08-10 13:42:30,Net Banking,Refunded,TPPAY1T9ECIFTBT,64770.0,64770.0,INR
2409,2409,2023-11-05 04:16:37,Debit Card,Paid,TPPAYKUHCWAJ5BZ,8453.0,0.0,INR
2410,2410,2024-08-12 07:36:38,UPI,Paid,TPPAYBMJ9QK48BY,44126.9,0.0,INR
2411,2411,2024-02-11 19:49:19,UPI,Paid,TPPAYM7FW7FV15V,38768.0,0.0,INR
2412,2412,2026-07-04 13:57:46,UPI,Paid,TPPAY5PH8DQADWW,40823.4,0.0,INR
2413,2413,2026-08-03 03:10:17,Net Banking,Paid,TPPAYGK1CE7IIUS,29636.0,0.0,INR
2414,2414,2026-08-08 01:53:29,UPI,Paid,TPPAYI7F84D9WBZ,21122.3,0.0,INR
2415,2415,2025-03-03 07:37:41,UPI,Paid,TPPAYNIP0LCG910,126041.4,0.0,INR
2416,2416,2026-07-23 14:47:43,Net Banking,Paid,TPPAYDSJJKOCODS,10908.9,0.0,INR
2417,2417,2026-06-11 22:55:57,UPI,Paid,TPPAY5V8DX7RNEA,126041.4,0.0,INR
2418,2418,2026-07-06 08:26:43,Credit Card,Paid,TPPAY09MMFDGVEB,34439.4,0.0,INR
2419,2419,2024-11-29 13:01:17,UPI,Paid,TPPAYV9K0MR6143,33918.0,0.0,INR
2420,2420,2026-07-29 00:01:37,Net Banking,Paid,TPPAYSEZO25WD67,46037.0,0.0,INR
2421,2421,2026-06-28 19:09:39,UPI,Pending,TPPAY6LHLS7XA4Y,0.0,0.0,INR
2422,2422,2025-02-02 22:59:21,Credit Card,Paid,TPPAYGPABBVAZV9,12834.0,0.0,INR
2423,2423,2024-11-30 20:28:54,Wallet,Paid,TPPAY81D3BF1SOE,50877.0,0.0,INR
2424,2424,2026-07-27 16:25:06,UPI,Paid,TPPAY8R8H9VHNO4,29628.0,0.0,INR
2425,2425,2026-07-02 14:51:08,UPI,Paid,TPPAYWE4UCQ6BXW,35433.6,0.0,INR
2426,2426,2026-06-27 20:05:17,Wallet,Pending,TPPAYFWHWVETISO,0.0,0.0,INR
2427,2427,2026-08-29 20:04:14,Credit Card,Paid,TPPAY73C989442V,32003.1,0.0,INR
2428,2428,2026-07-19 23:05:28,Credit Card,Paid,TPPAYJT2QG3J164,37374.0,0.0,INR
2429,2429,2026-07-25 20:34:28,Net Banking,Paid,TPPAYSPCS69T6YS,17142.75,0.0,INR
2430,2430,2026-07-25 04:42:33,UPI,Paid,TPPAYB7RPH4VIZX,37888.0,0.0,INR
2431,2431,2026-07-07 18:32:36,Debit Card,Paid,TPPAY1EU7480ICA,21852.0,0.0,INR
2432,2432,2026-08-28 06:47:10,Debit Card,Paid,TPPAY7H8BHU6L5R,33809.0,0.0,INR
2433,2433,2026-06-24 04:56:53,Net Banking,Paid,TPPAYQ2734NRFTG,14814.0,0.0,INR
2434,2434,2025-04-23 01:58:35,Credit Card,Paid,TPPAY8Q67QJ4AK9,29240.0,0.0,INR
2435,2435,2026-09-05 08:50:19,Debit Card,Paid,TPPAY6WHQJYNA5T,36438.2,0.0,INR
2436,2436,2026-07-03 19:45:52,UPI,Paid,TPPAYETZNJ21G93,14814.0,0.0,INR
2437,2437,2025-07-28 23:50:46,Credit Card,Paid,TPPAYF804OOWK8E,80344.0,0.0,INR
2438,2438,2026-07-09 10:41:11,Debit Card,Paid,TPPAYRLKRW8VXRZ,65879.25,0.0,INR
2439,2439,2025-10-04 00:38:22,Debit Card,Paid,TPPAYXVI3CLWLDA,138840.0,0.0,INR
2440,2440,2026-07-05 16:30:45,Credit Card,Paid,TPPAYVTC1JPQQAW,70980.0,0.0,INR
2441,2441,2026-07-29 08:08:28,Debit Card,Paid,TPPAYDSDZEZ1R1N,46074.0,0.0,INR
2442,2442,2026-07-11 13:00:08,UPI,Paid,TPPAYNJ9ON72GDM,43150.5,0.0,INR
2443,2443,2026-08-20 05:52:07,Debit Card,Paid,TPPAY7Q3GHZMK9G,104535.9,0.0,INR
2444,2444,2024-11-30 19:23:27,Wallet,Refunded,TPPAYLFLRQC7NUI,37888.0,37888.0,INR
2445,2445,2025-08-10 03:28:05,Net Banking,Paid,TPPAYU2AXT8RIYJ,8837.0,0.0,INR
2446,2446,2026-06-20 22:27:32,Credit Card,Paid,TPPAY4LELBT3INJ,14356.0,0.0,INR
2447,2447,2026-08-29 17:08:04,UPI,Paid,TPPAYZFIO1BM1UD,129175.0,0.0,INR
2448,2448,2026-03-06 01:54:14,UPI,Paid,TPPAY20YNKTKPSQ,32961.0,0.0,INR
2449,2449,2026-08-17 22:53:50,Credit Card,Paid,TPPAYZNCGWMQGY3,27189.0,0.0,INR
2450,2450,2026-08-12 08:37:45,UPI,Pending,TPPAYQA06V1U0IQ,0.0,0.0,INR
2451,2451,2026-07-08 04:13:12,UPI,Paid,TPPAYXK142U32HH,31488.25,0.0,INR
2452,2452,2026-08-12 23:57:04,UPI,Refunded,TPPAYWDZHOAAZNU,15753.6,15753.6,INR
2453,2453,2026-09-02 05:21:11,Credit Card,Paid,TPPAYFSBZJPSG4F,8837.0,0.0,INR
2454,2454,2025-07-25 09:55:02,Debit Card,Paid,TPPAY6EWXQ1P77N,115254.0,0.0,INR
2455,2455,2026-08-15 03:29:33,Wallet,Refunded,TPPAYQJBMMU41YD,24397.2,24397.2,INR
2456,2456,2026-07-05 12:41:39,Debit Card,Pending,TPPAYQNM2LFTG92,0.0,0.0,INR
2457,2457,2025-08-26 21:12:12,Net Banking,Paid,TPPAYGP2I6Q7Q8D,54205.0,0.0,INR
2458,2458,2024-07-29 08:15:44,UPI,Paid,TPPAYOORXNKBWYR,97660.0,0.0,INR
2459,2459,2025-05-31 08:52:25,Credit Card,Paid,TPPAY2Z0YUE6YBS,97660.0,0.0,INR
2460,2460,2024-12-17 12:40:23,Debit Card,Paid,TPPAY85W1G0GYS3,114991.8,0.0,INR
2461,2461,2026-06-23 02:25:01,Credit Card,Paid,TPPAY9H46YWQD60,32880.45,0.0,INR
2462,2462,2026-07-27 08:20:08,Debit Card,Paid,TPPAY7E075VQWE7,15141.6,0.0,INR
2463,2463,2026-07-22 16:48:24,Credit Card,Refunded,TPPAYZ5HQI26TX9,89900.0,89900.0,INR
2464,2464,2026-08-20 17:23:48,UPI,Paid,TPPAYEPRNWIXH0Q,9063.0,0.0,INR
2465,2465,2026-06-15 02:09:15,Debit Card,Paid,TPPAYYL0USYZAMY,27189.0,0.0,INR
2466,2466,2024-01-27 18:23:34,UPI,Paid,TPPAYICPJ3JYKOI,118300.0,0.0,INR
2467,2467,2026-07-02 09:40:46,UPI,Paid,TPPAYJ05EBZL5XA,22378.0,0.0,INR
2468,2468,2026-08-05 18:25:11,UPI,Paid,TPPAY2HNULVBWT6,31060.0,0.0,INR
2469,2469,2026-08-07 17:23:40,Credit Card,Paid,TPPAYL3R72I3HNY,39027.6,0.0,INR
2470,2470,2025-09-30 07:13:30,Debit Card,Refunded,TPPAYLTMBLS0ZQQ,51914.0,51914.0,INR
2471,2471,2026-06-17 08:44:28,UPI,Paid,TPPAY45WSTYLPC9,97660.0,0.0,INR
2472,2472,2026-08-10 05:32:45,Debit Card,Paid,TPPAY4E8DRCAMWN,80496.0,0.0,INR
2473,2473,2024-06-29 08:52:16,UPI,Paid,TPPAYJ0O2EAGQ34,104535.9,0.0,INR
2474,2474,2026-06-26 23:47:51,Debit Card,Paid,TPPAYBH8GV3D5W5,116151.0,0.0,INR
2475,2475,2026-06-30 19:15:04,UPI,Pending,TPPAYFAXFLPKBKF,0.0,0.0,INR
2476,2476,2026-06-23 20:43:47,Net Banking,Pending,TPPAY9GY8FXZLDQ,0.0,0.0,INR
2477,2477,2025-11-12 06:40:58,UPI,Refunded,TPPAY6AMPKM8AI4,26711.1,26711.1,INR
2478,2478,2025-11-01 01:13:55,Debit Card,Paid,TPPAY1QGR8GQS1J,62292.0,0.0,INR
2479,2479,2025-03-20 03:12:46,UPI,Paid,TPPAYG8YUD8AZLV,62819.7,0.0,INR
2480,2480,2026-07-08 09:06:02,UPI,Pending,TPPAYKKCIOOAGDN,0.0,0.0,INR
2481,2481,2023-11-29 23:00:33,Debit Card,Paid,TPPAYK314QOIERB,29538.0,0.0,INR
2482,2482,2026-06-28 11:35:57,Debit Card,Paid,TPPAYDZCJ3QAW37,8837.0,0.0,INR
2483,2483,2026-08-18 23:58:00,UPI,Paid,TPPAYZ3FYSGISB9,16222.0,0.0,INR
2484,2484,2025-04-21 03:57:37,Credit Card,Paid,TPPAYHOTVO1UHNU,21548.0,0.0,INR
2485,2485,2026-03-28 09:02:38,Credit Card,Paid,TPPAYU7JK8AG9QH,24779.8,0.0,INR
2486,2486,2023-10-24 10:56:18,Wallet,Paid,TPPAY1YBBIAL8U5,155530.0,0.0,INR
2487,2487,2026-07-04 04:08:14,UPI,Refunded,TPPAYIVZWPHGPDU,27108.0,27108.0,INR
2488,2488,2025-02-05 23:21:46,Credit Card,Paid,TPPAY67JDV29XCI,32160.0,0.0,INR
2489,2489,2024-11-26 18:52:28,Credit Card,Paid,TPPAYH0KUE4T573,50877.0,0.0,INR
2490,2490,2026-08-23 20:56:22,UPI,Refunded,TPPAYTKRCLKDY5K,14818.0,14818.0,INR
2491,2491,2026-07-17 20:58:41,UPI,Refunded,TPPAYQM69PRZV2F,40662.0,14818.0,INR
2492,2492,2024-08-03 04:05:40,UPI,Paid,TPPAYTR9S22J8QJ,13158.0,0.0,INR
2493,2493,2026-08-23 09:03:07,UPI,Paid,TPPAYYKH0NMJVG8,56668.0,0.0,INR
2494,2494,2024-01-28 06:48:21,UPI,Paid,TPPAYHL48XFDR7W,64456.35,0.0,INR
2495,2495,2026-01-11 19:23:43,UPI,Paid,TPPAYJ1P5CWAZPS,137530.8,0.0,INR
2496,2496,2026-07-25 14:31:25,Debit Card,Paid,TPPAY7YMICCM58K,19730.2,0.0,INR
2497,2497,2026-08-14 20:49:14,UPI,Paid,TPPAY6SPIDVDQQT,52188.3,0.0,INR
2498,2498,2026-09-01 09:08:11,UPI,Paid,TPPAYT7HHJ07N15,38786.4,0.0,INR
2499,2499,2026-08-24 18:56:33,UPI,Paid,TPPAY9V4U61K3SK,65106.0,0.0,INR
2500,2500,2026-06-13 21:37:58,UPI,Refunded,TPPAYCXJITVB657,103369.5,103369.5,INR
2501,2501,2026-07-07 21:27:59,Wallet,Paid,TPPAYSI9HR3OLDD,55493.1,0.0,INR
2502,2502,2026-08-06 17:46:34,Credit Card,Paid,TPPAYRDC1R7RPAZ,38915.2,0.0,INR
2503,2503,2026-07-07 08:23:59,Credit Card,Paid,TPPAY8DBQMBSKT6,49417.6,0.0,INR
2504,2504,2026-08-29 07:13:10,UPI,Paid,TPPAY7PCBAWJ88V,78372.0,0.0,INR
2505,2505,2026-09-02 22:47:17,Credit Card,Refunded,TPPAYLFPVRYTRC6,8837.0,8837.0,INR
2506,2506,2023-12-01 07:11:55,UPI,Paid,TPPAYTKCHPJHR3E,124424.0,0.0,INR
2507,2507,2023-11-17 12:14:12,UPI,Paid,TPPAY2533DKQ3VK,80496.0,0.0,INR
2508,2508,2026-06-18 03:49:54,Net Banking,Paid,TPPAYGBKH70GPRP,77871.0,0.0,INR
2509,2509,2025-04-30 08:35:28,Credit Card,Paid,TPPAY6481M9TKGC,150964.0,0.0,INR
2510,2510,2026-06-30 02:59:32,UPI,Refunded,TPPAYU4D35F2U6X,51620.0,51620.0,INR
2511,2511,2025-04-20 22:53:57,UPI,Paid,TPPAYHE177VFQYL,25810.0,0.0,INR
2512,2512,2026-06-20 12:09:06,Credit Card,Paid,TPPAYU3ENECUN0H,66126.0,0.0,INR
2513,2513,2026-08-19 13:46:35,UPI,Paid,TPPAYLE9EMGSS4E,104324.25,0.0,INR
2514,2514,2024-09-21 01:02:19,Credit Card,Paid,TPPAY2EWO1JIDQH,77962.0,0.0,INR
2515,2515,2023-10-14 06:20:04,UPI,Paid,TPPAYB4180JB4YR,121320.0,0.0,INR
2516,2516,2026-08-24 08:08:12,Credit Card,Paid,TPPAY4JGI3EYXU9,68324.0,0.0,INR
2517,2517,2026-08-23 01:55:13,Net Banking,Paid,TPPAY0FHVLXSBD8,124424.0,0.0,INR
2518,2518,2025-10-26 18:58:14,Credit Card,Refunded,TPPAYOO6UC5MVO7,77505.0,77505.0,INR
2519,2519,2026-08-19 14:44:34,Net Banking,Paid,TPPAYVXAYDJZ2SI,186636.0,0.0,INR
2520,2520,2024-06-26 11:50:32,UPI,Paid,TPPAYGH2B15I9IX,69754.5,0.0,INR
2521,2521,2026-01-19 13:38:01,Credit Card,Paid,TPPAYX73DVMT1IJ,77962.0,0.0,INR
2522,2522,2026-06-12 15:07:12,UPI,Paid,TPPAYV9160BUTMZ,64728.0,0.0,INR
2523,2523,2025-05-09 13:39:57,UPI,Paid,TPPAYH8IXCF3VMV,95275.0,0.0,INR
2524,2524,2026-07-03 03:36:04,UPI,Paid,TPPAY890XAEQUF7,150964.0,0.0,INR
2525,2525,2026-07-02 09:57:07,Net Banking,Paid,TPPAY4QFEBVA9U1,24470.1,0.0,INR
2526,2526,2025-01-29 00:05:27,UPI,Paid,TPPAY2T0IDAFP02,34176.0,0.0,INR
2527,2527,2025-12-11 07:06:36,Credit Card,Refunded,TPPAYWSSZ51OQJB,17606.7,17606.7,INR
2528,2528,2026-02-13 20:35:39,UPI,Paid,TPPAY9OV6XVDXNC,40662.0,0.0,INR
2529,2529,2023-11-13 01:16:49,UPI,Paid,TPPAYWAJ1NATQCK,21811.0,0.0,INR
2530,2530,2024-10-02 00:50:49,Net Banking,Paid,TPPAYA8VD3WYQFD,24120.0,0.0,INR
2531,2531,2026-07-24 09:13:42,UPI,Pending,TPPAYWFQNS69PGB,0.0,0.0,INR
2532,2532,2024-11-11 07:00:33,UPI,Paid,TPPAYY0FWAA0EHZ,34611.0,0.0,INR
2533,2533,2026-08-01 19:50:56,UPI,Paid,TPPAYRXUDPMTIBW,121965.0,0.0,INR
2534,2534,2024-03-24 06:05:45,Net Banking,Paid,TPPAYFPXDTJ8VVN,76406.0,0.0,INR
2535,2535,2025-12-02 08:51:12,UPI,Refunded,TPPAY1YXTN6FILQ,23432.0,23432.0,INR
2536,2536,2026-08-08 14:05:05,Credit Card,Paid,TPPAYBUI2S1PRD3,46768.5,0.0,INR
2537,2537,2026-06-10 09:50:29,UPI,Refunded,TPPAYM70SI2YIID,114490.2,114490.2,INR
2538,2538,2026-08-10 09:37:29,Credit Card,Paid,TPPAYBE70NES35F,23116.35,0.0,INR
2539,2539,2023-11-03 13:17:42,Debit Card,Paid,TPPAYY62CLCVQ7R,28416.0,0.0,INR
2540,2540,2026-06-17 21:12:20,Net Banking,Paid,TPPAYVMCGF1EZYE,108613.5,0.0,INR
2541,2541,2026-07-26 19:01:38,Debit Card,Pending,TPPAYJRNGC3S7P0,0.0,0.0,INR
2542,2542,2026-04-09 08:05:45,UPI,Refunded,TPPAYLM4IPQ7Z3L,20890.8,20890.8,INR
2543,2543,2026-01-22 03:37:38,UPI,Paid,TPPAYYQLDND7S4F,67618.0,0.0,INR
2544,2544,2026-04-22 00:25:09,UPI,Paid,TPPAY68N4OPUUI9,26853.6,0.0,INR
2545,2545,2026-08-18 00:42:41,Credit Card,Paid,TPPAYELX6DSNOUL,35076.0,0.0,INR
2546,2546,2026-07-10 20:12:49,Credit Card,Pending,TPPAYE04K4B9IOW,0.0,0.0,INR
2547,2547,2024-05-23 20:50:37,Debit Card,Paid,TPPAYLJYUS2UL5O,69493.5,0.0,INR
2548,2548,2024-01-04 10:41:25,Debit Card,Paid,TPPAY88JIA67UWQ,132252.0,0.0,INR
2549,2549,2026-07-03 11:04:10,UPI,Paid,TPPAY67G3KRDSKH,28767.0,0.0,INR
2550,2550,2026-08-23 08:06:07,UPI,Paid,TPPAYGMZWO98VWG,32605.0,0.0,INR
2551,2551,2026-07-20 12:08:57,Credit Card,Paid,TPPAY7QHJMLPCWE,24848.0,0.0,INR
2552,2552,2026-08-28 07:32:07,Debit Card,Paid,TPPAYDDT0XUPCK4,16066.0,0.0,INR
2553,2553,2026-08-19 05:23:55,Net Banking,Paid,TPPAYHMCY40VQN5,32778.0,0.0,INR
2554,2554,2026-07-25 13:22:53,UPI,Paid,TPPAYHKC0NJFC2N,38304.0,0.0,INR
2555,2555,2026-06-11 01:13:44,Credit Card,Refunded,TPPAY5QGK9V9OCB,21115.65,21115.65,INR
2556,2556,2026-08-10 20:57:29,UPI,Pending,TPPAY2P6K8FQK26,0.0,0.0,INR
2557,2557,2026-07-31 01:03:36,Debit Card,Paid,TPPAYCDWWWHBFGS,27312.2,0.0,INR
2558,2558,2026-07-04 10:47:17,UPI,Paid,TPPAYPA1QRP9M1Z,29628.0,0.0,INR
2559,2559,2023-12-16 08:59:40,UPI,Paid,TPPAY9YK54F8HKG,8453.0,0.0,INR
2560,2560,2026-07-02 00:58:17,UPI,Paid,TPPAYT3H5LYIBD4,29076.0,0.0,INR
2561,2561,2026-07-21 03:48:47,UPI,Paid,TPPAYNIEPCOVM18,84027.6,0.0,INR
2562,2562,2026-07-03 12:32:14,UPI,Paid,TPPAY2H6EG9L5AU,86286.6,0.0,INR
2563,2563,2026-08-22 08:25:00,Debit Card,Paid,TPPAYDYIVNM6FDK,25752.6,0.0,INR
2564,2564,2024-11-19 10:56:01,Net Banking,Paid,TPPAYTXF7Z05X4L,133043.7,0.0,INR
2565,2565,2026-07-21 17:13:27,UPI,Paid,TPPAYFCOJT4FTSG,69420.0,0.0,INR
2566,2566,2026-05-18 08:06:36,Credit Card,Paid,TPPAY9BVDSPPDTG,120516.0,0.0,INR
2567,2567,2025-12-26 20:39:56,Wallet,Paid,TPPAY5EKGEE83T7,155010.0,0.0,INR
2568,2568,2026-08-08 23:22:07,Credit Card,Paid,TPPAYFGKEFAXO77,99199.25,0.0,INR
2569,2569,2026-08-16 18:15:55,Credit Card,Paid,TPPAYXM7KX4JKE2,140046.0,0.0,INR
2570,2570,2026-09-03 16:39:49,UPI,Paid,TPPAYVN1VS0XIMZ,33351.0,0.0,INR
2571,2571,2024-06-21 04:27:59,UPI,Paid,TPPAY20QJ2AV2LU,21930.0,0.0,INR
2572,2572,2023-10-22 13:03:41,Credit Card,Paid,TPPAY2FGCBN4VSL,11853.0,0.0,INR
2573,2573,2025-12-15 22:46:24,UPI,Paid,TPPAY47UZ2Z2MTF,51620.0,0.0,INR
2574,2574,2026-06-23 08:03:00,UPI,Paid,TPPAY5HE1MWLEMD,87244.0,0.0,INR
2575,2575,2026-06-20 00:28:51,Net Banking,Paid,TPPAY5B4HUL5SG6,47412.0,0.0,INR
2576,2576,2026-06-29 09:07:29,Credit Card,Paid,TPPAYQVK3K5PTLU,33149.0,0.0,INR
2577,2577,2024-08-24 10:24:06,Debit Card,Paid,TPPAYILS5GGT6CU,14814.0,0.0,INR
2578,2578,2026-08-13 05:28:14,Credit Card,Paid,TPPAYB91PSW345Y,38304.0,0.0,INR
2579,2579,2026-08-08 12:55:34,UPI,Paid,TPPAY2SCVO90CQS,23101.2,0.0,INR
2580,2580,2026-04-02 12:54:51,Wallet,Paid,TPPAYED2CI4HCHY,24451.95,0.0,INR
2581,2581,2026-07-09 19:04:22,Credit Card,Paid,TPPAYRL1O8GUHWE,24333.0,0.0,INR
2582,2582,2026-08-16 21:56:06,UPI,Paid,TPPAYUQ3X8AGBTU,49225.2,0.0,INR
2583,2583,2026-06-16 09:32:15,UPI,Paid,TPPAYEHB3E4OZXS,10926.0,0.0,INR
2584,2584,2024-10-17 23:31:09,Debit Card,Paid,TPPAYZESVZ8J6OL,90990.0,0.0,INR
2585,2585,2026-08-07 16:00:26,Net Banking,Paid,TPPAY3G7P20BC5R,34818.0,0.0,INR
2586,2586,2026-06-21 21:40:24,Debit Card,Paid,TPPAYZCZFXXU40W,26084.0,0.0,INR
2587,2587,2026-08-14 13:49:02,Net Banking,Paid,TPPAYPFBRKLBUHW,46148.0,0.0,INR
2588,2588,2025-07-21 12:18:46,Debit Card,Paid,TPPAY26MFEWCW9Q,21555.15,0.0,INR
2589,2589,2026-07-29 02:16:08,Credit Card,Refunded,TPPAYS5L3HU6TCC,66521.85,66521.85,INR
2590,2590,2023-09-16 11:53:49,UPI,Paid,TPPAYS3LVM292TJ,114330.0,0.0,INR
2591,2591,2026-08-23 15:34:22,Credit Card,Paid,TPPAYP8EMG3J4BV,57165.0,0.0,INR
2592,2592,2026-06-23 20:42:19,Credit Card,Paid,TPPAYRXGOJR2S0H,26661.75,0.0,INR
2593,2593,2025-03-10 23:16:55,UPI,Paid,TPPAYM75MBRRC2I,68039.0,0.0,INR
2594,2594,2026-08-17 00:17:34,Debit Card,Refunded,TPPAYAHVQAUE9K0,18414.8,18414.8,INR
2595,2595,2026-06-23 16:17:21,Debit Card,Paid,TPPAYRUEZKAPAKP,46864.0,0.0,INR
2596,2596,2026-08-08 07:01:54,Credit Card,Paid,TPPAYCGJMA9W7VO,12834.0,0.0,INR
2597,2597,2026-07-17 11:39:44,UPI,Paid,TPPAYW5RIUGI5MF,57165.0,0.0,INR
2598,2598,2026-08-09 15:12:48,UPI,Pending,TPPAYLN5XEYHPTQ,0.0,0.0,INR
2599,2599,2024-02-23 06:19:39,UPI,Paid,TPPAY6Q38TIA96S,115700.0,0.0,INR
2600,2600,2026-08-13 01:09:46,UPI,Refunded,TPPAYDOTB8MV1XZ,120516.0,120516.0,INR
2601,2601,2026-07-22 13:34:34,Credit Card,Refunded,TPPAY435TO1EZP9,81124.0,120516.0,INR
2602,2602,2023-12-07 15:31:28,UPI,Paid,TPPAYU4Y8R25T64,22914.0,0.0,INR
2603,2603,2024-07-24 04:24:12,Debit Card,Paid,TPPAY0ZCS5NHNL2,24848.0,0.0,INR
2604,2604,2026-06-24 23:12:01,UPI,Paid,TPPAY3P38HAU3CF,83645.0,0.0,INR
2605,2605,2026-09-02 22:01:24,UPI,Paid,TPPAYKHKLUGNWXX,20683.05,0.0,INR
2606,2606,2026-07-02 03:50:40,UPI,Paid,TPPAY841C4TZUPY,17593.3,0.0,INR
2607,2607,2026-06-30 13:22:57,Debit Card,Refunded,TPPAYHSNKRJT7KY,71920.0,71920.0,INR
2608,2608,2026-08-12 12:07:38,Debit Card,Paid,TPPAYWCPROYPLQD,51914.0,0.0,INR
2609,2609,2025-02-09 11:10:28,Debit Card,Paid,TPPAY7M7C2ESKM7,69800.3,0.0,INR
2610,2610,2024-04-13 09:31:10,Net Banking,Paid,TPPAY1ZEUCL9EW7,32386.0,0.0,INR
2611,2611,2026-07-01 12:57:49,UPI,Paid,TPPAYSMUWTJLXLK,45486.0,0.0,INR
2612,2612,2026-06-12 02:12:06,UPI,Refunded,TPPAYKYNPQNG5IN,37420.0,37420.0,INR
2613,2613,2026-06-19 17:26:45,Debit Card,Paid,TPPAYIGW8X5P4RT,38862.0,0.0,INR
2614,2614,2026-07-27 01:37:03,UPI,Pending,TPPAYNS3VSUQYZV,0.0,0.0,INR
2615,2615,2026-06-23 03:43:14,Debit Card,Refunded,TPPAY16X5DTEVIX,109055.0,109055.0,INR
2616,2616,2026-08-11 07:31:34,Credit Card,Paid,TPPAYEVBV345655,28918.8,0.0,INR
2617,2617,2023-10-31 07:59:56,Debit Card,Paid,TPPAYIJKC5N3LBB,24120.0,0.0,INR
2618,2618,2026-05-20 10:04:42,Credit Card,Paid,TPPAY72IG7OCLQG,68247.9,0.0,INR
2619,2619,2026-07-20 23:37:31,Debit Card,Pending,TPPAY3ORXG22EDC,0.0,0.0,INR
2620,2620,2026-06-16 00:25:10,Debit Card,Refunded,TPPAYWODQ5M340V,17674.0,17674.0,INR
2621,2621,2026-08-12 23:08:04,UPI,Pending,TPPAY367SZ48WRS,0.0,0.0,INR
2622,2622,2026-06-27 01:36:49,Debit Card,Refunded,TPPAYY72P8GCG9O,28061.1,28061.1,INR
2623,2623,2026-07-21 05:18:50,Net Banking,Paid,TPPAY6R8CCU0O5D,74157.4,0.0,INR
2624,2624,2026-09-04 15:26:01,UPI,Paid,TPPAY9PSEKHI3F1,66298.0,0.0,INR
2625,2625,2025-10-30 05:50:31,UPI,Refunded,TPPAY7XDJR9BZL9,66298.0,66298.0,INR
2626,2626,2025-06-30 20:13:42,Net Banking,Paid,TPPAYDS3VW6L2PM,45180.0,0.0,INR
2627,2627,2024-02-04 13:00:44,UPI,Paid,TPPAYPPQPMIOZ9C,97417.65,0.0,INR
2628,2628,2026-08-27 16:06:03,Debit Card,Refunded,TPPAY9CCLDKNXDT,28154.2,28154.2,INR
2629,2629,2026-06-24 11:05:57,Credit Card,Paid,TPPAYYVXG6KMURH,124089.0,0.0,INR
2630,2630,2026-08-18 15:48:16,Credit Card,Paid,TPPAY56QNWS1COX,46768.5,0.0,INR
2631,2631,2025-11-10 06:13:29,UPI,Paid,TPPAY9NFX6XKSPC,70083.9,0.0,INR
2632,2632,2026-03-02 09:32:28,UPI,Paid,TPPAY7I4LVYUFEK,80965.0,0.0,INR
2633,2633,2023-12-11 15:20:30,UPI,Paid,TPPAYPCE3OQ4BTT,69638.4,0.0,INR
2634,2634,2026-08-20 07:47:58,Credit Card,Paid,TPPAYVIF7NPPW13,24350.4,0.0,INR
2635,2635,2026-08-26 00:46:53,UPI,Paid,TPPAYPWG64PES5D,66126.0,0.0,INR
2636,2636,2024-07-27 10:45:55,UPI,Paid,TPPAYLTTUZWKAC3,67296.0,0.0,INR
2637,2637,2026-05-27 12:28:47,UPI,Paid,TPPAYJNM2HE3PVQ,70980.0,0.0,INR
2638,2638,2026-07-15 22:53:00,Debit Card,Paid,TPPAY7XCIHSU1JS,82887.3,0.0,INR
2639,2639,2026-08-18 09:28:53,Debit Card,Refunded,TPPAYLHIE854OI2,65286.0,65286.0,INR
2640,2640,2026-06-22 10:45:05,Wallet,Paid,TPPAYGRVR8M5F6C,21974.0,0.0,INR
2641,2641,2026-08-29 10:06:49,UPI,Paid,TPPAYZ1CLJ2UDOP,34818.0,0.0,INR
2642,2642,2026-07-04 20:03:34,UPI,Paid,TPPAY9YKN2LIXBS,28712.0,0.0,INR
2643,2643,2026-07-20 04:33:12,Net Banking,Paid,TPPAYML0Q7ZR42N,13069.0,0.0,INR
2644,2644,2026-08-07 08:28:51,UPI,Paid,TPPAYKP6Q7ELKLG,24322.0,0.0,INR
2645,2645,2026-08-10 12:28:20,UPI,Paid,TPPAYWRVZ16J239,121320.0,0.0,INR
2646,2646,2026-04-17 11:01:26,Net Banking,Paid,TPPAY99TFBE04A8,7951.75,0.0,INR
2647,2647,2026-08-16 20:11:57,Debit Card,Paid,TPPAYVBDF00TTUP,98833.5,0.0,INR
2648,2648,2026-08-01 05:30:24,UPI,Paid,TPPAY8VMHTVWME1,83056.0,0.0,INR
2649,2649,2026-08-12 01:41:20,Credit Card,Paid,TPPAYWKIBDTHJM2,19178.0,0.0,INR
2650,2650,2025-09-11 14:53:05,UPI,Refunded,TPPAYI6RYJTIHL2,44756.0,44756.0,INR
2651,2651,2026-06-30 06:21:30,UPI,Paid,TPPAYPKHAMPC24G,28236.15,0.0,INR
2652,2652,2026-08-31 17:58:43,Credit Card,Paid,TPPAYPURDWZOC70,104274.0,0.0,INR
2653,2653,2026-07-15 19:58:38,Credit Card,Pending,TPPAY1CRBL4NH7U,0.0,0.0,INR
2654,2654,2026-09-08 10:26:50,UPI,Paid,TPPAYA6M63TUBCM,120666.0,0.0,INR
2655,2655,2026-07-03 10:46:18,Debit Card,Paid,TPPAYLJPAZJTNOW,22221.0,0.0,INR
2656,2656,2024-01-02 04:30:20,UPI,Paid,TPPAYHLFEZ43KYM,44292.0,0.0,INR
2657,2657,2026-06-28 07:51:39,Net Banking,Paid,TPPAYR2OJRU6WQF,19786.0,0.0,INR
2658,2658,2026-07-29 18:21:50,Credit Card,Paid,TPPAYPW0K3HKURK,28416.0,0.0,INR
2659,2659,2026-07-17 05:41:32,Wallet,Paid,TPPAYOADXGBYEZB,36829.6,0.0,INR
2660,2660,2026-01-17 22:58:49,Credit Card,Refunded,TPPAYAJJWC2OFVI,24333.0,24333.0,INR
2661,2661,2026-01-28 14:47:18,UPI,Paid,TPPAYL58LZQMIPI,90828.0,0.0,INR
2662,2662,2026-07-27 11:00:34,Net Banking,Paid,TPPAY00E5PL7FBH,65433.0,0.0,INR
2663,2663,2026-06-07 07:30:29,Credit Card,Refunded,TPPAYIF1JESQ140,124584.0,124584.0,INR
2664,2664,2026-08-03 22:10:08,Credit Card,Paid,TPPAYT8J1VGQCBN,30108.0,0.0,INR
2665,2665,2026-06-16 09:28:04,UPI,Paid,TPPAYVFOOJ9P9W6,87690.0,0.0,INR
2666,2666,2026-07-30 13:29:25,Credit Card,Paid,TPPAY6MM5JACCIR,10235.3,0.0,INR
2667,2667,2026-07-19 07:48:22,Debit Card,Paid,TPPAY2134XL5MPM,24322.0,0.0,INR
2668,2668,2026-09-02 02:09:27,UPI,Paid,TPPAY9GP78FHM4G,33149.0,0.0,INR
2669,2669,2026-08-21 17:00:11,Debit Card,Paid,TPPAYDSC25MK2IU,97660.0,0.0,INR
2670,2670,2026-04-30 08:41:37,Debit Card,Paid,TPPAYVKCFDI5Q12,54469.8,0.0,INR
2671,2671,2024-04-28 23:07:35,Credit Card,Paid,TPPAYD0CHS8L92H,114609.0,0.0,INR
2672,2672,2026-01-13 06:43:41,Debit Card,Paid,TPPAYSQLHLZ1XA5,30896.85,0.0,INR
2673,2673,2026-05-27 19:24:42,Credit Card,Paid,TPPAYOU2HYIBCP3,130572.0,0.0,INR
2674,2674,2025-09-25 03:36:50,Credit Card,Paid,TPPAYGA0CM12V7H,41781.6,0.0,INR
2675,2675,2026-07-03 11:17:48,Wallet,Paid,TPPAYG956FI5HF3,23432.0,0.0,INR
2676,2676,2026-07-24 07:04:48,Debit Card,Paid,TPPAYQRIJYXOU94,61398.0,0.0,INR
2677,2677,2026-03-01 08:45:16,Credit Card,Paid,TPPAY1VVIR5BPLN,75482.0,0.0,INR
2678,2678,2026-08-25 19:59:57,UPI,Pending,TPPAYH90J3DY6OP,0.0,0.0,INR
2679,2679,2026-03-30 01:24:14,Credit Card,Paid,TPPAYAUO722Q2J4,77434.0,0.0,INR
2680,2680,2025-03-04 11:01:31,Net Banking,Paid,TPPAYSMW0GZ5MZC,75482.0,0.0,INR
2681,2681,2024-07-09 17:22:13,UPI,Paid,TPPAYUNZ8NLF0HO,77434.0,0.0,INR
2682,2682,2025-06-19 07:45:07,Net Banking,Refunded,TPPAYLJEZ3T6DR3,80496.0,80496.0,INR
2683,2683,2026-03-20 11:09:16,Credit Card,Paid,TPPAYT0H1976LOD,29538.0,0.0,INR
2684,2684,2026-08-22 16:39:42,Debit Card,Pending,TPPAYQQY1J79B9H,0.0,0.0,INR
2685,2685,2026-07-15 00:36:31,Credit Card,Paid,TPPAYROU5GSXMKW,39553.2,0.0,INR
2686,2686,2026-08-16 12:38:43,Credit Card,Paid,TPPAYMNHCRLV3HF,24831.1,0.0,INR
2687,2687,2026-06-25 15:02:08,Net Banking,Paid,TPPAYVLV21NIV7W,25632.0,0.0,INR
2688,2688,2024-12-31 02:33:00,Credit Card,Refunded,TPPAY1I2K7QWN63,33351.0,33351.0,INR
2689,2689,2026-08-09 07:07:41,Credit Card,Paid,TPPAY177C5FGXGK,72251.7,0.0,INR
2690,2690,2026-08-20 16:34:52,Net Banking,Refunded,TPPAYU83SH3OQXE,80496.0,80496.0,INR
2691,2691,2026-06-25 06:45:43,Credit Card,Paid,TPPAYZE76FRMNJW,27312.2,0.0,INR
2692,2692,2024-07-21 10:50:00,Credit Card,Paid,TPPAYV88WOT5Z26,28065.0,0.0,INR
2693,2693,2025-02-15 17:08:33,Debit Card,Paid,TPPAYCHPMAAJ4HN,33567.0,0.0,INR
2694,2694,2025-03-21 19:55:23,Credit Card,Paid,TPPAYM2X4QWSDK0,24384.6,0.0,INR
2695,2695,2026-07-17 11:23:18,UPI,Paid,TPPAY8JVMPQ3B6S,14814.0,0.0,INR
2696,2696,2026-08-19 17:19:04,Credit Card,Pending,TPPAY5LH4B2QTMG,0.0,0.0,INR
2697,2697,2024-06-02 21:23:20,UPI,Paid,TPPAYDEBYRFDVOB,14999.1,0.0,INR
2698,2698,2025-07-12 04:08:07,Debit Card,Paid,TPPAYBCSGVBHXYO,81124.0,0.0,INR
2699,2699,2026-06-20 19:35:50,UPI,Paid,TPPAYJ6BVHKWKA0,129175.0,0.0,INR
2700,2700,2025-10-24 01:40:19,Debit Card,Paid,TPPAY0EJAPJ9HGB,41750.6,0.0,INR
2701,2701,2026-09-04 22:38:22,Credit Card,Paid,TPPAYCDSG8XH9T6,10926.0,0.0,INR
2702,2702,2025-10-11 14:41:37,Net Banking,Paid,TPPAY28E2XN8UH2,73562.3,0.0,INR
2703,2703,2026-08-08 01:49:32,Debit Card,Paid,TPPAYMOAU1USC5D,11117.0,0.0,INR
2704,2704,2026-07-16 03:26:04,UPI,Paid,TPPAYH0Z7GL40O1,69446.4,0.0,INR
2705,2705,2024-01-31 09:23:30,Credit Card,Paid,TPPAYFIAEUH1MZC,29049.6,0.0,INR
2706,2706,2025-04-15 06:50:43,UPI,Refunded,TPPAYUCD788X1E6,58030.0,58030.0,INR
2707,2707,2026-08-11 04:33:21,Net Banking,Paid,TPPAYA6YSVQMWLP,71620.0,0.0,INR
2708,2708,2026-07-20 12:39:12,Debit Card,Paid,TPPAYJAG35ZMZ9F,109815.0,0.0,INR
2709,2709,2024-08-10 02:27:47,Credit Card,Refunded,TPPAYP29HKQTAHQ,130620.0,130620.0,INR
2710,2710,2026-08-19 19:47:19,UPI,Paid,TPPAYV7WIHOHNAX,93364.0,0.0,INR
2711,2711,2025-11-10 01:20:57,Wallet,Paid,TPPAY5R3OJ2JRC8,16080.0,0.0,INR
2712,2712,2024-01-20 21:18:53,UPI,Paid,TPPAYLUWNLWDSP0,32605.0,0.0,INR
2713,2713,2026-08-13 13:32:06,UPI,Paid,TPPAYD62FIA7ISI,19563.0,0.0,INR
2714,2714,2024-02-24 11:51:00,UPI,Paid,TPPAYPO8DVMZCQI,16906.0,0.0,INR
2715,2715,2026-07-30 23:13:50,UPI,Paid,TPPAYXP7RDHU13I,29664.9,0.0,INR
2716,2716,2026-07-10 08:46:37,UPI,Paid,TPPAYPOEW1Q312F,9939.2,0.0,INR
2717,2717,2026-02-03 13:12:34,Credit Card,Paid,TPPAYO2EH584BMV,105248.7,0.0,INR
2718,2718,2023-09-27 01:00:03,Debit Card,Paid,TPPAYT5KV79FD3H,15892.55,0.0,INR
2719,2719,2026-07-03 15:44:49,UPI,Paid,TPPAYLJ5SMMYWZV,25668.0,0.0,INR
2720,2720,2025-05-02 04:28:03,UPI,Paid,TPPAYHRHCN0OI4I,144078.9,0.0,INR
2721,2721,2026-06-24 01:52:34,Debit Card,Paid,TPPAY5NQHHDR5MX,60805.0,0.0,INR
2722,2722,2026-08-10 05:25:51,UPI,Paid,TPPAYN1MYGBAESG,61398.0,0.0,INR
2723,2723,2026-07-05 18:38:34,UPI,Paid,TPPAY2FM47CXPI2,146420.0,0.0,INR
2724,2724,2026-07-16 13:24:48,Credit Card,Paid,TPPAYEHLWLEHKE6,18574.2,0.0,INR
2725,2725,2026-07-05 02:26:06,UPI,Refunded,TPPAYL1LU4FMI6H,45041.4,45041.4,INR
2726,2726,2026-08-08 12:50:18,Credit Card,Refunded,TPPAY38YHOYYFTO,31813.2,31813.2,INR
2727,2727,2024-10-01 04:40:40,Net Banking,Refunded,TPPAY9VDN15TV6J,80696.0,31813.2,INR
2728,2728,2023-10-09 01:40:03,Debit Card,Paid,TPPAY51PFR7DAK8,14073.3,0.0,INR
2729,2729,2026-06-14 19:33:55,Debit Card,Pending,TPPAYIGS8NPDF6T,0.0,0.0,INR
2730,2730,2026-08-12 15:21:54,Debit Card,Paid,TPPAYEQPIBU59WI,105760.4,0.0,INR
2731,2731,2026-01-29 21:37:52,Credit Card,Paid,TPPAYQ1QUG44ALB,22221.0,0.0,INR
2732,2732,2024-01-23 05:46:45,Debit Card,Paid,TPPAY2FZHGNK11P,18636.0,0.0,INR
2733,2733,2024-08-20 11:20:30,Debit Card,Refunded,TPPAYRNWG1BL2RR,35309.0,35309.0,INR
2734,2734,2026-05-18 15:11:23,Wallet,Paid,TPPAY55JGY9NC8V,27902.7,0.0,INR
2735,2735,2026-06-28 10:49:44,Credit Card,Paid,TPPAYD3EPKG2GLO,64770.0,0.0,INR
2736,2736,2026-07-01 15:45:45,Debit Card,Refunded,TPPAYAZ9YT4OJGR,22227.0,22227.0,INR
2737,2737,2026-07-20 05:09:04,Credit Card,Paid,TPPAYXZG93GDKID,24924.0,0.0,INR
2738,2738,2026-06-30 23:58:11,UPI,Paid,TPPAY8UI39PSF9Q,77889.0,0.0,INR
2739,2739,2024-03-22 16:23:56,Credit Card,Paid,TPPAYIDMK7LJZVN,108878.55,0.0,INR
2740,2740,2024-10-24 09:21:07,Net Banking,Paid,TPPAYIWJTCE5ST3,115254.0,0.0,INR
2741,2741,2024-02-25 01:30:27,UPI,Paid,TPPAYH203OB7G8Z,50187.0,0.0,INR
2742,2742,2024-07-03 11:42:46,UPI,Paid,TPPAYDWOH589QL4,80496.0,0.0,INR
2743,2743,2026-08-29 22:01:32,Net Banking,Paid,TPPAYY6A7TT72EA,87048.0,0.0,INR
2744,2744,2026-08-17 06:22:38,UPI,Paid,TPPAYRNVY4MBVC7,35292.0,0.0,INR
2745,2745,2025-02-04 19:37:10,Credit Card,Paid,TPPAY0IYIFZCOFL,96883.2,0.0,INR
2746,2746,2026-08-09 06:10:42,UPI,Paid,TPPAYQU4SKW1VUS,115048.8,0.0,INR
2747,2747,2026-09-02 07:18:05,Debit Card,Paid,TPPAY4VWM96NLYE,22378.0,0.0,INR
2748,2748,2024-04-06 07:03:54,UPI,Paid,TPPAYZGY2IFUNI9,24405.2,0.0,INR
2749,2749,2026-08-23 06:16:23,Credit Card,Paid,TPPAYFPYVOJ5GDH,48546.0,0.0,INR
2750,2750,2023-09-15 18:00:35,Credit Card,Paid,TPPAY4B9426VRMC,108510.0,0.0,INR
2751,2751,2026-06-16 02:14:58,UPI,Paid,TPPAYAM1LAIS5I9,26784.0,0.0,INR
2752,2752,2026-07-12 22:35:59,Debit Card,Paid,TPPAYJES9JMQK31,59513.4,0.0,INR
2753,2753,2026-06-27 23:04:11,UPI,Pending,TPPAYNK9ZOK8D6L,0.0,0.0,INR
2754,2754,2026-03-29 08:59:55,UPI,Paid,TPPAY3H8EUAMEHY,20072.0,0.0,INR
2755,2755,2024-02-28 21:28:23,UPI,Paid,TPPAYDHH449NDPV,54797.4,0.0,INR
2756,2756,2026-07-17 08:32:55,UPI,Paid,TPPAYCAJ0QYTAYD,12834.0,0.0,INR
2757,2757,2024-07-06 07:11:04,Credit Card,Paid,TPPAYO3JSIJ8FNP,68001.6,0.0,INR
2758,2758,2026-05-13 23:10:07,UPI,Paid,TPPAYMYYACXO5I8,21109.95,0.0,INR
2759,2759,2024-03-11 07:09:33,UPI,Paid,TPPAYNZPBRR1UTD,17088.0,0.0,INR
2760,2760,2024-02-13 18:49:59,UPI,Refunded,TPPAY7GXBLSM8XD,155530.0,155530.0,INR
2761,2761,2025-05-28 00:01:10,UPI,Refunded,TPPAY89IGQNUSYX,24333.0,24333.0,INR
2762,2762,2026-06-02 09:53:29,Net Banking,Paid,TPPAYYLDTZV2C97,10987.0,0.0,INR
2763,2763,2026-06-16 00:38:17,UPI,Paid,TPPAYDC1DTB243X,61850.7,0.0,INR
2764,2764,2024-05-29 07:31:07,UPI,Paid,TPPAY68A4IVO730,62292.0,0.0,INR
2765,2765,2026-09-05 07:41:17,Credit Card,Paid,TPPAYUC2D6P3SWB,108464.4,0.0,INR
2766,2766,2025-08-10 09:51:00,Net Banking,Paid,TPPAYEU843KV74Z,37246.65,0.0,INR
2767,2767,2024-08-21 18:56:35,Credit Card,Paid,TPPAYPLJNDDGU29,109517.4,0.0,INR
2768,2768,2026-07-20 23:37:20,Debit Card,Paid,TPPAYU2M8P06UWI,20698.0,0.0,INR
2769,2769,2026-08-08 17:18:50,UPI,Paid,TPPAY3FD97DOSFX,60333.0,0.0,INR
2770,2770,2026-07-14 05:45:36,Credit Card,Paid,TPPAY606BRPJTT6,18045.0,0.0,INR
2771,2771,2026-01-13 01:12:39,Debit Card,Paid,TPPAYB4RJRBSLQ7,23317.2,0.0,INR
2772,2772,2024-10-28 12:02:10,UPI,Refunded,TPPAYM74DJ0JQZ0,15155.2,15155.2,INR
2773,2773,2025-08-25 02:04:40,Debit Card,Refunded,TPPAYA1YGH5QW7Y,23706.0,15155.2,INR
2774,2774,2026-07-30 08:44:01,Credit Card,Pending,TPPAYED9XL0B5EH,0.0,0.0,INR
2775,2775,2026-07-17 20:58:16,Debit Card,Pending,TPPAYD1CSATIAZX,0.0,0.0,INR
2776,2776,2026-07-13 21:01:32,UPI,Paid,TPPAYNNSL0MDTHJ,78343.2,0.0,INR
2777,2777,2026-08-29 02:40:13,UPI,Paid,TPPAY4E6WN98ZFY,102887.4,0.0,INR
2778,2778,2025-03-06 07:05:30,UPI,Paid,TPPAYSXTS8N98C9,33480.0,0.0,INR
2779,2779,2026-07-04 02:44:19,Credit Card,Refunded,TPPAYYCS5BIN52J,65106.0,65106.0,INR
2780,2780,2026-09-02 08:14:02,Net Banking,Paid,TPPAYEF2TZQTFIL,95716.8,0.0,INR
2781,2781,2025-07-07 08:33:16,Net Banking,Paid,TPPAYWZS8R122SS,31785.1,0.0,INR
2782,2782,2026-07-14 10:37:36,Debit Card,Paid,TPPAYBDPX3EWFMX,47677.65,0.0,INR
2783,2783,2025-07-24 22:58:21,UPI,Paid,TPPAY6BBIX7VJ0N,80496.0,0.0,INR
2784,2784,2025-04-27 19:05:06,UPI,Paid,TPPAY0JVQYNIM8G,56061.0,0.0,INR
2785,2785,2025-02-06 14:04:18,UPI,Paid,TPPAYDYW9XSF6X2,67296.0,0.0,INR
2786,2786,2025-09-17 01:16:28,Credit Card,Paid,TPPAY8KOSD4JN1A,25668.0,0.0,INR
2787,2787,2026-08-12 05:33:29,Credit Card,Paid,TPPAY4SIZIDFA8J,17565.3,0.0,INR
2788,2788,2024-06-20 07:46:46,Credit Card,Paid,TPPAYIAB5NNMY0W,17752.65,0.0,INR
2789,2789,2026-07-25 19:59:08,Credit Card,Paid,TPPAYETF0RWEPPB,35348.0,0.0,INR
2790,2790,2026-04-20 09:11:52,Credit Card,Paid,TPPAYX8EV5OZUV4,49662.2,0.0,INR
2791,2791,2023-11-08 11:45:11,Debit Card,Refunded,TPPAYQDKLJOS2P3,33809.0,33809.0,INR
2792,2792,2025-06-01 14:38:38,UPI,Paid,TPPAYLHVOLCFF1E,20698.0,0.0,INR
2793,2793,2026-05-21 05:08:00,Debit Card,Paid,TPPAYZH43SKCUXA,59823.0,0.0,INR
2794,2794,2025-12-21 08:12:56,Debit Card,Paid,TPPAYWS4E8VSN3D,70023.0,0.0,INR
2795,2795,2024-04-21 07:30:28,Credit Card,Paid,TPPAYLMX8LGF9F2,16080.0,0.0,INR
2796,2796,2024-09-10 18:12:28,UPI,Refunded,TPPAY3IP5Q0RFO4,12424.0,12424.0,INR
2797,2797,2026-08-17 13:50:08,Credit Card,Paid,TPPAYTH71SYW8CJ,14818.0,0.0,INR
2798,2798,2026-02-17 08:55:29,UPI,Paid,TPPAYE7UZ6UWYWG,57296.0,0.0,INR
2799,2799,2026-07-02 14:48:36,Credit Card,Paid,TPPAYPVP6GAIQKC,16906.0,0.0,INR
2800,2800,2023-10-05 15:46:40,Credit Card,Paid,TPPAYC1CKP6AIB5,21920.3,0.0,INR
2801,2801,2024-11-22 11:11:56,Net Banking,Paid,TPPAYG9UYP5YMMV,52614.0,0.0,INR
2802,2802,2026-06-12 13:57:03,UPI,Paid,TPPAY6DZUO5Q4N8,71920.0,0.0,INR
2803,2803,2026-01-24 04:29:25,Credit Card,Paid,TPPAYPC2IR0FBMB,28767.0,0.0,INR
2804,2804,2024-11-14 19:05:49,UPI,Paid,TPPAYF8F7XMTCCE,24350.4,0.0,INR
2805,2805,2024-02-02 22:50:02,Credit Card,Paid,TPPAYFG0Z16M0T6,18944.0,0.0,INR
2806,2806,2023-10-06 08:09:05,Credit Card,Paid,TPPAYVBCICX2FCQ,80344.0,0.0,INR
2807,2807,2026-08-16 07:50:53,UPI,Refunded,TPPAYG3S8L6KDC1,9355.0,9355.0,INR
2808,2808,2024-05-23 02:13:36,Credit Card,Paid,TPPAYL9QE8Q9T9P,30075.0,0.0,INR
2809,2809,2026-07-17 17:57:11,Credit Card,Paid,TPPAYUP3F2C3R5P,9355.0,0.0,INR
2810,2810,2026-07-09 23:43:01,UPI,Paid,TPPAYZCAQH823PJ,80965.0,0.0,INR
2811,2811,2024-06-21 06:18:54,Debit Card,Paid,TPPAYUY0O31JLXQ,46211.8,0.0,INR
2812,2812,2026-07-23 00:02:32,UPI,Paid,TPPAYIY6KNNNR5N,21088.8,0.0,INR
2813,2813,2026-08-03 07:35:05,UPI,Paid,TPPAYK9582LYN7V,14356.0,0.0,INR
2814,2814,2026-08-21 13:30:49,Credit Card,Paid,TPPAY0Q6L0VEHXO,49284.0,0.0,INR
2815,2815,2026-07-23 16:26:07,Credit Card,Paid,TPPAYDTGDBXJ9DF,43096.0,0.0,INR
2816,2816,2024-11-01 03:14:55,Debit Card,Paid,TPPAYBYULD9BRPS,21889.8,0.0,INR
2817,2817,2024-10-18 07:40:35,Credit Card,Paid,TPPAYGDDC9089P5,35505.3,0.0,INR
2818,2818,2026-06-21 10:18:54,Credit Card,Paid,TPPAYQX3IVEL2K2,32322.0,0.0,INR
2819,2819,2026-08-18 21:53:37,UPI,Paid,TPPAYOICKKC8SH1,18796.7,0.0,INR
2820,2820,2024-03-24 22:05:43,UPI,Paid,TPPAYIVHRLUAAO7,61605.0,0.0,INR
2821,2821,2024-07-28 22:44:10,UPI,Refunded,TPPAY34NRUUOS2C,31633.2,31633.2,INR
2822,2822,2025-08-31 10:31:34,Wallet,Refunded,TPPAYH27ENAJ0EV,14524.8,31633.2,INR
2823,2823,2026-09-05 07:20:15,UPI,Pending,TPPAYBDM5Z8JK6H,0.0,0.0,INR
2824,2824,2026-06-25 19:52:14,UPI,Paid,TPPAYSB25N5MBU8,151662.0,0.0,INR
2825,2825,2026-06-16 13:54:03,Net Banking,Paid,TPPAYLW39LZAWTG,25632.0,0.0,INR
2826,2826,2026-07-10 05:09:56,Credit Card,Paid,TPPAYDT0WDXKIYK,20505.6,0.0,INR
2827,2827,2026-06-17 08:19:26,UPI,Paid,TPPAYN6AIH3OM0F,99705.0,0.0,INR
2828,2828,2026-09-08 02:04:57,Credit Card,Paid,TPPAYMC7ZFCBSIR,8453.0,0.0,INR
2829,2829,2026-07-19 21:31:47,Credit Card,Paid,TPPAYEE4GJEL3ME,29538.0,0.0,INR
2830,2830,2024-08-20 07:22:54,Debit Card,Paid,TPPAYRF5SU5HQS7,27622.2,0.0,INR
2831,2831,2024-03-25 12:25:41,UPI,Paid,TPPAYBBZ0H0QWRJ,42972.0,0.0,INR
2832,2832,2026-06-21 18:18:58,UPI,Paid,TPPAYZHAS678J5E,20070.0,0.0,INR
2833,2833,2024-07-14 21:38:43,UPI,Paid,TPPAY6MF27G10XI,37888.0,0.0,INR
2834,2834,2025-07-13 07:52:44,Credit Card,Paid,TPPAYJTK9W5JVZC,20072.0,0.0,INR
2835,2835,2026-07-26 17:57:38,Debit Card,Refunded,TPPAYBWK9MOO24U,103820.0,103820.0,INR
2836,2836,2026-06-06 08:39:28,UPI,Paid,TPPAYD2DR6N7GPF,16080.0,0.0,INR
2837,2837,2026-07-30 22:37:15,UPI,Refunded,TPPAY6T17N529R2,18303.9,18303.9,INR
2838,2838,2024-04-21 08:23:51,UPI,Paid,TPPAYOI5JPCJIHK,38768.0,0.0,INR
2839,2839,2026-08-05 15:54:55,Credit Card,Paid,TPPAYHVCQDB7LL4,19786.0,0.0,INR
2840,2840,2026-07-21 18:20:22,UPI,Paid,TPPAY65EGYLPY84,73562.3,0.0,INR
2841,2841,2023-09-12 18:44:11,Debit Card,Paid,TPPAYMB95Y71RU5,37045.0,0.0,INR
2842,2842,2026-07-26 08:42:35,UPI,Paid,TPPAYZHSP95Q9IU,30643.2,0.0,INR
2843,2843,2026-07-16 16:53:24,Debit Card,Paid,TPPAYUP483R896C,48381.6,0.0,INR
2844,2844,2023-12-30 16:16:30,UPI,Paid,TPPAYXI65GFA3IE,58360.4,0.0,INR
2845,2845,2025-03-13 12:21:41,Debit Card,Paid,TPPAYOAY2U6W03Z,93318.0,0.0,INR
2846,2846,2023-12-14 04:46:22,UPI,Paid,TPPAYBTIVAJ0EI6,62292.0,0.0,INR
2847,2847,2024-12-16 02:34:57,Debit Card,Paid,TPPAY6OM4RB3HBZ,41396.0,0.0,INR
2848,2848,2026-09-02 19:52:04,Debit Card,Pending,TPPAYB6VW3RX2BZ,0.0,0.0,INR
2849,2849,2026-07-02 16:11:45,Credit Card,Paid,TPPAYMTVUATC3ZG,37888.0,0.0,INR
2850,2850,2024-06-16 23:23:52,UPI,Refunded,TPPAYZXYE59AQVG,114330.0,114330.0,INR
2851,2851,2024-11-16 23:30:25,Debit Card,Paid,TPPAYLLGV3ZSCCG,34818.0,0.0,INR
2852,2852,2023-12-03 02:26:00,Debit Card,Paid,TPPAY3B1XX9H72C,78903.2,0.0,INR
2853,2853,2023-12-12 03:14:35,Debit Card,Paid,TPPAYYOKZUZVRZS,56062.8,0.0,INR
2854,2854,2026-08-10 06:44:35,UPI,Paid,TPPAYXZZUOWA6P2,36963.0,0.0,INR
2855,2855,2026-02-18 01:20:38,UPI,Paid,TPPAYPIZ7F31UDU,9939.2,0.0,INR
2856,2856,2026-08-09 21:49:30,UPI,Paid,TPPAYZB35J3I8UG,78519.6,0.0,INR
2857,2857,2025-07-08 03:45:26,UPI,Paid,TPPAY4HWMY503L8,9157.9,0.0,INR
2858,2858,2026-06-13 05:00:16,UPI,Pending,TPPAYGN3CSWT1YP,0.0,0.0,INR
2859,2859,2026-08-07 05:45:44,Net Banking,Paid,TPPAYPY31EHBM44,34818.0,0.0,INR
2860,2860,2026-09-05 13:26:35,UPI,Paid,TPPAYMUWSXTU3YQ,37420.0,0.0,INR
2861,2861,2026-07-30 00:15:54,Debit Card,Paid,TPPAYLQ49ZAZ0UW,25258.5,0.0,INR
2862,2862,2025-04-19 15:03:39,Credit Card,Paid,TPPAY2RSGNJWOJH,39572.0,0.0,INR
2863,2863,2026-08-25 08:58:56,Debit Card,Refunded,TPPAYFI2J8X0BK4,18126.0,18126.0,INR
2864,2864,2026-06-19 05:35:10,Debit Card,Paid,TPPAY29TB3RIWT4,60805.0,0.0,INR
2865,2865,2026-08-10 23:01:41,UPI,Paid,TPPAY2CWJYBKFPZ,122796.0,0.0,INR
2866,2866,2026-02-15 20:35:14,UPI,Paid,TPPAYMHCS8U1TRN,92777.0,0.0,INR
2867,2867,2026-07-10 13:24:30,Credit Card,Paid,TPPAYH4C62R6BYM,26469.0,0.0,INR
2868,2868,2023-12-01 11:39:54,UPI,Paid,TPPAYEXUIQSP3SX,61113.6,0.0,INR
2869,2869,2026-01-11 04:45:47,UPI,Paid,TPPAYBP8X8C8YL9,22260.4,0.0,INR
2870,2870,2026-07-21 10:36:42,UPI,Paid,TPPAYSFWB4IJYFX,57165.0,0.0,INR
2871,2871,2026-07-13 16:11:44,Debit Card,Paid,TPPAY3HRXHEBSFM,36550.0,0.0,INR
2872,2872,2026-08-05 17:59:48,Debit Card,Paid,TPPAY74PUFDJPCI,9472.0,0.0,INR
2873,2873,2025-12-09 10:59:35,UPI,Paid,TPPAYP60O13E0T2,13788.7,0.0,INR
2874,2874,2026-05-03 07:40:06,UPI,Paid,TPPAYTK5LFIVHTP,28416.0,0.0,INR
2875,2875,2026-07-02 07:57:09,UPI,Paid,TPPAY9KGI7AM9JG,39384.0,0.0,INR
2876,2876,2024-11-27 13:39:23,UPI,Paid,TPPAY09G4RXV4BW,26138.0,0.0,INR
2877,2877,2025-04-13 01:40:31,Credit Card,Paid,TPPAYV0D75BJQ99,38862.0,0.0,INR
2878,2878,2026-02-15 18:26:25,Net Banking,Refunded,TPPAY8ZVL2PB5Y9,74748.0,74748.0,INR
2879,2879,2026-08-03 02:26:24,Debit Card,Paid,TPPAYJAOE2159HU,56878.6,0.0,INR
2880,2880,2025-03-03 08:55:03,Credit Card,Paid,TPPAYR52RIAEIZB,38915.2,0.0,INR
2881,2881,2024-11-24 21:19:41,Credit Card,Paid,TPPAYDCHXFD1N0N,86226.0,0.0,INR
2882,2882,2026-08-05 15:45:51,UPI,Paid,TPPAY57PFHZK6X7,78903.2,0.0,INR
2883,2883,2024-10-19 20:15:57,UPI,Paid,TPPAYO6JZS6XKKR,43877.0,0.0,INR
2884,2884,2026-08-05 21:25:47,Credit Card,Pending,TPPAYPAT92GTDSS,0.0,0.0,INR
2885,2885,2024-05-08 21:02:12,Credit Card,Paid,TPPAY0EW22SBU7F,24333.0,0.0,INR
2886,2886,2025-03-07 18:46:21,UPI,Paid,TPPAYPUUJ4GWNRO,51620.0,0.0,INR
2887,2887,2024-04-23 10:37:33,Debit Card,Paid,TPPAY2X7NESNIBW,65106.0,0.0,INR
2888,2888,2025-03-20 05:45:20,Net Banking,Refunded,TPPAYRPJ8I4XP46,33781.05,33781.05,INR
2889,2889,2026-07-12 11:16:11,Net Banking,Paid,TPPAYCNRN29GMMJ,8837.0,0.0,INR
2890,2890,2026-07-22 08:24:29,UPI,Paid,TPPAYN3EONLS6UN,36366.0,0.0,INR
2891,2891,2024-04-18 21:47:54,UPI,Paid,TPPAY83H2Q6L1X4,46733.4,0.0,INR
2892,2892,2025-09-17 12:59:16,Debit Card,Refunded,TPPAYCPEOKE7IYV,80496.0,80496.0,INR
2893,2893,2024-07-26 00:11:12,Wallet,Refunded,TPPAYKFIJIX5HUC,38768.0,80496.0,INR
2894,2894,2025-11-20 05:47:58,Debit Card,Paid,TPPAY4SUCGFYWAT,124424.0,0.0,INR
2895,2895,2025-09-18 00:12:13,Net Banking,Paid,TPPAY6E25RISNZF,61432.0,0.0,INR
2896,2896,2024-07-27 05:17:34,Debit Card,Paid,TPPAYLAN7NNTQPJ,13380.0,0.0,INR
2897,2897,2025-11-06 00:54:59,UPI,Paid,TPPAYA8TRBR4Z3Z,24848.0,0.0,INR
2898,2898,2026-08-07 22:51:25,Debit Card,Pending,TPPAYMBM5XW58O8,0.0,0.0,INR
2899,2899,2025-09-22 13:31:18,UPI,Paid,TPPAYJXT37MLXZ5,23432.0,0.0,INR
2900,2900,2026-06-15 00:08:51,UPI,Paid,TPPAYRKE83942LP,32444.0,0.0,INR
2901,2901,2025-04-14 20:54:32,UPI,Paid,TPPAYNEDKYD68KR,81310.0,0.0,INR
2902,2902,2026-06-27 17:07:32,Credit Card,Paid,TPPAYG6F8OJHIN8,71920.0,0.0,INR
2903,2903,2026-06-24 20:56:18,UPI,Paid,TPPAYT6J32EFPV2,109517.4,0.0,INR
2904,2904,2025-10-19 13:20:36,Credit Card,Paid,TPPAY4F7F695BZ3,25632.0,0.0,INR
2905,2905,2026-08-21 01:08:15,UPI,Paid,TPPAYCJOKDLCN1U,65106.0,0.0,INR
2906,2906,2026-08-26 04:47:09,Credit Card,Refunded,TPPAYUXXMZGGN7S,52248.0,52248.0,INR
2907,2907,2025-04-10 19:31:22,Debit Card,Paid,TPPAY99L7C0F8OC,141960.0,0.0,INR
2908,2908,2026-07-03 07:38:09,Debit Card,Paid,TPPAYO3B22U3SZ9,22431.6,0.0,INR
2909,2909,2025-06-25 01:01:15,Net Banking,Paid,TPPAYEYKB15EWMH,120516.0,0.0,INR
2910,2910,2026-06-22 04:29:55,UPI,Paid,TPPAY9YIFXDBKKW,104130.0,0.0,INR
2911,2911,2026-08-15 16:25:48,UPI,Paid,TPPAYXH6ENGV6XZ,155010.0,0.0,INR
2912,2912,2026-06-22 08:18:07,Wallet,Refunded,TPPAYVV6Q3WR5IK,17088.0,17088.0,INR
2913,2913,2026-03-09 13:04:40,Credit Card,Paid,TPPAYYIK3NKHTHJ,80496.0,0.0,INR
2914,2914,2025-08-26 00:05:57,UPI,Paid,TPPAY0M1M36PGE6,107880.0,0.0,INR
2915,2915,2026-08-17 05:56:43,Net Banking,Paid,TPPAYE5A2CAABOV,43948.0,0.0,INR
2916,2916,2026-06-27 23:38:12,UPI,Refunded,TPPAY08LG629M9W,20934.0,20934.0,INR
2917,2917,2025-04-30 17:21:34,UPI,Paid,TPPAYR4G1XBV535,81124.0,0.0,INR
2918,2918,2024-01-17 15:57:35,Net Banking,Paid,TPPAY9T3ERZD84I,82726.0,0.0,INR
2919,2919,2026-08-29 12:14:21,Credit Card,Paid,TPPAYYWTS8IBYL7,84795.0,0.0,INR
2920,2920,2026-07-28 17:56:55,UPI,Paid,TPPAYUC901DCMXZ,22378.0,0.0,INR
2921,2921,2026-06-19 21:55:16,UPI,Paid,TPPAYCX89ROTFO5,16313.4,0.0,INR
2922,2922,2026-06-14 16:18:17,Credit Card,Paid,TPPAYLOCCXPP6XV,44307.0,0.0,INR
2923,2923,2023-12-13 08:18:11,UPI,Paid,TPPAY99J8M7L49L,52276.0,0.0,INR
2924,2924,2026-02-13 02:33:46,Credit Card,Paid,TPPAYIZP8UQ833Q,19563.0,0.0,INR
2925,2925,2026-07-21 13:09:43,UPI,Paid,TPPAY14949C9MOM,41191.0,0.0,INR
2926,2926,2026-07-30 05:19:16,UPI,Paid,TPPAYD7AKY84LW6,78921.0,0.0,INR
2927,2927,2025-10-09 23:22:59,UPI,Paid,TPPAYM1YHO5IF2T,34818.0,0.0,INR
2928,2928,2026-08-19 23:03:39,Net Banking,Pending,TPPAYVH9DN8Q5ED,0.0,0.0,INR
2929,2929,2026-07-12 02:28:43,Debit Card,Pending,TPPAYFEJZ4SB8U3,0.0,0.0,INR
2930,2930,2026-01-31 07:50:16,Credit Card,Paid,TPPAY72JU251Q77,32626.8,0.0,INR
2931,2931,2025-11-10 08:27:53,Credit Card,Paid,TPPAYEPCC9KGCFN,69800.3,0.0,INR
2932,2932,2026-08-02 00:19:20,Wallet,Paid,TPPAYR8ZPN0XUY2,99189.0,0.0,INR
2933,2933,2026-08-16 09:59:27,UPI,Paid,TPPAYT4NTW3MCGG,103820.0,0.0,INR
2934,2934,2023-12-26 17:27:10,Credit Card,Paid,TPPAY3LU6IK71WS,90990.0,0.0,INR
2935,2935,2023-12-23 22:57:54,UPI,Paid,TPPAY3LJ93L5KAI,16906.0,0.0,INR
2936,2936,2025-04-01 10:49:04,Credit Card,Refunded,TPPAYRH9AHV0M45,48579.0,48579.0,INR
2937,2937,2024-05-08 11:30:42,Credit Card,Paid,TPPAY496XDH8FSQ,22894.05,0.0,INR
2938,2938,2026-07-10 09:51:30,Debit Card,Paid,TPPAYCFQ8IWF5E5,60856.2,0.0,INR
2939,2939,2024-12-28 19:08:18,Debit Card,Paid,TPPAYG12TSX1WUM,37035.0,0.0,INR
2940,2940,2024-12-22 17:02:16,Net Banking,Paid,TPPAYDA0J02NSOH,61772.0,0.0,INR
2941,2941,2026-06-13 10:24:11,Credit Card,Refunded,TPPAY4UE8C708NA,58030.0,58030.0,INR
2942,2942,2026-06-10 15:40:02,Debit Card,Paid,TPPAYB99GOPDAMK,28918.8,0.0,INR
2943,2943,2025-04-06 00:51:46,UPI,Paid,TPPAYCW7L80WTDH,21712.5,0.0,INR
2944,2944,2026-07-14 09:39:19,UPI,Paid,TPPAYVS8MDNNAGA,14999.1,0.0,INR
2945,2945,2026-07-10 14:55:16,UPI,Paid,TPPAYD3A5TPHJI1,33812.0,0.0,INR
2946,2946,2024-06-21 21:28:50,UPI,Paid,TPPAY1YVFVVMH7B,24322.0,0.0,INR
2947,2947,2026-08-23 18:49:22,Credit Card,Paid,TPPAYXJMADHJNBG,64770.0,0.0,INR
2948,2948,2026-08-20 00:31:58,Credit Card,Paid,TPPAY9EQ7RG7O3J,46768.5,0.0,INR
2949,2949,2026-08-14 17:06:35,Credit Card,Refunded,TPPAYE7KANBHD4E,109768.5,109768.5,INR
2950,2950,2026-07-08 21:34:54,Wallet,Paid,TPPAYU5DX22EPKL,22234.0,0.0,INR
2951,2951,2024-10-18 22:54:58,UPI,Refunded,TPPAYJS3YMN4WGZ,53840.7,53840.7,INR
2952,2952,2025-10-21 18:24:35,UPI,Paid,TPPAYEQ6A6KJARE,130212.0,0.0,INR
2953,2953,2024-05-28 23:15:00,Credit Card,Paid,TPPAYARSFELNSDJ,82726.0,0.0,INR
2954,2954,2025-05-08 15:15:41,Wallet,Paid,TPPAY1CY1SKWMDF,14814.0,0.0,INR
2955,2955,2025-09-22 14:14:20,Net Banking,Paid,TPPAYSXMTT0O4JT,13380.0,0.0,INR
2956,2956,2026-09-01 21:17:12,Wallet,Paid,TPPAYKF7ML9HQ94,26760.0,0.0,INR
2957,2957,2026-07-24 19:55:41,Credit Card,Pending,TPPAY9EXRG3ZGQG,0.0,0.0,INR
2958,2958,2026-07-26 17:39:59,UPI,Pending,TPPAYPWIUKNTJUD,0.0,0.0,INR
2959,2959,2026-08-16 11:28:57,Credit Card,Pending,TPPAYRO0M49OTSE,25908.0,0.0,INR
2960,2960,2026-08-19 09:02:37,Debit Card,Paid,TPPAYJ4VXXLQMKN,9355.0,0.0,INR
2961,2961,2026-08-07 17:57:38,UPI,Paid,TPPAYTFJQ2PPPSI,100870.0,0.0,INR
2962,2962,2026-02-26 17:13:57,UPI,Paid,TPPAYMH2I2092ME,97929.0,0.0,INR
2963,2963,2026-07-09 10:08:13,Debit Card,Paid,TPPAYOFU5Z6DYSJ,17646.0,0.0,INR
2964,2964,2026-07-08 22:43:33,UPI,Paid,TPPAYB758O8T3C4,18796.7,0.0,INR
2965,2965,2026-08-16 05:28:07,Wallet,Paid,TPPAY38THAXPX8S,34095.5,0.0,INR
2966,2966,2026-08-10 23:19:10,Net Banking,Paid,TPPAYAX192H31HY,76471.2,0.0,INR
2967,2967,2026-07-24 12:43:47,UPI,Pending,TPPAY899I7AA7PZ,0.0,0.0,INR
2968,2968,2024-11-06 21:36:05,UPI,Paid,TPPAYCG3AFJTPI8,23432.0,0.0,INR
2969,2969,2026-08-08 11:53:18,Debit Card,Paid,TPPAYJ9D7TNNTC9,60886.0,0.0,INR
2970,2970,2024-09-21 10:25:04,Debit Card,Paid,TPPAY9TMXYHM70U,132252.0,0.0,INR
2971,2971,2026-06-19 10:21:54,UPI,Refunded,TPPAYXW4Q38PUE2,45180.0,45180.0,INR
2972,2972,2025-11-01 18:42:45,Credit Card,Paid,TPPAYQ5Z7GXWZK9,18072.0,0.0,INR
2973,2973,2026-08-13 21:47:13,Credit Card,Refunded,TPPAYWN06N73V8X,56668.0,56668.0,INR
2974,2974,2026-09-06 20:33:17,UPI,Paid,TPPAYZ07JVLRSVT,73474.0,0.0,INR
2975,2975,2026-07-25 07:12:43,Net Banking,Paid,TPPAYJ5NATK0T04,48460.0,0.0,INR
2976,2976,2026-07-10 16:46:12,Credit Card,Pending,TPPAYZZD55WK0MY,0.0,0.0,INR
2977,2977,2025-01-12 10:32:24,Credit Card,Paid,TPPAYQBO885UJ5G,35549.0,0.0,INR
2978,2978,2024-04-06 18:21:34,UPI,Paid,TPPAY2JSDU76Z30,22431.6,0.0,INR
2979,2979,2024-12-05 15:45:27,Debit Card,Paid,TPPAYO4QFAB44AO,26511.0,0.0,INR
2980,2980,2026-08-10 11:37:21,Credit Card,Paid,TPPAYWQF84M2XB2,113223.0,0.0,INR
2981,2981,2026-09-06 20:00:26,Debit Card,Paid,TPPAY4A7BMRW7MI,113336.0,0.0,INR
2982,2982,2026-06-29 13:20:14,UPI,Paid,TPPAYF2WEZA3RBF,71620.0,0.0,INR
2983,2983,2024-09-17 21:22:16,UPI,Paid,TPPAY32IFWAW2EZ,77505.0,0.0,INR
2984,2984,2026-06-28 15:36:56,Debit Card,Paid,TPPAYI0FX6M4T1U,18636.0,0.0,INR
2985,2985,2025-08-31 05:48:56,Credit Card,Paid,TPPAY1HNK6IGS6U,130620.0,0.0,INR
2986,2986,2025-04-11 17:16:05,UPI,Paid,TPPAYZ4GNGYRJLA,10841.0,0.0,INR
2987,2987,2026-07-13 18:27:05,UPI,Paid,TPPAYUMC75U3FP8,9355.0,0.0,INR
2988,2988,2026-07-07 11:31:09,Net Banking,Paid,TPPAYO5VA05IULJ,22221.0,0.0,INR
2989,2989,2024-12-19 12:18:58,Debit Card,Paid,TPPAYQPEUOX3E44,71920.0,0.0,INR
2990,2990,2024-12-06 22:50:22,UPI,Paid,TPPAY4NZRDH8HDX,33458.0,0.0,INR
2991,2991,2026-07-22 23:28:40,UPI,Paid,TPPAYBNJEF8XVFW,12834.0,0.0,INR
2992,2992,2024-03-31 15:41:58,UPI,Paid,TPPAYDNO7DO4CTI,67296.0,0.0,INR
2993,2993,2026-03-17 23:47:35,UPI,Paid,TPPAY8DZQ9R7X6G,16906.0,0.0,INR
2994,2994,2026-07-24 03:48:24,UPI,Paid,TPPAYI0V9M8W24S,64770.0,0.0,INR
2995,2995,2026-08-26 11:21:00,Credit Card,Paid,TPPAYKH4N2Z5J9Q,41845.5,0.0,INR
2996,2996,2026-08-16 17:20:50,Net Banking,Paid,TPPAY1UOJJCHSA7,37420.0,0.0,INR
2997,2997,2025-03-06 01:08:33,UPI,Refunded,TPPAY779E7K08G4,28195.05,28195.05,INR
2998,2998,2026-07-15 21:27:03,UPI,Paid,TPPAY7PGYOZFGDB,64787.0,0.0,INR
2999,2999,2025-03-29 02:53:17,Credit Card,Refunded,TPPAY1237JY9B7X,43096.0,43096.0,INR
3000,3000,2025-07-30 02:55:15,UPI,Paid,TPPAY1QZEEQM4Z8,68324.0,0.0,INR
3001,3001,2025-01-01 05:26:28,Debit Card,Paid,TPPAYXYUCEG83HJ,28918.8,0.0,INR
3002,3002,2024-04-09 03:12:40,Credit Card,Paid,TPPAYXLYGYJEZRT,70165.8,0.0,INR
3003,3003,2026-08-23 05:43:10,UPI,Paid,TPPAYEVTA60G6EH,19517.0,0.0,INR
3004,3004,2026-07-01 06:18:50,UPI,Paid,TPPAYE8MPZ2YXX2,114609.0,0.0,INR
3005,3005,2026-06-22 14:17:23,Debit Card,Paid,TPPAYZ6CXJ1H1M8,103852.0,0.0,INR
3006,3006,2023-10-02 18:01:21,Net Banking,Refunded,TPPAYWU8YFA02NK,10926.0,10926.0,INR
3007,3007,2024-03-03 14:49:38,Credit Card,Paid,TPPAYF0HKX63R0Z,21534.0,0.0,INR
3008,3008,2026-02-22 12:33:45,UPI,Paid,TPPAYI9A9LGM3GD,32121.4,0.0,INR
3009,3009,2024-09-01 04:21:26,Net Banking,Paid,TPPAYCBU2SHOCMJ,30886.0,0.0,INR
3010,3010,2025-03-09 17:00:54,Credit Card,Paid,TPPAYL51H2YEPVH,51243.0,0.0,INR
3011,3011,2026-08-02 19:43:22,UPI,Paid,TPPAYJ8FEWJDOZ3,91698.0,0.0,INR
3012,3012,2025-01-11 10:04:13,Credit Card,Paid,TPPAYUFL96OEJQU,80444.0,0.0,INR
3013,3013,2026-07-15 12:32:26,Debit Card,Paid,TPPAYYN5T30Z125,67296.0,0.0,INR
3014,3014,2024-05-31 17:13:32,Debit Card,Paid,TPPAY2BICC3DZ1T,100430.0,0.0,INR
3015,3015,2026-07-08 11:47:24,UPI,Paid,TPPAYJNP9N6N1WS,95408.5,0.0,INR
3016,3016,2024-05-07 13:40:43,Credit Card,Paid,TPPAYRNLPUXEECT,186636.0,0.0,INR
3017,3017,2023-09-08 20:55:41,UPI,Refunded,TPPAYF57P0JRTX8,52948.2,52948.2,INR
3018,3018,2026-07-27 04:55:08,Credit Card,Refunded,TPPAY5U7NGLJCTI,26084.0,26084.0,INR
3019,3019,2026-05-05 08:54:16,Debit Card,Paid,TPPAYCE9KU9RBKF,80555.25,0.0,INR
3020,3020,2026-07-21 10:05:53,UPI,Pending,TPPAYJF5TTJKMFR,0.0,0.0,INR
3021,3021,2024-01-24 02:43:09,UPI,Paid,TPPAY8VJ3MYXK39,21974.0,0.0,INR
3022,3022,2024-11-08 16:25:18,UPI,Paid,TPPAYN76IAZX5AK,14500.8,0.0,INR
3023,3023,2026-07-30 03:36:09,Debit Card,Paid,TPPAY685CGBTWDA,47880.0,0.0,INR
3024,3024,2026-06-15 01:16:52,Debit Card,Paid,TPPAY7XLBEKOWRY,46634.4,0.0,INR
3025,3025,2025-09-09 11:24:04,UPI,Paid,TPPAYLI3RDZNR6C,16824.0,0.0,INR
3026,3026,2026-08-01 15:38:22,Credit Card,Pending,TPPAYNYK0I8JDXL,0.0,0.0,INR
3027,3027,2026-05-19 03:19:54,UPI,Paid,TPPAYW20AXISBOQ,17579.2,0.0,INR
3028,3028,2026-09-01 16:29:46,Net Banking,Paid,TPPAY72KRHQB2A6,73474.0,0.0,INR
3029,3029,2025-10-22 01:23:18,UPI,Paid,TPPAYT5LNN56YPL,19786.0,0.0,INR
3030,3030,2026-06-14 20:32:50,Wallet,Paid,TPPAYBVYWTA9NN3,26511.0,0.0,INR
3031,3031,2023-09-16 03:50:26,UPI,Paid,TPPAYOUQ00H600D,16080.0,0.0,INR
3032,3032,2026-06-12 12:46:27,Debit Card,Paid,TPPAY0JY6FFQJA3,116943.0,0.0,INR
3033,3033,2025-12-17 00:57:22,UPI,Paid,TPPAYQJ3PBTT2QB,104274.0,0.0,INR
3034,3034,2026-02-03 00:29:11,UPI,Paid,TPPAYRXGRHXDTVZ,33812.0,0.0,INR
3035,3035,2024-09-25 22:06:34,UPI,Paid,TPPAYOS1QS9VP6J,32322.0,0.0,INR
3036,3036,2026-06-17 18:40:31,UPI,Paid,TPPAYZYD07051MX,21534.0,0.0,INR
3037,3037,2026-07-07 04:25:16,Debit Card,Paid,TPPAYYD17EC0NKY,34818.0,0.0,INR
3038,3038,2024-03-10 06:02:35,Credit Card,Refunded,TPPAYHJQ6EK6AV2,27854.4,27854.4,INR
3039,3039,2025-10-12 07:00:21,UPI,Paid,TPPAY18PZY536Q5,19629.9,0.0,INR
3040,3040,2026-02-08 00:45:09,Wallet,Refunded,TPPAYVELWNVSNGG,28648.0,28648.0,INR
3041,3041,2026-06-22 19:47:40,Debit Card,Paid,TPPAY8P1ZJXO50T,87244.0,0.0,INR
3042,3042,2025-10-06 12:16:04,UPI,Refunded,TPPAYOXYXT79YCH,81310.0,81310.0,INR
3043,3043,2026-07-18 13:05:30,UPI,Paid,TPPAYFCPEWFDBAI,8051.2,0.0,INR
3044,3044,2024-04-16 18:51:35,Net Banking,Paid,TPPAYEJTRKLP2OP,58580.0,0.0,INR
3045,3045,2026-06-26 13:44:48,Debit Card,Paid,TPPAY6A37X6TABJ,132252.0,0.0,INR
3046,3046,2024-10-09 02:44:18,Wallet,Paid,TPPAY0MRLVL8PMA,116705.0,0.0,INR
3047,3047,2026-08-06 17:37:40,Credit Card,Paid,TPPAY0EFRN5LVJM,32386.0,0.0,INR
3048,3048,2026-01-24 21:19:04,UPI,Refunded,TPPAYSY4MGVTBSD,33390.6,33390.6,INR
3049,3049,2023-09-11 23:32:26,Debit Card,Paid,TPPAYPQYF3BHKVM,17674.0,0.0,INR
3050,3050,2026-03-23 09:19:10,UPI,Refunded,TPPAYWO2NOB9IE1,13380.0,13380.0,INR
3051,3051,2026-08-01 18:37:51,UPI,Paid,TPPAYZ8V3EIDSYS,71920.0,0.0,INR
3052,3052,2026-08-21 12:15:08,UPI,Pending,TPPAYI8X0GUJTEO,0.0,0.0,INR
3053,3053,2026-08-09 03:56:39,Debit Card,Paid,TPPAYZ6C0PSWTZW,22260.4,0.0,INR
3054,3054,2026-06-26 02:15:21,Credit Card,Paid,TPPAYOIJPI0PPGQ,18126.0,0.0,INR
3055,3055,2024-05-13 09:00:31,UPI,Paid,TPPAYR14ZWNTC13,85739.5,0.0,INR
3056,3056,2026-06-11 18:34:30,UPI,Paid,TPPAYGUPXPK1UGD,28648.0,0.0,INR
3057,3057,2025-02-20 12:32:12,UPI,Paid,TPPAYOXRT12KJG5,21811.0,0.0,INR
3058,3058,2024-10-09 04:53:30,UPI,Refunded,TPPAYQU6A2V7M9H,49284.0,49284.0,INR
3059,3059,2023-12-02 18:17:32,UPI,Paid,TPPAYPNGQ8EPU6F,69113.5,0.0,INR
3060,3060,2024-09-09 16:59:00,Wallet,Refunded,TPPAYIO4QRFAQX6,48701.6,48701.6,INR
3061,3061,2024-03-21 14:57:08,Net Banking,Paid,TPPAYSE43UH1SRN,120666.0,0.0,INR
3062,3062,2026-09-01 08:10:24,UPI,Paid,TPPAY76NR0SEZP9,122796.0,0.0,INR
3063,3063,2026-07-18 05:15:09,Credit Card,Paid,TPPAYLL9T9DR4BI,121320.0,0.0,INR
3064,3064,2026-08-07 22:27:53,UPI,Paid,TPPAY6HI7WH88ZC,86226.0,0.0,INR
3065,3065,2024-07-20 19:17:15,Debit Card,Paid,TPPAYJKPIA46CKA,107681.4,0.0,INR
3066,3066,2026-06-14 18:55:14,Debit Card,Paid,TPPAYNMCAEKJ4V4,85747.5,0.0,INR
3067,3067,2025-10-30 13:59:26,UPI,Paid,TPPAY60CNC206PT,93318.0,0.0,INR
3068,3068,2026-09-01 12:31:54,Debit Card,Paid,TPPAY1PE1WXECBM,37374.0,0.0,INR
3069,3069,2024-02-25 16:30:21,Debit Card,Refunded,TPPAYLKKGXPOQ88,60805.0,60805.0,INR
3070,3070,2026-04-26 06:04:52,UPI,Paid,TPPAYW9EBRDXHW8,54469.8,0.0,INR
3071,3071,2025-01-06 20:21:06,UPI,Paid,TPPAYD4R31UCDQG,80496.0,0.0,INR
3072,3072,2026-07-24 19:28:59,Net Banking,Paid,TPPAYS2W8VVULDT,73629.75,0.0,INR
3073,3073,2026-07-03 16:08:35,Debit Card,Paid,TPPAYF8N7HBHQF4,32444.0,0.0,INR
3074,3074,2026-06-27 12:14:30,Debit Card,Paid,TPPAYMOP2W5ZRHA,18636.0,0.0,INR
3075,3075,2026-06-28 05:27:10,Wallet,Paid,TPPAY84NGAFW875,26168.4,0.0,INR
3076,3076,2026-08-21 05:23:36,UPI,Paid,TPPAYV6I5OJZC74,18944.0,0.0,INR
3077,3077,2026-06-10 02:18:54,Wallet,Paid,TPPAY5791P8RTF1,92777.0,0.0,INR
3078,3078,2026-09-03 17:39:29,Wallet,Paid,TPPAYVZNKZY5717,140331.6,0.0,INR
3079,3079,2025-02-25 08:04:43,Debit Card,Paid,TPPAY8MYHX5TQM2,130620.0,0.0,INR
3080,3080,2026-08-03 03:58:21,UPI,Paid,TPPAYNA4S37DLGK,46074.0,0.0,INR
3081,3081,2026-06-20 05:55:50,Net Banking,Paid,TPPAYK86M7J22N6,31633.2,0.0,INR
3082,3082,2026-01-20 14:11:41,Credit Card,Paid,TPPAYNQNMXM2M5I,35348.0,0.0,INR
3083,3083,2026-07-26 07:08:33,Wallet,Paid,TPPAYGV98MRPSNA,27622.2,0.0,INR
3084,3084,2023-12-04 19:50:14,UPI,Paid,TPPAYVPILK9N8UD,23074.0,0.0,INR
3085,3085,2026-07-05 08:25:10,Debit Card,Paid,TPPAYJSNEMJOLNH,11550.6,0.0,INR
3086,3086,2025-10-28 17:32:19,Credit Card,Paid,TPPAY14Z3EG3QH2,62983.1,0.0,INR
3087,3087,2025-04-13 03:01:17,UPI,Paid,TPPAY6QDA0QFZMP,44292.0,0.0,INR
3088,3088,2026-08-13 08:23:44,UPI,Paid,TPPAYSKLY25IJ5X,19931.4,0.0,INR
3089,3089,2026-08-02 08:04:39,UPI,Paid,TPPAYNOK4EA3NE6,39034.0,0.0,INR
3090,3090,2025-10-25 19:13:26,UPI,Paid,TPPAYAOG3E8BRRB,42518.2,0.0,INR
3091,3091,2026-07-17 20:57:46,UPI,Paid,TPPAY1VQCMAC4FN,32778.0,0.0,INR
3092,3092,2023-10-27 05:40:40,Credit Card,Paid,TPPAYEOKBTBFP2M,49284.0,0.0,INR
3093,3093,2026-07-05 07:15:41,Net Banking,Paid,TPPAYRZAR46IJTW,18429.7,0.0,INR
3094,3094,2024-12-12 22:43:57,Debit Card,Paid,TPPAYVLT6TKEXAM,54205.0,0.0,INR
3095,3095,2023-11-09 04:00:51,Wallet,Paid,TPPAY3QTTUT3QLQ,93364.0,0.0,INR
3096,3096,2026-08-27 23:26:45,Credit Card,Paid,TPPAYTOOBJ6VMJK,21038.7,0.0,INR
3097,3097,2026-08-29 23:10:56,Debit Card,Paid,TPPAYS0Q701YRS6,118014.0,0.0,INR
3098,3098,2024-01-21 16:32:17,UPI,Paid,TPPAYMC77QVP8ZK,13042.0,0.0,INR
3099,3099,2023-11-02 21:58:38,UPI,Paid,TPPAYJ0LAC5MK8I,12424.0,0.0,INR
3100,3100,2026-07-09 18:22:09,Credit Card,Paid,TPPAYHODZTRVFYJ,15410.9,0.0,INR
3101,3101,2025-01-11 22:36:25,UPI,Paid,TPPAY38VFYV6EXO,55618.05,0.0,INR
3102,3102,2025-09-06 08:04:25,Debit Card,Paid,TPPAYP28ZS8MBPW,46864.0,0.0,INR
3103,3103,2026-07-18 13:07:53,UPI,Paid,TPPAYP15F9V8I2X,10926.0,0.0,INR
3104,3104,2026-06-17 19:38:01,Credit Card,Paid,TPPAYLN1DOO10Z3,118354.8,0.0,INR
3105,3105,2024-10-14 19:35:55,Credit Card,Paid,TPPAYOKJ15OCG4N,31888.65,0.0,INR
3106,3106,2025-07-13 23:11:58,UPI,Paid,TPPAYEQRIBJSU4M,24519.5,0.0,INR
3107,3107,2026-06-17 19:20:58,Wallet,Paid,TPPAYYIK3J6303K,65879.25,0.0,INR
3108,3108,2024-07-13 12:17:29,Credit Card,Paid,TPPAY4QZCSOJYPP,24848.0,0.0,INR
3109,3109,2026-09-05 12:00:52,Credit Card,Paid,TPPAYP76PKCNRRN,61605.0,0.0,INR
3110,3110,2026-07-23 16:14:47,Credit Card,Paid,TPPAYG8JWK6OTPH,26760.0,0.0,INR
3111,3111,2026-08-20 15:52:56,Debit Card,Paid,TPPAYUPUYREEISY,23706.0,0.0,INR
3112,3112,2025-01-17 21:08:47,UPI,Paid,TPPAYUJYIR5U6R7,39207.0,0.0,INR
3113,3113,2025-01-26 21:48:49,UPI,Paid,TPPAYXW5BZX3FRB,12905.0,0.0,INR
3114,3114,2025-03-12 08:08:33,UPI,Paid,TPPAYYF2H753GQD,32085.0,0.0,INR
3115,3115,2024-02-11 06:06:18,Debit Card,Paid,TPPAYSLK08U20JN,15312.0,0.0,INR
3116,3116,2026-02-19 09:43:58,UPI,Refunded,TPPAYYOI5WW522I,27276.4,27276.4,INR
3117,3117,2026-08-30 18:30:13,UPI,Paid,TPPAY7OYA6XRNMG,26511.0,0.0,INR
3118,3118,2026-06-28 04:08:11,UPI,Paid,TPPAYY31VS0TUPT,140046.0,0.0,INR
3119,3119,2026-08-25 14:29:05,Debit Card,Paid,TPPAY0SSCBA9TQO,93342.75,0.0,INR
3120,3120,2024-04-08 19:43:22,UPI,Paid,TPPAYEF4EY82MM2,107681.4,0.0,INR
3121,3121,2025-12-09 07:59:25,Credit Card,Paid,TPPAY008G6YUUWX,19786.0,0.0,INR
3122,3122,2026-07-24 14:49:25,UPI,Paid,TPPAYDH1ZWNVJBD,49225.2,0.0,INR
3123,3123,2026-09-04 14:22:31,UPI,Refunded,TPPAY5OLPZGTG20,107669.2,107669.2,INR
3124,3124,2023-11-23 19:52:06,Debit Card,Paid,TPPAYVGPOYCCEMT,58580.0,0.0,INR
3125,3125,2025-10-03 18:26:16,Credit Card,Paid,TPPAYQVVMHX8XP3,79764.0,0.0,INR
3126,3126,2025-10-27 07:54:47,UPI,Paid,TPPAYHKT34F3XEV,138840.0,0.0,INR
3127,3127,2026-07-05 22:35:20,UPI,Refunded,TPPAYCCRQY6NMGL,103340.0,103340.0,INR
3128,3128,2026-07-14 00:32:20,Credit Card,Pending,TPPAYDABJONEYDI,0.0,0.0,INR
3129,3129,2026-07-26 19:10:48,Net Banking,Paid,TPPAYZDDH280G6E,48250.0,0.0,INR
3130,3130,2026-06-29 17:13:51,Credit Card,Paid,TPPAY43Q53CFDXP,49718.25,0.0,INR
3131,3131,2026-08-02 11:17:16,UPI,Paid,TPPAYRQUUABY3BH,16080.0,0.0,INR
3132,3132,2026-08-30 19:22:31,Net Banking,Pending,TPPAY63E03UPBBF,0.0,0.0,INR
3133,3133,2024-07-04 16:50:51,Net Banking,Pending,TPPAYBD2WJ0A3GY,13524.8,0.0,INR
3134,3134,2026-07-01 09:59:42,Credit Card,Paid,TPPAY7MNAV4JKEH,21088.8,0.0,INR
3135,3135,2026-07-03 02:03:42,UPI,Paid,TPPAYFCU1UZM7XO,18796.7,0.0,INR
3136,3136,2026-09-07 09:50:34,Credit Card,Paid,TPPAYFU7M3H55H0,29679.0,0.0,INR
3137,3137,2024-02-20 03:39:46,UPI,Paid,TPPAYZSC6YNJDO8,29679.0,0.0,INR
3138,3138,2026-07-05 01:22:22,Credit Card,Paid,TPPAYYNURXSFR8M,94640.0,0.0,INR
3139,3139,2026-07-24 03:34:04,Credit Card,Paid,TPPAYVIS4M3402I,114490.2,0.0,INR
3140,3140,2024-03-05 10:17:56,UPI,Refunded,TPPAYOGN2EKKCT0,32444.0,32444.0,INR
3141,3141,2026-06-17 05:09:46,UPI,Paid,TPPAY1G2CH0ITZI,37374.0,0.0,INR
3142,3142,2025-04-02 22:57:32,Net Banking,Paid,TPPAY7NQTN9GG7V,25632.0,0.0,INR
3143,3143,2025-11-26 03:43:05,Net Banking,Paid,TPPAYV34OALA7HO,37888.0,0.0,INR
3144,3144,2025-05-01 16:42:13,Credit Card,Paid,TPPAY80R3D4TZRF,162620.0,0.0,INR
3145,3145,2026-07-22 05:40:48,UPI,Paid,TPPAYFRYY1ONN77,18636.0,0.0,INR
3146,3146,2026-06-10 17:01:34,Wallet,Paid,TPPAY44VCD0XPEJ,111095.85,0.0,INR
3147,3147,2026-07-24 20:28:37,UPI,Pending,TPPAY7EWLBK4IWT,0.0,0.0,INR
3148,3148,2023-09-16 13:33:19,Credit Card,Paid,TPPAY3A7F6NXP8T,32895.0,0.0,INR
3149,3149,2025-08-09 20:04:25,Debit Card,Refunded,TPPAYC0E7VWBAG2,46424.0,46424.0,INR
3150,3150,2026-07-23 16:56:45,UPI,Paid,TPPAYOHF2OPOZLM,17219.7,0.0,INR
3151,3151,2026-07-30 07:27:52,Credit Card,Paid,TPPAYGVITFZRJDL,45041.4,0.0,INR
3152,3152,2025-03-15 01:34:54,UPI,Paid,TPPAYGZXY009C3J,108810.0,0.0,INR
3153,3153,2026-08-23 01:57:20,Debit Card,Paid,TPPAYT3UWQDIHHI,22520.7,0.0,INR
3154,3154,2026-08-06 10:13:33,UPI,Paid,TPPAY0KQNGZAMYT,8156.7,0.0,INR
3155,3155,2023-12-10 23:26:22,UPI,Paid,TPPAYO6KO3DYHTL,8030.35,0.0,INR
3156,3156,2024-11-01 04:49:15,UPI,Refunded,TPPAYYTBW2G5YQO,37374.0,37374.0,INR
3157,3157,2026-07-27 21:00:41,UPI,Paid,TPPAYSX1S1HJUW3,35890.0,0.0,INR
3158,3158,2025-09-16 11:10:35,Debit Card,Paid,TPPAYXZ0Y9MOZXQ,46424.0,0.0,INR
3159,3159,2024-02-06 04:58:27,UPI,Paid,TPPAY0GU16YER52,46722.6,0.0,INR
3160,3160,2026-06-14 04:22:43,Debit Card,Paid,TPPAYCQSUQ3QCPX,22260.4,0.0,INR
3161,3161,2024-05-07 15:59:37,Debit Card,Paid,TPPAYPKU0WBGDU1,18072.0,0.0,INR
3162,3162,2026-06-28 05:04:42,Debit Card,Paid,TPPAY8WCPLS9NEQ,19737.0,0.0,INR
3163,3163,2026-08-11 00:26:22,UPI,Pending,TPPAYHB1G6WOY9S,0.0,0.0,INR
3164,3164,2026-08-05 03:56:56,Credit Card,Pending,TPPAYRI6FUZ58AN,43948.0,0.0,INR
3165,3165,2024-12-28 10:00:13,UPI,Paid,TPPAY39XPGNEGHU,12905.0,0.0,INR
3166,3166,2026-08-10 07:04:35,Debit Card,Paid,TPPAY7IQ5LUDAO0,54797.4,0.0,INR
3167,3167,2026-09-04 17:29:13,UPI,Paid,TPPAYFO8EASQDYQ,33678.0,0.0,INR
3168,3168,2026-06-25 17:41:51,Credit Card,Refunded,TPPAYAUHKJL1GLN,34473.6,34473.6,INR
3169,3169,2026-08-05 07:26:37,UPI,Paid,TPPAYTFYBLUAG8A,10841.0,0.0,INR
3170,3170,2026-06-29 01:47:12,Debit Card,Paid,TPPAYSY9Y45Z7KR,18944.0,0.0,INR
3171,3171,2026-07-31 08:08:35,Wallet,Refunded,TPPAYIFEUZWQ4H3,56061.0,56061.0,INR
3172,3172,2026-06-29 11:33:45,UPI,Paid,TPPAY0SAAPN4TEQ,37045.0,0.0,INR
3173,3173,2026-07-28 13:48:49,Credit Card,Paid,TPPAYI91ITAM0UO,15141.6,0.0,INR
3174,3174,2023-09-12 16:42:52,Net Banking,Paid,TPPAY2U2TH7L0M9,26469.0,0.0,INR
3175,3175,2025-08-09 02:46:25,UPI,Paid,TPPAYZDYRXOU6B3,49465.0,0.0,INR
3176,3176,2025-04-06 09:39:38,Net Banking,Paid,TPPAY1D68VHQW5O,20720.45,0.0,INR
3177,3177,2024-12-26 13:45:41,UPI,Paid,TPPAYM6O1CPALRU,56668.0,0.0,INR
3178,3178,2026-07-29 06:10:03,Wallet,Paid,TPPAYZGY8R0H9DO,18045.0,0.0,INR
3179,3179,2026-08-11 14:00:53,Net Banking,Paid,TPPAYGU1TH0LCLF,87048.0,0.0,INR
3180,3180,2026-07-13 18:50:08,UPI,Paid,TPPAY6CT60H1AH8,60333.0,0.0,INR
3181,3181,2026-07-20 09:15:17,UPI,Refunded,TPPAYK8M2INKJEJ,42720.0,42720.0,INR
3182,3182,2024-07-25 13:35:27,UPI,Refunded,TPPAYBOJTRY73VI,26584.2,26584.2,INR
3183,3183,2024-07-27 04:54:05,UPI,Paid,TPPAYNY5MAF9HRS,42921.0,0.0,INR
3184,3184,2024-12-15 20:38:49,UPI,Refunded,TPPAYBWLSYIBIL4,132252.0,132252.0,INR
3185,3185,2024-01-27 04:32:38,Net Banking,Paid,TPPAYVGOX6AY4F5,55365.0,0.0,INR
3186,3186,2024-08-11 23:09:49,Net Banking,Paid,TPPAYHBHY9UCDIW,93364.0,0.0,INR
3187,3187,2023-10-24 03:14:24,Credit Card,Paid,TPPAYHTBW3QUKM1,61531.5,0.0,INR
3188,3188,2026-08-24 22:36:14,Net Banking,Refunded,TPPAY7EMI19LG72,50877.0,50877.0,INR
3189,3189,2026-08-22 16:39:00,UPI,Paid,TPPAYGRVG6P9982,155924.0,0.0,INR
3190,3190,2026-06-24 20:19:34,Debit Card,Paid,TPPAYCJU5686XY3,94640.0,0.0,INR
3191,3191,2025-02-04 07:27:16,UPI,Paid,TPPAYWC1LXKSQM9,46864.0,0.0,INR
3192,3192,2026-02-11 22:37:53,Credit Card,Paid,TPPAYVBU2EN1PBJ,48579.0,0.0,INR
3193,3193,2026-06-11 00:04:48,Debit Card,Pending,TPPAY3HZADGFRLE,0.0,0.0,INR
3194,3194,2025-01-25 07:19:48,Credit Card,Paid,TPPAYT4XXY83CQN,36180.0,0.0,INR
3195,3195,2026-08-28 01:14:21,Wallet,Paid,TPPAYJMLU8M1E22,51914.0,0.0,INR
3196,3196,2026-08-30 22:38:45,UPI,Paid,TPPAYPXJEYNG18W,38862.0,0.0,INR
3197,3197,2026-08-24 20:23:57,UPI,Paid,TPPAYJIW1WWAZO3,19692.0,0.0,INR
3198,3198,2025-05-16 04:36:39,UPI,Paid,TPPAYRIX9HJ1N9A,11853.0,0.0,INR
3199,3199,2024-06-25 13:42:22,UPI,Paid,TPPAY0HFC58BD5S,18710.0,0.0,INR
3200,3200,2026-06-25 13:52:29,Wallet,Paid,TPPAYXEF3MYP9GV,18707.4,0.0,INR
3201,3201,2026-08-27 21:14:42,UPI,Paid,TPPAYKK94CW1P7A,49284.0,0.0,INR
3202,3202,2024-11-30 17:11:56,Credit Card,Paid,TPPAY0UYAT2AKU6,24831.1,0.0,INR
3203,3203,2023-10-10 17:24:30,Credit Card,Paid,TPPAYT35CPB5D09,27622.2,0.0,INR
3204,3204,2024-04-01 06:28:13,UPI,Paid,TPPAYUJ0XWADH1H,46424.0,0.0,INR
3205,3205,2024-03-28 18:30:14,Wallet,Paid,TPPAYIR9TY1S1FU,39703.5,0.0,INR
3206,3206,2026-07-19 12:42:11,UPI,Paid,TPPAY61JYEFH342,14370.1,0.0,INR
3207,3207,2026-03-10 19:32:40,Credit Card,Paid,TPPAYJ8QN57TG0J,20759.4,0.0,INR
3208,3208,2026-07-20 17:50:23,UPI,Refunded,TPPAYXGBTI79FY3,116943.0,116943.0,INR
3209,3209,2026-07-26 19:43:55,Credit Card,Paid,TPPAY4BZKL7EMWV,81124.0,0.0,INR
3210,3210,2026-07-14 12:47:10,UPI,Paid,TPPAY27ZMZ6ZBLY,131637.8,0.0,INR
3211,3211,2024-07-27 16:27:10,UPI,Paid,TPPAYSAB0LCYWSI,21548.0,0.0,INR
3212,3212,2026-08-11 19:47:29,UPI,Paid,TPPAYAXF6D5DVML,108850.0,0.0,INR
3213,3213,2025-11-28 17:59:29,Credit Card,Paid,TPPAYAJYOI21L2Q,33480.0,0.0,INR
3214,3214,2026-07-31 09:29:30,Credit Card,Paid,TPPAYR52IMNY8S7,66521.85,0.0,INR
3215,3215,2026-09-06 15:55:56,UPI,Paid,TPPAYIJF9T5YBVO,9063.0,0.0,INR
3216,3216,2026-07-21 01:56:53,Debit Card,Refunded,TPPAYXOVVHX8BY1,85747.5,85747.5,INR
3217,3217,2025-07-05 23:23:36,UPI,Paid,TPPAYGYCYJF54V2,91464.0,0.0,INR
3218,3218,2024-12-07 12:51:52,Debit Card,Paid,TPPAYRATVZN0LPT,28648.0,0.0,INR
3219,3219,2026-07-14 04:31:42,Debit Card,Paid,TPPAYTDKIZCFUC3,32523.0,0.0,INR
3220,3220,2026-06-21 21:57:22,UPI,Paid,TPPAYM40OU9KD2B,73474.0,0.0,INR
3221,3221,2025-07-26 14:13:13,UPI,Paid,TPPAYLBA69RTAQL,97660.0,0.0,INR
3222,3222,2026-07-01 00:56:08,Credit Card,Paid,TPPAYTTHNZ0F9VW,31312.95,0.0,INR
3223,3223,2025-12-19 09:09:27,Credit Card,Paid,TPPAY2ZSMOTRWWE,12905.0,0.0,INR
3224,3224,2024-05-23 06:27:38,Debit Card,Paid,TPPAYCOB7HNZXAO,32626.8,0.0,INR
3225,3225,2026-07-04 03:33:06,UPI,Paid,TPPAYJP7ZHDT20W,50928.0,0.0,INR
3226,3226,2026-08-12 08:52:40,Credit Card,Pending,TPPAYBMO9WRKHQV,0.0,0.0,INR
3227,3227,2025-12-14 02:10:24,Credit Card,Paid,TPPAY0FPCW9ZNTZ,59007.0,0.0,INR
3228,3228,2026-07-15 01:46:41,Credit Card,Paid,TPPAYXB0CFLDH01,10827.0,0.0,INR
3229,3229,2026-07-19 09:03:38,UPI,Paid,TPPAYFAZSJZ5769,19563.0,0.0,INR
3230,3230,2026-07-10 10:29:47,UPI,Paid,TPPAY4VYC1PO3YT,20457.3,0.0,INR
3231,3231,2026-08-06 15:27:15,UPI,Refunded,TPPAY3RI6EIYXYD,62006.0,62006.0,INR
3232,3232,2025-09-27 13:30:06,Debit Card,Paid,TPPAYHYK03X5QO4,52614.0,0.0,INR
3233,3233,2026-08-11 11:37:32,UPI,Paid,TPPAYYAK6TVOWHM,19786.0,0.0,INR
3234,3234,2026-08-13 03:52:30,UPI,Paid,TPPAYYJ8SH6DHLG,34975.8,0.0,INR
3235,3235,2026-07-07 23:17:20,Debit Card,Paid,TPPAYO7C9WDLK3G,25908.0,0.0,INR
3236,3236,2026-08-14 04:16:50,Net Banking,Paid,TPPAYL80VIBJKFV,28712.0,0.0,INR
3237,3237,2026-06-16 17:07:32,UPI,Refunded,TPPAY0IV91YCG3F,37888.0,37888.0,INR
3238,3238,2023-09-19 02:53:47,Debit Card,Paid,TPPAYQUN96HIXBF,155010.0,0.0,INR
3239,3239,2025-10-29 07:55:09,Credit Card,Paid,TPPAYKEMGATLZAZ,47412.0,0.0,INR
3240,3240,2025-07-10 04:45:04,UPI,Paid,TPPAYSYO5SN31LD,41540.0,0.0,INR
3241,3241,2026-06-24 02:41:50,Credit Card,Paid,TPPAYM8Z0L8BIBN,58030.0,0.0,INR
3242,3242,2023-12-13 20:19:58,Wallet,Paid,TPPAY4WEMUU272C,61772.0,0.0,INR
3243,3243,2026-08-10 23:08:20,UPI,Refunded,TPPAYVFPCSMFGJ0,38715.0,38715.0,INR
3244,3244,2023-10-06 19:08:24,Wallet,Paid,TPPAYW3D2CIYN60,20673.7,0.0,INR
3245,3245,2025-08-20 22:10:54,Credit Card,Paid,TPPAY2JI3R96ZUI,40377.6,0.0,INR
3246,3246,2026-06-19 03:28:15,Debit Card,Paid,TPPAYIT4WIGNPZD,61398.0,0.0,INR
3247,3247,2026-06-19 14:48:28,Credit Card,Paid,TPPAY903IOLEUZM,30716.0,0.0,INR
3248,3248,2026-05-04 19:10:26,Credit Card,Paid,TPPAYX7H5PLVPRS,27215.6,0.0,INR
3249,3249,2023-11-19 10:38:44,UPI,Paid,TPPAY6ZHHQTYFQ0,43622.0,0.0,INR
3250,3250,2026-07-13 22:56:56,Net Banking,Paid,TPPAYVTLOU6Q2QE,76220.0,0.0,INR
3251,3251,2026-08-28 11:34:35,Credit Card,Paid,TPPAYNJFIC36I5U,20470.6,0.0,INR
3252,3252,2026-07-03 16:47:33,Net Banking,Paid,TPPAYMXX0C4ANI5,74018.0,0.0,INR
3253,3253,2024-04-18 02:12:09,Net Banking,Paid,TPPAYN54WOZBVA8,124424.0,0.0,INR
3254,3254,2025-12-25 05:59:43,Net Banking,Paid,TPPAYYUBK462C55,108613.5,0.0,INR
3255,3255,2026-06-08 18:27:55,Net Banking,Paid,TPPAYA8BLVQN13B,124956.0,0.0,INR
3256,3256,2025-01-01 04:01:16,Debit Card,Paid,TPPAYDBAWGSJCA3,35505.3,0.0,INR
3257,3257,2026-08-02 03:55:08,Net Banking,Paid,TPPAY8G7KCMAUHG,29538.0,0.0,INR
3258,3258,2026-02-03 20:51:10,Net Banking,Paid,TPPAY07VK3NPENT,32961.0,0.0,INR
3259,3259,2026-09-06 13:15:37,UPI,Refunded,TPPAYT2JG725HA9,46864.0,46864.0,INR
3260,3260,2024-11-23 17:39:41,UPI,Paid,TPPAYALAVDD8CRY,12030.0,0.0,INR
3261,3261,2026-07-08 13:28:54,Credit Card,Paid,TPPAYT9N89W08P5,104274.0,0.0,INR
3262,3262,2025-05-18 23:16:55,UPI,Paid,TPPAYPFRJ38Q57A,97660.0,0.0,INR
3263,3263,2026-02-22 18:59:05,Credit Card,Paid,TPPAYX5ASUWL4NE,16729.0,0.0,INR
3264,3264,2026-07-12 15:41:25,Net Banking,Paid,TPPAYQGZY68DYRN,92097.0,0.0,INR
3265,3265,2024-04-07 15:09:07,Debit Card,Refunded,TPPAYTFBQ5CR5UE,10560.4,10560.4,INR
3266,3266,2026-08-17 03:00:06,UPI,Paid,TPPAY2ZPU7T6GWP,47880.0,0.0,INR
3267,3267,2026-09-03 22:31:53,Debit Card,Paid,TPPAYVMVXT5S5LO,108810.0,0.0,INR
3268,3268,2025-12-30 22:11:28,Debit Card,Paid,TPPAYTJOE133TQL,115866.75,0.0,INR
3269,3269,2026-06-29 15:47:32,Credit Card,Paid,TPPAY7KUI2R3PUC,23105.9,0.0,INR
3270,3270,2026-08-08 05:51:40,Debit Card,Paid,TPPAYK0AA2SGCWX,67904.0,0.0,INR
3271,3271,2025-11-02 10:41:40,UPI,Paid,TPPAYU4L7QMFEC3,38915.2,0.0,INR
3272,3272,2026-06-19 04:09:15,Credit Card,Paid,TPPAYV182XY9WI0,86226.0,0.0,INR
3273,3273,2026-06-29 04:20:00,UPI,Paid,TPPAYNZVA3K2TBL,61605.0,0.0,INR
3274,3274,2024-12-14 08:15:10,UPI,Paid,TPPAY9P2TYCBCBJ,33476.4,0.0,INR
3275,3275,2024-01-26 07:47:34,UPI,Paid,TPPAY4LTYCZUOPZ,23212.0,0.0,INR
3276,3276,2024-06-23 09:59:34,UPI,Paid,TPPAYTJ6AMPUYYY,16313.4,0.0,INR
3277,3277,2025-05-12 08:33:49,Debit Card,Paid,TPPAYDQ8OK5HBTB,38768.0,0.0,INR
3278,3278,2026-01-25 03:03:52,Debit Card,Paid,TPPAYVJ6DLXM0Y3,75831.0,0.0,INR
3279,3279,2023-10-08 01:10:02,UPI,Refunded,TPPAYGCGGZ5MZK9,139032.0,139032.0,INR
3280,3280,2026-08-14 07:01:43,Debit Card,Paid,TPPAYYRV57SKU05,34818.0,0.0,INR
3281,3281,2026-07-31 02:11:58,Debit Card,Paid,TPPAYRY1PIBMO3D,8030.35,0.0,INR
3282,3282,2025-07-17 16:04:28,UPI,Paid,TPPAY9NHEC4SFQQ,61772.0,0.0,INR
3283,3283,2026-03-06 00:04:11,Wallet,Paid,TPPAY7KTSGOQUSC,100430.0,0.0,INR
3284,3284,2026-08-09 06:27:25,Credit Card,Paid,TPPAYN5MOZT9YV8,154868.0,0.0,INR
3285,3285,2026-06-21 16:16:07,Debit Card,Pending,TPPAY3C2UU5ROIT,0.0,0.0,INR
3286,3286,2026-06-09 16:57:00,UPI,Paid,TPPAY6LUSRHKN6I,73474.0,0.0,INR
3287,3287,2026-06-02 15:55:16,Wallet,Paid,TPPAY12GX61MHL9,17538.0,0.0,INR
3288,3288,2025-01-17 06:00:21,UPI,Paid,TPPAY89HPYVOAVS,24642.0,0.0,INR
3289,3289,2026-07-01 20:47:01,Net Banking,Paid,TPPAYIMB8DK3ZIT,23706.0,0.0,INR
3290,3290,2026-07-16 09:50:23,Debit Card,Paid,TPPAYBX6YA61XFR,28458.0,0.0,INR
3291,3291,2026-07-13 19:25:25,Credit Card,Paid,TPPAYYGPMI9FTH2,14814.0,0.0,INR
3292,3292,2026-08-29 12:53:53,Credit Card,Paid,TPPAYQ87OYCNXSB,9063.0,0.0,INR
3293,3293,2026-07-09 01:50:49,UPI,Paid,TPPAYH4WL538YI4,23855.25,0.0,INR
3294,3294,2026-08-27 11:08:48,UPI,Paid,TPPAYEWOOAFPQYJ,59823.0,0.0,INR
3295,3295,2023-10-12 21:22:25,Credit Card,Paid,TPPAYHSD48LUU9L,85002.0,0.0,INR
3296,3296,2024-11-08 16:23:14,Net Banking,Paid,TPPAYQLYDTNIM44,25908.0,0.0,INR
3297,3297,2025-04-23 06:49:14,Net Banking,Paid,TPPAYPP43DJL8KK,31767.9,0.0,INR
3298,3298,2024-09-19 13:19:35,Credit Card,Paid,TPPAYP6OAQAOC8L,58580.0,0.0,INR
3299,3299,2023-09-14 22:48:17,UPI,Paid,TPPAYE51NLFXA59,26661.75,0.0,INR
3300,3300,2026-03-03 00:40:07,UPI,Paid,TPPAY5BCVP7HFBN,24848.0,0.0,INR
3301,3301,2026-07-04 00:02:00,UPI,Paid,TPPAY79F9VTX9XI,141960.0,0.0,INR
3302,3302,2026-06-14 12:22:08,Wallet,Paid,TPPAY7TK97WDQ1E,130572.0,0.0,INR
3303,3303,2026-09-06 06:18:23,Credit Card,Paid,TPPAY0KCVKP7U7E,70152.0,0.0,INR
3304,3304,2026-07-14 01:59:55,UPI,Paid,TPPAYHXWXOCNSCV,80344.0,0.0,INR
3305,3305,2026-05-19 16:34:07,Credit Card,Paid,TPPAYKY2A3IS617,44292.0,0.0,INR
3306,3306,2026-09-09 08:38:54,Net Banking,Paid,TPPAY6OQ01PQ6CH,51561.0,0.0,INR
3307,3307,2026-07-30 11:37:22,UPI,Paid,TPPAYMC6WNL6N12,27902.7,0.0,INR
3308,3308,2024-11-26 19:29:53,UPI,Refunded,TPPAYEFXAFYRGAG,14356.0,14356.0,INR
3309,3309,2026-07-05 16:24:04,Net Banking,Paid,TPPAYP7FQ7T79IW,58030.0,0.0,INR
3310,3310,2026-06-12 01:09:34,Credit Card,Paid,TPPAYD9JX3WWXFI,121320.0,0.0,INR
3311,3311,2026-05-05 19:25:34,UPI,Paid,TPPAY9QO4E0SA84,29186.4,0.0,INR
3312,3312,2026-08-25 09:19:12,UPI,Paid,TPPAYJDNOKXBKVI,77962.0,0.0,INR
3313,3313,2026-08-03 14:02:16,Credit Card,Paid,TPPAYEZMZXJE11U,61605.0,0.0,INR
3314,3314,2026-02-05 08:23:12,Credit Card,Paid,TPPAYIQ1RNSY3AQ,19251.0,0.0,INR
3315,3315,2026-03-14 06:40:35,Debit Card,Paid,TPPAYQGX7RLZAJI,124956.0,0.0,INR
3316,3316,2026-06-22 00:18:58,Net Banking,Paid,TPPAYXWYFPU6ZZ1,60660.0,0.0,INR
3317,3317,2024-12-09 05:58:40,UPI,Paid,TPPAY1EK4YIO88M,94640.0,0.0,INR
3318,3318,2026-07-16 18:33:07,Debit Card,Paid,TPPAYE5MRXQDZSC,42720.0,0.0,INR
3319,3319,2026-05-06 13:59:58,UPI,Paid,TPPAYLVKLW295NI,51914.0,0.0,INR
3320,3320,2026-08-02 02:28:24,UPI,Paid,TPPAYPZ0PX3FN8U,119646.0,0.0,INR
3321,3321,2026-06-16 21:22:44,Credit Card,Paid,TPPAYOYUJUSC99D,25668.0,0.0,INR
3322,3322,2026-07-15 00:20:04,Debit Card,Paid,TPPAYHP5SZZBPYG,43622.0,0.0,INR
3323,3323,2026-06-11 01:41:26,Net Banking,Paid,TPPAY53FWGWENSI,88695.8,0.0,INR
3324,3324,2024-02-18 02:35:41,UPI,Refunded,TPPAYHI191ZIBWJ,162248.0,162248.0,INR
3325,3325,2025-02-07 07:58:00,UPI,Paid,TPPAY6HLBSVCLWT,66126.0,0.0,INR
3326,3326,2026-08-12 00:24:32,Debit Card,Paid,TPPAYFCBMX4PHJD,17227.2,0.0,INR
3327,3327,2026-08-17 10:44:58,UPI,Paid,TPPAY4JI4RT7C8C,42972.0,0.0,INR
3328,3328,2023-09-28 12:15:41,UPI,Paid,TPPAYIOJ7V2XMKR,17674.0,0.0,INR
3329,3329,2026-07-05 11:11:37,UPI,Pending,TPPAY3C6TNYGCPU,0.0,0.0,INR
3330,3330,2026-06-18 02:37:36,UPI,Paid,TPPAY240F9Z17QV,61772.0,0.0,INR
3331,3331,2026-08-02 02:52:26,UPI,Paid,TPPAYCA5Z9IYTU4,20088.0,0.0,INR
3332,3332,2025-01-19 23:14:25,UPI,Paid,TPPAYB8RZQJ6U7K,109517.4,0.0,INR
3333,3333,2026-09-04 06:48:34,UPI,Refunded,TPPAYDJFS8HRYTI,17781.6,17781.6,INR
3334,3334,2024-11-21 05:49:28,UPI,Paid,TPPAYEF04VMOF42,22146.0,0.0,INR
3335,3335,2026-04-11 03:05:49,UPI,Paid,TPPAY9TRPMLU7K7,19178.0,0.0,INR
3336,3336,2026-08-14 03:49:55,UPI,Paid,TPPAY3R4OGWYW6I,30108.0,0.0,INR
3337,3337,2026-08-16 05:33:33,UPI,Paid,TPPAYLI7E9PE9PJ,24350.8,0.0,INR
3338,3338,2024-02-14 00:34:38,UPI,Refunded,TPPAYBYXOZ6O5QZ,16222.0,16222.0,INR
3339,3339,2026-07-04 16:08:18,Wallet,Paid,TPPAYERPPLN3VE9,8998.4,0.0,INR
3340,3340,2026-07-03 07:02:17,Debit Card,Paid,TPPAYZWLA7XDBGL,29679.0,0.0,INR
3341,3341,2023-09-23 01:07:10,UPI,Paid,TPPAYTZVXCX5UOG,37797.8,0.0,INR
3342,3342,2024-08-19 20:02:53,UPI,Refunded,TPPAYJOT2QOIAVT,74750.4,74750.4,INR
3343,3343,2025-08-21 10:57:06,UPI,Paid,TPPAY5UB3167PER,86226.0,0.0,INR
3344,3344,2026-09-06 03:00:08,UPI,Paid,TPPAYB8A5IDA05I,13638.2,0.0,INR
3345,3345,2024-12-10 07:58:06,UPI,Refunded,TPPAYBHA3JCQJPM,73474.0,73474.0,INR
3346,3346,2023-11-10 07:44:59,Credit Card,Paid,TPPAY3ULNWFX2VR,30972.0,0.0,INR
3347,3347,2025-07-07 01:16:59,Credit Card,Paid,TPPAYEGTLSSJVX9,15215.4,0.0,INR
3348,3348,2024-10-17 04:27:06,UPI,Paid,TPPAYT40IUNB6N4,26760.0,0.0,INR
3349,3349,2026-07-17 14:41:43,Credit Card,Paid,TPPAYMBNGFY9XPJ,38768.0,0.0,INR
3350,3350,2024-12-19 19:37:22,UPI,Paid,TPPAYXPPT64OUQ3,51745.0,0.0,INR
3351,3351,2026-06-16 04:12:08,Net Banking,Paid,TPPAYW23ROSII52,32778.0,0.0,INR
3352,3352,2023-12-31 22:23:03,UPI,Paid,TPPAY7QJNY4BZXR,21115.65,0.0,INR
3353,3353,2026-06-06 21:11:08,UPI,Paid,TPPAY541C1XYDDK,39774.6,0.0,INR
3354,3354,2024-04-26 11:59:32,UPI,Paid,TPPAYCMZWOO3INC,77434.0,0.0,INR
3355,3355,2026-07-03 21:35:35,Debit Card,Paid,TPPAYH0AM9TJ1BU,17593.3,0.0,INR
3356,3356,2026-08-25 11:21:35,Debit Card,Paid,TPPAYM6MORV92HY,87932.0,0.0,INR
3357,3357,2026-08-12 09:52:41,UPI,Paid,TPPAYRXOIAXE5J4,38136.8,0.0,INR
3358,3358,2026-09-05 12:34:33,Debit Card,Paid,TPPAYXBTAS5PVZK,31806.0,0.0,INR
3359,3359,2024-10-08 03:29:13,Credit Card,Paid,TPPAY8NNAO902Y3,49465.0,0.0,INR
3360,3360,2026-07-18 04:00:38,Wallet,Paid,TPPAYLCY945EZD3,35559.0,0.0,INR
3361,3361,2026-09-03 21:48:35,Credit Card,Paid,TPPAYEWHP7M6C1V,76471.2,0.0,INR
3362,3362,2025-08-17 06:48:03,Credit Card,Paid,TPPAY5LVDXO5KNY,116943.0,0.0,INR
3363,3363,2023-10-11 02:46:40,UPI,Paid,TPPAY3I4J3H6VTM,86286.6,0.0,INR
3364,3364,2025-02-10 12:22:05,UPI,Paid,TPPAYR766FBREDL,34176.0,0.0,INR
3365,3365,2026-09-02 15:29:16,Net Banking,Paid,TPPAY0D8HVN5O18,17674.0,0.0,INR
3366,3366,2025-05-07 02:39:31,Debit Card,Refunded,TPPAYMF89BKV1QV,121104.0,121104.0,INR
3367,3367,2024-12-23 05:35:17,Credit Card,Paid,TPPAYNJBT7IB9CV,80696.0,0.0,INR
3368,3368,2026-07-26 02:01:34,Credit Card,Paid,TPPAYAG1UDS0892,55585.0,0.0,INR
3369,3369,2026-07-29 12:37:26,UPI,Paid,TPPAYGEZM7WAP7G,33351.0,0.0,INR
3370,3370,2026-06-15 05:23:51,Debit Card,Paid,TPPAYBYWYOWXXT7,72251.7,0.0,INR
3371,3371,2026-01-06 02:05:36,UPI,Paid,TPPAY4QKUQHX2PC,155924.0,0.0,INR
3372,3372,2026-04-21 18:01:47,UPI,Paid,TPPAY7IX40J81Y4,72409.0,0.0,INR
3373,3373,2026-08-10 21:45:02,Net Banking,Paid,TPPAYAPQLIJYFV5,103340.0,0.0,INR
3374,3374,2026-09-01 17:27:56,Net Banking,Paid,TPPAY1FEAYF4MNV,29500.2,0.0,INR
3375,3375,2025-11-13 15:15:30,Debit Card,Paid,TPPAYZT3TW230TD,8998.4,0.0,INR
3376,3376,2026-02-19 01:05:06,Net Banking,Refunded,TPPAYSLDDNHBFC7,42720.0,42720.0,INR
3377,3377,2024-10-05 14:29:08,Debit Card,Paid,TPPAYQKLXCHSCA3,22431.6,0.0,INR
3378,3378,2026-07-18 20:53:22,Credit Card,Refunded,TPPAY96H2YLD9E6,42720.0,42720.0,INR
3379,3379,2026-07-06 20:23:30,Debit Card,Paid,TPPAYJZ8XP2VNN2,92097.0,0.0,INR
3380,3380,2023-12-27 12:36:31,Debit Card,Refunded,TPPAYNGHGF0Y913,139099.0,139099.0,INR
3381,3381,2024-01-24 11:35:30,Debit Card,Paid,TPPAY9TAE1EAKIX,27189.0,0.0,INR
3382,3382,2023-10-10 14:36:24,UPI,Paid,TPPAYMXS08BIK4G,138840.0,0.0,INR
3383,3383,2026-08-27 09:55:08,Debit Card,Paid,TPPAY5YMY6JST1R,76501.8,0.0,INR
3384,3384,2026-03-05 22:37:49,UPI,Paid,TPPAYGZYKNQHD7J,53147.75,0.0,INR
3385,3385,2024-08-02 12:34:34,UPI,Paid,TPPAYMHH4JICLP0,41868.0,0.0,INR
3386,3386,2026-04-09 08:28:46,UPI,Paid,TPPAYOQ625Y4RBH,132252.0,0.0,INR
3387,3387,2025-10-16 19:26:03,UPI,Paid,TPPAYA51GSCMW2Y,55128.5,0.0,INR
3388,3388,2026-04-21 20:40:44,Credit Card,Paid,TPPAYNQVDF61FUZ,17674.0,0.0,INR
3389,3389,2026-07-20 15:20:47,Credit Card,Paid,TPPAYIDG6G7CV74,7951.75,0.0,INR
3390,3390,2026-08-12 17:32:10,UPI,Paid,TPPAYVV8AKL4BVG,7607.7,0.0,INR
3391,3391,2026-07-27 07:02:41,UPI,Refunded,TPPAYGX05AUUQE4,33480.0,33480.0,INR
3392,3392,2026-09-07 10:16:57,UPI,Paid,TPPAYNIDO642NMI,30112.2,0.0,INR
3393,3393,2025-01-02 01:42:29,UPI,Paid,TPPAYC71XE3J7K6,37929.6,0.0,INR
3394,3394,2024-09-04 00:07:54,Debit Card,Paid,TPPAYB2X7E1LDOG,13158.0,0.0,INR
3395,3395,2026-07-01 14:15:20,Net Banking,Paid,TPPAYNZOK8SCTIC,24848.0,0.0,INR
3396,3396,2026-06-17 00:26:26,Credit Card,Paid,TPPAYT5A0CX8J4E,120516.0,0.0,INR
3397,3397,2026-08-04 07:04:26,Debit Card,Paid,TPPAY1NTDGBTB1U,140046.0,0.0,INR
3398,3398,2026-08-01 10:42:59,UPI,Paid,TPPAYTH038E4W2V,120516.0,0.0,INR
3399,3399,2026-06-29 05:42:21,Net Banking,Paid,TPPAYSJVUNBQCYU,40941.2,0.0,INR
3400,3400,2026-08-01 13:23:19,UPI,Paid,TPPAYG9QM0MBBBP,21852.0,0.0,INR
3401,3401,2024-11-07 15:31:22,UPI,Paid,TPPAY4YPKRLQTJ7,21548.0,0.0,INR
3402,3402,2023-09-26 08:04:25,Debit Card,Paid,TPPAYQ2SMFJS1MV,32085.0,0.0,INR
3403,3403,2026-08-09 05:44:53,Credit Card,Pending,TPPAYKBSHHJJ3RU,0.0,0.0,INR
3404,3404,2025-08-29 08:52:27,Wallet,Paid,TPPAYOCLAASPSFY,58580.0,0.0,INR
3405,3405,2026-01-24 15:54:33,Credit Card,Paid,TPPAYV5H589Y7BV,50180.0,0.0,INR
3406,3406,2026-09-02 04:37:52,Wallet,Paid,TPPAYRHRBA5F6UR,116151.0,0.0,INR
3407,3407,2026-05-04 00:36:19,Credit Card,Paid,TPPAYP8R0X1YZ56,55365.0,0.0,INR
3408,3408,2026-08-12 10:56:55,Debit Card,Refunded,TPPAYDJUX9K4NNQ,14459.4,14459.4,INR
3409,3409,2026-06-09 22:36:17,UPI,Paid,TPPAYNKXD7XZVHW,64770.0,0.0,INR
3410,3410,2026-07-11 16:06:39,Debit Card,Paid,TPPAYN17LGP5APH,73474.0,0.0,INR
3411,3411,2026-08-25 00:05:13,Credit Card,Paid,TPPAY9CSBN443EM,76406.0,0.0,INR
3412,3412,2024-03-29 09:39:22,UPI,Paid,TPPAY4QD5MCQCFW,30624.0,0.0,INR
3413,3413,2026-07-07 14:09:49,Net Banking,Paid,TPPAYNV48USHC3C,37045.0,0.0,INR
3414,3414,2026-08-28 08:41:36,UPI,Paid,TPPAYTVRRKBG0M3,23212.0,0.0,INR
3415,3415,2026-06-26 11:25:52,UPI,Paid,TPPAYIL5SA4WEZO,10075.05,0.0,INR
3416,3416,2025-01-30 09:16:18,UPI,Paid,TPPAYV5S3VF4D1U,32778.0,0.0,INR
3417,3417,2025-06-01 01:36:16,Net Banking,Paid,TPPAY6UOQNZ8L88,35993.6,0.0,INR
3418,3418,2026-07-14 18:44:06,Credit Card,Paid,TPPAYMSTN70S12M,35348.0,0.0,INR
3419,3419,2026-06-18 22:25:13,Credit Card,Pending,TPPAYSJTUCGNTOW,0.0,0.0,INR
3420,3420,2025-07-25 06:08:22,UPI,Paid,TPPAYZ2AAR6VNSL,113336.0,0.0,INR
3421,3421,2026-08-23 19:26:56,UPI,Paid,TPPAYQHQ2GYWVJ5,41440.9,0.0,INR
3422,3422,2024-10-02 02:15:58,Debit Card,Paid,TPPAY02Q8VID3WA,40200.0,0.0,INR
3423,3423,2026-08-15 19:33:11,Credit Card,Paid,TPPAYHGKTDXY87F,130620.0,0.0,INR
3424,3424,2026-07-24 16:49:33,Debit Card,Paid,TPPAYVWS7HU0F20,37045.0,0.0,INR
3425,3425,2025-05-19 05:51:35,Net Banking,Paid,TPPAY6I2LJNK94G,138840.0,0.0,INR
3426,3426,2026-06-30 18:36:40,UPI,Paid,TPPAYYWPRV5411U,76406.0,0.0,INR
3427,3427,2023-10-02 16:07:15,UPI,Paid,TPPAYXGUAO2B2V0,65310.0,0.0,INR
3428,3428,2026-08-24 07:36:50,UPI,Refunded,TPPAY6Q6A14DA7O,55945.0,55945.0,INR
3429,3429,2026-07-22 02:15:01,UPI,Paid,TPPAYTUK7XPPMCQ,82881.8,0.0,INR
3430,3430,2026-07-17 14:51:37,UPI,Pending,TPPAY35B86ON9IQ,0.0,0.0,INR
3431,3431,2026-05-22 07:35:05,UPI,Paid,TPPAYWJ8V76SGFC,55585.0,0.0,INR
3432,3432,2023-10-11 01:25:24,Credit Card,Paid,TPPAYZIOZ9KW5RF,97660.0,0.0,INR
3433,3433,2025-07-29 18:41:15,Credit Card,Paid,TPPAYXOW9CITO5D,43288.8,0.0,INR
3434,3434,2026-07-23 04:48:39,Debit Card,Paid,TPPAYFBELFUMOFR,14620.0,0.0,INR
3435,3435,2023-12-02 18:37:10,Credit Card,Paid,TPPAYP02C0HKVKQ,55945.0,0.0,INR
3436,3436,2026-05-30 07:41:34,UPI,Paid,TPPAYAPQW1MNE9Z,35192.75,0.0,INR
3437,3437,2024-04-19 21:44:45,UPI,Paid,TPPAYFOWLXG3B6I,21654.0,0.0,INR
3438,3438,2026-06-13 22:42:20,UPI,Paid,TPPAYE8HFQ80PL1,33809.0,0.0,INR
3439,3439,2026-06-28 23:16:57,Credit Card,Paid,TPPAYHJY2BPP6RS,76220.0,0.0,INR
3440,3440,2024-05-06 06:54:51,UPI,Paid,TPPAYZES8P1HGR5,27189.0,0.0,INR
3441,3441,2026-07-01 16:07:07,UPI,Paid,TPPAYJ8T9FX09EO,25810.0,0.0,INR
3442,3442,2023-11-25 22:11:37,Credit Card,Paid,TPPAY4WC6BGA8GV,83081.6,0.0,INR
3443,3443,2026-08-11 07:21:11,Net Banking,Paid,TPPAYH2ZCNYCIH2,69516.0,0.0,INR
3444,3444,2026-06-17 00:51:40,Debit Card,Paid,TPPAYSFGQX3Q98U,77962.0,0.0,INR
3445,3445,2026-08-12 16:24:36,UPI,Paid,TPPAY222T0NA0KY,80496.0,0.0,INR
3446,3446,2026-07-15 04:45:32,UPI,Paid,TPPAYQJMCTLESRA,13158.0,0.0,INR
3447,3447,2024-05-01 16:50:37,Debit Card,Paid,TPPAYJ40UV57K93,26511.0,0.0,INR
3448,3448,2025-05-23 17:35:24,Credit Card,Paid,TPPAYBJ158Q0VRQ,36483.0,0.0,INR
3449,3449,2026-06-13 03:17:17,Credit Card,Paid,TPPAYTNLS8GV1Q0,41540.0,0.0,INR
3450,3450,2026-08-08 05:17:53,Debit Card,Refunded,TPPAYSSQDGDPZ8I,30552.0,30552.0,INR
3451,3451,2025-05-08 12:51:24,UPI,Paid,TPPAY6MOW9GZPAR,59823.0,0.0,INR
3452,3452,2024-12-17 09:44:58,UPI,Refunded,TPPAYK3CRJY8QVS,98659.4,98659.4,INR
3453,3453,2024-10-17 12:56:54,Net Banking,Paid,TPPAYFV6YIY2J0N,126385.0,0.0,INR
3454,3454,2026-08-12 01:57:29,Wallet,Paid,TPPAYHO4FPH9W5C,33219.0,0.0,INR
3455,3455,2026-07-31 06:23:59,Debit Card,Paid,TPPAYZC9WYGBXV0,57685.0,0.0,INR
3456,3456,2026-08-11 14:04:51,UPI,Pending,TPPAYX2ZI4GMNTK,0.0,0.0,INR
3457,3457,2025-04-23 04:33:45,Credit Card,Paid,TPPAYYJ03Q965IO,34658.85,0.0,INR
3458,3458,2026-07-28 23:20:01,UPI,Paid,TPPAYX9KOE4Z3LG,18687.0,0.0,INR
3459,3459,2024-11-09 20:18:07,Credit Card,Paid,TPPAYNAE6VLDGNR,36829.6,0.0,INR
3460,3460,2026-07-23 11:33:27,Net Banking,Paid,TPPAYU6W3WFKJM7,31336.2,0.0,INR
3461,3461,2026-06-18 03:29:30,Credit Card,Paid,TPPAYUPGHZIAGCM,23212.0,0.0,INR
3462,3462,2024-12-29 19:53:11,Debit Card,Refunded,TPPAYO10F5DWAP8,25359.0,25359.0,INR
3463,3463,2026-07-02 05:08:35,UPI,Paid,TPPAY9GCYKFKIWT,52722.0,0.0,INR
3464,3464,2026-07-20 03:56:34,UPI,Paid,TPPAYLL06R16CFT,10774.0,0.0,INR
3465,3465,2026-08-25 00:16:39,UPI,Pending,TPPAY5XN4RTBFVZ,0.0,0.0,INR
3466,3466,2025-10-31 14:56:19,Net Banking,Paid,TPPAY61P9SUSPDA,25145.55,0.0,INR
3467,3467,2026-09-06 09:18:46,Debit Card,Paid,TPPAYCHAXISR7DJ,42518.2,0.0,INR
3468,3468,2025-05-22 16:44:09,Credit Card,Paid,TPPAY4QTT7MKH7W,93318.0,0.0,INR
3469,3469,2025-09-07 03:56:32,Credit Card,Paid,TPPAY1GOEIR5RHM,155010.0,0.0,INR
3470,3470,2025-10-05 11:20:26,Debit Card,Paid,TPPAYNLEEY04ASD,51243.0,0.0,INR
3471,3471,2026-07-29 18:35:35,Credit Card,Paid,TPPAY9L2V4UBAN4,68598.0,0.0,INR
3472,3472,2025-08-04 13:22:39,UPI,Paid,TPPAY0OQ44JSRA8,75482.0,0.0,INR
3473,3473,2026-08-07 02:51:31,UPI,Paid,TPPAYIMW1WB8T8G,86226.0,0.0,INR
3474,3474,2025-11-24 12:27:15,Debit Card,Paid,TPPAYSLNNDY7DWD,34891.2,0.0,INR
3475,3475,2026-06-05 17:15:22,Credit Card,Paid,TPPAY9AEDA0QQV2,40555.0,0.0,INR
3476,3476,2026-06-14 19:17:35,Debit Card,Paid,TPPAY6TATHK92MG,145171.4,0.0,INR
3477,3477,2026-08-28 11:58:03,Credit Card,Paid,TPPAYQKXZLGBPRY,32523.0,0.0,INR
3478,3478,2026-07-28 10:25:33,Debit Card,Pending,TPPAYKSG603VK9S,0.0,0.0,INR
3479,3479,2026-09-07 21:33:32,Credit Card,Paid,TPPAYQK5LBFCKIB,55585.0,0.0,INR
3480,3480,2025-07-22 08:02:35,Wallet,Paid,TPPAYUX8OXCMSWI,154868.0,0.0,INR
3481,3481,2023-10-23 21:13:47,UPI,Paid,TPPAYT1ANPF517Y,122796.0,0.0,INR
3482,3482,2026-03-16 05:16:45,Credit Card,Paid,TPPAY9V7DU0ZOFU,80496.0,0.0,INR
3483,3483,2026-06-30 23:25:22,Credit Card,Paid,TPPAYRJ289917MT,18944.0,0.0,INR
3484,3484,2026-08-01 19:30:58,UPI,Paid,TPPAY8RC61WA32O,84880.0,0.0,INR
3485,3485,2024-11-28 16:02:30,Credit Card,Paid,TPPAYE91VO04F4L,137910.8,0.0,INR
3486,3486,2026-06-23 00:32:15,Debit Card,Paid,TPPAYR8BKUQXG3U,43704.0,0.0,INR
3487,3487,2023-09-26 18:40:40,Debit Card,Refunded,TPPAYLXP5FJR8ME,71620.0,71620.0,INR
3488,3488,2026-06-17 13:04:22,UPI,Paid,TPPAY82R80QIE2F,54431.2,0.0,INR
3489,3489,2026-07-17 23:46:37,UPI,Paid,TPPAY5W6WUECP5U,56668.0,0.0,INR
3490,3490,2026-06-20 02:25:55,Credit Card,Paid,TPPAYXVW5RHWL0I,32444.0,0.0,INR
3491,3491,2026-08-31 10:52:56,UPI,Paid,TPPAYQK7IZ19GVE,62292.0,0.0,INR
3492,3492,2023-11-30 14:18:52,UPI,Paid,TPPAY8G2RBS8826,33351.0,0.0,INR
3493,3493,2025-09-16 09:07:24,Credit Card,Paid,TPPAYIR3Y7PY9BH,19466.4,0.0,INR
3494,3494,2026-06-30 03:39:30,UPI,Pending,TPPAYPZ2MLV5VWZ,0.0,0.0,INR
3495,3495,2024-09-04 02:35:31,UPI,Paid,TPPAYFJ4ML33RBL,41440.9,0.0,INR
3496,3496,2025-06-20 04:55:31,UPI,Paid,TPPAYKXDAITRCRT,18414.8,0.0,INR
3497,3497,2025-06-25 22:52:10,UPI,Paid,TPPAYGV28CMSA0D,10841.0,0.0,INR
3498,3498,2026-07-28 11:54:34,UPI,Paid,TPPAYY1UWYGPISP,70152.0,0.0,INR
3499,3499,2025-01-04 08:58:27,Debit Card,Paid,TPPAYMJ09KQGD9S,30896.85,0.0,INR
3500,3500,2026-07-02 13:30:02,UPI,Paid,TPPAYGFA1H5RJQZ,12424.0,0.0,INR
3501,3501,2026-09-03 01:57:35,Debit Card,Paid,TPPAY1WFQ4NRUYJ,37374.0,0.0,INR
3502,3502,2026-08-07 08:57:54,Credit Card,Paid,TPPAYE8NICWKDFU,37420.0,0.0,INR
3503,3503,2026-06-15 14:16:00,Debit Card,Paid,TPPAYHQHWDX0MG5,52276.0,0.0,INR
3504,3504,2025-02-21 12:08:51,UPI,Paid,TPPAYCCEDYMFQJA,26760.0,0.0,INR
3505,3505,2026-07-17 11:33:33,UPI,Paid,TPPAYSSKM361HSG,29538.0,0.0,INR
3506,3506,2026-07-03 07:34:15,UPI,Paid,TPPAYK4VVNKKUAF,102887.4,0.0,INR
3507,3507,2026-07-22 09:09:01,UPI,Paid,TPPAYQIUZ5MQ5IR,24779.8,0.0,INR
3508,3508,2025-10-23 20:54:25,Credit Card,Refunded,TPPAY8PSK7I6QTF,80636.0,80636.0,INR
3509,3509,2026-07-26 21:10:46,Net Banking,Paid,TPPAYHJW19KVT7C,33812.0,0.0,INR
3510,3510,2024-11-30 16:06:21,UPI,Paid,TPPAY0J78K601XW,139099.0,0.0,INR
3511,3511,2026-06-26 07:06:46,Debit Card,Paid,TPPAYRVEQ53RBSL,17345.6,0.0,INR
3512,3512,2024-02-24 20:14:55,Net Banking,Paid,TPPAYE02LIS47RU,34611.0,0.0,INR
3513,3513,2024-11-20 08:24:03,Credit Card,Paid,TPPAY464BJ3ZVWH,30075.0,0.0,INR
3514,3514,2026-07-09 15:44:08,UPI,Refunded,TPPAYTNF6KFEU8K,57475.3,57475.3,INR
3515,3515,2026-07-15 08:06:42,UPI,Paid,TPPAY54LNZHQQ4Q,38768.0,0.0,INR
3516,3516,2024-07-18 13:00:22,Debit Card,Paid,TPPAYYXJKIM0RIE,77505.0,0.0,INR
3517,3517,2026-07-25 22:46:01,UPI,Pending,TPPAY1CQRWHCV4R,0.0,0.0,INR
3518,3518,2026-08-18 15:27:07,UPI,Paid,TPPAYHDLEJ73FZH,56668.0,0.0,INR
3519,3519,2026-08-14 07:33:48,Net Banking,Paid,TPPAYDJXERXLE30,81124.0,0.0,INR
3520,3520,2026-08-21 00:40:05,Credit Card,Refunded,TPPAYAC54KPA913,98833.5,98833.5,INR
3521,3521,2025-05-27 01:33:37,Debit Card,Paid,TPPAYCK56KUSK34,87080.0,0.0,INR
3522,3522,2025-09-23 15:03:17,Credit Card,Paid,TPPAYRGLID4MVJX,114609.0,0.0,INR
3523,3523,2026-09-03 18:20:15,UPI,Pending,TPPAY635BLCJSOO,0.0,0.0,INR
3524,3524,2026-08-17 18:56:20,Credit Card,Paid,TPPAY7MJOIS590B,30075.0,0.0,INR
3525,3525,2024-09-20 14:59:21,UPI,Paid,TPPAYR36QOB2J48,69516.0,0.0,INR
3526,3526,2026-07-22 04:02:56,UPI,Refunded,TPPAY70K7NVLD5H,116943.0,116943.0,INR
3527,3527,2026-08-09 20:39:32,Wallet,Paid,TPPAY190ODHNY5F,11762.1,0.0,INR
3528,3528,2026-08-26 05:08:30,Debit Card,Paid,TPPAYMAS6ATABT7,18126.0,0.0,INR
3529,3529,2024-12-03 10:09:30,Debit Card,Paid,TPPAYNR60X0Q752,46570.5,0.0,INR
3530,3530,2026-07-20 00:50:33,UPI,Paid,TPPAY2Q7BDAYZ9E,23074.0,0.0,INR
3531,3531,2025-08-09 00:41:49,UPI,Paid,TPPAYWZL5B1KJIA,129175.0,0.0,INR
3532,3532,2026-07-07 19:43:00,Credit Card,Paid,TPPAYE6633KJU0M,77505.0,0.0,INR
3533,3533,2026-06-15 08:13:12,Debit Card,Refunded,TPPAYCPC39OEF2F,44102.8,44102.8,INR
3534,3534,2026-07-17 19:27:34,UPI,Paid,TPPAYOH8VN3MZB5,79419.75,0.0,INR
3535,3535,2026-06-30 16:40:41,Debit Card,Paid,TPPAY1CV4SGEW69,49230.0,0.0,INR
3536,3536,2026-08-07 15:24:09,Credit Card,Paid,TPPAY3HR1Q8LEGF,8453.0,0.0,INR
3537,3537,2026-07-12 19:13:29,Credit Card,Paid,TPPAYOJYKAL5LNZ,56668.0,0.0,INR
3538,3538,2026-07-28 07:27:10,UPI,Paid,TPPAYTIH4I0UC63,36526.2,0.0,INR
3539,3539,2026-06-16 12:42:38,Debit Card,Paid,TPPAYIK4093489I,66916.0,0.0,INR
3540,3540,2025-03-31 10:01:45,Credit Card,Paid,TPPAYPBA7NEFOPM,25668.0,0.0,INR
3541,3541,2026-07-21 10:07:08,UPI,Paid,TPPAYTZU6PD0HBG,19152.0,0.0,INR
3542,3542,2023-11-28 08:27:15,Net Banking,Paid,TPPAY9CPUANFBZ6,21852.0,0.0,INR
3543,3543,2025-11-17 11:04:24,UPI,Paid,TPPAYVL7DKH9ULG,33648.0,0.0,INR
3544,3544,2024-08-26 10:42:44,UPI,Paid,TPPAY4KM9YW5TBE,26138.0,0.0,INR
3545,3545,2024-02-03 06:26:12,Debit Card,Paid,TPPAYUZLENFLERM,32132.0,0.0,INR
3546,3546,2025-05-27 15:35:05,UPI,Paid,TPPAY9SDI0Q9HOV,57685.0,0.0,INR
3547,3547,2026-09-03 18:30:38,UPI,Paid,TPPAYH1LO6S7AQW,10267.2,0.0,INR
3548,3548,2026-07-15 19:58:19,Net Banking,Paid,TPPAYV6U0HIM2F1,80965.0,0.0,INR
3549,3549,2026-07-26 19:40:32,Credit Card,Paid,TPPAYIWJ88L2CQO,24451.95,0.0,INR
3550,3550,2026-07-17 13:00:53,Debit Card,Paid,TPPAYR564CLL898,66521.85,0.0,INR
3551,3551,2026-06-12 23:23:30,UPI,Paid,TPPAYAGI7X8TS5O,95275.0,0.0,INR
3552,3552,2026-07-07 05:05:10,UPI,Paid,TPPAYV5GS9Q6URN,99705.0,0.0,INR
3553,3553,2026-07-27 02:40:29,UPI,Paid,TPPAYWSL33Y26K4,24612.6,0.0,INR
3554,3554,2026-08-18 16:42:38,Debit Card,Paid,TPPAYEVZN0OV6W7,151662.0,0.0,INR
3555,3555,2026-08-28 15:21:57,Net Banking,Paid,TPPAYEMZO11GJ9Q,31888.65,0.0,INR
3556,3556,2024-01-12 11:33:56,Debit Card,Paid,TPPAYJKRW2DNYU1,99189.0,0.0,INR
3557,3557,2026-08-17 14:43:43,Debit Card,Paid,TPPAYZ6OBJ4RMHG,87932.0,0.0,INR
3558,3558,2026-06-22 10:38:54,UPI,Paid,TPPAYQWIUEGXRIZ,42720.0,0.0,INR
3559,3559,2026-09-07 08:09:40,Credit Card,Paid,TPPAYNP92CUH6G1,36312.0,0.0,INR
3560,3560,2026-07-29 13:28:28,Debit Card,Paid,TPPAYXKRFG328M3,104274.0,0.0,INR
3561,3561,2025-01-13 15:11:13,UPI,Refunded,TPPAY2NVQYU9GHS,76790.0,76790.0,INR
3562,3562,2024-01-07 20:41:39,Debit Card,Paid,TPPAYJ6UKOJW38L,154868.0,0.0,INR
3563,3563,2025-10-22 07:56:13,Credit Card,Paid,TPPAY7MK5G8V5H1,34658.85,0.0,INR
3564,3564,2026-07-11 07:30:40,Net Banking,Paid,TPPAY0T8XW3554R,97660.0,0.0,INR
3565,3565,2024-10-15 07:36:21,UPI,Paid,TPPAYYNPYCXR55O,107880.0,0.0,INR
3566,3566,2025-11-14 22:49:54,Credit Card,Paid,TPPAYQ1MCIPMR6P,116151.0,0.0,INR
3567,3567,2026-06-27 19:27:54,Wallet,Paid,TPPAYC62OPHDKKC,90828.0,0.0,INR
3568,3568,2026-01-02 13:22:26,Credit Card,Paid,TPPAY6X11V5WVLI,25908.0,0.0,INR
3569,3569,2026-08-08 03:36:12,Debit Card,Paid,TPPAY7RAXV5EQMK,80965.0,0.0,INR
3570,3570,2025-03-06 10:20:55,Net Banking,Paid,TPPAY4E6V1I7DJR,33458.0,0.0,INR
3571,3571,2025-06-01 02:54:50,Credit Card,Paid,TPPAYY0MJABK1LI,31047.0,0.0,INR
3572,3572,2026-06-16 21:39:25,UPI,Paid,TPPAYLZBI5OR1QX,68820.25,0.0,INR
3573,3573,2025-09-15 19:41:42,Credit Card,Paid,TPPAY1DMR6I1GD4,62006.0,0.0,INR
3574,3574,2026-05-23 18:51:58,Debit Card,Paid,TPPAYJMWA253C8J,119026.8,0.0,INR
3575,3575,2026-08-17 16:58:59,Credit Card,Paid,TPPAYM3TU4JQBPY,145171.4,0.0,INR
3576,3576,2026-06-28 05:12:49,Net Banking,Paid,TPPAYUDVG2MIYS6,19730.2,0.0,INR
3577,3577,2025-09-16 23:38:20,UPI,Paid,TPPAYYO5PWUHLV1,22969.6,0.0,INR
3578,3578,2026-06-22 09:51:09,Net Banking,Paid,TPPAYKBV1WPB70G,16240.5,0.0,INR
3579,3579,2025-10-17 08:16:34,UPI,Refunded,TPPAYRF8A9MSVZ4,28531.95,28531.95,INR
3580,3580,2026-08-26 00:47:52,Net Banking,Paid,TPPAYDUIMBD1G0M,25359.0,0.0,INR
3581,3581,2025-07-03 17:45:31,UPI,Paid,TPPAYKX9IB6Z6IV,115700.0,0.0,INR
3582,3582,2026-08-30 09:28:56,Debit Card,Paid,TPPAYN8J370PUM7,83304.0,0.0,INR
3583,3583,2026-07-11 15:02:21,Debit Card,Paid,TPPAYUL71RLRSH7,17236.8,0.0,INR
3584,3584,2026-06-26 15:35:25,Credit Card,Paid,TPPAYJF8INJZEWG,33527.4,0.0,INR
3585,3585,2026-07-26 15:28:29,Debit Card,Refunded,TPPAYO40Z8G2VKA,113223.0,113223.0,INR
3586,3586,2024-02-27 07:40:56,UPI,Paid,TPPAYVAWXWEAVXL,103369.5,0.0,INR
3587,3587,2024-12-17 06:32:36,Credit Card,Paid,TPPAYAHHYK8MWSK,21852.0,0.0,INR
3588,3588,2026-07-05 06:33:51,Credit Card,Paid,TPPAYBD2M178WPW,60886.0,0.0,INR
3589,3589,2026-06-13 05:46:03,Debit Card,Paid,TPPAYXQ0UFLY2S3,26138.0,0.0,INR
3590,3590,2023-12-01 20:48:36,UPI,Paid,TPPAY0WWEPL41H1,21920.3,0.0,INR
3591,3591,2026-09-06 09:24:17,Net Banking,Paid,TPPAYXU20U0C5UT,24642.0,0.0,INR
3592,3592,2024-02-05 11:08:46,UPI,Paid,TPPAYWI78MUPAAH,37045.0,0.0,INR
3593,3593,2025-05-25 12:01:20,UPI,Paid,TPPAYZSAAZCJ6I3,33952.0,0.0,INR
3594,3594,2026-07-29 00:26:37,Debit Card,Paid,TPPAYFUN3YERTIE,16906.0,0.0,INR
3595,3595,2026-09-05 18:31:48,Debit Card,Paid,TPPAYVA3C0OPXHH,58030.0,0.0,INR
3596,3596,2026-07-21 11:52:04,UPI,Paid,TPPAYQV3G11UQ1R,8887.25,0.0,INR
3597,3597,2026-09-02 01:13:44,Credit Card,Paid,TPPAYBOIQKDXNVQ,33918.0,0.0,INR
3598,3598,2025-05-03 11:04:59,Wallet,Refunded,TPPAYSQJICJ8Z7D,37045.0,37045.0,INR
3599,3599,2026-08-01 14:10:15,UPI,Paid,TPPAYQQJJ17RJN0,109055.0,0.0,INR
3600,3600,2026-02-27 06:06:38,Debit Card,Paid,TPPAY0JBDYBOWL0,48460.0,0.0,INR
3601,3601,2026-08-29 06:30:37,Net Banking,Paid,TPPAYQYW68O0L0E,32322.0,0.0,INR
3602,3602,2024-10-29 12:47:38,Net Banking,Paid,TPPAY5PFO7D2U76,15312.0,0.0,INR
3603,3603,2026-08-27 06:26:53,UPI,Paid,TPPAYGXSQO2FHMT,54469.8,0.0,INR
3604,3604,2026-06-03 17:54:32,Debit Card,Paid,TPPAYQSU6314TKQ,37045.0,0.0,INR
3605,3605,2026-06-15 06:39:52,Credit Card,Paid,TPPAYW7UFZGKHR4,28767.0,0.0,INR
3606,3606,2026-07-16 13:09:45,Debit Card,Paid,TPPAYAGNIA2UBBM,103340.0,0.0,INR
3607,3607,2026-07-21 06:07:43,UPI,Pending,TPPAY80NKG2H8AS,0.0,0.0,INR
3608,3608,2026-07-28 01:04:13,Credit Card,Paid,TPPAYMUGO0RH4EN,150964.0,0.0,INR
3609,3609,2026-07-19 02:24:54,Credit Card,Paid,TPPAY8EV2PFZ15X,116705.0,0.0,INR
3610,3610,2026-05-13 13:04:24,Credit Card,Paid,TPPAYLEYOI7K6OY,23110.65,0.0,INR
3611,3611,2025-11-12 16:45:04,Credit Card,Paid,TPPAYSQC95O0FNC,93364.0,0.0,INR
3612,3612,2026-06-13 01:10:55,UPI,Paid,TPPAYTNBWPDG2S2,95408.5,0.0,INR
3613,3613,2023-12-21 10:58:57,Debit Card,Paid,TPPAYUUGEL1LWI2,28728.0,0.0,INR
3614,3614,2026-06-24 13:26:54,Credit Card,Pending,TPPAYB5X4H6JN6B,0.0,0.0,INR
3615,3615,2025-05-17 07:14:09,UPI,Paid,TPPAY3ZT8PU65L5,93364.0,0.0,INR
3616,3616,2025-02-07 07:17:48,UPI,Paid,TPPAYM1UMOHO8SD,42720.0,0.0,INR
3617,3617,2025-11-16 14:28:05,Credit Card,Paid,TPPAY13P4SQRIS6,19692.0,0.0,INR
3618,3618,2026-06-11 06:55:07,UPI,Paid,TPPAYY3ESOJ49SY,29186.4,0.0,INR
3619,3619,2026-06-30 19:54:20,Credit Card,Pending,TPPAYC8A6F6OZB7,0.0,0.0,INR
3620,3620,2026-08-28 06:27:27,UPI,Paid,TPPAY1I93VG5H7Y,16240.5,0.0,INR
3621,3621,2026-08-13 20:15:54,Debit Card,Paid,TPPAYPM424OT1MS,46074.0,0.0,INR
3622,3622,2026-06-17 11:54:11,Net Banking,Paid,TPPAYMCPEDOI7G9,14620.0,0.0,INR
3623,3623,2025-03-04 18:46:45,Credit Card,Paid,TPPAYGES9UFL8CT,103340.0,0.0,INR
3624,3624,2026-08-04 08:26:57,Debit Card,Refunded,TPPAY7FDBGNY1XH,33809.0,33809.0,INR
3625,3625,2025-10-18 02:19:30,Credit Card,Paid,TPPAYL2RXI4XB9H,51745.0,0.0,INR
3626,3626,2026-01-20 01:18:28,Credit Card,Paid,TPPAYYY6MC1URFI,24091.05,0.0,INR
3627,3627,2023-10-15 03:07:50,Wallet,Paid,TPPAY0FDYICE38B,12030.0,0.0,INR
3628,3628,2026-07-02 21:51:38,Credit Card,Paid,TPPAYCWZSNGLXY0,66916.0,0.0,INR
3629,3629,2026-07-28 12:17:16,UPI,Refunded,TPPAY9GNQXTCZWG,26084.0,26084.0,INR
3630,3630,2024-08-10 20:18:54,Credit Card,Paid,TPPAYZETOUMNIQ6,28260.9,0.0,INR
3631,3631,2026-06-11 18:15:40,UPI,Paid,TPPAYV02THLYM6U,23706.0,0.0,INR
3632,3632,2026-06-18 19:50:01,UPI,Paid,TPPAY1AR75PUOE8,67904.0,0.0,INR
3633,3633,2025-07-25 19:49:26,Credit Card,Paid,TPPAY9VXHS4XAPG,26511.0,0.0,INR
3634,3634,2026-07-26 01:33:54,Credit Card,Paid,TPPAYUIBEZ26T9F,26760.0,0.0,INR
3635,3635,2025-06-09 07:35:47,UPI,Paid,TPPAYVVA09AAV59,67904.0,0.0,INR
3636,3636,2026-06-24 07:42:40,Net Banking,Paid,TPPAYY60OI9X7RT,58524.75,0.0,INR
3637,3637,2025-01-29 19:53:59,Debit Card,Paid,TPPAY5OJBFZ30BQ,121320.0,0.0,INR
3638,3638,2026-07-27 01:43:40,Credit Card,Paid,TPPAYJ1GEHS9E6A,9355.0,0.0,INR
3639,3639,2026-09-06 13:21:34,UPI,Paid,TPPAYO1KGCVPDLH,21930.0,0.0,INR
3640,3640,2024-06-16 15:22:26,Wallet,Paid,TPPAY30PJ6ZU8VJ,22234.0,0.0,INR
3641,3641,2026-07-18 01:38:40,UPI,Refunded,TPPAYMYQXU8D1KZ,58580.0,58580.0,INR
3642,3642,2024-02-25 14:28:42,UPI,Paid,TPPAY6M5WEF5B6Q,15410.9,0.0,INR
3643,3643,2023-12-22 06:06:05,Debit Card,Refunded,TPPAYLIIEMXJG6K,55618.05,55618.05,INR
3644,3644,2026-08-01 11:05:38,Credit Card,Pending,TPPAYCKBVNJKH2Y,0.0,0.0,INR
3645,3645,2026-07-18 03:05:28,Wallet,Paid,TPPAY5P2H49UV0G,24060.0,0.0,INR
3646,3646,2025-05-06 21:20:14,Wallet,Paid,TPPAY5PI6ODR8QP,25359.0,0.0,INR
3647,3647,2026-09-04 15:40:04,Debit Card,Paid,TPPAY5F6VEEHW3B,22520.7,0.0,INR
3648,3648,2026-08-08 07:34:22,Debit Card,Paid,TPPAYWCT75RT740,85739.5,0.0,INR
3649,3649,2026-08-03 21:00:56,Net Banking,Paid,TPPAYQ73PWRT30U,121104.0,0.0,INR
3650,3650,2026-08-14 19:09:00,Debit Card,Refunded,TPPAY3JBQ2L6ERV,60877.0,60877.0,INR
3651,3651,2026-09-01 19:45:18,Net Banking,Paid,TPPAYX769445JYG,47412.0,0.0,INR
3652,3652,2024-02-28 05:35:15,Net Banking,Paid,TPPAYYLPFXSWEQM,43948.0,0.0,INR
3653,3653,2026-06-25 23:20:15,Debit Card,Paid,TPPAYKS571RXXTI,9063.0,0.0,INR
3654,3654,2024-02-12 19:41:48,Net Banking,Paid,TPPAYPTDA78K4EC,41781.6,0.0,INR
3655,3655,2023-11-08 13:45:01,Credit Card,Paid,TPPAY8E3TKTQ9QJ,86226.0,0.0,INR
3656,3656,2026-06-24 18:15:22,Credit Card,Paid,TPPAYB4IT25X4V8,92777.0,0.0,INR
3657,3657,2026-08-15 14:55:47,Credit Card,Paid,TPPAYBNHPR72DP9,29500.2,0.0,INR
3658,3658,2026-08-26 20:49:07,Credit Card,Paid,TPPAY7EIJIL3PUD,97660.0,0.0,INR
3659,3659,2026-06-09 19:44:36,Wallet,Paid,TPPAYF4H3VMB20Z,30108.0,0.0,INR
3660,3660,2025-11-01 08:19:22,Credit Card,Refunded,TPPAYLXE1KU0OB5,116943.0,116943.0,INR
3661,3661,2025-04-26 10:25:02,Debit Card,Paid,TPPAYBB6OAI5C2C,123701.4,0.0,INR
3662,3662,2026-08-12 06:14:38,Credit Card,Paid,TPPAYSV0W7IK8NT,41466.6,0.0,INR
3663,3663,2026-08-26 22:17:48,UPI,Paid,TPPAYSVIR9KGIIR,27778.0,0.0,INR
3664,3664,2026-06-26 13:50:35,UPI,Paid,TPPAYO1I0QGU9MA,76790.0,0.0,INR
3665,3665,2026-07-15 18:48:22,UPI,Paid,TPPAYU1Q77ZEE2O,23074.0,0.0,INR
3666,3666,2026-06-01 14:47:48,UPI,Paid,TPPAYAIVVH60OXP,34818.0,0.0,INR
3667,3667,2025-05-28 07:35:55,UPI,Paid,TPPAY379FJ1JT0J,107880.0,0.0,INR
3668,3668,2026-08-05 11:45:29,Credit Card,Paid,TPPAYEEYLRI9196,67296.0,0.0,INR
3669,3669,2023-09-22 14:12:31,Net Banking,Paid,TPPAYUV6AQTSJQ6,24924.0,0.0,INR
3670,3670,2024-10-24 05:00:27,UPI,Refunded,TPPAYJTXUT11PVO,101108.0,101108.0,INR
3671,3671,2026-06-19 08:59:47,Debit Card,Paid,TPPAYWWLETH5HLI,9287.1,0.0,INR
3672,3672,2026-07-04 22:59:30,Credit Card,Pending,TPPAY9OVJXBRD92,0.0,0.0,INR
3673,3673,2026-07-12 21:35:32,Debit Card,Paid,TPPAY6BBTMKSQBQ,117514.8,0.0,INR
3674,3674,2024-02-05 12:27:26,UPI,Paid,TPPAY37UX2R53W0,32301.0,0.0,INR
3675,3675,2025-12-01 05:16:06,Net Banking,Paid,TPPAY43Y4Z0JW9I,17674.0,0.0,INR
3676,3676,2026-09-08 01:43:49,Credit Card,Paid,TPPAY0HXRH05FS6,23116.35,0.0,INR
3677,3677,2024-09-12 19:33:35,Wallet,Refunded,TPPAYA2IFGSNRAT,140046.0,140046.0,INR
3678,3678,2026-07-12 23:49:01,Net Banking,Pending,TPPAYYNH973HJ0Z,0.0,0.0,INR
3679,3679,2026-07-21 17:12:04,UPI,Refunded,TPPAYMFA0OJZSGD,130212.0,130212.0,INR
3680,3680,2026-07-26 17:33:34,Debit Card,Pending,TPPAYLG5G63KPHP,0.0,0.0,INR
3681,3681,2026-08-02 17:46:22,Credit Card,Paid,TPPAYMAVRBXLF4I,80496.0,0.0,INR
3682,3682,2026-07-08 11:59:06,UPI,Pending,TPPAY4SNCP88C7M,0.0,0.0,INR
3683,3683,2025-02-27 20:39:40,UPI,Paid,TPPAY6UJTACSXVW,77434.0,0.0,INR
3684,3684,2026-07-05 01:33:43,Net Banking,Paid,TPPAYUW01Q0HRMH,42244.6,0.0,INR
3685,3685,2026-03-22 21:30:31,UPI,Refunded,TPPAYXP09PQARW2,39384.0,39384.0,INR
3686,3686,2024-09-04 18:52:58,UPI,Paid,TPPAYCYPM57IID9,80696.0,0.0,INR
3687,3687,2025-06-16 21:29:52,Debit Card,Paid,TPPAYQDHWB5TNDK,146420.0,0.0,INR
3688,3688,2026-08-19 19:48:17,UPI,Paid,TPPAYXYYXNKC5AP,121320.0,0.0,INR
3689,3689,2024-01-12 22:41:02,UPI,Paid,TPPAYC2CP3PQNFZ,49465.0,0.0,INR
3690,3690,2024-12-19 23:37:16,Net Banking,Paid,TPPAYK71IWGMN2Y,15312.0,0.0,INR
3691,3691,2025-04-27 04:28:50,UPI,Refunded,TPPAYNLLEX7EDHL,43364.0,43364.0,INR
3692,3692,2026-07-29 01:45:32,Net Banking,Paid,TPPAYQJX8FLYXEH,15407.1,0.0,INR
3693,3693,2024-07-07 00:06:06,Debit Card,Paid,TPPAYO1I5YUF0CO,35348.0,0.0,INR
3694,3694,2026-07-03 14:39:15,UPI,Refunded,TPPAYK9ZKPHDCM9,56668.0,56668.0,INR
3695,3695,2024-08-28 10:57:41,UPI,Refunded,TPPAYXGNIRV8V74,24125.0,24125.0,INR
3696,3696,2024-02-21 02:24:17,UPI,Paid,TPPAYVS12VATVJG,20505.6,0.0,INR
3697,3697,2025-07-12 16:50:04,Credit Card,Paid,TPPAYTLRX8NRVJL,121044.0,0.0,INR
3698,3698,2024-06-25 20:08:54,UPI,Paid,TPPAYTMUPOIEYKJ,89900.0,0.0,INR
3699,3699,2026-01-24 09:32:19,UPI,Paid,TPPAYVTIWZ7HU48,19692.0,0.0,INR
3700,3700,2024-12-04 06:06:54,Debit Card,Paid,TPPAYO5FSPLXEWJ,16906.0,0.0,INR
3701,3701,2025-02-27 00:57:57,Debit Card,Paid,TPPAYXSZO1W48VK,36963.0,0.0,INR
3702,3702,2026-08-19 14:06:30,Net Banking,Paid,TPPAY7W9NPI8IHQ,26138.0,0.0,INR
3703,3703,2025-08-06 02:41:53,Debit Card,Paid,TPPAYQSAJRZSED2,27189.0,0.0,INR
3704,3704,2024-10-24 03:28:09,UPI,Paid,TPPAYX5WQIHTTVK,49230.0,0.0,INR
3705,3705,2024-11-14 01:41:54,UPI,Paid,TPPAYS8PV0FDLHX,152812.0,0.0,INR
3706,3706,2026-07-06 16:25:20,Debit Card,Paid,TPPAY85UWY4KNHO,118300.0,0.0,INR
3707,3707,2026-09-01 08:37:55,Credit Card,Paid,TPPAYT29Q2CVKAP,93554.4,0.0,INR
3708,3708,2026-09-01 19:03:17,UPI,Paid,TPPAY89AX26ZT55,70980.0,0.0,INR
3709,3709,2023-12-19 22:43:19,Net Banking,Refunded,TPPAYUEZW1HPIF5,28767.0,28767.0,INR
3710,3710,2026-08-30 04:30:57,UPI,Paid,TPPAYHEX0EVYR88,8837.0,0.0,INR
3711,3711,2026-08-16 04:08:43,Debit Card,Paid,TPPAY1R384793Y2,11260.35,0.0,INR
3712,3712,2026-06-11 18:28:44,Debit Card,Paid,TPPAY6JT8SUEO0A,124584.0,0.0,INR
3713,3713,2026-07-02 01:25:41,Net Banking,Paid,TPPAY7B9BGKMBS3,26469.0,0.0,INR
3714,3714,2025-06-24 18:25:52,Credit Card,Paid,TPPAYTBNGTOW1WI,19786.0,0.0,INR
3715,3715,2026-06-27 12:46:22,Credit Card,Paid,TPPAYE7POQMCUS5,26511.0,0.0,INR
3716,3716,2026-07-28 18:23:02,UPI,Refunded,TPPAY9LJTMXBEVB,39384.0,39384.0,INR
3717,3717,2026-07-23 09:08:27,Debit Card,Pending,TPPAY51VJ437931,0.0,0.0,INR
3718,3718,2026-09-05 02:38:32,UPI,Pending,TPPAYJ3QWHW16NQ,0.0,0.0,INR
3719,3719,2026-03-02 18:03:52,Credit Card,Paid,TPPAYAMR7TEYVVE,20070.0,0.0,INR
3720,3720,2026-03-30 03:56:43,Credit Card,Paid,TPPAYGC35GR8VNN,15410.9,0.0,INR
3721,3721,2026-08-13 03:16:25,Net Banking,Paid,TPPAY2CTTN5TJ3S,32386.0,0.0,INR
3722,3722,2025-02-13 01:21:17,Credit Card,Paid,TPPAYG2UHA1O7T6,18687.0,0.0,INR
3723,3723,2026-06-15 01:04:17,UPI,Refunded,TPPAYNFFUKEV8BF,124424.0,124424.0,INR
3724,3724,2024-06-13 01:39:28,UPI,Paid,TPPAY71RY0KXEO6,115700.0,0.0,INR
3725,3725,2026-07-11 16:45:57,UPI,Paid,TPPAYBA2RR2P083,16060.7,0.0,INR
3726,3726,2024-04-04 10:59:27,UPI,Paid,TPPAYE76MHSGC91,126041.4,0.0,INR
3727,3727,2025-03-13 15:33:12,Credit Card,Paid,TPPAYZMYA63G9G4,108810.0,0.0,INR
3728,3728,2025-04-19 02:59:00,Debit Card,Paid,TPPAY2XJ8GKZ9FG,113223.0,0.0,INR
3729,3729,2026-07-10 23:16:55,UPI,Paid,TPPAYAL5GJO4Q60,44756.0,0.0,INR
3730,3730,2026-08-04 21:39:02,UPI,Paid,TPPAYRUOZYU2CU7,17646.0,0.0,INR
3731,3731,2026-09-01 17:20:37,Debit Card,Paid,TPPAY44L43DCTUV,110869.75,0.0,INR
3732,3732,2024-08-27 23:23:31,Wallet,Paid,TPPAY7O4F2GVRZF,16906.0,0.0,INR
3733,3733,2023-09-17 13:42:09,Credit Card,Paid,TPPAY18RR19MWEV,10225.5,0.0,INR
3734,3734,2026-03-17 07:06:44,Wallet,Paid,TPPAYVTW08KILHU,44434.6,0.0,INR
3735,3735,2026-07-05 12:57:30,Debit Card,Paid,TPPAY4MUSHKL1DG,16906.0,0.0,INR
3736,3736,2026-06-10 00:36:35,Debit Card,Paid,TPPAYC15VZJ1CRM,74748.0,0.0,INR
3737,3737,2026-06-12 22:26:12,UPI,Paid,TPPAY4FJ05891L0,37929.6,0.0,INR
3738,3738,2026-07-18 13:47:31,Net Banking,Paid,TPPAYNIIJIUU425,18687.0,0.0,INR
3739,3739,2024-11-28 00:35:39,Debit Card,Paid,TPPAYBPGJ6BIO5J,39384.0,0.0,INR
3740,3740,2026-08-17 07:28:47,Net Banking,Pending,TPPAYC72LAQ9JQR,0.0,0.0,INR
3741,3741,2024-10-14 12:39:50,Debit Card,Paid,TPPAYDUYZV4AFZ6,70023.0,0.0,INR
3742,3742,2026-06-21 14:57:48,UPI,Paid,TPPAYRK3SW88I50,62311.2,0.0,INR
3743,3743,2026-06-27 19:30:37,Debit Card,Paid,TPPAYNY7GLTENSV,155924.0,0.0,INR
3744,3744,2025-09-08 06:14:26,Debit Card,Paid,TPPAYY88DFAEUYT,87080.0,0.0,INR
3745,3745,2026-03-01 08:53:42,UPI,Paid,TPPAYPGMMC00TVH,116151.0,0.0,INR
3746,3746,2025-11-20 05:31:43,UPI,Refunded,TPPAYO9HQBQHTVR,35445.6,35445.6,INR
3747,3747,2026-06-10 06:56:22,Net Banking,Paid,TPPAY1EEJ381SV0,34818.0,0.0,INR
3748,3748,2024-06-12 05:52:17,Net Banking,Paid,TPPAY564PEL85QC,124956.0,0.0,INR
3749,3749,2026-07-09 04:27:58,UPI,Paid,TPPAY5O0O0YETTD,103369.5,0.0,INR
3750,3750,2024-05-18 13:42:02,Credit Card,Refunded,TPPAYN3MIFYX5E3,86286.6,86286.6,INR
3751,3751,2026-08-24 07:50:45,Credit Card,Refunded,TPPAY0GXYHTQOIJ,72409.0,86286.6,INR
3752,3752,2025-09-26 12:17:39,Debit Card,Paid,TPPAYK3QLO404F7,109915.0,0.0,INR
3753,3753,2025-11-24 12:11:16,UPI,Refunded,TPPAY8OT0VZAO4F,155530.0,155530.0,INR
3754,3754,2026-08-27 07:12:00,Debit Card,Paid,TPPAYBOK9EGW7L0,21974.0,0.0,INR
3755,3755,2026-07-13 12:45:38,Net Banking,Paid,TPPAY1UC40HRGPK,32444.0,0.0,INR
3756,3756,2024-07-15 03:50:31,UPI,Paid,TPPAYNTLONXJ760,124043.4,0.0,INR
3757,3757,2026-08-03 09:12:10,Debit Card,Paid,TPPAYCQWWJEHGIP,100430.0,0.0,INR
3758,3758,2026-09-08 10:05:37,Credit Card,Paid,TPPAYQNYQ8XYHH7,87932.0,0.0,INR
3759,3759,2026-08-10 18:06:43,UPI,Refunded,TPPAYGPACJJ9J2G,62478.0,62478.0,INR
3760,3760,2026-08-14 09:06:06,UPI,Refunded,TPPAYWIFUAI9F64,86808.0,86808.0,INR
3761,3761,2023-10-01 19:54:58,UPI,Refunded,TPPAYD3LWTRZB4X,77505.0,77505.0,INR
3762,3762,2025-07-24 23:28:25,UPI,Paid,TPPAY9465TIO69T,43948.0,0.0,INR
3763,3763,2026-07-01 09:47:59,Debit Card,Paid,TPPAYKULG977L92,34099.2,0.0,INR
3764,3764,2026-04-02 21:12:46,UPI,Paid,TPPAYGCQDS2N3Z7,29180.2,0.0,INR
3765,3765,2024-02-08 08:42:08,Credit Card,Paid,TPPAYJK3Q8MLJ95,48579.0,0.0,INR
3766,3766,2026-08-02 10:07:47,Credit Card,Paid,TPPAY05S3PCN6KZ,56668.0,0.0,INR
3767,3767,2026-07-11 04:50:18,UPI,Paid,TPPAYGNR6U0ESFX,92560.0,0.0,INR
3768,3768,2024-12-13 17:53:57,UPI,Paid,TPPAYFWQ6N5EY3M,12354.4,0.0,INR
3769,3769,2026-07-31 11:37:13,Credit Card,Paid,TPPAY5BH9EYJSOU,33351.0,0.0,INR
3770,3770,2025-01-01 17:40:47,Debit Card,Paid,TPPAYXD0BL6WM6P,41750.6,0.0,INR
3771,3771,2026-05-31 06:52:20,Credit Card,Paid,TPPAYCO9UJD2X8B,18944.0,0.0,INR
3772,3772,2025-02-16 19:32:50,UPI,Paid,TPPAY45PJMHHMVQ,49318.3,0.0,INR
3773,3773,2025-06-22 10:30:17,Credit Card,Refunded,TPPAYW6VSHL08Y5,75831.0,75831.0,INR
3774,3774,2026-08-04 22:18:03,Net Banking,Refunded,TPPAYS3X3J2RUBM,37063.2,75831.0,INR
3775,3775,2024-05-01 00:23:18,Credit Card,Paid,TPPAY4PUSGC2IUI,33458.0,0.0,INR
3776,3776,2025-03-08 23:04:09,Credit Card,Paid,TPPAYBPDW3Q6SSO,113336.0,0.0,INR
3777,3777,2026-08-10 20:43:25,Credit Card,Pending,TPPAYE316ZNWJJM,0.0,0.0,INR
3778,3778,2026-09-01 02:54:21,Credit Card,Paid,TPPAY6CTI5A449U,43364.0,0.0,INR
3779,3779,2026-06-27 15:20:33,UPI,Paid,TPPAYRG02H8QBLJ,22227.0,0.0,INR
3780,3780,2024-05-25 22:40:36,UPI,Paid,TPPAY6MHC67REMD,12415.55,0.0,INR
3781,3781,2026-01-23 10:39:42,Wallet,Refunded,TPPAY8LD554S4V4,35348.0,35348.0,INR
3782,3782,2026-08-17 08:35:12,Debit Card,Paid,TPPAYW879QWWKJB,40555.0,0.0,INR
3783,3783,2026-09-06 03:19:42,Credit Card,Refunded,TPPAYXH1HRIEF8J,61772.0,61772.0,INR
3784,3784,2025-11-09 08:20:13,UPI,Paid,TPPAY71B5T3PQWC,109815.0,0.0,INR
3785,3785,2025-01-29 17:19:15,Net Banking,Paid,TPPAY4ESRIQDK4A,62292.0,0.0,INR
3786,3786,2026-08-29 06:01:43,Debit Card,Refunded,TPPAYWSOFNU1FKC,135867.6,135867.6,INR
3787,3787,2026-09-05 17:58:06,UPI,Pending,TPPAY4BKRU6QDZV,0.0,0.0,INR
3788,3788,2026-09-02 23:46:39,UPI,Paid,TPPAY2PDQXQT22J,99189.0,0.0,INR
3789,3789,2026-09-02 12:50:23,Debit Card,Paid,TPPAYQNXBHBU13X,10379.7,0.0,INR
3790,3790,2026-07-21 05:13:22,Net Banking,Pending,TPPAYNY09RGBGIP,0.0,0.0,INR
3791,3791,2025-10-05 04:45:36,UPI,Paid,TPPAY21OVHT5ERG,103820.0,0.0,INR
3792,3792,2025-03-19 08:42:11,UPI,Paid,TPPAYQ8EO65TC11,114609.0,0.0,INR
3793,3793,2026-08-18 05:29:05,Debit Card,Pending,TPPAY3JZQB9DVQR,0.0,0.0,INR
3794,3794,2024-10-12 08:57:50,Debit Card,Paid,TPPAYBPJFAG521O,20698.0,0.0,INR
3795,3795,2026-04-01 03:57:12,UPI,Paid,TPPAY06PMZ4ASI5,36779.25,0.0,INR
3796,3796,2026-07-22 06:33:30,Credit Card,Paid,TPPAYW3NPFWJ2MC,131778.0,0.0,INR
3797,3797,2026-08-28 00:18:15,UPI,Paid,TPPAYTSAJT91EFH,36550.0,0.0,INR
3798,3798,2024-11-18 00:59:01,UPI,Paid,TPPAYQNDWTR29HE,20698.0,0.0,INR
3799,3799,2026-07-11 04:38:10,Net Banking,Paid,TPPAYQMIDR3I3QY,20502.0,0.0,INR
3800,3800,2026-07-28 17:12:35,UPI,Paid,TPPAYPPSQV0920P,77434.0,0.0,INR
3801,3801,2026-06-29 11:54:35,Debit Card,Paid,TPPAYDKE0T9C3RA,35183.25,0.0,INR
3802,3802,2026-07-15 17:23:04,UPI,Paid,TPPAYL1WQRSDHYT,130620.0,0.0,INR
3803,3803,2026-02-13 01:15:27,Net Banking,Paid,TPPAYIPZMKMA0P3,57495.9,0.0,INR
3804,3804,2026-08-10 23:31:37,Credit Card,Paid,TPPAYUZWGVU9EY0,76501.8,0.0,INR
3805,3805,2026-02-06 13:49:51,Net Banking,Paid,TPPAY37LN7F9JF9,31633.2,0.0,INR
3806,3806,2026-08-07 03:44:35,UPI,Paid,TPPAYIVYN5YSIQ6,90990.0,0.0,INR
3807,3807,2026-07-14 21:28:07,UPI,Paid,TPPAYEGOT0LJWO0,128319.4,0.0,INR
3808,3808,2024-09-25 23:22:16,Credit Card,Paid,TPPAYKHY28Y6EO5,113336.0,0.0,INR
3809,3809,2026-06-30 06:59:40,UPI,Paid,TPPAY77FA7K9F2D,105034.5,0.0,INR
3810,3810,2024-07-15 20:54:38,Credit Card,Refunded,TPPAY7NBLS73TNA,79764.0,79764.0,INR
3811,3811,2025-05-19 01:16:46,UPI,Paid,TPPAY9S7SOT2NKP,64772.0,0.0,INR
3812,3812,2026-06-21 13:08:21,UPI,Paid,TPPAYHOIQF58S59,49284.0,0.0,INR
3813,3813,2026-07-15 12:12:54,UPI,Paid,TPPAYSW0FF96QUR,30075.0,0.0,INR
3814,3814,2024-11-09 23:19:58,Net Banking,Paid,TPPAYJSGY7MH41F,29240.0,0.0,INR
3815,3815,2026-08-01 20:58:48,UPI,Paid,TPPAYRH1Q4GQDE8,25632.0,0.0,INR
3816,3816,2024-10-25 05:48:41,Net Banking,Paid,TPPAYRPK3I31ZK8,38356.0,0.0,INR
3817,3817,2024-07-10 04:16:17,Credit Card,Paid,TPPAY0G3MRDAFJO,73474.0,0.0,INR
3818,3818,2024-11-26 00:00:04,Debit Card,Paid,TPPAYKY9K6XWS0Z,121320.0,0.0,INR
3819,3819,2023-11-13 16:27:25,UPI,Paid,TPPAYDEFDDQUL2B,81310.0,0.0,INR
3820,3820,2023-10-09 05:35:19,Credit Card,Paid,TPPAYX8YH442CBD,69690.6,0.0,INR
3821,3821,2026-07-21 20:48:53,Net Banking,Refunded,TPPAY10LX5X1NYC,98636.6,98636.6,INR
3822,3822,2026-07-06 14:59:40,UPI,Paid,TPPAYZHUCZDY0O4,126385.0,0.0,INR
3823,3823,2026-06-25 17:17:10,UPI,Paid,TPPAY3O563C1ZZ4,73210.0,0.0,INR
3824,3824,2026-06-29 10:21:16,Debit Card,Refunded,TPPAY47YXW3P5N3,55513.5,55513.5,INR
3825,3825,2026-08-12 17:47:56,UPI,Paid,TPPAYBE5I5RO5XO,100870.0,0.0,INR
3826,3826,2026-09-05 06:02:58,UPI,Refunded,TPPAYW69DWI44SH,113223.0,113223.0,INR
3827,3827,2024-01-01 20:11:05,UPI,Paid,TPPAYLF27EFYU2T,85002.0,0.0,INR
3828,3828,2024-07-18 04:03:33,UPI,Paid,TPPAYN3RUW2KVNO,109915.0,0.0,INR
3829,3829,2025-05-15 18:57:29,UPI,Paid,TPPAYS9ALZE4BT2,93318.0,0.0,INR
3830,3830,2026-06-14 02:20:56,Wallet,Paid,TPPAY8XKNDLRBT9,152812.0,0.0,INR
3831,3831,2026-06-21 00:38:56,Debit Card,Paid,TPPAYTYC9A8OIL2,90990.0,0.0,INR
3832,3832,2025-09-20 12:33:58,Net Banking,Refunded,TPPAYE56ZIJ7C1Z,14818.0,14818.0,INR
3833,3833,2023-09-22 14:59:00,UPI,Paid,TPPAYHAA7DJR9M0,70152.0,0.0,INR
3834,3834,2024-09-23 08:45:04,UPI,Paid,TPPAYTJAMHEYDOF,48250.0,0.0,INR
3835,3835,2025-05-26 04:21:04,Wallet,Paid,TPPAYAXLAG7KM98,51816.0,0.0,INR
3836,3836,2026-07-29 18:48:40,Credit Card,Paid,TPPAYD8M48QS2E0,24333.0,0.0,INR
3837,3837,2025-09-20 13:18:40,UPI,Refunded,TPPAYK8XCF0OPOH,48460.0,48460.0,INR
3838,3838,2025-05-28 02:02:19,Debit Card,Paid,TPPAYWBAW9JERDD,120516.0,0.0,INR
3839,3839,2024-10-21 14:45:05,Wallet,Paid,TPPAYCA40XTYHUS,43622.0,0.0,INR
3840,3840,2025-08-31 21:09:01,Credit Card,Refunded,TPPAYV3QPKQYRA0,30705.9,30705.9,INR
3841,3841,2026-06-13 09:04:13,Credit Card,Paid,TPPAY9H0JSSS7Z3,22914.0,0.0,INR
3842,3842,2026-07-16 08:14:34,Debit Card,Pending,TPPAYBBUR5RZT5P,0.0,0.0,INR
3843,3843,2026-07-18 19:30:59,Credit Card,Paid,TPPAY26Y4VUQ70S,76220.0,0.0,INR
3844,3844,2026-08-07 03:26:14,Wallet,Paid,TPPAY1WWYCJKNFY,37045.0,0.0,INR
3845,3845,2025-04-21 02:48:12,Wallet,Paid,TPPAYJE22IZUEIJ,44292.0,0.0,INR
3846,3846,2026-07-19 12:59:07,Credit Card,Paid,TPPAYCL0EMC4H2F,26030.4,0.0,INR
3847,3847,2026-07-10 01:11:10,Debit Card,Paid,TPPAYTDKORVD78J,61531.5,0.0,INR
3848,3848,2023-12-16 04:29:33,UPI,Paid,TPPAY7HU14R0DC2,27189.0,0.0,INR
3849,3849,2026-08-01 22:18:46,UPI,Paid,TPPAYSF3RJLRUL9,25908.0,0.0,INR
3850,3850,2026-08-23 15:48:01,UPI,Paid,TPPAY46YE7V6AY5,48460.0,0.0,INR
3851,3851,2026-08-21 22:14:20,UPI,Pending,TPPAYD7PZ9LZD9I,0.0,0.0,INR
3852,3852,2026-07-05 10:06:33,Debit Card,Paid,TPPAYFN5IM07YDO,49230.0,0.0,INR
3853,3853,2026-07-29 09:06:21,Debit Card,Paid,TPPAYU4I8R3QRAN,43622.0,0.0,INR
3854,3854,2025-07-09 07:44:26,Credit Card,Paid,TPPAY4IT33TJ2SI,16222.0,0.0,INR
3855,3855,2026-06-16 07:52:58,Debit Card,Paid,TPPAYZH76Z337V0,18710.0,0.0,INR
3856,3856,2026-06-21 05:46:38,UPI,Paid,TPPAY57M8BWUO2K,46424.0,0.0,INR
3857,3857,2026-07-23 07:30:20,UPI,Paid,TPPAYWAWLGP4C2J,58030.0,0.0,INR
3858,3858,2026-06-23 17:17:35,UPI,Paid,TPPAY1CL2PUFJ0E,78519.6,0.0,INR
3859,3859,2024-04-18 12:26:23,UPI,Paid,TPPAY5PA3QA1O8M,44520.8,0.0,INR
3860,3860,2026-06-19 19:52:19,Net Banking,Paid,TPPAYP6NN5GPDXS,36144.0,0.0,INR
3861,3861,2024-03-25 13:56:11,UPI,Refunded,TPPAYHL5DEZ4MWW,28195.05,28195.05,INR
3862,3862,2026-06-15 16:59:00,Credit Card,Paid,TPPAYB8OJ3III6T,17674.0,0.0,INR
3863,3863,2026-07-12 06:54:10,UPI,Paid,TPPAYY24X4DAXZX,103602.25,0.0,INR
3864,3864,2025-02-16 23:52:18,UPI,Paid,TPPAYRDFOUEBTIA,30814.2,0.0,INR
3865,3865,2023-10-06 05:55:52,Debit Card,Paid,TPPAYQE5IB3WYAY,12834.0,0.0,INR
3866,3866,2024-09-18 22:22:30,Wallet,Paid,TPPAYKPXDJKB8QB,177304.2,0.0,INR
3867,3867,2026-07-07 01:32:16,Debit Card,Paid,TPPAYUOTQIHWCQ3,24333.0,0.0,INR
3868,3868,2024-02-12 08:29:49,Credit Card,Paid,TPPAYDM27EZBMI7,116705.0,0.0,INR
3869,3869,2026-07-15 00:42:20,UPI,Refunded,TPPAYHX4T6Y5HUA,88695.8,88695.8,INR
3870,3870,2026-09-07 04:57:50,Credit Card,Refunded,TPPAYYTKVLVZETC,30974.75,30974.75,INR
3871,3871,2026-08-05 00:05:00,UPI,Paid,TPPAY8O40N7LYCD,60886.0,0.0,INR
3872,3872,2026-06-19 00:50:42,Debit Card,Paid,TPPAYS5EICL8TPM,39207.0,0.0,INR
3873,3873,2026-07-25 05:43:13,UPI,Paid,TPPAY46244AKLFV,13380.0,0.0,INR
3874,3874,2024-06-15 05:54:00,UPI,Paid,TPPAY23RI1U5AX2,60224.4,0.0,INR
3875,3875,2026-08-10 09:40:58,UPI,Paid,TPPAYY2S418R2I4,67836.0,0.0,INR
3876,3876,2024-05-25 23:50:46,Credit Card,Paid,TPPAY7O4OOT5O6N,43092.0,0.0,INR
3877,3877,2023-11-04 16:17:50,UPI,Paid,TPPAYUOGSQ53FLU,26784.0,0.0,INR
3878,3878,2026-07-18 11:48:23,UPI,Paid,TPPAYYG8JNDF1PG,64770.0,0.0,INR
3879,3879,2026-07-24 22:27:51,Debit Card,Pending,TPPAYA180YN8HCK,0.0,0.0,INR
3880,3880,2026-06-23 15:44:57,Debit Card,Pending,TPPAY24K9KTQLKU,0.0,0.0,INR
3881,3881,2026-08-10 17:53:06,Net Banking,Paid,TPPAYH3MDK4BDGR,139509.0,0.0,INR
3882,3882,2026-07-23 12:45:10,UPI,Refunded,TPPAYK7Z4PFS3D6,132252.0,132252.0,INR
3883,3883,2024-04-07 08:05:02,Wallet,Paid,TPPAY7JIDHUMPGQ,44115.0,0.0,INR
3884,3884,2024-11-10 22:37:51,Debit Card,Paid,TPPAY84OO2HPV2N,21930.0,0.0,INR
3885,3885,2025-08-26 03:59:05,Wallet,Paid,TPPAYPIIH5HXDTT,50187.0,0.0,INR
3886,3886,2026-07-21 19:58:10,Credit Card,Paid,TPPAYASPUT5TZO0,21930.0,0.0,INR
3887,3887,2025-02-26 15:18:06,Credit Card,Paid,TPPAYIRDXIKS5AD,57296.0,0.0,INR
3888,3888,2026-06-23 11:33:46,UPI,Paid,TPPAYFUK853SM26,10987.0,0.0,INR
3889,3889,2025-02-24 10:31:58,Net Banking,Paid,TPPAYP9AV4LWHV7,17538.0,0.0,INR
3890,3890,2024-05-20 15:47:33,UPI,Paid,TPPAYZDJZHFEYP4,29076.0,0.0,INR
3891,3891,2026-06-12 09:35:30,UPI,Paid,TPPAYISZC8IKICI,35158.4,0.0,INR
3892,3892,2026-08-12 23:03:52,Debit Card,Paid,TPPAYTV7AC8FC1P,151662.0,0.0,INR
3893,3893,2026-08-04 17:59:36,Credit Card,Refunded,TPPAYK3396BBDB0,100430.0,100430.0,INR
3894,3894,2025-10-05 21:12:47,UPI,Paid,TPPAYNO8M0H7200,20875.3,0.0,INR
3895,3895,2026-08-19 07:45:39,Debit Card,Paid,TPPAY25EVKDWTJ9,46864.0,0.0,INR
3896,3896,2025-04-26 04:42:19,Debit Card,Paid,TPPAY5MT7X7H75Y,55618.05,0.0,INR
3897,3897,2026-04-10 16:39:08,UPI,Paid,TPPAYTH0MYG0A4J,37374.0,0.0,INR
3898,3898,2026-05-22 16:38:29,UPI,Paid,TPPAYPKATULFG3Z,19021.3,0.0,INR
3899,3899,2024-04-01 05:17:24,Debit Card,Paid,TPPAYDBB3TTQS47,12424.0,0.0,INR
3900,3900,2025-12-08 07:50:28,Credit Card,Paid,TPPAYPG6UX9LERE,41868.0,0.0,INR
3901,3901,2026-08-31 16:06:05,Wallet,Paid,TPPAY2TNDGJ5XX2,30556.8,0.0,INR
3902,3902,2026-07-24 00:38:53,Credit Card,Paid,TPPAY1UEG9EDTVY,12424.0,0.0,INR
3903,3903,2026-07-16 06:29:41,Net Banking,Pending,TPPAYT9IJESTY96,0.0,0.0,INR
3904,3904,2026-09-07 16:56:08,Debit Card,Pending,TPPAYGQH4LRUXN7,0.0,0.0,INR
3905,3905,2026-08-14 06:31:14,Net Banking,Paid,TPPAY7BXGMHZN54,65106.0,0.0,INR
3906,3906,2026-08-13 17:21:02,Credit Card,Paid,TPPAYDQJJPJ0HJ2,51745.0,0.0,INR
3907,3907,2026-08-10 05:56:50,UPI,Paid,TPPAY9W5ZP5WA02,56668.0,0.0,INR
3908,3908,2025-08-28 22:07:18,Credit Card,Paid,TPPAY57C8BN9A5I,94640.0,0.0,INR
3909,3909,2026-06-16 18:42:17,Debit Card,Paid,TPPAYOLEOLYEKST,40165.0,0.0,INR
3910,3910,2026-09-04 21:06:17,Debit Card,Paid,TPPAYKSLDS1P3LN,99189.0,0.0,INR
3911,3911,2026-07-15 08:34:22,Credit Card,Paid,TPPAYX5W9QIKN47,44756.0,0.0,INR
3912,3912,2026-07-31 11:39:45,Net Banking,Paid,TPPAY2QHI1NINIX,77889.0,0.0,INR
3913,3913,2024-08-22 08:12:51,UPI,Paid,TPPAY97Y3RXY0JZ,59823.0,0.0,INR
3914,3914,2025-01-25 11:32:46,Debit Card,Paid,TPPAYCCULEU3I5K,14356.0,0.0,INR
3915,3915,2024-11-12 11:12:01,Wallet,Paid,TPPAY5ZTVFVOQUN,38356.0,0.0,INR
3916,3916,2025-07-25 01:46:32,Net Banking,Paid,TPPAYZ91KK2EPJF,101699.1,0.0,INR
3917,3917,2023-11-08 14:54:20,Credit Card,Paid,TPPAYAPKLYWX8V8,129890.2,0.0,INR
3918,3918,2025-01-26 14:35:38,Net Banking,Paid,TPPAYR4B2LZ8WWG,77434.0,0.0,INR
3919,3919,2026-08-02 23:27:59,Credit Card,Paid,TPPAYI0YHH39D0D,61398.0,0.0,INR
3920,3920,2026-06-11 11:44:26,Credit Card,Pending,TPPAYOIM8WL0P6I,0.0,0.0,INR
3921,3921,2026-05-24 09:46:22,UPI,Paid,TPPAYJMYQ6VU7IH,24642.0,0.0,INR
3922,3922,2026-07-22 00:24:44,Debit Card,Paid,TPPAYZ866PMLJID,46424.0,0.0,INR
3923,3923,2025-08-10 00:57:06,Credit Card,Paid,TPPAY55DR05XZC4,38862.0,0.0,INR
3924,3924,2024-06-08 20:55:35,Net Banking,Paid,TPPAY5U6AN28WW6,83011.0,0.0,INR
3925,3925,2026-03-05 11:43:04,Debit Card,Paid,TPPAYTH797XYS8T,39207.0,0.0,INR
3926,3926,2026-08-12 09:39:14,UPI,Paid,TPPAY98JLBJ41N8,14123.6,0.0,INR
3927,3927,2025-03-21 14:04:17,Debit Card,Paid,TPPAYSY779JJGG3,48644.0,0.0,INR
3928,3928,2025-12-30 09:39:58,Credit Card,Paid,TPPAYF34OMRLTWY,20070.0,0.0,INR
3929,3929,2026-07-12 02:30:27,UPI,Paid,TPPAYX0W7WWYB1B,21852.0,0.0,INR
3930,3930,2025-11-13 03:25:48,Net Banking,Paid,TPPAY0O6RN0FCTL,71620.0,0.0,INR
3931,3931,2025-01-30 11:48:08,Net Banking,Paid,TPPAYS8BYO2M8IK,22051.4,0.0,INR
3932,3932,2025-04-02 21:23:33,UPI,Paid,TPPAYQ6JYI0ZDUF,55585.0,0.0,INR
3933,3933,2024-11-25 23:39:18,Wallet,Paid,TPPAYR4NE45IPRO,15022.9,0.0,INR
3934,3934,2026-08-12 18:17:58,Wallet,Pending,TPPAYHWLDHXWX7Y,0.0,0.0,INR
3935,3935,2024-03-08 20:02:52,UPI,Paid,TPPAYTB6BB1285F,83645.0,0.0,INR
3936,3936,2025-09-05 05:28:16,Debit Card,Paid,TPPAYF22C5X69B1,98659.4,0.0,INR
3937,3937,2026-09-01 03:40:21,UPI,Paid,TPPAY7C1R48QTG0,60552.0,0.0,INR
3938,3938,2026-06-24 20:42:19,UPI,Paid,TPPAYMNFLPQ8DIN,51816.0,0.0,INR
3939,3939,2024-06-16 15:08:31,UPI,Paid,TPPAY5MJQ2JDZO4,13380.0,0.0,INR
3940,3940,2024-12-11 00:32:13,Wallet,Paid,TPPAY3706Z1GZD1,8837.0,0.0,INR
3941,3941,2026-08-08 14:32:47,Net Banking,Paid,TPPAYVHM2XAN503,21548.0,0.0,INR
3942,3942,2026-08-02 12:48:28,Credit Card,Paid,TPPAYGAEEXP2255,19513.8,0.0,INR
3943,3943,2024-01-02 20:39:11,Credit Card,Paid,TPPAYWCASC2M4CO,65949.0,0.0,INR
3944,3944,2026-01-08 20:26:26,UPI,Paid,TPPAY0831UF6H2N,100430.0,0.0,INR
3945,3945,2023-09-14 04:19:17,Credit Card,Paid,TPPAYLB98VL1CLG,94229.55,0.0,INR
3946,3946,2026-07-31 10:27:45,UPI,Pending,TPPAYUXJMC6P6GP,0.0,0.0,INR
3947,3947,2026-06-16 02:56:03,UPI,Paid,TPPAYKECU8SGPIY,58580.0,0.0,INR
3948,3948,2024-10-04 06:42:15,UPI,Paid,TPPAYBXMSXGB1YN,19178.0,0.0,INR
3949,3949,2026-08-07 02:04:33,Credit Card,Pending,TPPAY8BQC17I51M,0.0,0.0,INR
3950,3950,2025-07-18 06:40:57,UPI,Paid,TPPAY5JPZN9BZMT,115866.75,0.0,INR
3951,3951,2026-06-12 11:54:58,UPI,Paid,TPPAY991CXPYK6R,155924.0,0.0,INR
3952,3952,2026-09-04 03:28:19,Debit Card,Paid,TPPAY0GTF23Z6VS,64787.0,0.0,INR
3953,3953,2026-07-12 19:35:23,Debit Card,Paid,TPPAY1G005U3NGK,77505.0,0.0,INR
3954,3954,2025-05-02 09:14:46,Debit Card,Paid,TPPAYLHV0XGSUI1,109798.75,0.0,INR
3955,3955,2026-06-15 22:44:30,Net Banking,Paid,TPPAYWOQEW3WFDM,57165.0,0.0,INR
3956,3956,2024-03-13 05:06:07,Credit Card,Paid,TPPAYMHURF3QZA1,39207.0,0.0,INR
3957,3957,2026-08-22 18:22:56,UPI,Paid,TPPAYY508R3WOQP,23101.2,0.0,INR
3958,3958,2023-11-16 00:05:50,Net Banking,Paid,TPPAYB87MZRCBOX,35549.0,0.0,INR
3959,3959,2026-07-24 13:07:59,Debit Card,Paid,TPPAYDBZYQH6E04,30225.15,0.0,INR
3960,3960,2023-10-10 18:04:17,UPI,Paid,TPPAYIHZJHLWEU0,14356.0,0.0,INR
3961,3961,2026-07-11 01:01:50,Debit Card,Paid,TPPAYIJWK92DW6Q,36252.0,0.0,INR
3962,3962,2026-06-26 08:19:44,UPI,Paid,TPPAYLWRA2UW8S2,155010.0,0.0,INR
3963,3963,2024-06-04 03:29:43,Net Banking,Paid,TPPAYN3WZ4XSMUA,103828.0,0.0,INR
3964,3964,2024-10-22 04:26:39,UPI,Paid,TPPAYY72TPFSZDG,33325.95,0.0,INR
3965,3965,2023-10-06 09:22:34,Credit Card,Paid,TPPAY2WFTLF21FD,19384.0,0.0,INR
3966,3966,2026-06-27 18:38:03,UPI,Paid,TPPAY2SWR5ECGZ5,10379.7,0.0,INR
3967,3967,2025-05-19 16:33:56,Debit Card,Paid,TPPAYO5DVIA600D,18574.2,0.0,INR
3968,3968,2026-06-27 16:20:43,Debit Card,Paid,TPPAYPJV1FGS1EN,24470.1,0.0,INR
3969,3969,2023-12-12 19:51:20,Debit Card,Paid,TPPAYPZWS8UHX9X,68039.0,0.0,INR
3970,3970,2026-02-03 18:32:15,UPI,Paid,TPPAY1K4XZ0DER1,96412.8,0.0,INR
3971,3971,2026-08-09 11:59:51,Credit Card,Paid,TPPAYIAG3UT4KQA,31060.0,0.0,INR
3972,3972,2026-08-18 17:38:19,Wallet,Paid,TPPAYL5XXVBRESB,24333.0,0.0,INR
3973,3973,2026-08-23 02:39:54,Credit Card,Paid,TPPAY7WWL0KAPXE,35890.0,0.0,INR
3974,3974,2025-11-11 14:18:02,UPI,Paid,TPPAY8ZD7SGM2FC,16906.0,0.0,INR
3975,3975,2025-08-22 11:56:45,Debit Card,Paid,TPPAYNS0KAQZFWV,119646.0,0.0,INR
3976,3976,2026-08-06 00:37:11,Credit Card,Paid,TPPAYGGC86SBF9P,140046.0,0.0,INR
3977,3977,2026-08-29 11:41:38,UPI,Paid,TPPAYHMB3WIO4ZE,113746.5,0.0,INR
3978,3978,2026-06-14 04:58:39,UPI,Paid,TPPAYH1SR84QLE3,39862.8,0.0,INR
3979,3979,2026-07-27 06:58:01,Wallet,Pending,TPPAYFDE1ROK70M,0.0,0.0,INR
3980,3980,2026-07-06 21:57:32,Debit Card,Paid,TPPAYX287J7AXK9,10987.0,0.0,INR
3981,3981,2026-08-16 05:20:49,UPI,Paid,TPPAYOIBE10UX8E,41396.0,0.0,INR
3982,3982,2026-08-08 20:55:16,UPI,Paid,TPPAYU7R1ZAM24K,79462.75,0.0,INR
3983,3983,2023-10-02 00:00:53,Credit Card,Paid,TPPAYKA9FREY52J,72039.45,0.0,INR
3984,3984,2026-06-23 03:59:19,Credit Card,Paid,TPPAYSFFHL29FGM,108613.5,0.0,INR
3985,3985,2026-07-21 01:40:44,UPI,Paid,TPPAYJPS4KU9WPL,60660.0,0.0,INR
3986,3986,2026-07-30 09:16:03,UPI,Paid,TPPAY5UVWKIDQ9J,130572.0,0.0,INR
3987,3987,2026-06-08 21:19:59,Credit Card,Pending,TPPAYBRH3XAZ0AZ,0.0,0.0,INR
3988,3988,2026-09-04 22:49:21,UPI,Paid,TPPAY5WBSOFDV4M,51469.2,0.0,INR
3989,3989,2026-08-18 15:49:59,Credit Card,Pending,TPPAYBIE5S334ZG,0.0,0.0,INR
3990,3990,2026-06-12 19:27:50,Net Banking,Paid,TPPAY0DQ0E2ZW25,17088.0,0.0,INR
3991,3991,2025-10-25 15:05:09,UPI,Paid,TPPAYENWMOT4B1R,21548.0,0.0,INR
3992,3992,2026-06-25 04:55:33,UPI,Paid,TPPAY4GM8RPIRC5,51816.0,0.0,INR
3993,3993,2026-07-10 14:36:15,Debit Card,Pending,TPPAY4F106E4MV9,0.0,0.0,INR
3994,3994,2026-09-06 08:17:38,UPI,Paid,TPPAYB36B00G1RT,28065.0,0.0,INR
3995,3995,2026-08-12 12:34:56,UPI,Paid,TPPAY0RGU8OE4Y8,75482.0,0.0,INR
3996,3996,2026-09-05 22:51:24,UPI,Paid,TPPAY5E7XDWAIWE,10774.0,0.0,INR
3997,3997,2026-09-01 12:00:33,UPI,Paid,TPPAYYWP96VUL4F,57296.0,0.0,INR
3998,3998,2024-10-25 15:34:56,UPI,Paid,TPPAYOF19MWFYE2,41750.6,0.0,INR
3999,3999,2026-08-21 13:19:06,UPI,Paid,TPPAYEXYP1UVQBZ,18898.9,0.0,INR
4000,4000,2026-07-14 16:05:21,Debit Card,Paid,TPPAY90J11FTE7Y,64772.0,0.0,INR
4001,4001,2026-08-11 18:53:50,UPI,Paid,TPPAY62W09R2JS2,43096.0,0.0,INR
4002,4002,2026-07-31 12:23:03,UPI,Paid,TPPAYWH62PVR0KC,23068.8,0.0,INR
4003,4003,2026-07-30 04:28:50,Credit Card,Paid,TPPAY5Q9COT86MY,81310.0,0.0,INR
4004,4004,2026-07-25 18:45:13,Debit Card,Paid,TPPAYRCHHLDQESI,80496.0,0.0,INR
4005,4005,2026-07-17 10:46:26,UPI,Paid,TPPAYHZGVOJFP7Q,16066.0,0.0,INR
4006,4006,2026-08-07 02:37:12,Credit Card,Paid,TPPAYJNOA4X5X00,78343.2,0.0,INR
4007,4007,2023-10-18 10:17:20,UPI,Paid,TPPAYCURJR0OHYX,29240.0,0.0,INR
4008,4008,2024-10-28 08:23:47,Credit Card,Paid,TPPAYYN9X61B9J4,132252.0,0.0,INR
4009,4009,2023-10-05 16:29:22,UPI,Paid,TPPAYX503JDAPZL,24848.0,0.0,INR
4010,4010,2026-08-05 22:59:46,UPI,Paid,TPPAYXRDGX6L5UL,125128.8,0.0,INR
4011,4011,2024-07-25 07:06:57,Credit Card,Paid,TPPAYCDL1VA53JV,59519.55,0.0,INR
4012,4012,2025-05-26 18:01:00,Debit Card,Paid,TPPAYX5AMY15J7A,30108.0,0.0,INR
4013,4013,2025-02-26 10:02:10,UPI,Paid,TPPAYUE89Y97K5T,114330.0,0.0,INR
4014,4014,2025-04-26 11:23:10,UPI,Paid,TPPAYRGU8QZPPPS,19692.0,0.0,INR
4015,4015,2026-08-30 08:42:38,Debit Card,Paid,TPPAYR7CWP9KIFW,15379.2,0.0,INR
4016,4016,2026-06-23 04:04:23,Credit Card,Refunded,TPPAYY2SJ8ISN2F,37078.7,37078.7,INR
4017,4017,2024-05-04 14:49:05,Credit Card,Paid,TPPAYYMHGTD4GOB,98636.6,0.0,INR
4018,4018,2026-07-05 17:27:41,UPI,Paid,TPPAY4QMG6GKX9F,116943.0,0.0,INR
4019,4019,2025-07-30 19:53:55,UPI,Refunded,TPPAYTFP9ZVVOCY,51926.0,51926.0,INR
4020,4020,2024-12-02 05:54:47,Credit Card,Paid,TPPAYA15DM8GQCT,39703.5,0.0,INR
4021,4021,2026-08-29 19:44:31,Credit Card,Paid,TPPAYOWCXC5YW68,100870.0,0.0,INR
4022,4022,2026-08-09 14:11:34,UPI,Paid,TPPAYEI4VRRL60W,22914.0,0.0,INR
4023,4023,2026-01-27 21:02:56,Net Banking,Paid,TPPAYZVZ6M68K0U,40200.0,0.0,INR
4024,4024,2026-09-05 22:59:32,UPI,Refunded,TPPAYE3425C2854,52276.0,52276.0,INR
4025,4025,2025-07-16 10:48:26,Net Banking,Paid,TPPAYLHTZWL7509,8453.0,0.0,INR
4026,4026,2024-08-20 09:18:24,Debit Card,Paid,TPPAYQJS69OPIRB,35348.0,0.0,INR
4027,4027,2026-07-02 12:02:41,Debit Card,Paid,TPPAYDJ7YOC7HCK,13380.0,0.0,INR
4028,4028,2026-09-06 19:58:37,Debit Card,Paid,TPPAYKPSKXHJSPW,103852.0,0.0,INR
4029,4029,2026-08-28 21:37:14,Net Banking,Pending,TPPAYDB8KS0394O,0.0,0.0,INR
4030,4030,2024-04-29 22:42:28,UPI,Pending,TPPAY8IPVT6T02N,108810.0,0.0,INR
4031,4031,2026-07-07 07:42:29,Debit Card,Paid,TPPAY62EA2MUDXN,16066.0,0.0,INR
4032,4032,2026-05-03 03:00:31,Credit Card,Paid,TPPAYK23XA4IW0J,37045.0,0.0,INR
4033,4033,2026-09-02 03:19:01,UPI,Paid,TPPAYEFOYFJ8K4N,47945.0,0.0,INR
4034,4034,2026-07-05 06:25:46,UPI,Refunded,TPPAY8X92994D47,76406.0,76406.0,INR
4035,4035,2026-07-26 07:34:19,UPI,Paid,TPPAY4CPLTJXHLN,130620.0,0.0,INR
4036,4036,2025-06-22 11:10:46,Credit Card,Paid,TPPAYC4DEUKWAHJ,93318.0,0.0,INR
4037,4037,2025-10-28 21:31:00,Credit Card,Paid,TPPAY7UJH6ZRD2M,60856.2,0.0,INR
4038,4038,2024-05-30 14:29:33,Credit Card,Paid,TPPAYJLMP58UCTO,17646.0,0.0,INR
4039,4039,2026-08-22 17:52:54,Credit Card,Paid,TPPAYCDQ7GVN42Q,70152.0,0.0,INR
4040,4040,2025-01-30 23:46:30,UPI,Paid,TPPAYJNC2USWXZP,30624.0,0.0,INR
4041,4041,2024-02-14 15:09:30,Wallet,Paid,TPPAYPPXWSL42Z6,89908.0,0.0,INR
4042,4042,2023-10-12 00:52:14,UPI,Refunded,TPPAYPDUXC4U3LK,27328.65,27328.65,INR
4043,4043,2026-08-13 18:09:53,Net Banking,Refunded,TPPAY96II23G7SO,15312.0,15312.0,INR
4044,4044,2023-09-19 09:20:32,UPI,Paid,TPPAY1HSOEQ4FJ7,87894.0,0.0,INR
4045,4045,2024-12-26 22:38:11,Credit Card,Paid,TPPAYULEYYI40QA,81124.0,0.0,INR
4046,4046,2026-08-05 00:05:10,Credit Card,Paid,TPPAYQJBILRKAR2,51745.0,0.0,INR
4047,4047,2024-07-11 08:22:55,Net Banking,Refunded,TPPAY5WYNBAFLRT,38356.0,38356.0,INR
4048,4048,2025-12-03 09:56:37,UPI,Paid,TPPAY49S6IVYPD7,16729.0,0.0,INR
4049,4049,2026-08-07 18:39:30,Debit Card,Paid,TPPAYL6KMVE0SBW,87690.0,0.0,INR
4050,4050,2026-08-10 01:09:18,Debit Card,Refunded,TPPAY2HGVL6XQMN,20648.0,20648.0,INR
4051,4051,2024-10-02 23:08:41,Debit Card,Paid,TPPAY2L1XLDHD3B,119646.0,0.0,INR
4052,4052,2026-08-16 20:16:51,Debit Card,Paid,TPPAY19KFX5IYPY,115700.0,0.0,INR
4053,4053,2025-07-21 08:35:43,Debit Card,Paid,TPPAYES4EI4PT0G,33232.0,0.0,INR
4054,4054,2026-05-23 15:07:49,UPI,Paid,TPPAY3T1ZSCVH3U,61432.0,0.0,INR
4055,4055,2026-08-05 13:14:49,Net Banking,Paid,TPPAY0SQNCMY4OK,25632.0,0.0,INR
4056,4056,2026-06-22 07:33:16,Debit Card,Paid,TPPAYX9TTY6SZ0J,10075.05,0.0,INR
4057,4057,2026-01-30 07:23:36,UPI,Paid,TPPAYV379E0IG2K,94640.0,0.0,INR
4058,4058,2024-12-15 13:53:51,UPI,Paid,TPPAY1UK3A5PXIX,155530.0,0.0,INR
4059,4059,2026-08-28 10:54:52,Debit Card,Paid,TPPAY6B5JA8J3O6,155530.0,0.0,INR
4060,4060,2026-06-29 08:20:09,Credit Card,Paid,TPPAYS2BHVPMPHT,63020.7,0.0,INR
4061,4061,2024-04-21 20:41:38,Debit Card,Paid,TPPAYSGO3WQK2Y0,61298.75,0.0,INR
4062,4062,2026-08-29 18:52:17,UPI,Paid,TPPAYB9SGYOH88Y,15784.2,0.0,INR
4063,4063,2026-01-21 16:58:04,Credit Card,Refunded,TPPAYFQL2ZHZ3EM,98659.4,98659.4,INR
4064,4064,2026-07-24 22:11:49,Net Banking,Paid,TPPAYVKTLAE0V8B,60660.0,0.0,INR
4065,4065,2026-07-31 08:56:14,Credit Card,Refunded,TPPAYNOFUE5XYIJ,16080.0,16080.0,INR
4066,4066,2025-12-06 20:23:26,Net Banking,Paid,TPPAYFYCMJVFE0C,21548.0,0.0,INR
4067,4067,2026-07-07 10:14:35,Debit Card,Paid,TPPAYOXEJYSB47D,64772.0,0.0,INR
4068,4068,2026-08-05 22:24:58,Debit Card,Paid,TPPAYSFCYDSVYHF,31047.0,0.0,INR
4069,4069,2026-08-11 16:24:11,Credit Card,Paid,TPPAYK1ML1ZHQ9T,23743.2,0.0,INR
4070,4070,2026-06-18 04:35:49,UPI,Paid,TPPAYIUYPIMO9CE,48579.0,0.0,INR
4071,4071,2026-06-25 17:09:11,Credit Card,Paid,TPPAYIULAGDB46J,23074.0,0.0,INR
4072,4072,2026-06-29 14:28:54,Credit Card,Paid,TPPAY63EGLH4S0Y,93364.0,0.0,INR
4073,4073,2026-08-14 04:21:56,Credit Card,Paid,TPPAYZYB2FP6OVL,57245.1,0.0,INR
4074,4074,2026-07-27 06:16:34,UPI,Paid,TPPAYTXJE7FAPSU,100430.0,0.0,INR
4075,4075,2024-06-24 06:53:44,UPI,Paid,TPPAYNOU9L9JTZU,138840.0,0.0,INR
4076,4076,2026-08-02 14:35:17,UPI,Paid,TPPAYLEKT6CQVGL,68598.0,0.0,INR
4077,4077,2026-06-16 10:53:13,Debit Card,Paid,TPPAYVOJYUYTJKH,155530.0,0.0,INR
4078,4078,2026-06-14 05:53:11,UPI,Paid,TPPAY3EYDQTHTO9,44756.0,0.0,INR
4079,4079,2026-08-26 15:12:57,UPI,Paid,TPPAYOM0GN51H9Y,64237.1,0.0,INR
4080,4080,2026-04-19 15:00:09,Debit Card,Paid,TPPAYUCAM6RUOZG,119646.0,0.0,INR
4081,4081,2026-06-28 11:24:58,Credit Card,Paid,TPPAYO0X0BVC2QQ,61398.0,0.0,INR
4082,4082,2026-07-04 21:55:59,Debit Card,Paid,TPPAY86B7Q9GMRR,31491.55,0.0,INR
4083,4083,2025-07-15 07:23:00,Credit Card,Paid,TPPAY24GBR67SU8,114490.2,0.0,INR
4084,4084,2024-12-20 22:25:14,UPI,Paid,TPPAY6WAQL21MKJ,119646.0,0.0,INR
4085,4085,2026-07-12 00:48:16,Debit Card,Paid,TPPAYRTW3BXV180,43096.0,0.0,INR
4086,4086,2026-08-24 23:42:10,Debit Card,Pending,TPPAYPEWI6MCM70,0.0,0.0,INR
4087,4087,2025-07-10 10:32:38,Credit Card,Refunded,TPPAYZICR8E3G32,121320.0,121320.0,INR
4088,4088,2025-08-02 13:55:59,UPI,Paid,TPPAYH24NRZ00WC,35292.0,0.0,INR
4089,4089,2025-02-10 16:28:40,Debit Card,Paid,TPPAYP8YIVDZITD,60660.0,0.0,INR
4090,4090,2025-09-19 07:41:00,Net Banking,Paid,TPPAYEYKTH0FNVI,90387.0,0.0,INR
4091,4091,2026-08-01 10:05:12,Net Banking,Refunded,TPPAYRSRKYL66MI,77505.0,77505.0,INR
4092,4092,2024-04-17 21:28:51,UPI,Paid,TPPAYUCXK8Q9R2O,122796.0,0.0,INR
4093,4093,2025-07-26 00:13:11,UPI,Paid,TPPAYJIGUOU08SF,17168.4,0.0,INR
4094,4094,2026-07-14 03:23:12,Credit Card,Paid,TPPAYX41EHJSCI9,85002.0,0.0,INR
4095,4095,2024-04-15 11:02:33,Net Banking,Paid,TPPAYU6UB4C0NWC,23074.0,0.0,INR
4096,4096,2026-07-09 17:05:15,UPI,Paid,TPPAY5Q7DSXVIS3,51926.0,0.0,INR
4097,4097,2026-06-19 08:09:16,Credit Card,Paid,TPPAYA5QA4A88IS,103852.0,0.0,INR
4098,4098,2024-07-11 21:58:50,Credit Card,Paid,TPPAYZGXMYDOB29,33580.6,0.0,INR
4099,4099,2026-07-04 02:30:41,UPI,Paid,TPPAY84KDNYUZ85,28648.0,0.0,INR
4100,4100,2026-08-25 04:49:03,UPI,Pending,TPPAY88YM9GNEI5,0.0,0.0,INR
4101,4101,2026-07-27 19:55:45,Credit Card,Paid,TPPAY0BTKTCUTTT,28065.0,0.0,INR
4102,4102,2026-08-07 03:16:56,Credit Card,Paid,TPPAYDM4YMY6YEW,36483.0,0.0,INR
4103,4103,2026-07-18 18:38:24,UPI,Paid,TPPAYV0OFYKATII,48460.0,0.0,INR
4104,4104,2026-07-23 03:06:18,Credit Card,Refunded,TPPAY12334V9M7K,57296.0,57296.0,INR
4105,4105,2023-12-07 07:11:30,UPI,Paid,TPPAYE9FAKS9SCK,83056.0,0.0,INR
4106,4106,2026-08-05 21:08:01,Net Banking,Paid,TPPAYW7QWZOOKWV,57165.0,0.0,INR
4107,4107,2026-08-04 09:22:54,Debit Card,Paid,TPPAYWX9702WDDA,59519.55,0.0,INR
4108,4108,2026-08-19 07:37:31,Net Banking,Paid,TPPAY56LLXQYJM8,13380.0,0.0,INR
4109,4109,2026-06-22 04:04:39,Debit Card,Paid,TPPAY04KDSG7VC6,103852.0,0.0,INR
4110,4110,2026-06-14 21:09:37,Credit Card,Paid,TPPAYPO6R7DLQM0,70100.1,0.0,INR
4111,4111,2024-11-05 23:59:34,Credit Card,Paid,TPPAY6518AKGZZ2,17088.0,0.0,INR
4112,4112,2026-08-25 02:14:42,Credit Card,Pending,TPPAYZL72GDP0SP,0.0,0.0,INR
4113,4113,2024-11-28 00:49:16,UPI,Paid,TPPAYDL5V1PV1A3,70165.8,0.0,INR
4114,4114,2026-08-18 17:16:00,UPI,Paid,TPPAYHNZQ4UUDQY,19563.0,0.0,INR
4115,4115,2026-06-22 21:21:54,UPI,Paid,TPPAYF2AXRK5TLX,29830.95,0.0,INR
4116,4116,2024-01-18 23:19:39,UPI,Paid,TPPAYR9S62D2CJM,129175.0,0.0,INR
4117,4117,2026-08-09 13:32:22,UPI,Refunded,TPPAY696Q1GBJIZ,30506.5,30506.5,INR
4118,4118,2026-07-19 05:16:12,Credit Card,Paid,TPPAYC7E1AQNE9P,33812.0,0.0,INR
4119,4119,2026-09-05 15:47:01,Credit Card,Paid,TPPAY1RWVKKBLVC,86226.0,0.0,INR
4120,4120,2024-04-06 12:04:24,Debit Card,Paid,TPPAYC1B7LMF1D4,17538.0,0.0,INR
4121,4121,2026-08-01 18:46:07,Debit Card,Refunded,TPPAYPQYA5K6KV5,51620.0,51620.0,INR
4122,4122,2025-03-15 20:17:16,Credit Card,Refunded,TPPAYISOSEW90ZV,186636.0,51620.0,INR
4123,4123,2023-10-04 05:19:32,Debit Card,Paid,TPPAY03GVWEL8A4,31047.0,0.0,INR
4124,4124,2026-07-02 02:48:39,Wallet,Paid,TPPAY3M460MBR07,103852.0,0.0,INR
4125,4125,2023-10-14 12:45:29,UPI,Paid,TPPAY2SLLC2LEK9,92097.0,0.0,INR
4126,4126,2026-06-29 13:31:32,Credit Card,Refunded,TPPAY8HFXBIQB94,103122.0,103122.0,INR
4127,4127,2026-08-17 17:42:41,Wallet,Paid,TPPAYJY40RQ4JLQ,108993.6,0.0,INR
4128,4128,2026-07-04 20:27:19,Net Banking,Paid,TPPAYRGJ7SEL6ZB,33648.0,0.0,INR
4129,4129,2026-08-09 13:38:05,Net Banking,Paid,TPPAYL1U7BB88IC,71920.0,0.0,INR
4130,4130,2025-04-05 04:22:34,UPI,Paid,TPPAY0FFDUPFE3T,9063.0,0.0,INR
4131,4131,2026-06-21 14:46:50,UPI,Paid,TPPAYGFGE9UX1W4,17088.0,0.0,INR
4132,4132,2023-11-09 18:58:29,UPI,Paid,TPPAYMW2FDO4DY9,155010.0,0.0,INR
4133,4133,2026-08-20 01:44:02,UPI,Paid,TPPAYCH57HB9W8G,32605.0,0.0,INR
4134,4134,2024-10-23 00:55:07,UPI,Paid,TPPAYW0KBCSEQMK,32961.0,0.0,INR
4135,4135,2026-06-28 16:23:19,UPI,Refunded,TPPAY2DNDRKBBYS,13069.0,13069.0,INR
4136,4136,2026-07-05 22:23:30,Debit Card,Pending,TPPAYC5700MPAF5,0.0,0.0,INR
4137,4137,2025-10-11 03:56:42,Credit Card,Paid,TPPAYN655TKF18O,26138.0,0.0,INR
4138,4138,2025-06-01 14:34:28,UPI,Paid,TPPAY8NBS4WU6C6,110343.45,0.0,INR
4139,4139,2026-06-21 07:37:09,Debit Card,Paid,TPPAYX1Y9DWRHYD,39384.0,0.0,INR
4140,4140,2024-05-26 23:17:11,UPI,Paid,TPPAYZA6Q6HK5XR,86226.0,0.0,INR
4141,4141,2026-08-09 00:17:09,Net Banking,Paid,TPPAYFW52M64QOR,38768.0,0.0,INR
4142,4142,2026-08-11 19:04:24,UPI,Paid,TPPAYGYEJZ7OOKX,45180.0,0.0,INR
4143,4143,2026-06-14 17:45:27,UPI,Paid,TPPAYYBQ0R4W5LX,105801.6,0.0,INR
4144,4144,2026-06-22 01:53:59,Credit Card,Refunded,TPPAY6S4W60MW5X,18636.0,18636.0,INR
4145,4145,2026-07-06 05:52:22,Credit Card,Paid,TPPAY1V2D73N9OM,103820.0,0.0,INR
4146,4146,2026-07-08 21:13:40,UPI,Paid,TPPAYRDHB9JDFWI,22968.0,0.0,INR
4147,4147,2026-07-20 03:44:51,Net Banking,Refunded,TPPAYWY3FDJZ3CT,48460.0,48460.0,INR
4148,4148,2025-03-10 02:14:56,Wallet,Paid,TPPAY6XC0RC2PDV,33351.0,0.0,INR
4149,4149,2025-08-06 19:00:14,UPI,Paid,TPPAYUGS9NQZMGU,16616.0,0.0,INR
4150,4150,2026-04-13 03:04:42,Credit Card,Paid,TPPAYM80QDL014E,18964.8,0.0,INR
4151,4151,2026-06-22 20:43:14,UPI,Paid,TPPAY7P2ICUHS9Z,22260.4,0.0,INR
4152,4152,2024-11-25 07:31:08,Credit Card,Paid,TPPAYKZNSMNM1FQ,49465.0,0.0,INR
4153,4153,2026-08-11 20:03:02,UPI,Paid,TPPAYCMQNI8QOE4,99705.0,0.0,INR
4154,4154,2024-04-22 16:21:08,Wallet,Paid,TPPAYU15ZKL8OT0,70100.1,0.0,INR
4155,4155,2026-01-27 07:41:23,UPI,Paid,TPPAY7G62ASFI7R,57764.75,0.0,INR
4156,4156,2026-06-23 00:27:28,UPI,Paid,TPPAY3GO35V6AQG,86226.0,0.0,INR
4157,4157,2026-08-22 23:44:06,Credit Card,Pending,TPPAYTN5MRQ019F,0.0,0.0,INR
4158,4158,2026-08-17 04:45:33,Credit Card,Paid,TPPAYF31DOSJX5Q,22234.0,0.0,INR
4159,4159,2025-06-11 10:33:16,Debit Card,Paid,TPPAYC69PSQBAZ2,35114.85,0.0,INR
4160,4160,2025-10-03 14:47:39,Credit Card,Paid,TPPAY0LHG11MKMD,64458.0,0.0,INR
4161,4161,2024-06-10 08:14:31,UPI,Paid,TPPAYPSJTZR7FXV,24322.0,0.0,INR
4162,4162,2026-09-02 18:19:06,UPI,Refunded,TPPAYESNWNCDAGB,10437.65,10437.65,INR
4163,4163,2025-08-01 22:55:15,Credit Card,Paid,TPPAYHTIPPJ4U0N,46864.0,0.0,INR
4164,4164,2024-07-31 06:57:59,UPI,Paid,TPPAYLPWRI09SV2,46991.75,0.0,INR
4165,4165,2026-04-16 03:21:04,Credit Card,Paid,TPPAYSIQ758620F,17752.65,0.0,INR
4166,4166,2026-07-13 00:45:31,Credit Card,Paid,TPPAYNI8DLX4R4L,27622.2,0.0,INR
4167,4167,2026-08-15 09:33:08,UPI,Paid,TPPAY0XY1YQ9Y1U,18315.8,0.0,INR
4168,4168,2026-07-28 08:47:01,Debit Card,Paid,TPPAY39XUZHC7DA,19066.5,0.0,INR
4169,4169,2026-07-15 15:17:25,UPI,Paid,TPPAYI6QN7UDVND,32961.0,0.0,INR
4170,4170,2025-08-25 06:32:00,UPI,Paid,TPPAYTVI8XH2KMF,46424.0,0.0,INR
4171,4171,2026-07-24 23:59:02,UPI,Paid,TPPAYF9H92ZVYVL,48579.0,0.0,INR
4172,4172,2024-09-18 12:28:42,UPI,Paid,TPPAYZ4IIBCNVMW,115048.8,0.0,INR
4173,4173,2026-07-08 22:57:31,UPI,Paid,TPPAYJO72RLQ9WU,21682.0,0.0,INR
4174,4174,2025-01-18 20:21:24,UPI,Paid,TPPAY6LB91PY72S,92560.0,0.0,INR
4175,4175,2024-10-12 22:01:36,UPI,Paid,TPPAYW30FXJ75YY,80496.0,0.0,INR
4176,4176,2025-06-01 13:43:19,Debit Card,Paid,TPPAY59XPFYNJDX,10841.0,0.0,INR
4177,4177,2026-07-21 09:19:19,Credit Card,Paid,TPPAY8JDJ42VT5Q,87048.0,0.0,INR
4178,4178,2024-10-03 16:41:59,Wallet,Paid,TPPAYOZMYPDUAKC,77434.0,0.0,INR
4179,4179,2024-07-16 17:33:45,UPI,Paid,TPPAY2CJPDAXONX,121965.0,0.0,INR
4180,4180,2026-06-16 07:06:52,Credit Card,Paid,TPPAYF4J0V8T2GM,121965.0,0.0,INR
4181,4181,2026-07-15 20:59:21,Credit Card,Paid,TPPAYT8PUROB0ZB,113223.0,0.0,INR
4182,4182,2026-07-25 11:41:40,Debit Card,Paid,TPPAYAQ9PJ01YG2,82726.0,0.0,INR
4183,4183,2026-06-24 23:29:17,UPI,Paid,TPPAY8ZIM6GV3AN,67296.0,0.0,INR
4184,4184,2026-06-27 22:50:27,Debit Card,Paid,TPPAYIQAXUPDND2,60886.0,0.0,INR
4185,4185,2025-05-09 11:44:03,Net Banking,Paid,TPPAYII61ZNH4K0,60805.0,0.0,INR
4186,4186,2025-07-10 00:24:01,Credit Card,Paid,TPPAY4CBC39KPHN,18944.0,0.0,INR
4187,4187,2024-12-17 12:02:06,Net Banking,Paid,TPPAYGPCTRL9ABM,30105.0,0.0,INR
4188,4188,2025-01-07 15:00:12,Wallet,Paid,TPPAYAEDY8N21KV,22234.0,0.0,INR
4189,4189,2026-06-15 22:43:24,Debit Card,Paid,TPPAYB17XH5N2AS,35148.0,0.0,INR
4190,4190,2026-07-04 08:59:29,UPI,Pending,TPPAYQ02HL6YJY2,0.0,0.0,INR
4191,4191,2026-06-16 10:59:18,UPI,Paid,TPPAYVSWE8RSIPN,48460.0,0.0,INR
4192,4192,2024-01-02 00:49:04,Debit Card,Paid,TPPAYY7GCP4YZ1L,121686.0,0.0,INR
4193,4193,2024-01-29 12:33:01,UPI,Paid,TPPAYVPOTJOMRJW,69420.0,0.0,INR
4194,4194,2025-04-30 14:09:00,Net Banking,Paid,TPPAYAX34RIJEPO,21534.0,0.0,INR
4195,4195,2026-06-19 16:08:28,UPI,Paid,TPPAYHC52FCJDBX,36963.0,0.0,INR
4196,4196,2026-05-28 00:13:15,Net Banking,Paid,TPPAYN2B3YZJ2YA,57296.0,0.0,INR
4197,4197,2025-08-12 03:17:13,UPI,Paid,TPPAYH6V6EU7N57,28416.0,0.0,INR
4198,4198,2024-08-10 13:19:16,UPI,Refunded,TPPAY1SODZ81F14,14814.0,14814.0,INR
4199,4199,2025-12-20 23:09:55,Credit Card,Paid,TPPAYLGGU24DQ0U,83986.2,0.0,INR
4200,4200,2026-06-26 15:37:48,Credit Card,Paid,TPPAYU9BE8KJUBF,51745.0,0.0,INR
4201,4201,2024-06-05 15:10:10,UPI,Paid,TPPAYHKN3MHNSXA,8789.6,0.0,INR
4202,4202,2023-12-25 17:55:58,Credit Card,Paid,TPPAYB7ENRF6UA9,49230.0,0.0,INR
4203,4203,2026-06-16 14:57:39,Debit Card,Paid,TPPAYFYQS8JCURD,23706.0,0.0,INR
4204,4204,2025-10-03 07:53:43,UPI,Paid,TPPAYHNMD2L8D2X,21208.8,0.0,INR
4205,4205,2026-06-04 22:23:26,UPI,Paid,TPPAYH7BP9FHKNU,121104.0,0.0,INR
4206,4206,2026-06-07 16:57:36,UPI,Paid,TPPAYBCVO7ML4EB,55054.5,0.0,INR
4207,4207,2026-06-27 02:41:46,Credit Card,Refunded,TPPAYBSE7DZBK4J,34476.8,34476.8,INR
4208,4208,2025-08-04 04:20:29,Credit Card,Refunded,TPPAYAX5SYGHTJN,115048.8,115048.8,INR
4209,4209,2025-08-08 19:26:23,Credit Card,Paid,TPPAYZBQNEBBRL0,73990.8,0.0,INR
4210,4210,2024-02-12 07:51:49,Credit Card,Paid,TPPAYO6JEMJ0074,138840.0,0.0,INR
4211,4211,2026-07-09 00:05:13,Debit Card,Paid,TPPAYVJ6KJ1UP7T,41533.2,0.0,INR
4212,4212,2026-08-03 19:05:14,Debit Card,Paid,TPPAY37GQJIFLTH,92560.0,0.0,INR
4213,4213,2026-06-22 23:40:02,UPI,Paid,TPPAYL21BP8PS8P,80496.0,0.0,INR
4214,4214,2025-06-17 04:04:24,Debit Card,Paid,TPPAYKF1A4P8WJH,49465.0,0.0,INR
4215,4215,2026-07-04 09:55:31,Debit Card,Paid,TPPAYX4B2B3MB3Q,56061.0,0.0,INR
4216,4216,2025-09-06 07:23:46,Net Banking,Paid,TPPAYZFG94LZQI6,87690.0,0.0,INR
4217,4217,2024-09-04 08:13:14,UPI,Paid,TPPAYOBF8888JBA,24120.0,0.0,INR
4218,4218,2026-06-26 10:28:00,UPI,Paid,TPPAY7BDT691ISZ,12920.4,0.0,INR
4219,4219,2024-10-04 21:24:08,UPI,Paid,TPPAYQ5J01QNPMN,43622.0,0.0,INR
4220,4220,2024-06-22 22:41:44,Net Banking,Paid,TPPAYGZX9SKG4FJ,108810.0,0.0,INR
4221,4221,2026-08-26 22:20:32,Debit Card,Paid,TPPAY9M8U6T08TD,18944.0,0.0,INR
4222,4222,2026-06-22 12:20:32,Debit Card,Paid,TPPAY2CFCWMD95Y,95275.0,0.0,INR
4223,4223,2025-05-29 03:26:47,Debit Card,Paid,TPPAYRLCEEBRC5C,87080.0,0.0,INR
4224,4224,2026-07-22 04:45:02,Debit Card,Paid,TPPAYPEN7H3T0JZ,16476.4,0.0,INR
4225,4225,2025-11-29 00:01:09,Credit Card,Refunded,TPPAYZ6U06346KP,46424.0,46424.0,INR
4226,4226,2026-07-13 11:21:44,Credit Card,Paid,TPPAYHSYFIF4VJ1,31312.95,0.0,INR
4227,4227,2024-04-29 13:38:21,Net Banking,Paid,TPPAY8AE0OSSVK9,43096.0,0.0,INR
4228,4228,2026-06-28 20:53:04,Net Banking,Pending,TPPAYLWQLFSFEHU,0.0,0.0,INR
4229,4229,2023-12-30 15:27:52,Debit Card,Paid,TPPAYHXT7QIPA5M,114330.0,0.0,INR
4230,4230,2023-11-23 19:27:54,Credit Card,Refunded,TPPAYPBGWI9UMMU,57165.0,57165.0,INR
4231,4231,2026-07-06 12:31:51,Credit Card,Refunded,TPPAYFQ5HC0TNZL,34176.0,57165.0,INR
4232,4232,2026-07-09 13:11:30,UPI,Paid,TPPAYAQODF99S3V,33232.0,0.0,INR
4233,4233,2026-08-28 08:39:29,Credit Card,Paid,TPPAYFN6GLRZOI9,15892.55,0.0,INR
4234,4234,2025-02-06 07:52:22,UPI,Refunded,TPPAY43K97DGAFC,12977.6,12977.6,INR
4235,4235,2026-06-18 14:13:26,Debit Card,Paid,TPPAYJ81VCN8ILG,20150.1,0.0,INR
4236,4236,2026-07-28 13:52:46,Debit Card,Pending,TPPAYLBCB243R3U,0.0,0.0,INR
4237,4237,2026-08-21 16:18:06,Debit Card,Paid,TPPAY4OFJC8GQUM,35148.0,0.0,INR
4238,4238,2026-08-06 23:28:35,Debit Card,Paid,TPPAY9CQ5QBGFDS,17088.0,0.0,INR
4239,4239,2026-07-07 20:57:17,UPI,Paid,TPPAYE2IWQ60G1T,34176.0,0.0,INR
4240,4240,2026-09-05 01:58:03,UPI,Refunded,TPPAYO46U919BUI,48417.6,48417.6,INR
4241,4241,2026-01-22 16:41:32,Credit Card,Paid,TPPAYWR22DT8RFN,121104.0,0.0,INR
4242,4242,2025-09-19 22:29:57,Credit Card,Refunded,TPPAYMNF8Q06U58,16233.6,16233.6,INR
4243,4243,2023-11-30 10:22:22,UPI,Paid,TPPAYRTVPZDOE70,18687.0,0.0,INR
4244,4244,2023-12-11 15:40:48,UPI,Paid,TPPAYPEZDTQMD5D,29679.0,0.0,INR
4245,4245,2024-05-10 10:52:06,Debit Card,Paid,TPPAYP8LVUBLW3T,50026.5,0.0,INR
4246,4246,2026-03-22 19:42:42,UPI,Paid,TPPAY8DNC87ZW91,104274.0,0.0,INR
4247,4247,2026-06-13 07:39:30,Credit Card,Paid,TPPAYITB7A6NQ5T,46074.25,0.0,INR
4248,4248,2025-08-17 16:48:04,Wallet,Paid,TPPAY7OWGNQWSZG,74750.4,0.0,INR
4249,4249,2026-07-29 00:29:28,Credit Card,Paid,TPPAYJXSG6JCNRN,25855.2,0.0,INR
4250,4250,2023-10-05 23:23:01,UPI,Paid,TPPAY56Y7EERUNH,30886.0,0.0,INR
4251,4251,2025-11-14 16:53:58,Debit Card,Paid,TPPAYIO5M4RY0CY,80496.0,0.0,INR
4252,4252,2026-01-02 20:27:06,Credit Card,Paid,TPPAYEW9FFG8O3G,114330.0,0.0,INR
4253,4253,2026-07-03 17:19:05,Debit Card,Paid,TPPAYWKDP0URJMR,86808.0,0.0,INR
4254,4254,2024-03-13 14:08:56,Debit Card,Paid,TPPAY79LE8MXKCL,32444.0,0.0,INR
4255,4255,2026-08-22 22:09:04,Debit Card,Paid,TPPAYGTZS320PUX,75831.0,0.0,INR
4256,4256,2026-03-14 06:38:50,Credit Card,Paid,TPPAYK120DBFDZ8,52335.0,0.0,INR
4257,4257,2026-06-25 05:20:14,Credit Card,Paid,TPPAY4MEWFWQU2Q,69420.0,0.0,INR
4258,4258,2026-08-30 17:37:00,UPI,Paid,TPPAYBE8KTSZBOC,13069.0,0.0,INR
4259,4259,2026-06-24 02:14:46,Debit Card,Paid,TPPAY9SKNB5G4TT,75482.0,0.0,INR
4260,4260,2026-08-06 09:25:36,UPI,Pending,TPPAYXXBCJMZFH5,0.0,0.0,INR
4261,4261,2026-08-25 17:16:47,UPI,Pending,TPPAYGSRVDW8HEH,0.0,0.0,INR
4262,4262,2026-08-26 17:17:49,Debit Card,Paid,TPPAY5L2KX2Q9IA,131758.5,0.0,INR
4263,4263,2024-12-05 10:04:09,UPI,Paid,TPPAY7RM0KQWBRK,121965.0,0.0,INR
4264,4264,2025-03-31 19:14:49,Debit Card,Paid,TPPAY7NNO2OASU9,32386.0,0.0,INR
4265,4265,2026-09-01 16:15:56,Debit Card,Paid,TPPAYMMUNBHJ709,93318.0,0.0,INR
4266,4266,2026-08-27 15:47:07,Credit Card,Paid,TPPAYFV4VN6OBR6,36918.9,0.0,INR
4267,4267,2026-09-09 03:35:15,UPI,Paid,TPPAYRM0JKU1NHI,29679.0,0.0,INR
4268,4268,2024-11-05 14:55:26,Credit Card,Paid,TPPAYOB2NHH3Q5Z,20070.0,0.0,INR
4269,4269,2025-01-17 15:08:29,Credit Card,Paid,TPPAYT1LI1RDOKK,39207.0,0.0,INR
4270,4270,2026-09-08 11:17:37,Debit Card,Paid,TPPAY9QW0IB6ND4,27577.4,0.0,INR
4271,4271,2025-06-22 19:29:29,Credit Card,Paid,TPPAY4DJVWJBT51,93318.0,0.0,INR
4272,4272,2026-08-12 16:56:26,UPI,Paid,TPPAYOCN1QBKB9C,45849.0,0.0,INR
4273,4273,2023-10-25 16:19:13,Debit Card,Paid,TPPAYFZ7EP77YKV,51916.5,0.0,INR
4274,4274,2025-04-18 16:52:03,Debit Card,Paid,TPPAYAJF8JKB52E,75831.0,0.0,INR
4275,4275,2026-07-14 22:12:45,Net Banking,Paid,TPPAYETLKPS0F5G,77434.0,0.0,INR
4276,4276,2026-06-11 20:17:18,Net Banking,Paid,TPPAYJ9YRXRZEAX,87048.0,0.0,INR
4277,4277,2026-08-16 02:38:15,UPI,Paid,TPPAY7XMTT0CUL9,24333.0,0.0,INR
4278,4278,2023-11-13 09:46:58,Credit Card,Refunded,TPPAYBWE3PFM1EA,60886.0,60886.0,INR
4279,4279,2026-07-19 23:29:39,Debit Card,Paid,TPPAYMDYMEOBFAU,77434.0,0.0,INR
4280,4280,2026-08-01 11:48:03,UPI,Paid,TPPAY0W9UU885BK,17445.6,0.0,INR
4281,4281,2026-08-10 04:30:31,Debit Card,Pending,TPPAYJ1KEZ6U8KK,0.0,0.0,INR
4282,4282,2024-02-05 06:39:39,Debit Card,Paid,TPPAYKU20BE2U41,18687.0,0.0,INR
4283,4283,2026-06-19 20:59:40,UPI,Paid,TPPAYTOMT23DK7K,27276.4,0.0,INR
4284,4284,2026-08-13 17:40:45,Credit Card,Paid,TPPAYZFQ48159Y3,39572.0,0.0,INR
4285,4285,2026-07-18 17:25:26,Net Banking,Paid,TPPAY2VRL3Z5PO4,113223.0,0.0,INR
4286,4286,2026-06-23 03:02:28,Credit Card,Pending,TPPAY4I0NY1S50D,0.0,0.0,INR
4287,4287,2026-08-03 02:56:54,Wallet,Paid,TPPAYZXCMOM71M6,9472.0,0.0,INR
4288,4288,2023-10-06 14:38:46,Debit Card,Paid,TPPAYCY0RETZA3S,77215.0,0.0,INR
4289,4289,2026-07-06 05:53:34,Credit Card,Refunded,TPPAYXKPFEKWJYS,51494.75,51494.75,INR
4290,4290,2024-02-13 04:31:08,Debit Card,Paid,TPPAYH71BAILT20,33812.0,0.0,INR
4291,4291,2024-07-10 04:16:26,UPI,Paid,TPPAY9LE7WGQJVH,21974.0,0.0,INR
4292,4292,2025-12-24 13:32:59,Credit Card,Refunded,TPPAYCVEIX3KMP9,77962.0,77962.0,INR
4293,4293,2026-07-24 12:58:17,Wallet,Paid,TPPAYKCW92DI0CP,32322.0,0.0,INR
4294,4294,2026-09-01 14:32:27,Credit Card,Refunded,TPPAYY86EX6FQUH,103852.0,103852.0,INR
4295,4295,2026-06-20 20:50:46,UPI,Paid,TPPAYQG1K4XL5OY,23743.2,0.0,INR
4296,4296,2024-02-22 01:00:39,Credit Card,Paid,TPPAY04F72TX0TK,21974.0,0.0,INR
4297,4297,2026-08-30 04:10:02,Credit Card,Paid,TPPAYJWP4FFJ9NJ,90990.0,0.0,INR
4298,4298,2025-03-17 13:09:19,UPI,Paid,TPPAYFF1I2F2URH,85002.0,0.0,INR
4299,4299,2026-06-17 14:40:44,UPI,Paid,TPPAYTKM2EQ98KT,113223.0,0.0,INR
4300,4300,2025-11-13 10:59:18,Net Banking,Paid,TPPAYJAC5GYSPAC,19931.4,0.0,INR
4301,4301,2026-06-18 11:39:29,UPI,Refunded,TPPAYLNNX69ST6Z,60552.0,60552.0,INR
4302,4302,2025-10-01 23:00:40,UPI,Paid,TPPAYYBDCDJN7FY,93318.0,0.0,INR
4303,4303,2026-08-17 02:23:35,UPI,Paid,TPPAYTMXBFDHVTZ,89908.0,0.0,INR
4304,4304,2026-03-25 05:50:56,UPI,Paid,TPPAYVDFMHQ1CSB,16729.0,0.0,INR
4305,4305,2025-12-29 08:43:38,Credit Card,Paid,TPPAYEPSCHSPAK0,34691.2,0.0,INR
4306,4306,2024-08-19 19:19:27,UPI,Paid,TPPAYALLZYHE6VO,92097.0,0.0,INR
4307,4307,2026-04-19 06:05:00,UPI,Paid,TPPAYT7UW9VQLHX,15443.0,0.0,INR
4308,4308,2023-09-28 17:06:31,Credit Card,Paid,TPPAY65FD33JRIL,19713.6,0.0,INR
4309,4309,2023-11-19 20:46:53,Debit Card,Paid,TPPAY41MM7IRMTL,11853.0,0.0,INR
4310,4310,2026-08-07 13:17:23,UPI,Paid,TPPAYWUR1XHPSV9,28712.0,0.0,INR
4311,4311,2026-08-20 21:08:16,Wallet,Paid,TPPAYQ0E98Q569E,24848.0,0.0,INR
4312,4312,2025-03-07 07:42:28,Credit Card,Paid,TPPAYM01H81CXE2,101108.0,0.0,INR
4313,4313,2026-08-10 22:08:24,UPI,Paid,TPPAYW3XQ4A27PD,28944.0,0.0,INR
4314,4314,2026-06-30 13:35:58,Credit Card,Paid,TPPAYO83QIOT9GO,26784.0,0.0,INR
4315,4315,2026-07-28 14:03:27,UPI,Pending,TPPAYZ0BYVYTI8U,0.0,0.0,INR
4316,4316,2026-07-06 16:26:24,UPI,Paid,TPPAY66ZL8D66A2,55945.0,0.0,INR
4317,4317,2026-06-12 09:52:22,Credit Card,Paid,TPPAYW9PAXR703C,35114.85,0.0,INR
4318,4318,2026-07-08 21:54:33,UPI,Paid,TPPAYKB48BNEGHY,46864.0,0.0,INR
4319,4319,2026-07-01 06:29:45,UPI,Paid,TPPAY8158LBO9N1,38304.0,0.0,INR
4320,4320,2026-08-30 13:51:39,Debit Card,Paid,TPPAYHV8EKJWHCO,13392.0,0.0,INR
4321,4321,2026-07-03 13:31:23,UPI,Paid,TPPAY3T8F8Z3SG8,32322.0,0.0,INR
4322,4322,2024-04-28 17:23:39,UPI,Paid,TPPAY8YPHSIKI22,29628.0,0.0,INR
4323,4323,2024-02-08 04:26:26,UPI,Paid,TPPAY0TNA9EY4T4,138840.0,0.0,INR
4324,4324,2023-09-23 06:27:57,UPI,Paid,TPPAYOJ8MHQMUN6,155530.0,0.0,INR
4325,4325,2026-07-07 20:51:02,UPI,Paid,TPPAYAL6JULISP2,100430.0,0.0,INR
4326,4326,2026-07-09 20:08:28,UPI,Paid,TPPAYDO5ZDIA2SR,58030.0,0.0,INR
4327,4327,2023-10-26 10:17:51,UPI,Paid,TPPAY4G01BUX1TU,16066.0,0.0,INR
4328,4328,2026-07-13 19:55:02,Credit Card,Paid,TPPAYYQC46KSUVT,18636.0,0.0,INR
4329,4329,2026-08-26 22:36:40,UPI,Paid,TPPAYOQXZCAFLKM,29628.0,0.0,INR
4330,4330,2024-12-13 00:03:35,Wallet,Paid,TPPAYYNN09HA9YP,43614.0,0.0,INR
4331,4331,2026-07-27 17:31:12,Credit Card,Paid,TPPAY5RUBDE6A05,58524.75,0.0,INR
4332,4332,2026-07-03 12:40:26,UPI,Paid,TPPAY3DPC15OEHL,22968.0,0.0,INR
4333,4333,2026-07-14 06:28:07,Net Banking,Paid,TPPAYFLC8TGJKNI,33476.4,0.0,INR
4334,4334,2026-09-04 23:06:34,UPI,Pending,TPPAY8JDRFN9K2Y,0.0,0.0,INR
4335,4335,2026-08-09 02:33:22,Wallet,Paid,TPPAY7A4PS9ECBR,55365.0,0.0,INR
4336,4336,2026-09-04 15:23:49,Debit Card,Paid,TPPAYJ2PL6H6EUA,64728.0,0.0,INR
4337,4337,2026-07-28 22:48:11,UPI,Paid,TPPAYHUINZAUYAY,63882.0,0.0,INR
4338,4338,2026-06-23 08:23:27,UPI,Paid,TPPAYS0ETKOUF7J,93364.0,0.0,INR
4339,4339,2026-06-16 19:54:14,UPI,Paid,TPPAYF29CNNLM2I,12864.0,0.0,INR
4340,4340,2026-06-23 15:05:25,Net Banking,Pending,TPPAY89BYJG3SF9,0.0,0.0,INR
4341,4341,2026-06-30 06:31:12,Credit Card,Paid,TPPAYJAQ6OIPR1M,23212.0,0.0,INR
4342,4342,2026-09-02 07:10:23,Debit Card,Paid,TPPAY9X0J1IU0CV,26584.2,0.0,INR
4343,4343,2026-08-23 12:56:53,Debit Card,Paid,TPPAYS172QMH2UE,100430.0,0.0,INR
4344,4344,2026-08-03 01:07:06,Net Banking,Paid,TPPAY8WLIQZCQAX,33480.0,0.0,INR
4345,4345,2026-09-05 19:04:27,Net Banking,Pending,TPPAYWGHBMO31AR,0.0,0.0,INR
4346,4346,2023-12-07 05:23:45,UPI,Refunded,TPPAYLZZRKTYZAV,12920.4,12920.4,INR
4347,4347,2026-06-19 14:46:56,Debit Card,Paid,TPPAYA54VIOJLH1,92097.0,0.0,INR
4348,4348,2026-08-26 14:49:27,Wallet,Refunded,TPPAYV0RN3O2M4Q,77889.0,77889.0,INR
4349,4349,2026-06-25 19:47:02,Credit Card,Paid,TPPAY8B9ECAONNN,186636.0,0.0,INR
4350,4350,2026-08-05 12:15:05,UPI,Paid,TPPAYBGFM7USY1C,26511.0,0.0,INR
4351,4351,2026-01-02 19:03:43,UPI,Paid,TPPAY1MHJC3XADR,56668.0,0.0,INR
4352,4352,2026-06-30 13:25:13,Debit Card,Paid,TPPAY04Z0T0XRP2,97092.0,0.0,INR
4353,4353,2025-10-04 09:15:03,Credit Card,Paid,TPPAYFFDYPUJENJ,12905.0,0.0,INR
4354,4354,2024-04-20 15:44:45,Debit Card,Paid,TPPAYJDDJO3K8XO,113223.0,0.0,INR
4355,4355,2025-08-28 00:59:32,Net Banking,Paid,TPPAYUCFVV50RWC,26316.0,0.0,INR
4356,4356,2026-06-28 17:16:51,Credit Card,Paid,TPPAYRPWEBYWHJ9,10560.4,0.0,INR
4357,4357,2026-06-29 17:44:51,UPI,Paid,TPPAYN009JMI1IY,21708.0,0.0,INR
4358,4358,2026-06-18 19:00:08,Debit Card,Pending,TPPAYM9L4Z5EYUW,0.0,0.0,INR
4359,4359,2023-12-21 06:18:04,Debit Card,Paid,TPPAY7P5NE9BYF3,51914.0,0.0,INR
4360,4360,2026-07-09 14:41:47,UPI,Refunded,TPPAYIKZOMKBBZH,103820.0,103820.0,INR
4361,4361,2024-05-04 20:39:35,UPI,Paid,TPPAY4B2S7X5WYP,19786.0,0.0,INR
4362,4362,2026-08-19 03:20:04,UPI,Paid,TPPAYM2HVPRICD6,10774.0,0.0,INR
4363,4363,2026-06-20 09:22:29,UPI,Paid,TPPAYO84V3EEA2L,84120.0,0.0,INR
4364,4364,2026-07-04 05:22:50,UPI,Paid,TPPAYXMRYAQIWD4,60886.0,0.0,INR
4365,4365,2026-08-09 14:07:10,UPI,Paid,TPPAY7XXFTQRSQ8,32961.0,0.0,INR
4366,4366,2026-06-21 17:57:05,UPI,Paid,TPPAY5JFXUZEYA7,37888.0,0.0,INR
4367,4367,2024-11-02 16:29:03,Credit Card,Paid,TPPAYK4E86MT44P,59823.0,0.0,INR
4368,4368,2025-03-11 20:48:55,Net Banking,Paid,TPPAY00IW78QLPA,90511.25,0.0,INR
4369,4369,2026-08-14 18:31:20,Credit Card,Paid,TPPAYJIRPPLLQ3R,34452.0,0.0,INR
4370,4370,2026-06-26 16:24:24,Credit Card,Paid,TPPAYN8M7M8T36B,162248.0,0.0,INR
4371,4371,2026-08-05 03:23:51,UPI,Paid,TPPAYY7ABKKXALO,78676.0,0.0,INR
4372,4372,2025-08-23 14:07:53,UPI,Paid,TPPAYW2XI4RMUUB,114330.0,0.0,INR
4373,4373,2024-12-09 04:13:05,Debit Card,Paid,TPPAY4MM27H895C,27189.0,0.0,INR
4374,4374,2026-06-26 05:19:22,Net Banking,Pending,TPPAYLVFRJ9EQTF,0.0,0.0,INR
4375,4375,2024-11-11 07:19:27,Debit Card,Paid,TPPAYULJ67MB8E4,72409.0,0.0,INR
4376,4376,2025-09-22 08:13:57,Debit Card,Refunded,TPPAYAECVTQ2G5I,48579.0,48579.0,INR
4377,4377,2026-06-12 10:02:52,Credit Card,Paid,TPPAYSYOAUDIAJS,135867.6,0.0,INR
4378,4378,2024-10-05 06:01:46,Net Banking,Paid,TPPAYIISW8T64C8,25359.0,0.0,INR
4379,4379,2026-06-19 08:45:09,Net Banking,Refunded,TPPAYQGSFVSFPUZ,30015.9,30015.9,INR
4380,4380,2026-07-06 02:59:34,UPI,Paid,TPPAYPCRPIVXA1V,50187.0,0.0,INR
4381,4381,2026-08-05 03:15:10,UPI,Paid,TPPAY7LISIWNAWA,31336.2,0.0,INR
4382,4382,2026-07-20 01:52:29,UPI,Paid,TPPAYUHPDK85L5D,34176.0,0.0,INR
4383,4383,2025-03-27 16:01:06,UPI,Paid,TPPAYQHGZ34KIJE,22221.0,0.0,INR
4384,4384,2025-06-25 01:49:02,Debit Card,Paid,TPPAYX90B4DJH8B,18944.0,0.0,INR
4385,4385,2024-10-13 06:12:43,Debit Card,Paid,TPPAYUAOUMQO1M6,97965.0,0.0,INR
4386,4386,2026-08-05 07:51:38,Wallet,Pending,TPPAYIHPFS9IATM,0.0,0.0,INR
4387,4387,2025-11-16 10:56:14,UPI,Paid,TPPAY8M762NKZF3,20759.4,0.0,INR
4388,4388,2026-03-03 21:36:39,Debit Card,Paid,TPPAYW8ETGS7VAF,34818.0,0.0,INR
4389,4389,2026-07-31 15:23:44,Debit Card,Paid,TPPAYP76EF9X5C9,30075.0,0.0,INR
4390,4390,2024-11-03 13:34:06,Debit Card,Paid,TPPAYDDNI69O2R5,32605.0,0.0,INR
4391,4391,2026-07-01 23:03:07,Credit Card,Paid,TPPAY2Y4DMRY7KP,55585.0,0.0,INR
4392,4392,2024-05-22 15:22:28,Debit Card,Paid,TPPAYPY95O66AIW,13889.0,0.0,INR
4393,4393,2026-08-29 08:16:23,UPI,Pending,TPPAY82IAYNZVVX,0.0,0.0,INR
4394,4394,2026-08-26 22:13:33,UPI,Paid,TPPAYK9XJTW1KCO,8030.35,0.0,INR
4395,4395,2026-06-23 18:32:43,Debit Card,Paid,TPPAYPGIYSNG59B,21682.0,0.0,INR
4396,4396,2026-07-15 15:14:59,Debit Card,Paid,TPPAY5HB0679GBL,77203.8,0.0,INR
4397,4397,2024-02-04 14:45:26,Credit Card,Paid,TPPAY0USZG4BY8K,104324.25,0.0,INR
4398,4398,2026-07-28 13:52:33,UPI,Paid,TPPAYVNFPW56U4H,21038.7,0.0,INR
4399,4399,2025-02-27 23:32:07,Credit Card,Paid,TPPAYDHUV24WJ62,24120.0,0.0,INR
4400,4400,2024-03-10 09:04:12,UPI,Paid,TPPAYN0F58K0VNH,31401.0,0.0,INR
4401,4401,2024-03-24 00:41:59,Credit Card,Paid,TPPAYECSJZOEYMM,41452.8,0.0,INR
4402,4402,2026-08-12 09:58:01,UPI,Paid,TPPAYGRB7F6PEP1,25632.0,0.0,INR
4403,4403,2026-08-24 06:07:53,Net Banking,Refunded,TPPAYI9YZMX1FDE,56061.0,56061.0,INR
4404,4404,2026-07-20 14:31:35,Credit Card,Paid,TPPAYQL4W8DJSV0,38862.0,0.0,INR
4405,4405,2026-07-19 13:32:00,Net Banking,Paid,TPPAYKEY5N56U4N,30705.9,0.0,INR
4406,4406,2026-07-01 17:01:09,UPI,Paid,TPPAYFRK0WXAK4V,51443.7,0.0,INR
4407,4407,2026-01-26 05:54:39,Credit Card,Refunded,TPPAY3ROQ9QX0WA,47880.0,47880.0,INR
4408,4408,2026-07-29 01:41:32,Credit Card,Refunded,TPPAYTLLVBGT2BA,49604.8,47880.0,INR
4409,4409,2026-08-08 21:10:05,UPI,Paid,TPPAYGSQJFV58GC,33219.0,0.0,INR
4410,4410,2026-06-23 15:42:12,Credit Card,Paid,TPPAYALW75I27NS,9355.0,0.0,INR
4411,4411,2025-09-16 15:27:21,Debit Card,Paid,TPPAYWO4UZPZ9WN,51816.0,0.0,INR
4412,4412,2026-07-21 12:26:46,UPI,Paid,TPPAY8A5R8AMAQT,65433.0,0.0,INR
4413,4413,2025-08-12 14:25:44,UPI,Refunded,TPPAYBVZHO05UKW,15828.8,15828.8,INR
4414,4414,2026-07-16 22:00:52,UPI,Pending,TPPAYM25OCDS2VM,0.0,0.0,INR
4415,4415,2025-07-18 09:31:33,UPI,Paid,TPPAY8G5ZGIQP53,119646.0,0.0,INR
4416,4416,2026-09-05 11:38:04,UPI,Paid,TPPAY0DR0ZHA84B,17088.0,0.0,INR
4417,4417,2026-08-27 16:38:28,Debit Card,Paid,TPPAYB3MTHW4BV0,30430.8,0.0,INR
4418,4418,2026-08-15 14:06:16,Net Banking,Paid,TPPAYTTRQXZD73L,60552.0,0.0,INR
4419,4419,2026-08-12 11:34:02,UPI,Paid,TPPAYBE68BEIR59,60258.0,0.0,INR
4420,4420,2023-11-03 22:50:27,Debit Card,Paid,TPPAYKCC8LESG3J,35148.0,0.0,INR
4421,4421,2026-07-26 20:24:55,UPI,Paid,TPPAY8WYGHN2KN9,51620.0,0.0,INR
4422,4422,2026-07-09 16:33:54,UPI,Paid,TPPAYQIATEU0BD2,34176.0,0.0,INR
4423,4423,2024-12-30 03:49:50,Credit Card,Paid,TPPAYFH7ILIA129,71707.9,0.0,INR
4424,4424,2026-02-27 04:52:44,Wallet,Paid,TPPAY1KX2SP8UQN,62292.0,0.0,INR
4425,4425,2026-08-24 09:17:45,Credit Card,Paid,TPPAYQWZ4ULCAL8,119646.0,0.0,INR
4426,4426,2026-06-20 07:27:22,Debit Card,Paid,TPPAYBBLTW715EK,130620.0,0.0,INR
4427,4427,2025-03-21 21:39:37,UPI,Paid,TPPAY9QUBA7GI35,109188.0,0.0,INR
4428,4428,2023-09-07 08:56:22,UPI,Paid,TPPAYPLYSZYK2MA,32222.1,0.0,INR
4429,4429,2025-03-29 22:09:18,UPI,Paid,TPPAYW32JX2KBPN,24125.0,0.0,INR
4430,4430,2026-08-02 08:49:26,UPI,Paid,TPPAYCZ3ENSNK65,146420.0,0.0,INR
4431,4431,2024-09-23 16:03:00,Debit Card,Paid,TPPAYGIQO72CRE0,24105.6,0.0,INR
4432,4432,2026-06-20 13:30:33,UPI,Paid,TPPAY3C963LRIEI,39207.0,0.0,INR
4433,4433,2024-05-23 19:01:32,UPI,Paid,TPPAYPRA8KTBZ83,21534.0,0.0,INR
4434,4434,2023-11-11 16:48:29,UPI,Paid,TPPAYOVWNY0D5QU,69800.3,0.0,INR
4435,4435,2026-06-19 02:24:57,UPI,Paid,TPPAYGS1SMSFS9Q,126385.0,0.0,INR
4436,4436,2026-06-30 19:01:49,Credit Card,Refunded,TPPAYKBU3SL61U2,34176.0,34176.0,INR
4437,4437,2026-07-19 19:18:32,UPI,Paid,TPPAYJNL16HCR1C,23317.2,0.0,INR
4438,4438,2026-01-21 19:23:54,UPI,Paid,TPPAYGIJ7ZV8IJY,116151.0,0.0,INR
4439,4439,2026-02-04 13:46:55,Credit Card,Paid,TPPAYLSIXJUO2I2,81914.7,0.0,INR
4440,4440,2024-06-26 01:18:45,UPI,Paid,TPPAYJDR0BTJ19R,9063.0,0.0,INR
4441,4441,2026-06-13 13:38:17,Credit Card,Pending,TPPAY42JHLNAWQG,0.0,0.0,INR
4442,4442,2026-07-05 23:30:45,UPI,Paid,TPPAYWWD18YITMG,43770.3,0.0,INR
4443,4443,2024-12-31 20:44:06,Net Banking,Paid,TPPAYOO4PQS68D9,31488.25,0.0,INR
4444,4444,2026-06-16 09:29:20,Credit Card,Paid,TPPAYX0ZHEWCB20,36918.9,0.0,INR
4445,4445,2026-06-27 13:10:01,Debit Card,Refunded,TPPAYKO6JSSZ7DT,122716.25,122716.25,INR
4446,4446,2023-11-13 00:17:10,Credit Card,Paid,TPPAY2NSRGI8G44,46424.0,0.0,INR
4447,4447,2026-07-31 03:27:37,UPI,Pending,TPPAYRZQPQFQ122,0.0,0.0,INR
4448,4448,2024-11-11 10:31:50,Credit Card,Paid,TPPAYPSYJD6GP0Y,71920.0,0.0,INR
4449,4449,2024-11-03 02:15:00,UPI,Paid,TPPAYW2WQGE6QLZ,17722.8,0.0,INR
4450,4450,2026-08-20 20:49:57,UPI,Paid,TPPAYI8UK5VAR0F,40280.4,0.0,INR
4451,4451,2024-03-09 12:57:26,Credit Card,Paid,TPPAYZOYBZXR5SZ,21852.0,0.0,INR
4452,4452,2025-03-17 16:16:51,Debit Card,Paid,TPPAYLDC9JL48GL,17752.65,0.0,INR
4453,4453,2026-09-09 12:44:58,Debit Card,Paid,TPPAY4XM0E7FFRM,41540.8,0.0,INR
4454,4454,2023-09-12 16:59:48,Net Banking,Paid,TPPAY085KLA1AQA,70023.0,0.0,INR
4455,4455,2025-02-05 17:48:03,Credit Card,Paid,TPPAYUNB5M8L7CO,155010.0,0.0,INR
4456,4456,2024-07-13 14:34:49,UPI,Paid,TPPAYQAM3JLNC5B,108810.0,0.0,INR
4457,4457,2023-10-03 09:52:07,Credit Card,Refunded,TPPAYN3NH5OBANK,55365.0,55365.0,INR
4458,4458,2026-02-07 05:42:36,Net Banking,Paid,TPPAYHGTEONG2HQ,46634.4,0.0,INR
4459,4459,2026-07-02 09:16:54,Credit Card,Pending,TPPAY3OMTAVLNP1,0.0,0.0,INR
4460,4460,2024-10-30 14:44:22,Debit Card,Paid,TPPAY3LGFDEJG83,11260.35,0.0,INR
4461,4461,2026-06-25 14:25:39,UPI,Paid,TPPAYX3BEENJNCA,16222.0,0.0,INR
4462,4462,2025-07-17 13:44:06,Credit Card,Paid,TPPAYCJ2234T0H3,24322.0,0.0,INR
4463,4463,2026-07-13 08:34:01,UPI,Refunded,TPPAYDBZ3WNC0SC,21852.0,21852.0,INR
4464,4464,2026-08-28 14:22:18,Debit Card,Paid,TPPAY3TZI61XA13,52227.0,0.0,INR
4465,4465,2024-10-06 09:39:01,UPI,Paid,TPPAYNL4D6Z4MJB,24642.0,0.0,INR
4466,4466,2026-07-19 06:32:26,Credit Card,Paid,TPPAYW1NL3DY7FP,85739.5,0.0,INR
4467,4467,2024-09-02 01:45:36,Wallet,Paid,TPPAYQZPP7O191X,96052.6,0.0,INR
4468,4468,2026-06-18 11:08:51,UPI,Paid,TPPAYJPW2IOM9X7,81310.0,0.0,INR
4469,4469,2026-07-09 16:34:38,UPI,Paid,TPPAY1Z1IN7HKOU,84120.0,0.0,INR
4470,4470,2026-06-16 21:59:21,Debit Card,Paid,TPPAYN714ERQWIU,24831.1,0.0,INR
4471,4471,2025-11-21 12:52:59,Credit Card,Paid,TPPAYT93FJPUZXI,146023.2,0.0,INR
4472,4472,2026-07-14 10:37:43,UPI,Paid,TPPAYZ5F6ZYDWEC,155530.0,0.0,INR
4473,4473,2026-07-14 03:57:06,UPI,Paid,TPPAYTR2IU64J42,46211.8,0.0,INR
4474,4474,2026-08-19 16:58:27,Credit Card,Paid,TPPAYD8AGRLLMO3,107880.0,0.0,INR
4475,4475,2024-06-14 08:39:13,UPI,Paid,TPPAYUPOXYJYXK3,71787.6,0.0,INR
4476,4476,2026-08-13 21:38:23,Debit Card,Paid,TPPAY6YUGUMRS4E,85002.0,0.0,INR
4477,4477,2026-06-22 20:35:46,UPI,Paid,TPPAY0SBCQHRWKE,73210.0,0.0,INR
4478,4478,2026-08-23 17:34:21,UPI,Paid,TPPAY0QC9DVOOLU,98173.0,0.0,INR
4479,4479,2026-06-18 09:04:33,UPI,Paid,TPPAYSODKDV8F3I,74691.2,0.0,INR
4480,4480,2024-12-18 02:41:14,UPI,Paid,TPPAYKSJSPTVYGS,26084.0,0.0,INR
4481,4481,2024-10-17 03:21:51,UPI,Paid,TPPAYITPWDBBU3V,31003.0,0.0,INR
4482,4482,2023-11-26 14:30:24,UPI,Paid,TPPAYII115A3W1V,121320.0,0.0,INR
4483,4483,2026-07-04 15:24:08,Credit Card,Paid,TPPAY0TYL9AWSID,73474.0,0.0,INR
4484,4484,2025-12-13 10:59:38,Credit Card,Paid,TPPAYL6ZKQXPGOE,26766.4,0.0,INR
4485,4485,2026-08-16 02:51:29,Credit Card,Paid,TPPAY6VQBGWR6EW,60552.0,0.0,INR
4486,4486,2026-06-21 09:13:44,Credit Card,Paid,TPPAYMEKTELI6P6,27902.7,0.0,INR
4487,4487,2026-07-29 23:00:58,Debit Card,Paid,TPPAYYTVZ4MU9KJ,19786.0,0.0,INR
4488,4488,2025-05-19 13:50:44,Credit Card,Refunded,TPPAY4M8MT2RYSR,31507.2,31507.2,INR
4489,4489,2026-07-23 06:17:30,UPI,Paid,TPPAYCGE17WS2Q5,68039.0,0.0,INR
4490,4490,2026-03-01 09:50:56,Credit Card,Paid,TPPAYGCQ2TPD98U,74157.4,0.0,INR
4491,4491,2026-07-02 22:09:22,Credit Card,Paid,TPPAY5A2PQ4ZZ6T,37078.7,0.0,INR
4492,4492,2025-02-04 23:00:47,UPI,Paid,TPPAYRW4MB8359D,10987.0,0.0,INR
4493,4493,2026-08-15 18:50:39,Net Banking,Paid,TPPAYAPV308GL40,35348.0,0.0,INR
4494,4494,2026-08-25 07:03:04,UPI,Pending,TPPAYXWGT2J92SW,0.0,0.0,INR
4495,4495,2026-08-25 16:18:18,UPI,Paid,TPPAYC2S0O8KZXM,37888.0,0.0,INR
4496,4496,2026-03-19 22:19:22,UPI,Paid,TPPAYPM5Z4281ZZ,32444.0,0.0,INR
4497,4497,2024-05-23 16:30:49,Credit Card,Paid,TPPAYOK8ZLY1R9C,17445.6,0.0,INR
4498,4498,2026-07-10 09:55:40,Credit Card,Paid,TPPAYUKQBUQQ8Y9,76501.8,0.0,INR
4499,4499,2026-08-27 14:04:37,UPI,Paid,TPPAYP76HGWUVFJ,53038.4,0.0,INR
4500,4500,2026-07-11 18:16:10,UPI,Pending,TPPAYOGELQA76VF,0.0,0.0,INR
4501,4501,2025-06-15 09:04:21,Wallet,Paid,TPPAYZRT40W2K40,118300.0,0.0,INR
4502,4502,2026-08-25 19:15:49,UPI,Refunded,TPPAYIH3VUANIS4,124424.0,124424.0,INR
4503,4503,2024-10-10 20:10:34,Wallet,Paid,TPPAYERDZRMK710,51566.4,0.0,INR
4504,4504,2025-07-22 12:28:53,Debit Card,Paid,TPPAY940HPBDPL5,46768.5,0.0,INR
4505,4505,2026-07-19 09:57:32,Debit Card,Paid,TPPAY0BZCX472KZ,14524.8,0.0,INR
4506,4506,2026-08-05 06:07:13,UPI,Paid,TPPAYY1HRSW7EEA,19152.0,0.0,INR
4507,4507,2026-08-15 06:30:35,Credit Card,Paid,TPPAYB5IFUVPRLU,54496.8,0.0,INR
4508,4508,2026-03-16 18:36:49,UPI,Paid,TPPAYZ9LNJQB1RO,30624.0,0.0,INR
4509,4509,2026-07-04 04:11:32,UPI,Pending,TPPAYSE18MWE52H,0.0,0.0,INR
4510,4510,2026-08-23 19:55:13,Credit Card,Pending,TPPAY5XH8ZU2MS7,0.0,0.0,INR
4511,4511,2026-08-07 22:18:37,Net Banking,Paid,TPPAYYLFYRBPPE3,9063.0,0.0,INR
4512,4512,2026-07-12 02:05:58,Net Banking,Pending,TPPAY92Z2J2CDUF,0.0,0.0,INR
4513,4513,2026-07-02 05:35:55,Debit Card,Paid,TPPAYMRVNXFWAG1,32386.0,0.0,INR
4514,4514,2026-08-23 10:10:38,Debit Card,Paid,TPPAYBVNWIQNY07,89270.1,0.0,INR
4515,4515,2026-08-16 10:01:28,Credit Card,Refunded,TPPAYOSNNFYFKCS,46150.05,46150.05,INR
4516,4516,2026-07-28 20:58:56,UPI,Paid,TPPAYRAFDFATUJZ,24837.6,0.0,INR
4517,4517,2024-02-22 22:53:02,UPI,Paid,TPPAY4NCELN526R,20934.0,0.0,INR
4518,4518,2026-07-18 23:09:16,UPI,Paid,TPPAYXSXUH4GESP,13042.0,0.0,INR
4519,4519,2026-07-27 17:12:46,Net Banking,Paid,TPPAYV9C2CSPT0T,186636.0,0.0,INR
4520,4520,2026-08-29 05:23:59,Net Banking,Paid,TPPAYTIOH8KDS6N,66521.85,0.0,INR
4521,4521,2025-03-27 08:18:43,Credit Card,Paid,TPPAYAYBLR7BV5Q,17646.0,0.0,INR
4522,4522,2026-07-15 23:33:34,Wallet,Paid,TPPAYGOY2A5ONU9,77889.0,0.0,INR
4523,4523,2024-03-11 19:57:50,Wallet,Paid,TPPAYQMF1GKG3OK,24120.0,0.0,INR
4524,4524,2026-09-08 22:45:25,UPI,Paid,TPPAYEPRU6E3KV4,57495.9,0.0,INR
4525,4525,2026-04-16 07:26:42,Credit Card,Paid,TPPAYHXYXLWW9IZ,57841.7,0.0,INR
4526,4526,2026-07-16 14:41:12,UPI,Paid,TPPAYT1Z2RNUY7A,34336.8,0.0,INR
4527,4527,2026-07-05 13:42:46,UPI,Paid,TPPAYYDRIIAZ51S,67618.0,0.0,INR
4528,4528,2026-06-23 06:12:43,Credit Card,Paid,TPPAYZHUYL5ISCV,41292.15,0.0,INR
4529,4529,2026-07-15 01:14:51,UPI,Pending,TPPAYVG8OZVD0SQ,0.0,0.0,INR
4530,4530,2026-06-15 08:26:21,Credit Card,Paid,TPPAYL2R7NEPTBH,37593.4,0.0,INR
4531,4531,2024-09-23 17:07:30,UPI,Paid,TPPAYDLFU1JS0FK,19517.0,0.0,INR
4532,4532,2026-07-25 18:23:20,Net Banking,Paid,TPPAY96IXM7JTPH,38136.8,0.0,INR
4533,4533,2024-02-10 16:30:21,UPI,Paid,TPPAYKYYBEBHB1P,42972.0,0.0,INR
4534,4534,2025-10-23 01:10:31,Credit Card,Paid,TPPAYZ5NMWTG3F6,43096.0,0.0,INR
4535,4535,2026-06-28 07:44:48,Debit Card,Paid,TPPAYHN1UIC6JV2,25890.3,0.0,INR
4536,4536,2025-10-16 20:34:07,Credit Card,Paid,TPPAYMMMJGM037Q,64772.0,0.0,INR
4537,4537,2025-06-12 02:42:31,Net Banking,Paid,TPPAYDIMX9B8LA0,57165.0,0.0,INR
4538,4538,2026-08-19 08:41:34,UPI,Refunded,TPPAYD6QGFGN8ET,87839.0,87839.0,INR
4539,4539,2026-07-30 21:31:13,UPI,Paid,TPPAYD8K4UAG472,18636.0,0.0,INR
4540,4540,2026-06-19 22:42:29,Credit Card,Paid,TPPAY3SS04LWHYA,19083.6,0.0,INR
4541,4541,2026-08-01 15:36:26,Credit Card,Paid,TPPAYCG00FL2CSL,11853.0,0.0,INR
4542,4542,2026-06-24 10:06:56,Debit Card,Paid,TPPAYIXVTYV7HIQ,32444.0,0.0,INR
4543,4543,2026-07-28 12:20:54,Debit Card,Paid,TPPAYRZDXQ28GZY,32386.0,0.0,INR
4544,4544,2026-08-30 12:16:30,UPI,Paid,TPPAYQU3HU8VDSK,103828.0,0.0,INR
4545,4545,2026-07-19 20:22:01,UPI,Paid,TPPAYSLFZHOV855,16056.0,0.0,INR
4546,4546,2026-07-18 03:03:31,Credit Card,Paid,TPPAYHYZ0IFDG0L,43704.0,0.0,INR
4547,4547,2024-01-14 15:04:36,UPI,Paid,TPPAY3K97Y7WRPJ,27189.0,0.0,INR
4548,4548,2025-09-28 13:13:27,Debit Card,Paid,TPPAYB6BY3CWI9N,7703.55,0.0,INR
4549,4549,2026-08-08 05:34:53,Credit Card,Paid,TPPAY5ZVW3UW3B8,42972.0,0.0,INR
4550,4550,2024-06-30 09:25:53,Credit Card,Paid,TPPAYGMSJXR75QJ,17049.6,0.0,INR
4551,4551,2026-07-09 20:23:44,Credit Card,Paid,TPPAYP5OGHJ132L,131637.8,0.0,INR
4552,4552,2026-06-14 10:14:00,Debit Card,Refunded,TPPAYMGXR90SZH3,49828.5,49828.5,INR
4553,4553,2026-06-26 20:31:51,UPI,Paid,TPPAYI1LNSJVIIY,92097.0,0.0,INR
4554,4554,2025-12-10 23:42:56,UPI,Paid,TPPAY0V381WD74W,42658.95,0.0,INR
4555,4555,2026-07-15 03:41:00,UPI,Paid,TPPAY5NPBJ96IPK,33476.4,0.0,INR
4556,4556,2026-08-08 16:44:45,UPI,Paid,TPPAYFWBNUQ7HYI,23432.0,0.0,INR
4557,4557,2026-06-29 01:20:32,UPI,Paid,TPPAYBB19EBGW2F,10704.0,0.0,INR
4558,4558,2026-07-26 06:48:19,UPI,Paid,TPPAY9OM6GOEYYK,25908.0,0.0,INR
4559,4559,2026-06-21 13:38:01,UPI,Paid,TPPAYDF0PGKM4KO,9833.4,0.0,INR
4560,4560,2024-06-02 09:16:12,Debit Card,Paid,TPPAYDO0WDQNJKF,12920.4,0.0,INR
4561,4561,2026-06-26 11:01:07,Credit Card,Paid,TPPAYOEA2APCR2S,77215.0,0.0,INR
4562,4562,2026-01-11 00:10:05,Net Banking,Paid,TPPAYPVR900SATL,35559.0,0.0,INR
4563,4563,2026-08-23 11:18:22,Wallet,Paid,TPPAYQKJ0ZBWH5V,17674.0,0.0,INR
4564,4564,2026-07-22 04:12:32,UPI,Paid,TPPAYVXFU85IF57,30108.0,0.0,INR
4565,4565,2026-01-27 13:01:44,UPI,Paid,TPPAYQ6N2WE9ZC3,48546.0,0.0,INR
4566,4566,2025-10-19 07:13:55,Wallet,Paid,TPPAYLWYKMHQEGH,45180.0,0.0,INR
4567,4567,2026-07-31 07:23:07,UPI,Paid,TPPAY9ZXXMVGR4K,26784.0,0.0,INR
4568,4568,2026-06-30 08:45:47,Credit Card,Paid,TPPAY02OSUNYE4P,118202.8,0.0,INR
4569,4569,2026-06-22 12:08:15,Wallet,Paid,TPPAY5DDVQWP3QS,47948.4,0.0,INR
4570,4570,2026-08-15 14:04:42,UPI,Paid,TPPAY6I9ZXP3I3O,51448.5,0.0,INR
4571,4571,2026-08-12 22:57:27,Credit Card,Paid,TPPAYBCI1O6NMIR,98173.0,0.0,INR
4572,4572,2024-12-09 01:36:55,UPI,Paid,TPPAYPKP5DSQ34Y,147753.5,0.0,INR
4573,4573,2025-06-25 03:48:09,Credit Card,Refunded,TPPAYTEYQLSNF1B,92233.5,92233.5,INR
4574,4574,2026-06-24 18:42:51,Debit Card,Paid,TPPAYMWBXRQMRHV,30766.7,0.0,INR
4575,4575,2026-06-28 21:15:10,Credit Card,Refunded,TPPAYLEPBQ1RGUE,12595.3,12595.3,INR
4576,4576,2024-07-07 12:42:15,Debit Card,Refunded,TPPAYKDIEIME1BC,63020.7,12595.3,INR
4577,4577,2024-02-24 16:32:50,Debit Card,Paid,TPPAYUUFAD3YRXS,39034.0,0.0,INR
4578,4578,2026-07-06 15:02:17,Debit Card,Paid,TPPAY88POVQLEEJ,21185.4,0.0,INR
4579,4579,2026-07-11 18:17:15,UPI,Paid,TPPAY5P9GOVJMDK,154868.0,0.0,INR
4580,4580,2026-07-18 08:53:02,Debit Card,Paid,TPPAYJVEWWMFP01,56668.0,0.0,INR
4581,4581,2026-07-22 04:53:54,UPI,Paid,TPPAYCMB5VYW2S6,66040.2,0.0,INR
4582,4582,2026-07-02 06:21:10,UPI,Paid,TPPAY78X1RYFOKS,86226.0,0.0,INR
4583,4583,2024-03-15 09:29:53,UPI,Paid,TPPAYKSM6IA0RTN,58889.7,0.0,INR
4584,4584,2025-02-15 16:54:27,Debit Card,Paid,TPPAY1X79W2KKKS,87048.0,0.0,INR
4585,4585,2026-09-02 21:12:54,UPI,Paid,TPPAYRYPJUPZGNI,97660.0,0.0,INR
4586,4586,2026-08-03 19:37:42,Debit Card,Paid,TPPAYBAHX0I3081,140046.0,0.0,INR
4587,4587,2026-08-14 09:51:17,UPI,Paid,TPPAYBJ9226I1F9,29419.35,0.0,INR
4588,4588,2026-07-07 11:58:53,Debit Card,Paid,TPPAY7AKS0PW0D0,66298.0,0.0,INR
4589,4589,2026-08-01 10:22:03,Credit Card,Pending,TPPAYF451N6DEXA,0.0,0.0,INR
4590,4590,2023-10-03 13:32:56,Credit Card,Paid,TPPAYJ1Z3L0GWC9,60660.0,0.0,INR
4591,4591,2024-03-06 22:35:17,UPI,Paid,TPPAYS4NBVTNGQX,108510.0,0.0,INR
4592,4592,2023-12-06 15:38:48,UPI,Paid,TPPAYHANEI08CQF,124424.0,0.0,INR
4593,4593,2025-07-29 03:57:16,UPI,Paid,TPPAYF5OC71HBEQ,113663.7,0.0,INR
4594,4594,2026-07-29 02:08:43,Credit Card,Paid,TPPAYDL6VP9F1Z5,57296.0,0.0,INR
4595,4595,2026-08-02 00:30:52,UPI,Paid,TPPAYGFTNEIS4W2,38715.0,0.0,INR
4596,4596,2026-09-02 13:08:02,UPI,Pending,TPPAYLL3Q3H1UMQ,0.0,0.0,INR
4597,4597,2026-07-13 19:21:04,Debit Card,Paid,TPPAY8JZT64Q3AQ,19066.5,0.0,INR
4598,4598,2024-09-13 21:28:13,Credit Card,Paid,TPPAYQGUC0U9EWH,25810.0,0.0,INR
4599,4599,2026-05-03 09:33:03,Net Banking,Refunded,TPPAY1JDUSYZIES,43948.0,43948.0,INR
4600,4600,2026-07-01 21:07:45,UPI,Refunded,TPPAYVT76ZSORJ2,124424.0,124424.0,INR
4601,4601,2026-08-21 07:40:53,Debit Card,Paid,TPPAYNPQBE537Q0,51914.0,0.0,INR
4602,4602,2026-03-13 08:27:58,Credit Card,Paid,TPPAY5H0H250MPX,70980.0,0.0,INR
4603,4603,2026-08-07 09:47:05,Credit Card,Paid,TPPAY0X5Z5U8U8W,30722.4,0.0,INR
4604,4604,2025-06-15 03:56:27,Debit Card,Paid,TPPAYFNOPIE7USL,98659.4,0.0,INR
4605,4605,2026-06-30 02:26:42,UPI,Paid,TPPAYHU0S2FNZAS,89900.0,0.0,INR
4606,4606,2026-08-20 08:55:51,UPI,Pending,TPPAYZ3691Q4BMK,0.0,0.0,INR
4607,4607,2026-06-24 13:04:59,Credit Card,Pending,TPPAY40ODADH2IR,0.0,0.0,INR
4608,4608,2026-07-30 20:59:15,UPI,Paid,TPPAY1V7OO7N082,130212.0,0.0,INR
4609,4609,2026-07-30 17:07:54,Debit Card,Paid,TPPAYCU5D81OG7N,22968.0,0.0,INR
4610,4610,2024-10-08 06:56:15,Debit Card,Paid,TPPAYNF5VWEPTVU,27108.0,0.0,INR
4611,4611,2025-08-10 04:58:39,Debit Card,Paid,TPPAY1ENAUP8AVH,18045.0,0.0,INR
4612,4612,2026-08-08 08:22:00,Net Banking,Paid,TPPAY1R9GX2RW0U,76392.0,0.0,INR
4613,4613,2026-06-10 06:36:08,UPI,Pending,TPPAYLPWF9CVA3I,0.0,0.0,INR
4614,4614,2024-09-13 15:32:55,UPI,Paid,TPPAYYA2VUTBRFC,29240.0,0.0,INR
4615,4615,2026-06-23 10:18:20,UPI,Pending,TPPAY16ULEXKRI2,0.0,0.0,INR
4616,4616,2024-11-15 19:55:33,UPI,Refunded,TPPAYV3JOJ9KBX0,68247.9,68247.9,INR
4617,4617,2025-08-12 23:49:54,Credit Card,Paid,TPPAY54ZOMRR4D1,68820.25,0.0,INR
4618,4618,2026-06-12 04:37:56,UPI,Refunded,TPPAY1IXWM4XZL5,23229.0,23229.0,INR
4619,4619,2026-04-23 10:57:03,Debit Card,Paid,TPPAYT59CUZ8OCA,52276.0,0.0,INR
4620,4620,2026-06-18 23:41:20,Net Banking,Pending,TPPAYXR27SC6LUZ,0.0,0.0,INR
4621,4621,2025-08-05 16:31:02,Net Banking,Paid,TPPAYPWM3TOWR8K,65433.0,0.0,INR
4622,4622,2026-08-31 08:33:58,UPI,Paid,TPPAYYK694KTFKA,38280.0,0.0,INR
4623,4623,2026-07-02 20:39:36,Credit Card,Paid,TPPAYRO9TNV7MUE,39326.2,0.0,INR
4624,4624,2023-11-18 08:49:47,Credit Card,Refunded,TPPAYKFDJZOWLE5,43622.0,43622.0,INR
4625,4625,2026-08-18 11:55:58,Debit Card,Refunded,TPPAYLB5UG8RKEW,62564.4,62564.4,INR
4626,4626,2024-11-21 18:45:05,Wallet,Refunded,TPPAYY52SV1PYLQ,132252.0,62564.4,INR
4627,4627,2024-09-15 10:57:41,Net Banking,Paid,TPPAY5LFOR0IQHZ,155010.0,0.0,INR
4628,4628,2026-08-01 00:08:19,UPI,Paid,TPPAY4SPOG0UAE6,186636.0,0.0,INR
4629,4629,2026-06-25 22:03:18,Debit Card,Paid,TPPAYA2ZAAXIWU4,107880.0,0.0,INR
4630,4630,2026-06-25 19:13:06,Credit Card,Paid,TPPAY9AKK914C7B,55288.8,0.0,INR
4631,4631,2025-08-14 05:37:20,Credit Card,Paid,TPPAYTONRNKMEAU,41195.8,0.0,INR
4632,4632,2026-02-14 00:01:35,UPI,Paid,TPPAY1RLPHI92BN,120516.0,0.0,INR
4633,4633,2025-06-09 03:06:50,Credit Card,Refunded,TPPAY7TIS89BX7U,94719.75,94719.75,INR
4634,4634,2026-07-03 07:08:04,UPI,Pending,TPPAYB9QEV990OU,0.0,0.0,INR
4635,4635,2026-06-22 11:38:27,UPI,Paid,TPPAYV6TPM371JD,121104.0,0.0,INR
4636,4636,2026-07-09 09:09:51,Debit Card,Paid,TPPAYRNCZGIZOU5,55288.8,0.0,INR
4637,4637,2024-10-15 07:08:37,UPI,Paid,TPPAYIV2UJ2L73F,37374.0,0.0,INR
4638,4638,2026-09-05 18:27:31,UPI,Paid,TPPAYC4L7LJ2U85,71920.0,0.0,INR
4639,4639,2026-07-19 16:27:11,Net Banking,Paid,TPPAYREIE4BYESB,35292.0,0.0,INR
4640,4640,2026-07-23 01:22:12,UPI,Paid,TPPAYMDTTOFNREZ,20934.0,0.0,INR
4641,4641,2026-06-27 23:57:28,UPI,Paid,TPPAY3FOD0IFEIK,10774.0,0.0,INR
4642,4642,2026-08-20 04:44:07,Credit Card,Paid,TPPAYM5A3DYA9Y9,21899.7,0.0,INR
4643,4643,2026-08-04 10:31:16,Wallet,Pending,TPPAY3MBWR1ZX7P,0.0,0.0,INR
4644,4644,2026-06-18 01:14:05,UPI,Paid,TPPAYC358HY535P,8998.4,0.0,INR
4645,4645,2026-07-07 15:28:23,Debit Card,Paid,TPPAYGZBUINUSL0,37082.3,0.0,INR
4646,4646,2025-01-19 00:27:37,UPI,Paid,TPPAYTLUH041GIC,64508.8,0.0,INR
4647,4647,2026-06-23 09:35:17,Credit Card,Paid,TPPAYRK8LINUNCF,16616.0,0.0,INR
4648,4648,2024-08-07 15:55:47,UPI,Refunded,TPPAYR00FM52AWC,100430.0,100430.0,INR
4649,4649,2025-06-04 16:57:31,UPI,Refunded,TPPAY7WAHLO32HS,28830.3,28830.3,INR
4650,4650,2026-09-04 23:26:25,Debit Card,Paid,TPPAY5BHZOEUUOP,144078.9,0.0,INR
4651,4651,2026-08-26 19:59:15,Net Banking,Paid,TPPAY7ZUZQRR20C,41396.0,0.0,INR
4652,4652,2025-11-08 15:31:54,Debit Card,Paid,TPPAYHXA7F8GF8F,21930.0,0.0,INR
4653,4653,2026-07-01 19:48:43,Credit Card,Paid,TPPAYNYP637A22I,64772.0,0.0,INR
4654,4654,2025-08-15 14:25:20,UPI,Paid,TPPAY4QTEH15X3D,52335.0,0.0,INR
4655,4655,2026-08-17 12:48:13,UPI,Paid,TPPAYYLACQX3ZKZ,60660.0,0.0,INR
4656,4656,2026-07-08 22:00:21,Net Banking,Paid,TPPAY5J74OJQ0IU,25752.6,0.0,INR
4657,4657,2026-07-13 08:25:22,UPI,Paid,TPPAY67OHKQCIIV,29679.0,0.0,INR
4658,4658,2026-06-07 07:40:44,Credit Card,Paid,TPPAY57WC8206L1,33458.0,0.0,INR
4659,4659,2026-09-04 07:42:36,UPI,Paid,TPPAYJBYVBWQVC1,43364.0,0.0,INR
4660,4660,2026-07-15 12:03:09,UPI,Paid,TPPAY0R901W15C4,12161.0,0.0,INR
4661,4661,2024-12-17 02:14:44,UPI,Refunded,TPPAYO59FMZB5HO,12834.0,12834.0,INR
4662,4662,2026-08-23 03:23:50,Credit Card,Paid,TPPAYI69V6PPA9V,33476.4,0.0,INR
4663,4663,2024-04-21 11:21:49,Debit Card,Paid,TPPAYII7E7QLDIX,65106.0,0.0,INR
4664,4664,2026-08-29 22:55:34,UPI,Paid,TPPAYT9K9US6ORG,30045.8,0.0,INR
4665,4665,2026-07-18 03:30:02,Credit Card,Paid,TPPAYZ5LK8L9QRN,10774.0,0.0,INR
4666,4666,2026-06-19 15:34:03,Wallet,Paid,TPPAYQOZH7ZTOTS,18414.8,0.0,INR
4667,4667,2026-07-22 21:22:44,Debit Card,Paid,TPPAYDMMX2UAQVX,38768.0,0.0,INR
4668,4668,2025-08-10 23:09:03,Credit Card,Refunded,TPPAYP5W6L0Q1QS,31570.4,31570.4,INR
4669,4669,2024-03-10 06:28:31,Debit Card,Paid,TPPAYO8R6B9ZEFZ,82467.6,0.0,INR
4670,4670,2026-09-06 03:38:37,UPI,Paid,TPPAYUV2HLC8J1G,155530.0,0.0,INR
4671,4671,2026-06-26 15:17:20,UPI,Paid,TPPAYW0HR1F4O9S,124424.0,0.0,INR
4672,4672,2024-03-22 18:48:40,Debit Card,Paid,TPPAYR3K0MU08YS,29538.0,0.0,INR
4673,4673,2026-08-07 06:09:25,Debit Card,Pending,TPPAYA16OXZDEUW,0.0,0.0,INR
4674,4674,2026-08-03 15:08:10,UPI,Paid,TPPAYH59A8NMELR,115700.0,0.0,INR
4675,4675,2026-08-25 01:42:55,Net Banking,Paid,TPPAY0L0E44S3TM,34722.5,0.0,INR
4676,4676,2025-01-04 22:16:12,UPI,Paid,TPPAYL4KP6K4DW8,23068.8,0.0,INR
4677,4677,2026-07-23 10:28:46,Debit Card,Paid,TPPAY87W5XXU5V6,49284.0,0.0,INR
4678,4678,2024-09-08 09:04:16,Debit Card,Paid,TPPAY4RDT556HO0,26511.0,0.0,INR
4679,4679,2026-06-12 13:19:57,Debit Card,Paid,TPPAYYSX99GHE89,14599.8,0.0,INR
4680,4680,2025-08-14 08:11:45,UPI,Paid,TPPAYXHWQLHRLRU,58030.0,0.0,INR
4681,4681,2026-07-15 01:23:40,Credit Card,Pending,TPPAYFONGNRYSMB,0.0,0.0,INR
4682,4682,2026-07-20 08:47:33,UPI,Pending,TPPAY6KEPHHU6Q6,0.0,0.0,INR
4683,4683,2025-11-23 05:30:41,Credit Card,Paid,TPPAYNKT3LF2J6T,86808.0,0.0,INR
4684,4684,2025-06-30 01:03:43,Credit Card,Paid,TPPAYL7Z5WAH35A,138840.0,0.0,INR
4685,4685,2026-03-11 13:44:37,UPI,Paid,TPPAY128BLVDPBX,93006.0,0.0,INR
4686,4686,2023-11-16 05:33:35,UPI,Paid,TPPAYOV6AR9I8F5,60258.0,0.0,INR
4687,4687,2026-09-05 15:16:11,Credit Card,Pending,TPPAYHNHMQJ5SF7,0.0,0.0,INR
4688,4688,2026-08-22 21:48:05,UPI,Paid,TPPAY0V31XWTOQD,33812.0,0.0,INR
4689,4689,2026-07-09 03:48:19,Debit Card,Paid,TPPAYHO3E7KFQKW,49230.0,0.0,INR
4690,4690,2025-02-07 23:54:06,Credit Card,Paid,TPPAYMK8FU1R9KI,11853.0,0.0,INR
4691,4691,2026-09-05 18:54:06,Credit Card,Pending,TPPAYOOWPMV4CXD,0.0,0.0,INR
4692,4692,2026-08-07 21:31:07,Net Banking,Pending,TPPAYW6QHCV483C,0.0,0.0,INR
4693,4693,2025-04-20 22:02:38,Debit Card,Paid,TPPAYLKRELWYB0S,35559.0,0.0,INR
4694,4694,2025-02-16 19:39:45,UPI,Paid,TPPAYPWPG8JOS7K,64770.0,0.0,INR
4695,4695,2026-01-14 01:11:51,Debit Card,Paid,TPPAY6LJNEU029U,19629.9,0.0,INR
4696,4696,2026-08-23 22:21:05,Net Banking,Paid,TPPAYJL3J99Q1FF,18710.0,0.0,INR
4697,4697,2026-08-29 20:22:27,Net Banking,Paid,TPPAY0M2A3UCH2O,38674.8,0.0,INR
4698,4698,2024-06-20 06:20:26,Net Banking,Paid,TPPAYZKS2RK1KPR,8453.0,0.0,INR
4699,4699,2025-07-11 05:02:08,Debit Card,Paid,TPPAYKNY8GJUZ5C,56353.3,0.0,INR
4700,4700,2026-04-18 10:16:36,Wallet,Paid,TPPAYHP9UJEPA26,11552.95,0.0,INR
4701,4701,2026-09-03 20:44:29,UPI,Paid,TPPAY93XXFKJMYO,49983.3,0.0,INR
4702,4702,2024-07-28 09:58:38,Debit Card,Paid,TPPAY4GC5GHEIFA,21930.0,0.0,INR
4703,4703,2025-12-29 01:57:23,Credit Card,Paid,TPPAYRVH0GXARHI,11117.0,0.0,INR
4704,4704,2024-09-24 12:11:33,Credit Card,Paid,TPPAYL6UERA1ELD,11117.0,0.0,INR
4705,4705,2026-08-16 06:21:54,Debit Card,Paid,TPPAYJQ04FFJ0VD,26084.0,0.0,INR
4706,4706,2024-06-11 10:14:29,UPI,Paid,TPPAY56JN6B2ATM,24120.0,0.0,INR
4707,4707,2025-06-15 19:15:11,Debit Card,Paid,TPPAYZHASD4WJ3O,13392.0,0.0,INR
4708,4708,2026-08-09 02:48:41,Credit Card,Paid,TPPAY9HUNYMGQHN,16628.55,0.0,INR
4709,4709,2026-03-04 22:10:08,UPI,Paid,TPPAY0X7PJG6W3G,71920.0,0.0,INR
4710,4710,2023-12-04 12:00:41,UPI,Paid,TPPAYY9LIJGO2C8,69113.5,0.0,INR
4711,4711,2026-07-26 10:44:53,Wallet,Paid,TPPAYMAF0A6QIOQ,116656.2,0.0,INR
4712,4712,2026-08-11 13:24:27,Credit Card,Paid,TPPAY952ZK3357K,84120.0,0.0,INR
4713,4713,2026-06-12 19:53:27,UPI,Paid,TPPAY0YOOUI0TJF,34176.0,0.0,INR
4714,4714,2026-06-29 16:17:43,Credit Card,Paid,TPPAY6ZTOQ3YCBT,100430.0,0.0,INR
4715,4715,2025-01-05 16:04:11,Debit Card,Paid,TPPAYRWU83MLY3H,42972.0,0.0,INR
4716,4716,2024-01-22 21:15:50,Credit Card,Paid,TPPAYVTATFS0TLH,40144.0,0.0,INR
4717,4717,2024-08-11 09:49:16,UPI,Paid,TPPAYU4KOW5FJH9,31491.55,0.0,INR
4718,4718,2026-06-14 13:42:35,Credit Card,Paid,TPPAYNUI51JRDFE,33219.0,0.0,INR
4719,4719,2026-06-14 23:46:51,UPI,Paid,TPPAYRSHWW623WV,47880.0,0.0,INR
4720,4720,2026-06-21 02:35:51,Net Banking,Paid,TPPAYLZCPU7DNST,66040.2,0.0,INR
4721,4721,2026-06-10 22:59:27,Credit Card,Paid,TPPAYUXL4UQ5DQH,101108.0,0.0,INR
4722,4722,2026-07-05 22:26:47,UPI,Refunded,TPPAY5O5HP9I79Z,32132.0,32132.0,INR
4723,4723,2026-08-12 04:23:47,Debit Card,Pending,TPPAY3VS7EI2O71,0.0,0.0,INR
4724,4724,2026-07-19 16:35:01,Wallet,Paid,TPPAYADOJMETLHI,92097.0,0.0,INR
4725,4725,2026-08-31 05:36:34,Debit Card,Paid,TPPAYBUSN2Q768H,111027.0,0.0,INR
4726,4726,2026-07-23 17:46:20,Debit Card,Paid,TPPAYTDWT881H3W,29538.0,0.0,INR
4727,4727,2026-07-04 19:52:35,Credit Card,Paid,TPPAY52DX22XPRL,32121.4,0.0,INR
4728,4728,2024-06-08 07:19:35,Credit Card,Paid,TPPAYWEHHKTZUQJ,22146.0,0.0,INR
4729,4729,2026-06-22 13:58:45,UPI,Paid,TPPAY9LZTHF3B7R,29636.0,0.0,INR
4730,4730,2025-06-09 19:14:20,UPI,Paid,TPPAYFNOQXSZUV7,23212.0,0.0,INR
4731,4731,2026-03-04 09:14:26,UPI,Paid,TPPAYID3QIS7CI0,20683.05,0.0,INR
4732,4732,2026-08-03 02:13:23,Credit Card,Paid,TPPAYR0CYWJZNA6,15262.7,0.0,INR
4733,4733,2026-09-05 11:16:21,Wallet,Paid,TPPAYDJ9UANIOIQ,18459.2,0.0,INR
4734,4734,2026-08-26 22:17:43,UPI,Paid,TPPAYDHHMINH7G4,65286.0,0.0,INR
4735,4735,2024-04-24 18:15:03,Debit Card,Paid,TPPAYLHE4PQAR8J,130572.0,0.0,INR
4736,4736,2026-07-19 12:09:53,Credit Card,Paid,TPPAYE4FKNEKY0Y,162620.0,0.0,INR
4737,4737,2026-07-12 10:49:32,Credit Card,Paid,TPPAY3SEDEA84VC,39162.9,0.0,INR
4738,4738,2025-08-25 22:55:01,Credit Card,Paid,TPPAY7J9Z9F53GG,124457.0,0.0,INR
4739,4739,2026-08-28 11:14:32,Net Banking,Pending,TPPAY47312GFGH7,0.0,0.0,INR
4740,4740,2026-07-28 16:20:24,UPI,Paid,TPPAYN5P5AM4PTT,21548.0,0.0,INR
4741,4741,2025-04-12 20:56:12,Credit Card,Paid,TPPAY1BOO6TUMFY,38862.0,0.0,INR
4742,4742,2026-03-14 18:52:39,Net Banking,Paid,TPPAYI6ZKQ6LUSS,35348.0,0.0,INR
4743,4743,2024-03-01 07:06:59,UPI,Paid,TPPAYDS9MM10AJ1,66521.85,0.0,INR
4744,4744,2026-08-24 14:34:01,Net Banking,Paid,TPPAYE6W22EJP3G,64772.0,0.0,INR
4745,4745,2025-10-02 04:02:01,Credit Card,Paid,TPPAYFVDX06W12N,64770.0,0.0,INR
4746,4746,2026-09-01 17:52:40,UPI,Paid,TPPAYP6T9Y92NVV,132252.0,0.0,INR
4747,4747,2024-08-01 09:27:37,UPI,Paid,TPPAYXQPO7DY6C6,64787.0,0.0,INR
4748,4748,2024-05-19 21:04:39,Debit Card,Paid,TPPAY54B15E8QVU,65106.0,0.0,INR
4749,4749,2026-07-18 04:31:31,Debit Card,Paid,TPPAYAJ2HTCX5KW,33480.0,0.0,INR
4750,4750,2026-07-10 06:07:45,Wallet,Refunded,TPPAYGHNC7T59CU,90990.0,90990.0,INR
4751,4751,2023-12-17 11:32:37,Net Banking,Paid,TPPAYQ91W7KXH2D,40200.0,0.0,INR
4752,4752,2025-06-24 00:18:02,UPI,Paid,TPPAYCU3CZ1XTQ9,28767.0,0.0,INR
4753,4753,2025-12-04 09:37:35,UPI,Paid,TPPAYNFQ0YVE8RD,62296.8,0.0,INR
4754,4754,2026-08-25 09:31:55,UPI,Paid,TPPAYBJVEEUY71W,43948.0,0.0,INR
4755,4755,2026-05-10 15:05:16,Credit Card,Paid,TPPAYKK74TP6VG7,37888.0,0.0,INR
4756,4756,2026-06-23 14:07:07,Credit Card,Paid,TPPAYFXY224RUE7,24384.6,0.0,INR
4757,4757,2026-07-07 22:51:41,UPI,Paid,TPPAYBUXAE72RPS,21038.7,0.0,INR
4758,4758,2026-08-27 14:49:57,UPI,Paid,TPPAY3QZLATKIOY,12030.0,0.0,INR
4759,4759,2026-06-14 09:00:32,UPI,Paid,TPPAY1Y0FE1XESI,14814.0,0.0,INR
4760,4760,2025-03-07 19:49:53,Credit Card,Paid,TPPAY2ZR05B3LPH,18541.15,0.0,INR
4761,4761,2023-10-14 21:52:03,UPI,Paid,TPPAY2QTLNDPDYN,155530.0,0.0,INR
4762,4762,2026-06-28 23:43:42,Debit Card,Paid,TPPAY6V1OIILIWQ,76220.0,0.0,INR
4763,4763,2026-08-13 00:06:15,Wallet,Paid,TPPAYZ3TMJOEXLD,114330.0,0.0,INR
4764,4764,2026-06-05 00:33:29,Debit Card,Refunded,TPPAYERLFZNLLSP,124424.0,124424.0,INR
4765,4765,2026-02-04 04:05:51,Credit Card,Paid,TPPAYNFFELG2LOZ,80751.9,0.0,INR
4766,4766,2026-08-24 00:40:49,Credit Card,Refunded,TPPAY9QTLKUTDUA,81914.7,81914.7,INR
4767,4767,2026-06-11 19:03:31,Debit Card,Paid,TPPAYXCVWVHCT33,121104.0,0.0,INR
4768,4768,2026-06-12 16:04:12,UPI,Paid,TPPAYKXHR7V7A2S,162620.0,0.0,INR
4769,4769,2026-06-09 14:57:33,Debit Card,Paid,TPPAY8DS9WZ5369,64770.0,0.0,INR
4770,4770,2026-09-07 18:55:55,UPI,Paid,TPPAY3I3ZPX6I5O,52276.0,0.0,INR
4771,4771,2026-08-21 21:08:18,Debit Card,Paid,TPPAYZDRWC05AYH,34818.0,0.0,INR
4772,4772,2023-10-12 07:06:12,UPI,Paid,TPPAYKZ6MN8CK4D,38768.0,0.0,INR
4773,4773,2026-06-26 09:39:08,Debit Card,Paid,TPPAYD33FVL7T26,22217.3,0.0,INR
4774,4774,2024-11-22 03:52:43,Wallet,Refunded,TPPAYYT0IY7LSVO,116943.0,116943.0,INR
4775,4775,2026-08-25 16:08:53,Net Banking,Paid,TPPAYWWUBLBF4O6,87048.0,0.0,INR
4776,4776,2025-01-27 10:40:53,UPI,Paid,TPPAYT2OO22XSYT,57685.0,0.0,INR
4777,4777,2026-07-07 12:29:08,Net Banking,Paid,TPPAYGMIWBTCTBV,71920.0,0.0,INR
4778,4778,2026-08-07 09:56:40,UPI,Paid,TPPAYDLJ7Y9GUPW,33918.0,0.0,INR
4779,4779,2023-10-26 04:17:52,Debit Card,Refunded,TPPAY0OWKR3J793,17236.8,17236.8,INR
4780,4780,2024-12-17 20:41:20,UPI,Paid,TPPAYTIR3EQBYQB,25359.0,0.0,INR
4781,4781,2025-02-09 13:16:07,UPI,Paid,TPPAYLZNS8BRFHE,50877.0,0.0,INR
4782,4782,2026-06-14 06:17:16,Credit Card,Paid,TPPAYALYMMD87V3,14123.6,0.0,INR
4783,4783,2026-08-27 15:15:54,Debit Card,Paid,TPPAY8D179HU4SQ,19251.0,0.0,INR
4784,4784,2026-07-12 08:57:59,Debit Card,Paid,TPPAYBOP8G6CHC0,13042.0,0.0,INR
4785,4785,2026-07-04 19:19:07,Credit Card,Paid,TPPAY4NPZ2XATNZ,37045.0,0.0,INR
4786,4786,2025-05-27 21:27:26,Debit Card,Paid,TPPAYLYVADYYUQJ,119646.0,0.0,INR
4787,4787,2025-10-25 16:25:56,UPI,Paid,TPPAYPHC0NFOUA3,80344.0,0.0,INR
4788,4788,2026-07-25 23:06:24,Net Banking,Paid,TPPAYLK9NWBGE6A,116705.0,0.0,INR
4789,4789,2026-05-13 00:45:21,Debit Card,Paid,TPPAYQ426RGSSGJ,119646.0,0.0,INR
4790,4790,2026-08-09 06:44:35,Credit Card,Paid,TPPAY3LJYSTTAIW,95275.0,0.0,INR
4791,4791,2026-07-13 00:56:07,UPI,Paid,TPPAY2EC97W511T,93364.0,0.0,INR
4792,4792,2026-07-08 00:09:33,UPI,Refunded,TPPAYDL6J34PJCW,77215.0,77215.0,INR
4793,4793,2026-06-29 09:32:33,UPI,Paid,TPPAYCUHO27O9BZ,18710.0,0.0,INR
4794,4794,2023-10-14 13:43:41,Credit Card,Paid,TPPAYT3BYM2S0C6,19393.2,0.0,INR
4795,4795,2026-07-05 10:54:10,UPI,Paid,TPPAYN3W8UKRLAF,41540.0,0.0,INR
4796,4796,2024-06-27 22:12:15,Net Banking,Paid,TPPAYLUPXRQ6TZC,113336.0,0.0,INR
4797,4797,2026-07-03 07:42:51,Net Banking,Paid,TPPAY5D4QDWDPTH,60522.0,0.0,INR
4798,4798,2025-05-01 18:07:39,Credit Card,Paid,TPPAYW6UVPD2CX5,62006.0,0.0,INR
4799,4799,2026-07-27 23:16:26,Debit Card,Paid,TPPAYJZME4FAEFF,25422.0,0.0,INR
4800,4800,2023-09-23 20:06:03,Debit Card,Paid,TPPAYWB8QOQ3Y85,22221.0,0.0,INR
4801,4801,2026-03-18 02:41:47,Credit Card,Paid,TPPAYGM7HIXYLOI,41440.9,0.0,INR
4802,4802,2026-06-13 18:49:48,UPI,Paid,TPPAYC9WQ03WXCK,114330.0,0.0,INR
4803,4803,2025-04-08 12:36:15,Credit Card,Paid,TPPAYQQM9D6A63W,60805.0,0.0,INR
4804,4804,2026-07-21 20:47:19,Debit Card,Paid,TPPAYGI3VUU259C,30758.4,0.0,INR
4805,4805,2026-08-07 10:32:55,Debit Card,Pending,TPPAY5GL5R39HZM,0.0,0.0,INR
4806,4806,2026-08-03 11:00:14,UPI,Paid,TPPAYD3FU0KAW8T,119646.0,0.0,INR
4807,4807,2026-06-14 13:42:57,Credit Card,Pending,TPPAYNBVB396GB5,0.0,0.0,INR
4808,4808,2026-08-03 08:45:14,Credit Card,Pending,TPPAYYJZE6T8L2M,0.0,0.0,INR
4809,4809,2024-06-11 10:45:19,UPI,Paid,TPPAY0XES83HTHJ,115048.8,0.0,INR
4810,4810,2026-07-02 08:54:15,Debit Card,Pending,TPPAY09U0YTPW2D,0.0,0.0,INR
4811,4811,2026-07-16 04:50:49,Credit Card,Refunded,TPPAYE0VCGRYHCR,80965.0,80965.0,INR
4812,4812,2026-08-17 18:39:56,UPI,Paid,TPPAYO1JEFSVWT0,72868.5,0.0,INR
4813,4813,2024-05-28 18:47:15,Credit Card,Paid,TPPAYIK5OWJDUK4,105896.4,0.0,INR
4814,4814,2026-07-12 19:38:31,UPI,Pending,TPPAYAC2BFYDDJE,0.0,0.0,INR
4815,4815,2026-05-30 22:15:56,UPI,Paid,TPPAYV3TPI5XKPD,49284.0,0.0,INR
4816,4816,2026-06-16 16:16:51,Debit Card,Paid,TPPAYEMVXI0W0ST,48460.0,0.0,INR
4817,4817,2024-10-21 18:14:33,Debit Card,Paid,TPPAYKQZ30HKWD1,24405.2,0.0,INR
4818,4818,2026-07-25 13:14:13,Net Banking,Paid,TPPAY5WUGHZ1A90,55128.5,0.0,INR
4819,4819,2026-06-15 02:12:47,Net Banking,Refunded,TPPAYLCVCP0GWPR,43704.0,43704.0,INR
4820,4820,2026-08-20 04:51:46,Debit Card,Refunded,TPPAYTB54T0SWVK,101699.1,43704.0,INR
4821,4821,2026-07-06 01:34:27,Credit Card,Paid,TPPAY4C52GS9FKT,146420.0,0.0,INR
4822,4822,2026-08-19 11:38:09,UPI,Paid,TPPAYVDXAHA4Y9T,75482.0,0.0,INR
4823,4823,2026-06-12 11:03:19,Debit Card,Paid,TPPAYW24CH729VD,10926.0,0.0,INR
4824,4824,2026-06-21 11:06:27,Debit Card,Paid,TPPAYTS0FV5HZPM,17722.8,0.0,INR
4825,4825,2026-08-26 06:45:26,UPI,Paid,TPPAYYO1BB6L6DW,14356.0,0.0,INR
4826,4826,2024-11-23 13:33:12,Credit Card,Paid,TPPAY9IW0IZ0SKC,49465.0,0.0,INR
4827,4827,2026-06-13 21:26:08,UPI,Paid,TPPAY5U2J4CFB2A,93364.0,0.0,INR
4828,4828,2026-06-28 20:04:41,Debit Card,Paid,TPPAY6YCSYPODFX,81124.0,0.0,INR
4829,4829,2026-07-26 06:49:14,UPI,Paid,TPPAY6NP6TXYINF,83056.0,0.0,INR
4830,4830,2026-09-02 09:30:40,UPI,Pending,TPPAYX3BW8FC22W,0.0,0.0,INR
4831,4831,2025-06-18 17:50:15,Credit Card,Paid,TPPAY3Z7IACZS7F,48579.0,0.0,INR
4832,4832,2026-05-13 01:20:23,Debit Card,Refunded,TPPAY3FB0H2IJLP,123701.4,123701.4,INR
4833,4833,2026-07-13 12:19:44,Debit Card,Paid,TPPAYMDJ83K5HL2,18072.0,0.0,INR
4834,4834,2026-06-16 22:13:36,UPI,Pending,TPPAYLS1EAUL4WM,0.0,0.0,INR
4835,4835,2026-06-16 20:39:48,UPI,Paid,TPPAY5I4ZAV28R3,155010.0,0.0,INR
4836,4836,2025-12-15 12:58:03,Debit Card,Paid,TPPAY2YL36A3Q1O,46148.0,0.0,INR
4837,4837,2026-08-22 13:33:47,UPI,Paid,TPPAYYWDJ7HXG2E,92097.0,0.0,INR
4838,4838,2024-03-09 06:04:38,UPI,Refunded,TPPAYUKDLFBIYIX,33809.0,33809.0,INR
4839,4839,2026-07-09 15:37:28,UPI,Paid,TPPAY5ZYJM9786E,25829.55,0.0,INR
4840,4840,2024-11-26 20:54:51,UPI,Paid,TPPAYX70MGE4U1U,33149.0,0.0,INR
4841,4841,2026-09-05 17:11:55,Debit Card,Paid,TPPAYQVQVUQK373,65310.0,0.0,INR
4842,4842,2026-07-13 15:05:34,Net Banking,Paid,TPPAYI34MDKD3OR,44292.0,0.0,INR
4843,4843,2026-07-30 10:28:55,UPI,Paid,TPPAY1K69SF1MS2,67904.0,0.0,INR
4844,4844,2023-11-13 13:33:26,Debit Card,Paid,TPPAYJOWIJB3TO1,33952.0,0.0,INR
4845,4845,2026-08-02 05:22:52,Credit Card,Paid,TPPAYWWBLA9F8Y3,43704.0,0.0,INR
4846,4846,2026-08-20 01:55:37,UPI,Paid,TPPAY4RIA7MIGIY,43614.0,0.0,INR
4847,4847,2024-02-01 04:55:08,UPI,Paid,TPPAYBO7WK4MMOK,51745.0,0.0,INR
4848,4848,2023-12-10 21:09:56,Debit Card,Refunded,TPPAY8O8W4GDYDQ,20506.25,20506.25,INR
4849,4849,2026-06-17 07:19:10,Debit Card,Paid,TPPAYDTI8A2D1DC,52276.0,0.0,INR
4850,4850,2026-09-02 13:39:27,Debit Card,Paid,TPPAYWYRX5LEKSA,32961.0,0.0,INR
4851,4851,2024-04-13 05:18:52,Wallet,Paid,TPPAYBO1YT8HSQ6,46864.0,0.0,INR
4852,4852,2026-01-02 10:02:11,Credit Card,Paid,TPPAYO1VNBX9TON,49284.0,0.0,INR
4853,4853,2026-07-02 05:33:33,Credit Card,Paid,TPPAYCFRUX79UY7,24099.0,0.0,INR
4854,4854,2024-05-02 01:25:19,Credit Card,Refunded,TPPAYWVOR2YK3MK,46074.0,46074.0,INR
4855,4855,2026-07-05 03:53:01,UPI,Paid,TPPAYQTB9IPKOPS,45849.0,0.0,INR
4856,4856,2025-12-08 15:24:30,Debit Card,Paid,TPPAY4XPGB7P0HJ,77244.5,0.0,INR
4857,4857,2026-08-20 10:20:11,UPI,Paid,TPPAYBIU0ZH7PQV,51561.0,0.0,INR
4858,4858,2024-05-01 03:40:05,Net Banking,Paid,TPPAYIW6CRMHWWN,17142.75,0.0,INR
4859,4859,2024-07-27 15:20:40,Credit Card,Paid,TPPAYKAFFQ1089Q,33232.0,0.0,INR
4860,4860,2026-07-28 01:44:59,UPI,Paid,TPPAYIPCUEI821L,13042.0,0.0,INR
4861,4861,2025-01-12 13:42:11,UPI,Paid,TPPAYGVFCVY5NO3,48381.6,0.0,INR
4862,4862,2026-08-10 00:18:32,Debit Card,Pending,TPPAY8EW3WM7IDK,0.0,0.0,INR
4863,4863,2026-07-30 20:04:23,Credit Card,Paid,TPPAYBY6Z5L1DW7,111027.0,0.0,INR
4864,4864,2026-06-29 14:10:40,UPI,Paid,TPPAY2FQSYS7CTP,21534.0,0.0,INR
4865,4865,2025-03-21 09:51:26,Debit Card,Paid,TPPAYPPZAWXLR5P,22146.0,0.0,INR
4866,4866,2026-07-02 20:14:16,UPI,Paid,TPPAYKCG0VTFO2E,148127.8,0.0,INR
4867,4867,2025-05-23 02:19:12,Net Banking,Paid,TPPAYDSG2KLL53T,130572.0,0.0,INR
4868,4868,2023-11-06 11:19:26,UPI,Paid,TPPAYXDT2NWCAUK,27797.4,0.0,INR
4869,4869,2026-06-30 04:34:59,Credit Card,Paid,TPPAY6CH426EEQN,57841.7,0.0,INR
4870,4870,2025-07-07 09:26:02,Credit Card,Paid,TPPAYUAM72DFGWV,40144.0,0.0,INR
4871,4871,2026-08-06 12:22:45,Debit Card,Paid,TPPAYSFDB6AXENP,20875.3,0.0,INR
4872,4872,2025-09-17 03:04:42,UPI,Paid,TPPAY94O5ND3O1Q,25563.75,0.0,INR
4873,4873,2026-07-16 00:46:32,Credit Card,Paid,TPPAYZAI9XNJPPX,64772.0,0.0,INR
4874,4874,2026-02-20 13:51:39,Net Banking,Paid,TPPAY2MNE8O0DTM,14999.1,0.0,INR
4875,4875,2023-09-10 18:19:30,Credit Card,Paid,TPPAYWUTRCOE2EJ,51745.0,0.0,INR
4876,4876,2024-08-08 04:38:50,Net Banking,Paid,TPPAY6A9HKP3OP0,58360.4,0.0,INR
4877,4877,2026-08-16 13:37:23,Credit Card,Paid,TPPAYL4VAGZD17C,125639.4,0.0,INR
4878,4878,2026-06-16 03:05:04,Credit Card,Paid,TPPAY1NDPBEOSDB,60552.0,0.0,INR
4879,4879,2025-02-12 06:58:11,Debit Card,Paid,TPPAYICWSB1VB5P,95826.5,0.0,INR
4880,4880,2026-07-17 08:55:41,UPI,Paid,TPPAYOHBWDNDG7Q,69113.5,0.0,INR
4881,4881,2026-08-07 16:33:40,UPI,Paid,TPPAY8QCLZPLBMX,59823.0,0.0,INR
4882,4882,2026-07-16 12:29:54,Credit Card,Paid,TPPAY6MEGGZG3CP,119026.8,0.0,INR
4883,4883,2026-06-02 04:30:37,Credit Card,Paid,TPPAYFGXOSPJU9S,61132.0,0.0,INR
4884,4884,2025-09-12 19:42:13,UPI,Paid,TPPAYVMG8PBNG8F,30525.4,0.0,INR
4885,4885,2026-07-21 04:40:01,Debit Card,Paid,TPPAYRK4SPLKTH4,103340.0,0.0,INR
4886,4886,2023-10-28 05:47:38,Wallet,Paid,TPPAYKSFGCLOOLE,64770.0,0.0,INR
4887,4887,2023-10-11 12:15:54,UPI,Paid,TPPAY0IF30LTQ1R,93435.0,0.0,INR
4888,4888,2026-06-18 12:00:44,Debit Card,Paid,TPPAY1DWRS87CRQ,55365.0,0.0,INR
4889,4889,2026-06-14 10:35:13,UPI,Paid,TPPAYNAWCGLTOSC,33918.0,0.0,INR
4890,4890,2025-08-11 21:41:12,Debit Card,Paid,TPPAYDNLQB8RR3V,17646.0,0.0,INR
4891,4891,2026-02-03 01:12:39,UPI,Refunded,TPPAYNPTEF543ZM,30716.0,30716.0,INR
4892,4892,2026-07-13 08:59:30,UPI,Paid,TPPAY92BZ1R4UY6,33480.0,0.0,INR
4893,4893,2026-07-22 17:27:10,UPI,Paid,TPPAY75W98A4NMD,21115.65,0.0,INR
4894,4894,2026-08-02 23:35:53,Debit Card,Paid,TPPAYNYA97924YQ,76220.0,0.0,INR
4895,4895,2026-07-04 18:08:08,Net Banking,Paid,TPPAYS2SAN3DA7F,73990.8,0.0,INR
4896,4896,2026-07-01 10:23:04,Debit Card,Paid,TPPAYSOITP9Z9YH,33351.0,0.0,INR
4897,4897,2026-08-29 18:55:57,Debit Card,Paid,TPPAYBEFSGU5P7M,11117.0,0.0,INR
4898,4898,2026-06-30 04:26:47,Net Banking,Pending,TPPAYMDL2THOODP,0.0,0.0,INR
4899,4899,2026-06-19 13:28:33,Credit Card,Paid,TPPAYB0D92791XJ,9833.4,0.0,INR
4900,4900,2026-06-11 11:24:52,UPI,Paid,TPPAYEN0397EME9,50472.0,0.0,INR
4901,4901,2026-07-09 10:50:48,Debit Card,Refunded,TPPAYSVSWV2WW20,121965.0,121965.0,INR
4902,4902,2024-04-12 10:36:07,Net Banking,Paid,TPPAYNZKKWU5OPQ,21689.1,0.0,INR
4903,4903,2023-12-24 16:11:18,Credit Card,Paid,TPPAYQGOSIOZP2G,49318.3,0.0,INR
4904,4904,2026-07-22 18:30:07,UPI,Paid,TPPAYOWXSDT4Q2U,41540.0,0.0,INR
4905,4905,2024-07-03 08:21:59,UPI,Paid,TPPAYLXFDEPTWIT,38190.0,0.0,INR
4906,4906,2026-07-10 20:26:06,UPI,Paid,TPPAYEFFYDIU59K,35292.0,0.0,INR
4907,4907,2023-10-26 06:08:57,UPI,Paid,TPPAYNYS3IDLGYJ,46864.0,0.0,INR
4908,4908,2025-11-04 09:18:54,Credit Card,Paid,TPPAYQY9VPYGWQ2,21208.8,0.0,INR
4909,4909,2025-02-20 11:34:01,Credit Card,Paid,TPPAYCWBDRYG9F4,109055.0,0.0,INR
4910,4910,2026-09-01 21:09:53,UPI,Refunded,TPPAYDOP0CM1C42,47048.4,47048.4,INR
4911,4911,2024-12-25 19:15:49,Wallet,Paid,TPPAYULILFYHTPO,28416.0,0.0,INR
4912,4912,2026-06-21 16:40:24,Debit Card,Paid,TPPAY1QZG1VKHGZ,34176.0,0.0,INR
4913,4913,2026-08-21 18:27:57,Net Banking,Paid,TPPAYUQ0ZXOCRX7,162248.0,0.0,INR
4914,4914,2026-01-11 22:01:48,Credit Card,Paid,TPPAYPT4T6Q8E4I,65286.0,0.0,INR
4915,4915,2024-10-17 00:23:00,UPI,Paid,TPPAYL2L1G6H6NO,25810.0,0.0,INR
4916,4916,2024-10-25 02:00:44,Debit Card,Paid,TPPAYZNODQUU055,29076.0,0.0,INR
4917,4917,2024-01-28 10:15:14,Net Banking,Paid,TPPAY0UUZN5NKJR,21686.4,0.0,INR
4918,4918,2026-06-13 17:54:22,Net Banking,Paid,TPPAYMU25AEKYAG,26084.0,0.0,INR
4919,4919,2026-03-18 00:13:50,Debit Card,Paid,TPPAYQ4PE6QRXRU,56668.0,0.0,INR
4920,4920,2025-08-29 05:56:36,Credit Card,Paid,TPPAY2P14RD0P6C,90828.0,0.0,INR
4921,4921,2024-05-18 05:28:48,Credit Card,Paid,TPPAYN2XC5Q3SDL,144078.9,0.0,INR
4922,4922,2025-01-08 21:11:52,Net Banking,Paid,TPPAY06I0T865A3,89900.0,0.0,INR
4923,4923,2026-06-28 10:59:53,UPI,Paid,TPPAYX78VCK1BYM,14356.0,0.0,INR
4924,4924,2026-06-22 07:07:09,Credit Card,Refunded,TPPAY7LLMK9FG7Y,40200.0,40200.0,INR
4925,4925,2024-02-04 07:00:54,Credit Card,Paid,TPPAYELBHK3X2I9,60660.0,0.0,INR
4926,4926,2026-08-31 03:14:52,UPI,Paid,TPPAYWOS5MEKLL9,9472.0,0.0,INR
4927,4927,2026-07-31 18:19:31,Credit Card,Paid,TPPAYEUUDSI41C2,68247.9,0.0,INR
4928,4928,2026-09-05 05:30:38,UPI,Paid,TPPAY9ARGIFIEQZ,22146.0,0.0,INR
4929,4929,2026-08-11 02:43:49,UPI,Paid,TPPAY7GG1YIIOSX,29076.0,0.0,INR
4930,4930,2026-06-10 22:39:09,UPI,Paid,TPPAYMSDV0KSJMW,138840.0,0.0,INR
4931,4931,2025-08-14 08:07:56,Wallet,Paid,TPPAYLQXQ5R71V4,92233.5,0.0,INR
4932,4932,2026-07-22 05:40:46,Debit Card,Paid,TPPAYZDMU6UZ0D9,40200.0,0.0,INR
4933,4933,2026-06-22 18:04:01,Wallet,Paid,TPPAYYD6YVTIW88,21930.0,0.0,INR
4934,4934,2026-09-07 01:00:41,Debit Card,Paid,TPPAYNL77D334Q8,27049.6,0.0,INR
4935,4935,2024-12-05 06:28:00,Credit Card,Paid,TPPAY1210ZRLA03,14524.8,0.0,INR
4936,4936,2026-07-06 11:27:55,Credit Card,Pending,TPPAY1Y8TZGKOEE,0.0,0.0,INR
4937,4937,2026-06-10 08:58:00,Debit Card,Paid,TPPAY43C0DI7YI9,8453.0,0.0,INR
4938,4938,2023-11-25 06:40:47,Wallet,Paid,TPPAYMLGR7O8DJ1,27622.2,0.0,INR
4939,4939,2026-07-07 10:45:41,Debit Card,Pending,TPPAY32F7AN0FE5,0.0,0.0,INR
4940,4940,2024-06-10 00:11:52,UPI,Paid,TPPAYSHW4HMY8NJ,7703.55,0.0,INR
4941,4941,2026-06-15 13:23:07,UPI,Refunded,TPPAYK4VBEZE1AN,22221.0,22221.0,INR
4942,4942,2024-10-08 08:03:37,UPI,Paid,TPPAYLT19DHYT22,23432.0,0.0,INR
4943,4943,2023-12-31 12:00:10,Net Banking,Paid,TPPAY31JGKMD0K0,48206.4,0.0,INR
4944,4944,2025-02-15 01:48:30,Debit Card,Paid,TPPAYLEKYGCRQQH,35183.25,0.0,INR
4945,4945,2026-07-16 22:32:50,Debit Card,Paid,TPPAYF146TA701S,68324.0,0.0,INR
4946,4946,2023-11-22 14:57:21,Wallet,Paid,TPPAYB620ABNKW1,25107.3,0.0,INR
4947,4947,2024-04-20 15:18:36,Wallet,Paid,TPPAY09RLKNE3RG,53834.6,0.0,INR
4948,4948,2024-03-15 08:36:58,UPI,Paid,TPPAY99YFL92YVW,82695.6,0.0,INR
4949,4949,2026-06-18 15:56:54,Debit Card,Paid,TPPAYAFUQIAP27L,108993.6,0.0,INR
4950,4950,2026-09-06 05:45:58,Debit Card,Paid,TPPAY1YZRCEHUI6,93364.0,0.0,INR
4951,4951,2026-08-27 02:24:22,Debit Card,Paid,TPPAYLGWWFJX3ZQ,162248.0,0.0,INR
4952,4952,2026-07-21 14:35:57,UPI,Paid,TPPAYQ56AW48KM2,41868.0,0.0,INR
4953,4953,2026-08-31 12:52:39,Debit Card,Paid,TPPAYXP2KW6CJVQ,75482.0,0.0,INR
4954,4954,2026-09-05 12:16:57,UPI,Paid,TPPAYRZRMMGRUZX,12424.0,0.0,INR
4955,4955,2026-07-15 03:01:09,UPI,Paid,TPPAYT2DE7MY548,9472.0,0.0,INR
4956,4956,2026-08-14 12:42:41,Wallet,Paid,TPPAYRVTDUMK2HN,42720.0,0.0,INR
4957,4957,2026-07-11 15:32:47,Debit Card,Paid,TPPAY59XEPGLE8O,37374.0,0.0,INR
4958,4958,2024-04-08 19:24:03,Credit Card,Refunded,TPPAYZHYDE61NBP,40555.0,40555.0,INR
4959,4959,2026-09-05 11:08:02,Credit Card,Paid,TPPAY3BGAQUKPGB,32322.0,0.0,INR
4960,4960,2026-08-12 23:28:18,Debit Card,Paid,TPPAYPC5RBQTHUM,113223.0,0.0,INR
4961,4961,2026-08-26 12:06:58,Credit Card,Paid,TPPAYFT3SEGMHES,86808.0,0.0,INR
4962,4962,2026-08-29 00:41:47,UPI,Paid,TPPAYWX86LHPDQ6,31683.45,0.0,INR
4963,4963,2025-09-21 01:04:39,UPI,Paid,TPPAYAP7ERBIDXV,73210.0,0.0,INR
4964,4964,2026-09-06 02:15:52,UPI,Paid,TPPAYP5JQFKRI43,65106.0,0.0,INR
4965,4965,2026-08-23 11:26:16,UPI,Paid,TPPAYVXATKUMAW3,78903.2,0.0,INR
4966,4966,2026-08-14 15:42:41,Credit Card,Paid,TPPAY32PJ7O85O5,35549.0,0.0,INR
4967,4967,2026-06-16 03:05:40,UPI,Paid,TPPAY0GMSS7943F,48460.0,0.0,INR
4968,4968,2026-07-28 20:29:51,Debit Card,Pending,TPPAYC7O810W7EH,0.0,0.0,INR
4969,4969,2024-02-14 19:01:33,Debit Card,Paid,TPPAYCI0E9WTC20,116151.0,0.0,INR
4970,4970,2023-10-19 08:59:42,Debit Card,Paid,TPPAYJZGQYET0DN,51926.0,0.0,INR
4971,4971,2026-07-31 08:12:53,Debit Card,Paid,TPPAYXXZ5VVUOAF,57685.0,0.0,INR
4972,4972,2026-07-12 09:05:17,UPI,Paid,TPPAYENQR81EZ8H,32160.0,0.0,INR
4973,4973,2026-07-31 19:58:37,Credit Card,Paid,TPPAYINK35KTHZ7,19517.0,0.0,INR
4974,4974,2026-06-23 05:20:23,UPI,Paid,TPPAY6WJL8DJVUI,19563.0,0.0,INR
4975,4975,2024-09-18 00:54:22,Debit Card,Paid,TPPAYSLAMGUXPZX,37035.0,0.0,INR
4976,4976,2024-09-23 03:48:26,Net Banking,Paid,TPPAYBH382GRXHK,15982.8,0.0,INR
4977,4977,2026-08-24 13:37:36,Net Banking,Paid,TPPAYUWKV3G3TPV,22234.0,0.0,INR
4978,4978,2024-10-12 09:27:05,UPI,Paid,TPPAYMQ6MEM5S2U,40144.0,0.0,INR
4979,4979,2026-08-23 00:24:18,Net Banking,Refunded,TPPAY3M7V293RKL,34176.0,34176.0,INR
4980,4980,2026-06-29 00:30:25,Net Banking,Paid,TPPAYU892KQB1R4,35890.0,0.0,INR
4981,4981,2026-08-03 03:51:13,UPI,Paid,TPPAYY9R2U7SYY2,39384.0,0.0,INR
4982,4982,2025-07-31 15:58:20,UPI,Paid,TPPAYS5BCLXRMN5,33149.0,0.0,INR
4983,4983,2026-06-10 16:55:05,UPI,Pending,TPPAYNG9RMUI8VN,0.0,0.0,INR
4984,4984,2026-06-18 23:36:48,Debit Card,Paid,TPPAYB70MQAD3Q6,10713.6,0.0,INR
4985,4985,2026-08-03 11:50:03,UPI,Paid,TPPAYDDU6A2WHH8,73210.0,0.0,INR
4986,4986,2025-03-07 00:29:43,Net Banking,Paid,TPPAYAM1ALZN9DM,103852.0,0.0,INR
4987,4987,2026-09-02 20:00:59,UPI,Refunded,TPPAY18N7G43OVW,32444.0,32444.0,INR
4988,4988,2026-08-20 00:39:41,Debit Card,Refunded,TPPAY3AZLF5XMXS,29180.2,29180.2,INR
4989,4989,2026-06-30 20:50:44,Credit Card,Paid,TPPAY6PHLHHJQEU,137530.8,0.0,INR
4990,4990,2026-06-23 16:51:46,UPI,Paid,TPPAY1X48WFOCU3,26711.1,0.0,INR
4991,4991,2024-02-15 17:31:18,Credit Card,Refunded,TPPAYJDRX7JBTYP,70023.0,70023.0,INR
4992,4992,2024-03-14 01:36:37,Credit Card,Paid,TPPAY318MVBQEFQ,35130.6,0.0,INR
4993,4993,2024-01-04 16:47:40,Net Banking,Paid,TPPAYJFIPM81H81,29076.0,0.0,INR
4994,4994,2026-06-18 20:15:25,Net Banking,Paid,TPPAYC0DWXRSGDC,44307.0,0.0,INR
4995,4995,2026-06-12 00:57:41,UPI,Paid,TPPAYGRB601JRVU,25908.8,0.0,INR
4996,4996,2025-04-28 14:15:29,Debit Card,Paid,TPPAYOHN0X7R617,78676.0,0.0,INR
4997,4997,2026-06-25 03:01:01,Credit Card,Paid,TPPAYJW0LV0PGBN,95408.5,0.0,INR
4998,4998,2023-12-18 00:06:48,Debit Card,Paid,TPPAYHI6JKMVS2M,30525.4,0.0,INR
4999,4999,2024-12-07 12:41:09,Credit Card,Paid,TPPAYE5WQWYK6B8,140046.0,0.0,INR
5000,5000,2025-11-03 04:34:56,Credit Card,Paid,TPPAYQJEILHP9PH,58580.0,0.0,INR
5001,5001,2026-06-16 21:17:55,Credit Card,Paid,TPPAY5AYGMQS47W,22021.8,0.0,INR
5002,5002,2026-07-20 06:46:28,UPI,Paid,TPPAY4EF2BWX6ZM,8453.0,0.0,INR
5003,5003,2026-07-29 02:28:03,UPI,Paid,TPPAYHPS3ZQXJ3P,26138.0,0.0,INR
5004,5004,2026-08-06 18:46:21,UPI,Paid,TPPAYKQ5NRA4CK1,61850.7,0.0,INR
5005,5005,2026-06-15 16:15:42,Credit Card,Paid,TPPAY9AFE053I78,93364.0,0.0,INR
5006,5006,2026-07-17 23:04:48,UPI,Paid,TPPAYR07B6ESRRQ,186636.0,0.0,INR
5007,5007,2025-05-09 21:42:28,Net Banking,Refunded,TPPAYLUTH1DKBY8,55340.1,55340.1,INR
5008,5008,2026-06-15 20:42:35,UPI,Paid,TPPAYKMGBO8TXUS,80496.0,0.0,INR
5009,5009,2026-07-23 20:49:28,UPI,Refunded,TPPAYNI68QUM7O1,57627.0,57627.0,INR
5010,5010,2026-07-07 16:46:06,UPI,Paid,TPPAYO3Y141ZQC6,20934.0,0.0,INR
5011,5011,2023-09-16 06:07:09,UPI,Paid,TPPAY0F8QXUBCEX,71620.0,0.0,INR
5012,5012,2023-11-16 13:58:14,Debit Card,Paid,TPPAYT0XR7QM4UM,21751.2,0.0,INR
5013,5013,2026-07-18 16:07:22,UPI,Paid,TPPAY4NTA8VQ0NF,33077.1,0.0,INR
5014,5014,2026-06-20 07:16:53,Debit Card,Paid,TPPAYF9DI2XC22F,54431.2,0.0,INR
5015,5015,2025-12-30 09:48:18,Net Banking,Paid,TPPAY464HJ7NY08,28416.0,0.0,INR
5016,5016,2025-06-11 13:59:47,UPI,Paid,TPPAYBLBHUIHC7L,16824.0,0.0,INR
5017,5017,2026-06-10 07:59:29,UPI,Paid,TPPAYND28GHEU9P,36963.0,0.0,INR
5018,5018,2026-08-15 02:43:25,UPI,Paid,TPPAYL2M7T9Y7VA,50877.0,0.0,INR
5019,5019,2026-08-24 11:35:58,UPI,Paid,TPPAY1YMLTWPB55,18707.4,0.0,INR
5020,5020,2026-06-15 00:58:48,Net Banking,Paid,TPPAY1VU9KGBTF9,39384.0,0.0,INR
5021,5021,2026-08-02 07:33:36,Credit Card,Paid,TPPAYZ916NLHTIF,42720.0,0.0,INR
5022,5022,2026-06-30 13:11:43,Credit Card,Paid,TPPAYMUFSMDKIVA,124043.4,0.0,INR
5023,5023,2024-09-13 03:01:43,Credit Card,Paid,TPPAYCG99A5LNNF,73994.55,0.0,INR
5024,5024,2024-04-02 18:23:47,UPI,Paid,TPPAYEWGCYFIQ0H,140046.0,0.0,INR
5025,5025,2026-07-20 02:20:20,Net Banking,Paid,TPPAYKHFH0JRZRD,56831.85,0.0,INR
5026,5026,2026-06-25 16:27:29,Debit Card,Paid,TPPAYHPISE4YPVA,65286.0,0.0,INR
5027,5027,2026-07-03 07:59:15,UPI,Paid,TPPAYXR16GNZGCO,155924.0,0.0,INR
5028,5028,2026-09-08 00:10:41,UPI,Paid,TPPAYT7WWITWZCJ,92097.0,0.0,INR
5029,5029,2026-02-20 19:11:25,UPI,Paid,TPPAYUII7I2XVS9,32386.0,0.0,INR
5030,5030,2024-07-21 16:26:17,UPI,Paid,TPPAYDFMLPEQYSF,97660.0,0.0,INR
5031,5031,2024-05-25 09:49:47,Credit Card,Refunded,TPPAYDP61DV5VW3,83645.0,83645.0,INR
5032,5032,2026-01-03 01:25:03,Debit Card,Paid,TPPAY0LH587V120,29538.0,0.0,INR
5033,5033,2026-07-18 08:08:02,UPI,Paid,TPPAYSNU1Y86LFS,105248.7,0.0,INR
5034,5034,2026-06-25 18:07:54,UPI,Paid,TPPAYV5OWP1ZA0E,11085.7,0.0,INR
5035,5035,2024-10-26 07:07:43,Net Banking,Refunded,TPPAY3URHM1H331,100870.0,100870.0,INR
5036,5036,2026-01-17 13:56:36,Credit Card,Refunded,TPPAYTTZ05CWCH3,126385.0,126385.0,INR
5037,5037,2026-06-28 00:41:48,Net Banking,Paid,TPPAYAH69ATU8Q7,108510.0,0.0,INR
5038,5038,2026-08-11 07:14:51,Credit Card,Paid,TPPAYNHBPK65HM2,42720.0,0.0,INR
5039,5039,2026-07-10 04:58:25,Wallet,Paid,TPPAY6HRHDLEH0H,28571.25,0.0,INR
5040,5040,2026-09-01 16:59:08,UPI,Paid,TPPAYTE5CUR2MIX,29636.0,0.0,INR
5041,5041,2024-01-18 15:42:52,Debit Card,Paid,TPPAYDBSLGMRFCA,32132.0,0.0,INR
5042,5042,2026-08-24 11:08:03,UPI,Paid,TPPAYFY2KMQX7RM,59823.0,0.0,INR
5043,5043,2026-06-19 02:57:42,UPI,Paid,TPPAYWLE3L06ABE,66521.85,0.0,INR
5044,5044,2026-06-15 14:37:17,UPI,Paid,TPPAY466WWIZILV,130212.0,0.0,INR
5045,5045,2024-10-31 20:14:39,UPI,Paid,TPPAYKLBWHH4OYA,71098.25,0.0,INR
5046,5046,2026-04-14 12:09:18,Debit Card,Paid,TPPAYL1S8CZF7AQ,60805.0,0.0,INR
5047,5047,2024-07-12 21:46:49,Credit Card,Paid,TPPAYKHW0W0IYR0,58524.75,0.0,INR
5048,5048,2024-09-02 09:16:21,Debit Card,Paid,TPPAY9W2IMLR6NU,10774.0,0.0,INR
5049,5049,2024-10-02 00:42:01,UPI,Paid,TPPAYDTQGD3KNW5,30430.8,0.0,INR
5050,5050,2026-07-06 09:01:41,Credit Card,Paid,TPPAYRUT5JUTYNA,12834.0,0.0,INR
5051,5051,2026-08-04 15:46:19,Wallet,Paid,TPPAY7CE4OXM9S2,30886.0,0.0,INR
5052,5052,2026-09-03 00:53:34,UPI,Pending,TPPAYNDHNLWI9M2,0.0,0.0,INR
5053,5053,2026-08-26 11:48:55,Net Banking,Refunded,TPPAYM60DNQ04NW,110516.4,110516.4,INR
5054,5054,2026-07-20 02:30:48,Wallet,Paid,TPPAY5PX7KWY34E,80696.0,0.0,INR
5055,5055,2023-12-26 11:11:11,Wallet,Paid,TPPAYQKXDNEOU02,11117.0,0.0,INR
5056,5056,2026-07-21 04:29:50,UPI,Paid,TPPAYYNO24PLQSM,79764.0,0.0,INR
5057,5057,2026-06-26 21:47:19,Credit Card,Pending,TPPAYXMBNSI76ZP,0.0,0.0,INR
5058,5058,2026-07-19 20:37:29,UPI,Refunded,TPPAYMX7G3VHOPF,79320.3,79320.3,INR
5059,5059,2026-06-25 15:51:44,Credit Card,Paid,TPPAYL55LS7F4XC,102438.6,0.0,INR
5060,5060,2025-05-15 20:19:45,UPI,Refunded,TPPAYZ2Z6Y6BRYB,29538.0,29538.0,INR
5061,5061,2026-08-06 06:04:12,UPI,Paid,TPPAY2FO6EFJL79,11853.0,0.0,INR
5062,5062,2025-07-06 22:29:20,UPI,Refunded,TPPAYQOPRPOQKB9,44102.8,44102.8,INR
5063,5063,2026-08-23 14:15:53,Credit Card,Paid,TPPAYL1EUZ2E239,121965.0,0.0,INR
5064,5064,2026-06-26 14:09:37,Credit Card,Paid,TPPAYOOL5QKH91V,40165.0,0.0,INR
5065,5065,2026-04-02 21:01:15,UPI,Paid,TPPAYLG1VP3DV52,41396.0,0.0,INR
5066,5066,2026-06-23 11:15:44,UPI,Paid,TPPAYRLEQ921R14,54797.4,0.0,INR
5067,5067,2024-12-09 15:41:48,Credit Card,Paid,TPPAYM9DUT9VAH2,90828.0,0.0,INR
5068,5068,2026-08-29 17:18:38,Debit Card,Paid,TPPAY2VJD0XNAZF,81914.7,0.0,INR
5069,5069,2026-08-18 18:26:00,UPI,Paid,TPPAYAMGHU3IS37,67836.0,0.0,INR
5070,5070,2023-12-30 01:37:45,UPI,Paid,TPPAY57XVQ1HD9W,116151.0,0.0,INR
5071,5071,2023-10-12 22:28:26,UPI,Paid,TPPAY77YA2QLXDT,48167.8,0.0,INR
5072,5072,2026-04-03 04:27:33,UPI,Paid,TPPAYY1EHSVJ05Y,33648.0,0.0,INR
5073,5073,2026-08-25 08:17:55,Wallet,Paid,TPPAYSRFNCJXYKC,98629.0,0.0,INR
5074,5074,2026-07-24 00:15:45,UPI,Paid,TPPAY63JXH9BWOW,16824.0,0.0,INR
5075,5075,2026-06-12 04:56:44,UPI,Paid,TPPAY42KSZBDEBB,152812.0,0.0,INR
5076,5076,2025-07-30 05:29:23,UPI,Paid,TPPAY1W443RTTTS,71920.0,0.0,INR
5077,5077,2026-09-05 09:32:01,Credit Card,Paid,TPPAYY4AXAJ9ESL,63882.0,0.0,INR
5078,5078,2026-08-25 09:07:31,UPI,Paid,TPPAY5KW2J47YC9,56831.85,0.0,INR
5079,5079,2026-08-08 12:53:30,UPI,Refunded,TPPAY81V2S9D8UM,76220.0,76220.0,INR
5080,5080,2025-12-18 11:34:40,UPI,Paid,TPPAYDBBQUTPA26,93006.0,0.0,INR
5081,5081,2024-12-25 23:51:06,UPI,Refunded,TPPAYFJUKGS2OSK,129175.0,129175.0,INR
5082,5082,2026-09-08 11:33:01,Debit Card,Paid,TPPAYUD71E1EC2S,31401.0,0.0,INR
5083,5083,2025-11-05 21:35:35,Debit Card,Paid,TPPAY0E2L1W1N3W,22227.0,0.0,INR
5084,5084,2026-06-25 06:26:37,Wallet,Paid,TPPAYNXFTW4GAEF,86808.0,0.0,INR
5085,5085,2025-05-13 20:48:00,UPI,Refunded,TPPAYLQI3D1J9VR,35186.6,35186.6,INR
5086,5086,2023-10-20 10:20:23,UPI,Paid,TPPAY42Q5DUNBQS,89270.1,0.0,INR
5087,5087,2026-09-04 15:21:13,Debit Card,Paid,TPPAYG7B6MC4BJ4,148127.8,0.0,INR
5088,5088,2026-07-29 17:42:36,Net Banking,Refunded,TPPAY6FD122928E,129175.0,129175.0,INR
5089,5089,2024-04-08 20:08:29,UPI,Paid,TPPAY7CMXGHUO3B,114609.0,0.0,INR
5090,5090,2026-07-05 07:21:23,Net Banking,Paid,TPPAY2TCAJRVCU5,32160.0,0.0,INR
5091,5091,2025-12-13 21:32:38,Credit Card,Paid,TPPAYZOJVHMQQEB,33351.0,0.0,INR
5092,5092,2026-09-06 21:50:56,Credit Card,Paid,TPPAYCBMB047DWL,74748.0,0.0,INR
5093,5093,2026-06-27 01:51:06,Credit Card,Paid,TPPAYMC5X6KI79X,33450.0,0.0,INR
5094,5094,2025-04-17 17:36:10,UPI,Paid,TPPAYBJ5OGTLPWT,87244.0,0.0,INR
5095,5095,2026-07-27 02:18:53,UPI,Paid,TPPAY5MBWPC6QVI,151662.0,0.0,INR
5096,5096,2025-10-13 01:36:05,Wallet,Refunded,TPPAY4KAS0SWZLL,80696.0,80696.0,INR
5097,5097,2026-08-30 19:57:58,UPI,Paid,TPPAY8FZ2544CPA,25810.0,0.0,INR
5098,5098,2026-06-17 00:46:50,Wallet,Paid,TPPAYVULYRJGOY5,80696.0,0.0,INR
5099,5099,2026-09-01 21:11:55,UPI,Paid,TPPAY6GPSVFHK9U,69111.0,0.0,INR
5100,5100,2026-07-09 12:40:45,UPI,Pending,TPPAYB9XUY0ZY5E,0.0,0.0,INR
5101,5101,2026-06-22 02:46:12,UPI,Pending,TPPAYHXNQQG2VBU,0.0,0.0,INR
5102,5102,2024-10-30 07:24:55,Credit Card,Paid,TPPAY6LBPWRTZN8,132252.0,0.0,INR
5103,5103,2026-08-23 07:49:22,UPI,Paid,TPPAYCHJ0BH9E5J,81310.0,0.0,INR
5104,5104,2025-10-02 21:20:57,Debit Card,Paid,TPPAY2R2CGH1LW5,32160.0,0.0,INR
5105,5105,2024-10-02 02:41:56,Wallet,Paid,TPPAYHD0CRJJ8SS,139032.0,0.0,INR
5106,5106,2025-06-18 01:12:47,Credit Card,Paid,TPPAYE6W281IAJ3,35286.3,0.0,INR
5107,5107,2023-10-10 01:49:45,Debit Card,Paid,TPPAYOQX3O1I61D,21751.2,0.0,INR
5108,5108,2026-08-14 12:54:36,Credit Card,Pending,TPPAY00U10605UU,0.0,0.0,INR
5109,5109,2026-07-01 19:05:26,UPI,Paid,TPPAYG64ZB4DD8T,21335.4,0.0,INR
5110,5110,2026-06-27 08:37:31,UPI,Paid,TPPAYG8WL10Z0U6,51816.0,0.0,INR
5111,5111,2024-08-06 08:15:01,UPI,Paid,TPPAY2JPNEKE956,18126.0,0.0,INR
5112,5112,2023-09-19 03:57:12,Debit Card,Paid,TPPAYM1ULIV4AP2,28648.0,0.0,INR
5113,5113,2024-01-13 18:35:52,UPI,Paid,TPPAYFN9WL6SYYG,141960.0,0.0,INR
5114,5114,2025-12-24 05:29:02,UPI,Paid,TPPAY9BYP5OGPCG,26469.0,0.0,INR
5115,5115,2024-06-27 23:17:02,UPI,Paid,TPPAYWPOEYJOS84,15262.7,0.0,INR
5116,5116,2026-06-19 20:33:36,UPI,Paid,TPPAY9NUBCML813,82887.3,0.0,INR
5117,5117,2026-06-14 19:17:47,Credit Card,Paid,TPPAYQC0O4YMNOH,108464.4,0.0,INR
5118,5118,2026-08-09 21:51:09,UPI,Pending,TPPAY56TF5707LP,0.0,0.0,INR
5119,5119,2023-09-08 01:50:21,Credit Card,Paid,TPPAYJVFGV0Z10F,22227.0,0.0,INR
5120,5120,2026-03-23 11:56:32,Net Banking,Paid,TPPAY5EZJCRBQ5Q,34611.0,0.0,INR
5121,5121,2025-10-13 05:17:07,UPI,Paid,TPPAY7Y6WYOV5DD,25783.2,0.0,INR
5122,5122,2026-06-26 12:03:16,Credit Card,Paid,TPPAYESOMUU904E,55056.2,0.0,INR
5123,5123,2024-02-05 09:18:26,UPI,Paid,TPPAYZ1N0383QFW,36963.0,0.0,INR
5124,5124,2026-07-06 22:44:21,UPI,Paid,TPPAYM7HL2M4TM7,28154.2,0.0,INR
5125,5125,2024-06-23 08:40:28,UPI,Paid,TPPAY2T91F0T00O,42045.25,0.0,INR
5126,5126,2024-10-06 07:18:24,Debit Card,Paid,TPPAYIOX09FMRJZ,9696.6,0.0,INR
5127,5127,2025-04-07 15:26:32,Credit Card,Paid,TPPAYU6RDXKPGFU,76790.0,0.0,INR
5128,5128,2026-07-09 23:25:13,Debit Card,Refunded,TPPAYL6PIFZX97Z,26784.0,26784.0,INR
5129,5129,2026-07-05 17:19:19,UPI,Paid,TPPAY5CX6G45QPQ,107880.0,0.0,INR
5130,5130,2026-06-05 17:30:34,Debit Card,Paid,TPPAYBGAVIFWIFO,65949.0,0.0,INR
5131,5131,2026-06-14 06:44:23,Credit Card,Paid,TPPAY1K5S10KOQ4,25444.8,0.0,INR
5132,5132,2026-06-19 03:52:39,Debit Card,Pending,TPPAYPTA7XZ4GXI,0.0,0.0,INR
5133,5133,2026-08-14 01:48:59,Debit Card,Paid,TPPAYHFAC9UNBDB,100870.0,0.0,INR
5134,5134,2026-09-05 11:36:44,Wallet,Paid,TPPAYUXZ15IS1XJ,19066.5,0.0,INR
5135,5135,2026-05-03 02:50:45,Debit Card,Paid,TPPAY7VU7Q7SEC4,139032.0,0.0,INR
5136,5136,2026-08-20 20:38:01,Debit Card,Paid,TPPAYL9QBNWLGW8,46074.0,0.0,INR
5137,5137,2026-06-28 11:30:42,UPI,Paid,TPPAYZHU0S0L62N,18944.0,0.0,INR
5138,5138,2026-07-20 14:48:54,Net Banking,Paid,TPPAYW5D3H3NJAT,60886.0,0.0,INR
5139,5139,2026-07-02 13:06:46,Credit Card,Paid,TPPAYEYENBQCD2X,114330.0,0.0,INR
5140,5140,2026-06-19 05:38:39,Debit Card,Refunded,TPPAYN4AB2IONVC,104324.25,104324.25,INR
5141,5141,2026-08-30 09:35:38,UPI,Paid,TPPAYAWLM1H7501,17646.0,0.0,INR
5142,5142,2026-02-11 05:25:12,Net Banking,Paid,TPPAYSAMHV094LG,35890.0,0.0,INR
5143,5143,2026-09-03 17:15:42,UPI,Paid,TPPAY2L40ZXT5I3,39384.0,0.0,INR
5144,5144,2026-01-14 03:41:25,Debit Card,Paid,TPPAYXQSDPRMPIM,33812.0,0.0,INR
5145,5145,2026-08-10 04:19:25,UPI,Paid,TPPAYDVVEU4FPA6,22823.1,0.0,INR
5146,5146,2026-09-04 07:17:13,Credit Card,Paid,TPPAYWRI2OF27II,15906.6,0.0,INR
5147,5147,2026-08-28 16:56:33,UPI,Paid,TPPAY203HYUOTY3,30716.0,0.0,INR
5148,5148,2025-10-31 05:23:13,Debit Card,Paid,TPPAYP9MPALEKLE,77962.0,0.0,INR
5149,5149,2025-07-27 09:30:11,Credit Card,Paid,TPPAYO3BF78BBGI,52335.0,0.0,INR
5150,5150,2023-09-11 19:48:39,UPI,Paid,TPPAYV8M543G1SD,108510.0,0.0,INR
5151,5151,2024-09-04 12:52:26,Credit Card,Paid,TPPAYKP9WIR48SG,167972.4,0.0,INR
5152,5152,2026-08-27 22:44:44,Net Banking,Paid,TPPAYAVFJA4EDN3,88652.1,0.0,INR
5153,5153,2026-07-19 01:39:00,Wallet,Paid,TPPAY69JKJALQB6,103340.0,0.0,INR
5154,5154,2026-03-10 14:42:18,Credit Card,Paid,TPPAY6IP6LBRSBW,60258.0,0.0,INR
5155,5155,2026-05-02 17:04:41,UPI,Paid,TPPAY3CC72EIKTT,115700.0,0.0,INR
5156,5156,2024-12-26 05:20:21,Wallet,Paid,TPPAYU96B930NY2,33266.7,0.0,INR
5157,5157,2026-08-28 06:21:01,UPI,Paid,TPPAYU83WB41XRW,27622.2,0.0,INR
5158,5158,2026-06-13 03:00:29,Credit Card,Paid,TPPAYGY9NDP9ZMF,44115.0,0.0,INR
5159,5159,2026-07-06 19:53:31,Net Banking,Paid,TPPAYXTMAH4I0OX,17061.2,0.0,INR
5160,5160,2026-08-16 15:04:26,Debit Card,Paid,TPPAY4LMAB2HNZP,77871.0,0.0,INR
5161,5161,2024-01-29 23:56:54,Net Banking,Paid,TPPAYYIFOA6OT5R,71502.0,0.0,INR
5162,5162,2024-08-27 17:02:42,UPI,Paid,TPPAYNR7MIROV9L,34818.0,0.0,INR
5163,5163,2026-08-26 13:49:09,Debit Card,Paid,TPPAYWCYZTCAJ79,61772.0,0.0,INR
5164,5164,2026-08-17 00:56:17,UPI,Paid,TPPAYEKARDPAW0Z,34975.8,0.0,INR
5165,5165,2026-06-20 19:03:29,Net Banking,Pending,TPPAYC0KQK7R072,0.0,0.0,INR
5166,5166,2026-08-17 05:10:18,Debit Card,Refunded,TPPAY4C2XPCV1GU,77505.0,77505.0,INR
5167,5167,2023-12-03 19:11:36,Credit Card,Paid,TPPAY7ASNH7DG0T,43622.0,0.0,INR
5168,5168,2025-03-30 11:47:32,UPI,Paid,TPPAY52IF6KDT4H,92560.0,0.0,INR
5169,5169,2024-10-24 18:37:59,Net Banking,Paid,TPPAYMIN0BPWZ42,81310.0,0.0,INR
5170,5170,2026-07-22 21:32:37,Credit Card,Refunded,TPPAY4WRF1WWV2Y,77067.8,77067.8,INR
5171,5171,2026-06-29 09:33:03,Credit Card,Paid,TPPAYC00MIEF76W,52948.2,0.0,INR
5172,5172,2024-07-04 09:43:43,Net Banking,Paid,TPPAYCH8R21N97I,45180.0,0.0,INR
5173,5173,2024-01-20 16:43:51,Wallet,Paid,TPPAYWI4CHG4IAH,113336.0,0.0,INR
5174,5174,2026-07-14 19:09:36,UPI,Paid,TPPAYTZOAZRCQI4,98629.0,0.0,INR
5175,5175,2026-03-06 07:56:29,UPI,Paid,TPPAY4XCYPB8XCH,57685.0,0.0,INR
5176,5176,2025-01-16 06:12:28,UPI,Paid,TPPAY9UUQ79D9WU,16222.0,0.0,INR
5177,5177,2026-06-13 04:28:20,UPI,Paid,TPPAYT5IM0EDQ2G,104130.0,0.0,INR
5178,5178,2026-08-26 10:54:53,Credit Card,Paid,TPPAYDKMHFO6AZH,85739.5,0.0,INR
5179,5179,2023-10-10 14:22:14,Credit Card,Paid,TPPAY27SQSFANF6,114330.0,0.0,INR
5180,5180,2026-08-08 13:06:16,Credit Card,Paid,TPPAYI1BDZHA58A,95275.0,0.0,INR
5181,5181,2025-10-16 12:58:02,Credit Card,Refunded,TPPAY5ZANUW9HO4,104274.0,104274.0,INR
5182,5182,2026-06-13 19:11:38,UPI,Paid,TPPAYWLUA8O0ASX,22823.1,0.0,INR
5183,5183,2026-07-16 06:43:59,Credit Card,Paid,TPPAYS99JEG7RQ4,17088.0,0.0,INR
5184,5184,2025-10-04 04:31:56,Debit Card,Paid,TPPAYUZDKCPOIUE,33450.0,0.0,INR
5185,5185,2024-07-10 20:08:36,Wallet,Refunded,TPPAYQTQW8LCJCR,51816.0,51816.0,INR
5186,5186,2025-11-22 04:19:51,Net Banking,Paid,TPPAYLTVM0FGZF8,29908.8,0.0,INR
5187,5187,2023-12-13 14:13:48,UPI,Paid,TPPAYPVJ09LPLG2,14599.8,0.0,INR
5188,5188,2026-06-12 17:48:15,Debit Card,Paid,TPPAY56VGFV8U1Y,19251.0,0.0,INR
5189,5189,2026-08-08 07:17:34,Debit Card,Paid,TPPAYE63OSEALK8,47412.0,0.0,INR
5190,5190,2026-07-02 13:46:27,Net Banking,Paid,TPPAYJ2PBMQQZ2E,32386.0,0.0,INR
5191,5191,2026-02-19 00:45:50,UPI,Paid,TPPAY2INEEMVXZT,30108.0,0.0,INR
5192,5192,2026-08-16 15:03:20,Credit Card,Paid,TPPAY2RKDD3SYTR,21548.0,0.0,INR
5193,5193,2024-11-06 10:56:56,Net Banking,Paid,TPPAYX981CNKAKF,40941.2,0.0,INR
5194,5194,2024-12-14 08:12:23,UPI,Paid,TPPAY2Z6DVQ95DE,44102.8,0.0,INR
5195,5195,2026-07-31 14:26:54,Debit Card,Pending,TPPAYL86RXSRHPM,0.0,0.0,INR
5196,5196,2024-10-28 19:28:50,UPI,Paid,TPPAYSDPN3DBFG6,34975.8,0.0,INR
5197,5197,2025-03-15 18:26:21,UPI,Refunded,TPPAYQPKYQ4Z8B5,40555.0,40555.0,INR
5198,5198,2024-12-06 06:35:28,Debit Card,Paid,TPPAY6PSLL9H27U,80344.0,0.0,INR
5199,5199,2026-07-14 08:23:29,Net Banking,Paid,TPPAYLH8HB2FZML,140046.0,0.0,INR
5200,5200,2024-01-18 12:56:56,Net Banking,Paid,TPPAYWYKEB1BVIH,124424.0,0.0,INR
5201,5201,2025-06-22 22:43:10,Debit Card,Paid,TPPAYDWVRIZ7TSD,46150.05,0.0,INR
5202,5202,2026-07-22 22:25:36,Net Banking,Paid,TPPAYXIWVAK7I62,150964.0,0.0,INR
5203,5203,2026-07-30 01:01:29,Credit Card,Paid,TPPAYCUG7706UKH,58030.0,0.0,INR
5204,5204,2026-06-15 12:38:41,Credit Card,Refunded,TPPAYAD2S2GNCLZ,58030.0,58030.0,INR
5205,5205,2026-08-10 12:15:59,UPI,Pending,TPPAYNZ8GHQJ47R,0.0,0.0,INR
5206,5206,2026-08-17 14:07:42,Debit Card,Paid,TPPAYNVC5UJEQIA,19178.0,0.0,INR
5207,5207,2026-04-13 04:38:54,Credit Card,Paid,TPPAYU4QCDQ5UST,115048.8,0.0,INR
5208,5208,2024-06-14 09:14:49,UPI,Paid,TPPAY6SCHVJ94H4,47412.0,0.0,INR
5209,5209,2026-09-07 02:24:59,Debit Card,Paid,TPPAYXUUAW8PXE7,24350.4,0.0,INR
5210,5210,2026-02-12 14:44:38,UPI,Refunded,TPPAY3Y8XI218DY,30821.8,30821.8,INR
5211,5211,2026-08-15 06:12:11,Credit Card,Paid,TPPAY7H0IODH5V5,9472.0,0.0,INR
5212,5212,2024-11-01 15:04:15,Net Banking,Paid,TPPAYBZB33SN1SM,126385.0,0.0,INR
5213,5213,2026-08-17 13:20:13,Wallet,Paid,TPPAYKXPOGA090D,26168.4,0.0,INR
5214,5214,2026-07-28 02:06:38,UPI,Paid,TPPAYJISS7L0Q50,55365.0,0.0,INR
5215,5215,2026-05-26 12:33:47,UPI,Paid,TPPAY1R75X9LPXP,13380.0,0.0,INR
5216,5216,2026-08-21 05:45:08,Credit Card,Paid,TPPAY9HWMOHI7UU,36252.0,0.0,INR
5217,5217,2023-11-15 05:31:03,Credit Card,Paid,TPPAYLF3NKVEN5Y,58580.0,0.0,INR
5218,5218,2026-07-01 18:13:04,Wallet,Paid,TPPAYFOGT5ESIW2,39333.6,0.0,INR
5219,5219,2026-08-06 16:01:40,UPI,Pending,TPPAYIBYPW44SDC,0.0,0.0,INR
5220,5220,2026-07-03 19:25:02,Net Banking,Paid,TPPAY8HFI2KHD7S,78519.6,0.0,INR
5221,5221,2026-08-13 13:21:05,Wallet,Paid,TPPAYO3AZU8TGQQ,29538.0,0.0,INR
5222,5222,2025-12-04 19:44:23,Credit Card,Paid,TPPAYU6TO4EC8V7,108510.0,0.0,INR
5223,5223,2026-05-26 03:50:47,UPI,Paid,TPPAY779QQ2N7OP,30112.2,0.0,INR
5224,5224,2026-08-15 05:43:12,UPI,Paid,TPPAY3NAC9STD4E,40200.0,0.0,INR
5225,5225,2024-06-13 19:43:38,Net Banking,Paid,TPPAY8FPWTH01ZF,21974.0,0.0,INR
5226,5226,2023-10-22 10:34:33,Debit Card,Paid,TPPAY1N2QA95U6N,57296.0,0.0,INR
5227,5227,2025-03-28 20:24:31,UPI,Paid,TPPAY3IP51ANWBM,11552.95,0.0,INR
5228,5228,2024-10-19 10:38:48,Net Banking,Paid,TPPAY42B3JNFUVZ,21930.0,0.0,INR
5229,5229,2024-01-02 09:00:52,Debit Card,Paid,TPPAYISB57LUYFW,16240.5,0.0,INR
5230,5230,2026-08-02 15:33:22,UPI,Pending,TPPAYXUPCY71B4S,0.0,0.0,INR
5231,5231,2026-07-03 08:53:26,Credit Card,Pending,TPPAYZSBJSCAAPE,0.0,0.0,INR
5232,5232,2026-08-04 20:13:10,Debit Card,Paid,TPPAY0N5FU7TH5V,34722.5,0.0,INR
5233,5233,2026-07-24 11:51:48,Wallet,Paid,TPPAYH89JPERLAK,130212.0,0.0,INR
5234,5234,2026-07-27 13:24:10,Credit Card,Paid,TPPAYFTHKQ22Q04,130212.0,0.0,INR
5235,5235,2026-06-17 19:16:36,UPI,Refunded,TPPAYDAOECR5Z59,140046.0,140046.0,INR
5236,5236,2026-08-15 12:24:10,UPI,Paid,TPPAYQWAPRCCOI3,65106.0,0.0,INR
5237,5237,2025-11-30 18:41:19,UPI,Paid,TPPAYYAJECINOSR,139977.0,0.0,INR
5238,5238,2026-08-20 19:43:51,Debit Card,Paid,TPPAYHBIQQ91EZT,39384.0,0.0,INR
5239,5239,2026-09-04 11:19:16,UPI,Paid,TPPAYNWIRNKNRGM,89900.0,0.0,INR
5240,5240,2024-11-25 16:48:27,Debit Card,Paid,TPPAYLEJLD7YMMB,93318.0,0.0,INR
5241,5241,2024-03-31 04:27:34,Credit Card,Paid,TPPAYV554QSX156,107880.0,0.0,INR
5242,5242,2026-08-22 13:27:35,UPI,Refunded,TPPAY6O2C5TJS0U,77505.0,77505.0,INR
5243,5243,2024-09-02 15:48:55,Debit Card,Refunded,TPPAYJFCCXJWY11,93466.8,93466.8,INR
5244,5244,2025-04-09 22:46:02,Net Banking,Refunded,TPPAYUA6YR0R9G8,130620.0,130620.0,INR
5245,5245,2025-12-23 05:31:12,Debit Card,Paid,TPPAYU2YLXI0J6T,77962.0,0.0,INR
5246,5246,2025-05-05 01:20:44,Debit Card,Paid,TPPAY1Z10P5TZVY,51001.2,0.0,INR
5247,5247,2024-10-12 15:12:05,Debit Card,Paid,TPPAYTZDCSQCMLO,18126.0,0.0,INR
5248,5248,2026-08-26 04:46:30,Credit Card,Paid,TPPAYMFFFUC5NZI,108613.5,0.0,INR
5249,5249,2026-06-15 03:26:53,Wallet,Paid,TPPAY3VUEJT1WQ8,10774.0,0.0,INR
5250,5250,2026-08-06 12:25:22,Credit Card,Paid,TPPAYOOMW94NGGV,21811.0,0.0,INR
5251,5251,2026-05-02 11:25:04,Credit Card,Paid,TPPAYUZLEKM9RQO,28767.0,0.0,INR
5252,5252,2026-06-16 10:40:01,Credit Card,Paid,TPPAYRXRL0QKOCR,44756.0,0.0,INR
5253,5253,2024-03-21 15:21:44,Debit Card,Paid,TPPAY2P5YMDMRQF,132252.0,0.0,INR
5254,5254,2026-08-23 10:53:28,Net Banking,Paid,TPPAYCN1C0YBX1D,15785.2,0.0,INR
5255,5255,2024-11-16 06:12:46,Credit Card,Paid,TPPAYBEU1R999D0,37045.0,0.0,INR
5256,5256,2026-06-07 14:44:24,Net Banking,Paid,TPPAYMEH5UO263X,15262.7,0.0,INR
5257,5257,2026-06-30 17:46:27,UPI,Paid,TPPAYUGR4DI5FVG,33567.0,0.0,INR
5258,5258,2025-01-26 17:29:20,Credit Card,Paid,TPPAYBP6S9XXWHD,22520.7,0.0,INR
5259,5259,2024-07-11 23:41:00,Debit Card,Paid,TPPAYFYOUBSUIVB,111095.85,0.0,INR
5260,5260,2026-08-07 12:20:00,Credit Card,Paid,TPPAY7T76983FJC,15022.9,0.0,INR
5261,5261,2026-04-10 11:32:34,UPI,Paid,TPPAYXM8SV9TBMI,49318.3,0.0,INR
5262,5262,2023-11-09 21:26:26,Debit Card,Refunded,TPPAYF2I2U4CGM6,18063.0,18063.0,INR
5263,5263,2026-06-12 18:46:48,Debit Card,Paid,TPPAYZ5ISHJ9W44,46864.0,0.0,INR
5264,5264,2026-08-15 10:05:29,Debit Card,Paid,TPPAY38GRDYQWKD,51816.0,0.0,INR
5265,5265,2026-06-29 09:49:39,UPI,Refunded,TPPAYWOQFO457M5,29076.0,29076.0,INR
5266,5266,2026-07-23 14:48:41,Credit Card,Paid,TPPAYK6HSCXK44Q,39034.0,0.0,INR
5267,5267,2026-07-16 21:36:11,UPI,Paid,TPPAYFX1Y7XBYW2,33480.0,0.0,INR
5268,5268,2025-11-02 11:14:09,UPI,Paid,TPPAY06R1EDVCVK,32160.0,0.0,INR
5269,5269,2026-07-15 06:03:26,UPI,Paid,TPPAY6REFH8TO3I,21930.0,0.0,INR
5270,5270,2026-08-14 15:02:20,Credit Card,Paid,TPPAYLR9KCH7M7Q,32085.0,0.0,INR
5271,5271,2026-06-15 08:34:17,Debit Card,Paid,TPPAYU1W8P1BYHT,8419.5,0.0,INR
5272,5272,2023-11-08 14:49:47,UPI,Paid,TPPAYE4CWU1NV9K,33219.0,0.0,INR
5273,5273,2026-02-03 21:03:47,Credit Card,Paid,TPPAYSOBPPR37UB,18219.1,0.0,INR
5274,5274,2024-05-31 19:55:59,Credit Card,Paid,TPPAYUSZQOHVFTV,107427.25,0.0,INR
5275,5275,2026-08-08 17:44:19,Debit Card,Paid,TPPAY6B8M9ZP1YA,81124.0,0.0,INR
5276,5276,2026-07-08 22:01:08,UPI,Paid,TPPAYJ8R8ESYLQA,13380.0,0.0,INR
5277,5277,2026-07-17 11:29:08,UPI,Paid,TPPAYIPIS2KSMJZ,139032.0,0.0,INR
5278,5278,2025-03-01 17:59:09,UPI,Paid,TPPAYSN8P1TXOV4,36483.0,0.0,INR
5279,5279,2026-09-03 14:39:03,Credit Card,Paid,TPPAY1N0VMR8WJ5,20875.3,0.0,INR
5280,5280,2025-06-15 03:14:45,UPI,Paid,TPPAY6YRVWLEB5U,51448.5,0.0,INR
5281,5281,2026-06-27 07:31:14,Credit Card,Refunded,TPPAYFOAZ59IDB9,66298.0,66298.0,INR
5282,5282,2025-01-22 03:24:10,UPI,Paid,TPPAYLMUQIZULTQ,32952.8,0.0,INR
5283,5283,2026-08-29 11:54:11,UPI,Pending,TPPAYL6PD9NNQTJ,0.0,0.0,INR
5284,5284,2024-08-28 21:55:49,UPI,Paid,TPPAY51ADDMRXEU,23432.0,0.0,INR
5285,5285,2025-04-12 22:57:23,Net Banking,Paid,TPPAYBFB6W8R7Q6,45180.0,0.0,INR
5286,5286,2026-08-14 06:25:46,Credit Card,Paid,TPPAYVBRE19ET88,33567.0,0.0,INR
5287,5287,2025-02-19 04:32:05,UPI,Paid,TPPAYFLL60YGTFY,148127.8,0.0,INR
5288,5288,2025-12-09 17:30:21,Net Banking,Refunded,TPPAYAJ5HUALH9B,121044.0,121044.0,INR
5289,5289,2025-07-24 00:16:49,UPI,Paid,TPPAYY535OHY13Y,49284.0,0.0,INR
5290,5290,2025-04-05 12:57:00,Credit Card,Paid,TPPAYS8BQ6FS9FU,103340.0,0.0,INR
5291,5291,2024-03-22 23:24:41,Debit Card,Paid,TPPAYVO9BBXHDE1,93435.0,0.0,INR
5292,5292,2023-10-22 22:10:07,Credit Card,Paid,TPPAYJ5EBVQ7WOD,28859.2,0.0,INR
5293,5293,2026-08-04 22:54:37,UPI,Paid,TPPAYMHXOFG9KWF,31003.0,0.0,INR
5294,5294,2026-08-13 07:17:38,Debit Card,Paid,TPPAY3XLRD9PBG3,87690.0,0.0,INR
5295,5295,2025-02-01 19:42:08,Debit Card,Paid,TPPAYU622WXXYJW,28767.0,0.0,INR
5296,5296,2024-06-19 05:30:04,UPI,Paid,TPPAYGTG4JCWK0U,94640.0,0.0,INR
5297,5297,2025-04-21 19:44:02,Net Banking,Paid,TPPAYURBQRH7WUP,103340.0,0.0,INR
5298,5298,2023-10-11 13:29:56,UPI,Paid,TPPAYJY7N033Q4N,99705.0,0.0,INR
5299,5299,2024-02-19 02:53:45,Wallet,Paid,TPPAY6ZM466PU84,25829.55,0.0,INR
5300,5300,2026-07-21 20:55:32,Debit Card,Pending,TPPAY48XDT7N4O4,0.0,0.0,INR
5301,5301,2024-08-01 21:10:34,UPI,Paid,TPPAYVBCELVR87X,186636.0,0.0,INR
5302,5302,2024-03-05 05:19:59,Net Banking,Paid,TPPAYCPBBM616RQ,77505.0,0.0,INR
5303,5303,2026-07-14 08:48:46,UPI,Paid,TPPAY58YW2BX02S,57685.0,0.0,INR
5304,5304,2024-05-20 12:38:59,Net Banking,Paid,TPPAYXXUBWYM8V9,57685.0,0.0,INR
5305,5305,2026-07-30 03:24:58,UPI,Pending,TPPAYEXSF5U4QSC,0.0,0.0,INR
5306,5306,2026-08-03 00:33:48,Net Banking,Paid,TPPAYF4VJN0TE9P,97660.0,0.0,INR
5307,5307,2025-09-04 00:28:18,UPI,Paid,TPPAY0W33YXVDCW,36631.6,0.0,INR
5308,5308,2026-06-20 06:24:02,UPI,Paid,TPPAYOWV8636GR5,14356.0,0.0,INR
5309,5309,2025-10-24 05:09:21,UPI,Refunded,TPPAYF2MXJQP47R,82881.8,82881.8,INR
5310,5310,2026-07-20 02:21:06,Net Banking,Paid,TPPAYLZZF16KSIM,16839.0,0.0,INR
5311,5311,2026-08-27 02:56:21,UPI,Paid,TPPAYVFJ3CHEMNM,37045.0,0.0,INR
5312,5312,2026-04-01 02:30:10,Net Banking,Paid,TPPAYR2JYVRCT0A,67618.0,0.0,INR
5313,5313,2024-10-15 14:40:30,Credit Card,Paid,TPPAY6I40EC11XG,14814.0,0.0,INR
5314,5314,2026-08-19 14:19:18,UPI,Paid,TPPAYAMNVZ2JTEJ,73474.0,0.0,INR
5315,5315,2025-01-08 08:09:33,Debit Card,Refunded,TPPAYSNFKFQVMZB,87492.15,87492.15,INR
5316,5316,2026-08-02 22:11:47,Credit Card,Paid,TPPAYGTFWQ9YQSQ,93318.0,0.0,INR
5317,5317,2026-08-03 04:38:32,Wallet,Pending,TPPAY6PJSJ9KE9L,0.0,0.0,INR
5318,5318,2026-08-11 17:30:36,UPI,Paid,TPPAYYC4BDUGV9Y,14620.0,0.0,INR
5319,5319,2025-01-08 07:34:25,UPI,Paid,TPPAYZV7BS466LI,35148.0,0.0,INR
5320,5320,2026-09-02 01:29:14,UPI,Paid,TPPAYZ9MPVL6G7K,18710.0,0.0,INR
5321,5321,2026-08-22 14:02:52,Credit Card,Pending,TPPAY34Y6J4ERWL,0.0,0.0,INR
5322,5322,2026-06-16 20:02:14,Credit Card,Paid,TPPAY9BBK5QNG30,35183.25,0.0,INR
5323,5323,2026-09-04 11:37:32,UPI,Paid,TPPAYIMF1J6ZM73,68039.0,0.0,INR
5324,5324,2026-06-01 20:38:38,Debit Card,Paid,TPPAYHL5750ZG5B,77505.0,0.0,INR
5325,5325,2026-07-23 15:56:38,Credit Card,Paid,TPPAY4AT70MFLTC,46424.0,0.0,INR
5326,5326,2026-07-26 14:41:42,Credit Card,Pending,TPPAY0B8MQ2A005,0.0,0.0,INR
5327,5327,2026-08-22 23:59:18,Debit Card,Paid,TPPAYDMSVXGNZ2S,57495.9,0.0,INR
5328,5328,2026-08-15 19:37:24,UPI,Paid,TPPAYQ7E4FATKF4,107681.4,0.0,INR
5329,5329,2025-09-01 00:25:03,UPI,Paid,TPPAY2IGZ5NT9VT,41868.0,0.0,INR
5330,5330,2026-08-30 20:27:32,UPI,Pending,TPPAYK5WE5S41XA,0.0,0.0,INR
5331,5331,2026-07-24 20:24:17,Credit Card,Paid,TPPAYQ9AWUGN5O3,17646.0,0.0,INR
5332,5332,2026-08-05 21:53:36,UPI,Paid,TPPAYVOJ6LSWYCX,119646.0,0.0,INR
5333,5333,2026-07-20 18:46:28,Credit Card,Paid,TPPAYD3CDBZOU5E,13656.1,0.0,INR
5334,5334,2026-08-05 09:29:53,UPI,Paid,TPPAY8OKXCU5GU4,36144.0,0.0,INR
5335,5335,2026-06-29 20:00:07,Credit Card,Paid,TPPAY7Y2FX9IVNZ,80496.0,0.0,INR
5336,5336,2026-06-24 12:41:57,Debit Card,Paid,TPPAY0STHKE7X0Y,49318.3,0.0,INR
5337,5337,2026-08-07 07:07:29,UPI,Paid,TPPAYB4OHCRLKGG,13069.0,0.0,INR
5338,5338,2024-02-26 07:44:33,Net Banking,Paid,TPPAYV1QP3W23VC,10987.0,0.0,INR
5339,5339,2026-07-01 14:07:11,UPI,Paid,TPPAYX339QX3QD8,24642.0,0.0,INR
5340,5340,2026-07-15 10:59:06,Wallet,Paid,TPPAYE2NGO4RMMJ,24333.0,0.0,INR
5341,5341,2023-12-16 23:03:40,UPI,Paid,TPPAYJTWCDY60F8,19917.2,0.0,INR
5342,5342,2026-07-19 12:14:47,Net Banking,Pending,TPPAYYOEVJWJK32,0.0,0.0,INR
5343,5343,2026-08-19 18:33:50,UPI,Paid,TPPAYIIZK27GML4,33678.0,0.0,INR
5344,5344,2026-07-19 23:44:12,UPI,Paid,TPPAYGVPAEA2GVF,39460.4,0.0,INR
5345,5345,2026-08-28 17:47:44,UPI,Paid,TPPAY0DBQSYP2JC,139032.0,0.0,INR
5346,5346,2024-02-08 22:56:02,UPI,Paid,TPPAYPOQ89S2GBB,154489.0,0.0,INR
5347,5347,2026-07-01 06:02:19,Debit Card,Pending,TPPAYTEW23MFVRG,0.0,0.0,INR
5348,5348,2026-07-04 18:25:50,Credit Card,Pending,TPPAYQHTAND4TXC,0.0,0.0,INR
5349,5349,2026-06-13 16:04:17,UPI,Paid,TPPAYN8D107FFO5,30886.0,0.0,INR
5350,5350,2026-08-06 20:00:01,UPI,Paid,TPPAYGMDE90F37G,12905.0,0.0,INR
5351,5351,2026-09-04 04:48:34,UPI,Paid,TPPAYLK525CJDH0,7511.45,0.0,INR
5352,5352,2026-07-24 10:56:35,UPI,Paid,TPPAYYR1V97P9ZL,115700.0,0.0,INR
5353,5353,2026-06-09 21:06:05,UPI,Paid,TPPAYWU6IPK8X05,55340.1,0.0,INR
5354,5354,2026-07-20 04:18:39,Credit Card,Paid,TPPAY33UECAB0JI,109815.0,0.0,INR
5355,5355,2023-10-16 00:25:09,Credit Card,Paid,TPPAYPBWVEU634X,109768.5,0.0,INR
5356,5356,2024-04-09 14:27:31,Wallet,Paid,TPPAY3EUBU3G3DT,46074.0,0.0,INR
5357,5357,2024-10-29 07:51:14,UPI,Paid,TPPAYHZNZUNL8DL,114609.0,0.0,INR
5358,5358,2026-08-07 07:18:18,UPI,Refunded,TPPAYSRB6RP8Q7A,106470.0,106470.0,INR
5359,5359,2026-06-27 09:01:45,Credit Card,Paid,TPPAYLTU7ANHIUB,72309.6,0.0,INR
5360,5360,2026-03-19 14:23:55,Net Banking,Paid,TPPAYQM1MDE7L0T,77434.0,0.0,INR
5361,5361,2026-06-17 20:17:09,Debit Card,Paid,TPPAYFG3AT65LYM,108464.4,0.0,INR
5362,5362,2024-01-01 04:47:33,Net Banking,Paid,TPPAY4LR3PLDM9K,147753.5,0.0,INR
5363,5363,2026-03-28 23:53:22,Credit Card,Paid,TPPAY535V8L8MAB,12161.0,0.0,INR
5364,5364,2025-01-13 15:31:53,UPI,Paid,TPPAY31OS4UFH8W,38862.0,0.0,INR
5365,5365,2023-09-13 11:39:35,Debit Card,Paid,TPPAY3PW1SJ8LMV,26511.0,0.0,INR
5366,5366,2026-08-15 02:38:25,Net Banking,Paid,TPPAYTZYJTAIMX4,70152.0,0.0,INR
5367,5367,2026-07-11 16:47:26,UPI,Paid,TPPAYZQ3JUNVR0N,61052.4,0.0,INR
5368,5368,2026-08-04 22:52:30,UPI,Pending,TPPAYMV9QIPKF9M,0.0,0.0,INR
5369,5369,2026-09-08 05:02:07,UPI,Pending,TPPAYH958S31EKO,0.0,0.0,INR
5370,5370,2026-07-23 17:11:01,Net Banking,Paid,TPPAYA9OUDUEHS9,119646.0,0.0,INR
5371,5371,2026-01-30 05:57:14,Credit Card,Paid,TPPAYAEU4MLDCE0,33219.0,0.0,INR
5372,5372,2026-08-19 17:52:44,Debit Card,Paid,TPPAYD5DB622SER,30624.0,0.0,INR
5373,5373,2026-07-09 10:44:24,UPI,Paid,TPPAYRW6Y7X5SW1,20698.0,0.0,INR
5374,5374,2025-02-18 23:53:14,Credit Card,Paid,TPPAYRMK6896ARS,77871.0,0.0,INR
5375,5375,2026-07-10 07:28:03,Net Banking,Paid,TPPAYRLQKBPYRMT,65286.0,0.0,INR
5376,5376,2026-08-05 14:58:09,UPI,Paid,TPPAYGSJA9OSADA,121320.0,0.0,INR
5377,5377,2024-07-02 23:16:51,UPI,Paid,TPPAYLR2G9ZNA0U,104376.6,0.0,INR
5378,5378,2026-06-18 14:42:22,UPI,Refunded,TPPAYOYPLR55U2R,101108.0,101108.0,INR
5379,5379,2026-07-06 12:14:51,Debit Card,Refunded,TPPAYZPSGJ3GLTQ,29341.7,101108.0,INR
5380,5380,2026-07-10 19:32:33,Net Banking,Paid,TPPAYPS0R7GTHG9,121044.0,0.0,INR
5381,5381,2025-06-05 10:30:55,Net Banking,Paid,TPPAYOP3ESAX76B,39460.4,0.0,INR
5382,5382,2026-06-16 16:32:30,Wallet,Paid,TPPAY6XUVB7RM59,8453.0,0.0,INR
5383,5383,2026-04-04 13:16:05,Debit Card,Paid,TPPAYY0YHN4GNA4,70980.0,0.0,INR
5384,5384,2026-08-25 13:04:15,Debit Card,Pending,TPPAYHIB44OLXUW,0.0,0.0,INR
5385,5385,2023-12-14 10:27:50,UPI,Paid,TPPAYTUI3MK0HU7,61398.0,0.0,INR
5386,5386,2023-11-11 14:16:11,Wallet,Paid,TPPAY94K1KCG5SA,54469.8,0.0,INR
5387,5387,2026-05-11 23:34:48,UPI,Paid,TPPAY2FEH71JWQB,69516.0,0.0,INR
5388,5388,2026-05-07 05:18:02,Debit Card,Paid,TPPAYF0K93TK0FH,62478.0,0.0,INR
5389,5389,2026-07-10 11:23:09,Debit Card,Pending,TPPAYA6D26RLJH9,0.0,0.0,INR
5390,5390,2026-08-07 13:16:47,UPI,Paid,TPPAY268X3308EA,87244.0,0.0,INR
5391,5391,2026-07-03 18:58:15,Net Banking,Paid,TPPAYZCYF5OYG41,97965.0,0.0,INR
5392,5392,2026-03-02 22:00:25,Wallet,Paid,TPPAYI91WA5ULL8,113336.0,0.0,INR
5393,5393,2026-01-04 10:35:34,Debit Card,Paid,TPPAYGGDHV58VVS,22732.8,0.0,INR
5394,5394,2026-06-25 10:05:04,Debit Card,Paid,TPPAYLEVTOLT7DW,51219.3,0.0,INR
5395,5395,2026-07-10 07:14:13,Debit Card,Paid,TPPAY3YY6YJ3B2B,13459.2,0.0,INR
5396,5396,2026-08-20 17:42:11,Credit Card,Refunded,TPPAYFWZ8WQCREN,18126.0,18126.0,INR
5397,5397,2025-05-31 06:35:40,Debit Card,Paid,TPPAY67DIARMBI2,70023.0,0.0,INR
5398,5398,2024-04-29 04:15:16,UPI,Paid,TPPAYLM2PL1INTF,44126.9,0.0,INR
5399,5399,2026-09-02 08:32:54,Credit Card,Paid,TPPAY89INPV6EUR,27189.0,0.0,INR
5400,5400,2025-10-30 10:54:54,Credit Card,Paid,TPPAYE6EUI9S493,23068.8,0.0,INR
5401,5401,2026-06-13 21:55:27,UPI,Paid,TPPAYI8YKO1QHWS,65433.0,0.0,INR
5402,5402,2024-12-15 06:29:57,Net Banking,Paid,TPPAYFVR7ZR44YO,35559.0,0.0,INR
5403,5403,2026-08-03 16:28:04,UPI,Paid,TPPAYMRC8GVV64W,15215.4,0.0,INR
5404,5404,2025-10-14 07:02:41,UPI,Refunded,TPPAY9W54H39YHB,60805.0,60805.0,INR
5405,5405,2023-09-12 13:04:41,Debit Card,Paid,TPPAY1CMTK0DI09,30015.9,0.0,INR
5406,5406,2025-05-03 16:54:01,Credit Card,Paid,TPPAYZYKNDVZC7D,115866.75,0.0,INR
5407,5407,2026-06-23 04:38:51,Debit Card,Paid,TPPAYJ5V3GP9P8Z,112414.2,0.0,INR
5408,5408,2026-08-21 05:51:30,UPI,Paid,TPPAYO6JCD12MY5,35890.0,0.0,INR
5409,5409,2023-10-09 17:04:02,Credit Card,Paid,TPPAY5IC07NT1L2,115700.0,0.0,INR
5410,5410,2023-12-01 05:55:30,Credit Card,Paid,TPPAY8EQ3SCGS3Y,140331.6,0.0,INR
5411,5411,2026-06-25 00:16:11,Credit Card,Paid,TPPAY5M0RM3F91L,134862.0,0.0,INR
5412,5412,2026-06-17 17:09:23,Credit Card,Pending,TPPAYK8S2BPYZBZ,0.0,0.0,INR
5413,5413,2026-08-01 19:12:20,Debit Card,Paid,TPPAYIWF7V8G5R2,8453.0,0.0,INR
5414,5414,2026-06-15 15:30:31,Credit Card,Paid,TPPAY3REQWQOYAP,84091.5,0.0,INR
5415,5415,2026-07-16 13:48:30,Credit Card,Paid,TPPAYSWMOH548HM,64770.0,0.0,INR
5416,5416,2026-08-31 18:58:30,Net Banking,Paid,TPPAYLYKJDNN79A,103340.0,0.0,INR
5417,5417,2026-08-08 10:40:01,Debit Card,Paid,TPPAYHOKSZEW5N6,103084.5,0.0,INR
5418,5418,2026-08-22 22:06:44,Net Banking,Paid,TPPAYDAOL9X7X9X,86808.0,0.0,INR
5419,5419,2026-09-01 23:53:40,UPI,Paid,TPPAYEBSL8T5ZXH,102897.0,0.0,INR
5420,5420,2026-07-07 11:48:41,UPI,Paid,TPPAYF69D2UQSFW,51926.0,0.0,INR
5421,5421,2025-08-02 08:30:25,UPI,Paid,TPPAYTRCN1AATAC,103852.0,0.0,INR
5422,5422,2026-08-20 00:43:05,Credit Card,Paid,TPPAYWI0EI78JXI,129175.0,0.0,INR
5423,5423,2026-07-02 16:58:49,Credit Card,Paid,TPPAYVNBDKVD5YP,77871.0,0.0,INR
5424,5424,2024-11-25 10:15:40,UPI,Paid,TPPAY04LUZFFCZ4,22378.0,0.0,INR
5425,5425,2026-07-07 23:53:31,Credit Card,Paid,TPPAYG2B1DM9R6R,115601.7,0.0,INR
5426,5426,2026-06-12 14:31:03,Credit Card,Paid,TPPAYB0PKW2ZZO5,92777.0,0.0,INR
5427,5427,2025-01-12 23:51:56,Net Banking,Paid,TPPAYQSOSN71IG6,65106.0,0.0,INR
5428,5428,2025-10-15 01:21:17,Debit Card,Refunded,TPPAYN6H1W8ZH8R,100430.0,100430.0,INR
5429,5429,2026-07-14 02:46:44,Debit Card,Pending,TPPAYO6L05886H4,0.0,0.0,INR
5430,5430,2025-02-23 01:27:36,Credit Card,Paid,TPPAYM1ITR51EEZ,130212.0,0.0,INR
5431,5431,2026-08-25 09:02:31,Credit Card,Pending,TPPAYGXIQZWVEKH,0.0,0.0,INR
5432,5432,2026-07-01 17:06:13,UPI,Paid,TPPAYIXMCUJ4FA6,76220.0,0.0,INR
5433,5433,2024-03-30 00:38:53,UPI,Paid,TPPAYHNZKWFWZ9O,16738.2,0.0,INR
5434,5434,2026-08-24 00:21:05,Credit Card,Paid,TPPAY7YNP9SRZIF,61531.5,0.0,INR
5435,5435,2026-08-19 02:09:56,UPI,Pending,TPPAYDIKR35MPTY,0.0,0.0,INR
5436,5436,2026-07-04 21:45:23,Credit Card,Paid,TPPAYYEGWKPP9SN,35348.0,0.0,INR
5437,5437,2026-06-12 19:36:25,Credit Card,Paid,TPPAY4RCF82WO64,37888.0,0.0,INR
5438,5438,2024-09-18 08:46:54,UPI,Paid,TPPAYJN1VQOHIDU,24333.0,0.0,INR
5439,5439,2026-08-02 11:01:16,UPI,Paid,TPPAYLIKPRPLSAX,32301.0,0.0,INR
5440,5440,2026-07-07 09:06:49,Net Banking,Paid,TPPAYU8YF489OBQ,39379.65,0.0,INR
5441,5441,2026-06-17 22:44:51,UPI,Paid,TPPAY3O4TO4ZOI7,23432.0,0.0,INR
5442,5442,2026-01-14 05:10:49,UPI,Paid,TPPAY2Z3INVJV91,80555.25,0.0,INR
5443,5443,2025-12-03 15:55:25,UPI,Paid,TPPAYUDXZB14KVK,9063.0,0.0,INR
5444,5444,2025-07-07 16:30:36,UPI,Refunded,TPPAY5ICBF6VUAL,150964.0,150964.0,INR
5445,5445,2025-10-12 13:47:45,UPI,Paid,TPPAYSC5L1BYIXP,33480.0,0.0,INR
5446,5446,2026-07-17 21:34:12,Credit Card,Paid,TPPAYTNEEDNPT3G,35192.75,0.0,INR
5447,5447,2026-07-29 22:02:35,Debit Card,Paid,TPPAYXAHYAKSTJ6,129175.0,0.0,INR
5448,5448,2025-11-11 00:26:51,UPI,Paid,TPPAYYBJLDJ3H67,87852.0,0.0,INR
5449,5449,2026-08-25 04:39:21,UPI,Pending,TPPAY3YNVHEA4PY,0.0,0.0,INR
5450,5450,2026-08-10 22:48:54,Credit Card,Paid,TPPAYKQKZ9NHYAN,24642.0,0.0,INR
5451,5451,2026-07-04 08:49:56,UPI,Paid,TPPAY4VBUYFTUYQ,9355.0,0.0,INR
5452,5452,2023-11-02 05:55:35,Wallet,Paid,TPPAYOXP9VWG3TW,27854.4,0.0,INR
5453,5453,2026-08-27 23:02:27,Wallet,Paid,TPPAY2KELO3Z4A1,14907.3,0.0,INR
5454,5454,2025-02-14 09:32:59,UPI,Paid,TPPAYNXKUYEZWQN,99189.0,0.0,INR
5455,5455,2023-10-04 12:47:47,UPI,Paid,TPPAYVT84XRYDNH,13668.0,0.0,INR
5456,5456,2026-08-26 23:41:22,Debit Card,Refunded,TPPAYQ8NZLKAET1,22171.4,22171.4,INR
5457,5457,2026-08-10 00:19:25,Credit Card,Refunded,TPPAYHSURC0M2HS,39553.2,39553.2,INR
5458,5458,2026-07-07 10:59:35,UPI,Paid,TPPAYAVER3EL4ZT,34611.0,0.0,INR
5459,5459,2026-07-01 11:28:01,UPI,Paid,TPPAYTENT968EUO,41466.6,0.0,INR
5460,5460,2026-07-31 00:02:13,Debit Card,Paid,TPPAYL37CGB89D6,67836.0,0.0,INR
5461,5461,2026-08-07 09:24:31,Credit Card,Paid,TPPAYA7KHTUMWIR,26511.0,0.0,INR
5462,5462,2024-02-11 14:17:04,Wallet,Paid,TPPAYGOWJFM5TXB,48460.0,0.0,INR
5463,5463,2026-03-23 03:42:38,UPI,Paid,TPPAY8UKA5JJ74I,116151.0,0.0,INR
5464,5464,2026-07-05 11:29:08,Wallet,Paid,TPPAYOSVYN5CCGL,155924.0,0.0,INR
5465,5465,2026-08-09 13:59:55,UPI,Paid,TPPAYSXN6JERHX1,16824.0,0.0,INR
5466,5466,2026-07-06 10:37:12,Credit Card,Paid,TPPAY8MBAOX5RLK,11117.0,0.0,INR
5467,5467,2026-07-05 20:17:24,UPI,Pending,TPPAYQTP7D8SJM9,0.0,0.0,INR
5468,5468,2025-09-10 22:21:24,UPI,Paid,TPPAYKCKRU47AEA,101900.7,0.0,INR
5469,5469,2024-08-20 19:54:50,Credit Card,Paid,TPPAY1XYTK9ZZW2,60886.0,0.0,INR
5470,5470,2026-01-26 08:51:03,Wallet,Paid,TPPAYLG3K1HUKCR,12424.0,0.0,INR
5471,5471,2026-06-12 02:58:38,UPI,Refunded,TPPAYPSLIUU9EJQ,87894.0,87894.0,INR
5472,5472,2026-07-12 00:35:11,UPI,Paid,TPPAYA80DC3NE6N,90511.25,0.0,INR
5473,5473,2023-10-22 09:53:04,UPI,Paid,TPPAYHYV47V7DKO,24924.0,0.0,INR
5474,5474,2026-06-20 12:41:56,Net Banking,Paid,TPPAYFYY0CHY831,14370.1,0.0,INR
5475,5475,2026-09-05 08:11:03,UPI,Paid,TPPAYOSLN19CDBB,25422.0,0.0,INR
5476,5476,2023-12-27 16:22:28,UPI,Paid,TPPAYFFXWQKI6MD,81310.0,0.0,INR
5477,5477,2026-06-17 11:51:19,UPI,Paid,TPPAY7NGP1PHOIP,97965.0,0.0,INR
5478,5478,2025-04-23 10:55:03,UPI,Paid,TPPAYV95TUCKC8Y,129798.4,0.0,INR
5479,5479,2024-07-15 12:44:02,UPI,Paid,TPPAY3D7T97AWNT,131758.5,0.0,INR
5480,5480,2026-08-26 05:12:56,Credit Card,Paid,TPPAYTR5O4CSGCN,84027.6,0.0,INR
5481,5481,2026-06-15 11:12:36,Credit Card,Paid,TPPAYPXUEHSLHYU,91698.0,0.0,INR
5482,5482,2026-08-13 08:31:19,Net Banking,Paid,TPPAYOP3KV2KE5J,122796.0,0.0,INR
5483,5483,2026-04-03 15:13:38,Credit Card,Paid,TPPAYBPMULW3FMN,152812.0,0.0,INR
5484,5484,2026-01-07 11:00:51,Debit Card,Paid,TPPAY4T0UB8QZ38,29636.0,0.0,INR
5485,5485,2026-08-06 14:53:27,Credit Card,Pending,TPPAY7TE0LAED8N,0.0,0.0,INR
5486,5486,2025-06-26 06:10:50,Debit Card,Paid,TPPAYW0Y6KADWM7,19663.1,0.0,INR
5487,5487,2025-07-21 02:30:24,Net Banking,Paid,TPPAYPZFBIZI3WW,143415.8,0.0,INR
5488,5488,2026-08-17 15:22:59,Net Banking,Paid,TPPAYIT809O9SIK,57165.0,0.0,INR
5489,5489,2026-08-24 08:14:16,Credit Card,Pending,TPPAYW40CC094QA,0.0,0.0,INR
5490,5490,2026-07-03 04:17:35,Credit Card,Paid,TPPAYABWGBW3D0N,47412.0,0.0,INR
5491,5491,2023-11-28 06:31:23,UPI,Refunded,TPPAYXIXABA15IK,41518.8,41518.8,INR
5492,5492,2026-07-21 13:28:26,Credit Card,Paid,TPPAYS3FGMG3FMR,7250.4,0.0,INR
5493,5493,2025-05-11 06:30:42,Debit Card,Paid,TPPAYUVP20GLE96,66916.0,0.0,INR
5494,5494,2026-08-01 10:46:55,UPI,Paid,TPPAYQQXFLX794B,88695.8,0.0,INR
5495,5495,2023-12-10 09:50:59,Net Banking,Paid,TPPAY8IQKJZVSVI,79764.0,0.0,INR
5496,5496,2025-04-07 01:47:28,Credit Card,Paid,TPPAY5Z03XN6LN2,91698.0,0.0,INR
5497,5497,2026-08-10 05:50:10,Debit Card,Paid,TPPAY5YDABFJ03D,40555.0,0.0,INR
5498,5498,2026-07-01 12:08:08,UPI,Paid,TPPAY8PAGHUEJHQ,38862.0,0.0,INR
5499,5499,2026-06-24 10:54:01,Net Banking,Paid,TPPAYR002U04ZDF,155530.0,0.0,INR
5500,5500,2026-06-25 16:19:22,UPI,Paid,TPPAY1TNPBKI443,69754.5,0.0,INR
5501,5501,2026-06-23 01:35:19,Net Banking,Paid,TPPAYO08RGRKYZY,48590.25,0.0,INR
5502,5502,2025-01-25 08:32:40,Credit Card,Paid,TPPAY2WX0LYX3R6,129175.0,0.0,INR
5503,5503,2025-02-21 03:11:11,Debit Card,Paid,TPPAY0NYNVKWZVA,93364.0,0.0,INR
5504,5504,2026-08-06 12:18:06,Debit Card,Refunded,TPPAY3K4CBCI6OH,86808.0,86808.0,INR
5505,5505,2026-07-05 20:42:43,Credit Card,Paid,TPPAYSI3FA8S307,38915.2,0.0,INR
5506,5506,2026-07-30 18:28:41,Net Banking,Paid,TPPAY4EW97ODBX1,87244.0,0.0,INR
5507,5507,2026-08-17 00:47:32,Net Banking,Paid,TPPAYLKCWQG0SKL,18944.0,0.0,INR
5508,5508,2024-03-20 16:14:55,UPI,Paid,TPPAY7EVX67B544,121044.0,0.0,INR
5509,5509,2026-09-04 15:04:36,Credit Card,Paid,TPPAYYQVDSF3XJH,29834.1,0.0,INR
5510,5510,2026-07-15 13:16:36,Credit Card,Paid,TPPAYTHCQRAUO1B,49157.75,0.0,INR
5511,5511,2026-07-01 00:31:48,Net Banking,Paid,TPPAYTJN0SAD508,25752.6,0.0,INR
5512,5512,2026-09-05 05:04:38,UPI,Paid,TPPAY6G246LHX6C,24802.4,0.0,INR
5513,5513,2026-03-02 06:47:25,Debit Card,Paid,TPPAYNL9P5WWE1T,38156.75,0.0,INR
5514,5514,2024-11-08 22:19:47,UPI,Paid,TPPAYWY44FA7KZI,36180.0,0.0,INR
5515,5515,2026-07-14 10:08:35,UPI,Paid,TPPAY2R8012NFK1,22378.0,0.0,INR
5516,5516,2026-07-02 08:16:52,Credit Card,Pending,TPPAYS7D6RDEVTJ,0.0,0.0,INR
5517,5517,2026-06-25 14:20:23,Wallet,Refunded,TPPAYAHPFAX1U12,49230.0,49230.0,INR
5518,5518,2026-08-28 22:27:18,UPI,Paid,TPPAY4LL1GCIWL1,40144.0,0.0,INR
5519,5519,2025-01-18 04:50:11,UPI,Paid,TPPAYRFMQ8P4K24,18429.7,0.0,INR
5520,5520,2026-07-02 05:01:12,Net Banking,Paid,TPPAYA4YHFVVA9T,30556.8,0.0,INR
5521,5521,2026-06-17 05:56:05,UPI,Pending,TPPAYEMMTW1E0YG,0.0,0.0,INR
5522,5522,2023-12-14 16:17:11,Wallet,Refunded,TPPAYDJV8MIVV5O,15906.6,15906.6,INR
5523,5523,2026-09-07 00:03:58,Debit Card,Paid,TPPAYVKSJDH4LRJ,28247.2,0.0,INR
5524,5524,2026-07-05 21:55:16,Credit Card,Paid,TPPAYHZXRCY7AUJ,38768.0,0.0,INR
5525,5525,2026-06-15 12:21:46,UPI,Paid,TPPAYPXBR2Z6EWN,12415.55,0.0,INR
5526,5526,2026-08-18 11:34:33,Debit Card,Paid,TPPAYWPWAU89HFS,7484.0,0.0,INR
5527,5527,2026-08-07 15:59:30,UPI,Paid,TPPAY3LTK1X8E2N,84091.5,0.0,INR
5528,5528,2024-07-01 23:17:22,Credit Card,Paid,TPPAYW8Z1Z7FXKX,12042.0,0.0,INR
5529,5529,2026-06-25 07:51:48,UPI,Paid,TPPAYHWAX1MOGRJ,49793.0,0.0,INR
5530,5530,2026-06-14 23:59:05,Debit Card,Paid,TPPAYF38GZQPA30,81124.0,0.0,INR
5531,5531,2024-04-15 20:36:25,UPI,Paid,TPPAY2NFD68A3P1,66298.0,0.0,INR
5532,5532,2026-06-09 14:12:49,Net Banking,Paid,TPPAYTJL72RRA7Q,39034.0,0.0,INR
5533,5533,2026-07-07 23:18:18,UPI,Paid,TPPAYDIAAFASZ73,130212.0,0.0,INR
5534,5534,2026-08-03 13:32:49,UPI,Pending,TPPAY03YKDMLS1K,0.0,0.0,INR
5535,5535,2026-07-04 15:34:08,UPI,Paid,TPPAYDSISF0NQX3,99060.3,0.0,INR
5536,5536,2026-07-19 08:58:25,Debit Card,Paid,TPPAYF6LGRR6TRX,63570.2,0.0,INR
5537,5537,2024-01-31 00:54:30,Debit Card,Paid,TPPAYATGQM3ORX1,68421.6,0.0,INR
5538,5538,2025-06-16 02:27:02,Credit Card,Paid,TPPAY7INVNOIAZZ,99189.0,0.0,INR
5539,5539,2024-05-25 01:44:03,UPI,Paid,TPPAYMM4JBVZVUJ,118300.0,0.0,INR
5540,5540,2026-09-02 22:20:45,Debit Card,Pending,TPPAYY959OH5KL2,0.0,0.0,INR
5541,5541,2026-03-16 14:34:24,Net Banking,Paid,TPPAY076B0HE3DG,24099.0,0.0,INR
5542,5542,2026-06-25 00:51:15,UPI,Paid,TPPAYAT75U68RDE,23392.0,0.0,INR
5543,5543,2026-07-19 09:01:05,Wallet,Paid,TPPAYVS23L2ZPAX,25668.0,0.0,INR
5544,5544,2026-08-22 22:58:41,Credit Card,Paid,TPPAY5KPXG88TXA,22021.8,0.0,INR
5545,5545,2026-04-21 16:03:46,Credit Card,Paid,TPPAYYUZJ2RTNIZ,33450.0,0.0,INR
5546,5546,2026-06-17 22:33:19,Wallet,Paid,TPPAY60HYG8YI28,58030.0,0.0,INR
5547,5547,2025-02-10 08:27:55,Debit Card,Paid,TPPAY3BHAPOD1H3,35148.0,0.0,INR
5548,5548,2026-06-11 17:58:27,Credit Card,Paid,TPPAY0W4DERTA7I,35158.4,0.0,INR
5549,5549,2026-06-30 18:32:16,UPI,Paid,TPPAYJWHWRS0WUQ,44520.8,0.0,INR
5550,5550,2024-10-12 05:37:37,Credit Card,Paid,TPPAY6QBLYQQ3UW,10336.85,0.0,INR
5551,5551,2026-02-24 20:39:34,UPI,Paid,TPPAYVWU32ZZG15,34176.0,0.0,INR
5552,5552,2026-07-28 21:22:35,UPI,Paid,TPPAYS5B3BSOSM7,28447.2,0.0,INR
5553,5553,2026-07-24 18:27:41,Net Banking,Paid,TPPAY4HPF9XDY0V,93006.0,0.0,INR
5554,5554,2025-12-14 03:24:23,Credit Card,Paid,TPPAYE1BQ31PDHZ,129890.2,0.0,INR
5555,5555,2025-10-09 15:46:23,UPI,Paid,TPPAYC2GYYJNUC8,72950.5,0.0,INR
5556,5556,2025-09-04 15:54:26,UPI,Refunded,TPPAYOGMBALBETE,8672.8,8672.8,INR
5557,5557,2026-06-18 08:07:07,UPI,Paid,TPPAYZLU7E8XF09,97660.0,0.0,INR
5558,5558,2026-07-07 19:01:19,Debit Card,Refunded,TPPAY088PVFTP8K,29679.0,29679.0,INR
5559,5559,2026-04-26 09:11:43,UPI,Paid,TPPAYXWHV1J9B0H,24322.0,0.0,INR
5560,5560,2026-08-31 03:46:21,Net Banking,Paid,TPPAYIH5Z2W861X,80496.0,0.0,INR
5561,5561,2026-07-25 00:42:49,Credit Card,Paid,TPPAYLHWTG8G6LC,103828.0,0.0,INR
5562,5562,2026-06-23 19:57:06,Credit Card,Paid,TPPAYQX5LDFVZX5,80751.9,0.0,INR
5563,5563,2026-01-09 05:36:27,UPI,Paid,TPPAYYK1Q3BBRSG,16060.7,0.0,INR
5564,5564,2023-11-26 22:14:13,Credit Card,Paid,TPPAYLFBD1ZD1UT,15903.5,0.0,INR
5565,5565,2026-07-13 19:23:42,UPI,Paid,TPPAYXLLF0HVGF5,24924.0,0.0,INR
5566,5566,2024-08-08 02:02:27,UPI,Paid,TPPAYJKHXQD1CJI,39572.0,0.0,INR
5567,5567,2026-08-07 17:21:43,Credit Card,Paid,TPPAYVA14T334UT,38280.0,0.0,INR
5568,5568,2026-06-23 06:36:05,Debit Card,Paid,TPPAYBNAEBPUJ7A,10298.95,0.0,INR
5569,5569,2026-08-18 17:14:41,UPI,Paid,TPPAYEOD5EPFC02,90828.0,0.0,INR
5570,5570,2026-08-19 08:15:34,Debit Card,Paid,TPPAY1KYPEJ8F9Q,60552.0,0.0,INR
5571,5571,2026-02-10 02:41:24,Debit Card,Paid,TPPAYWEMSV3UY48,92777.0,0.0,INR
5572,5572,2026-07-23 11:37:57,UPI,Paid,TPPAYWERFJ2X4AQ,73210.0,0.0,INR
5573,5573,2026-09-01 19:43:56,UPI,Pending,TPPAY4M7SLCD5HG,0.0,0.0,INR
5574,5574,2026-04-07 15:16:53,UPI,Paid,TPPAYWJAG96F08U,99189.0,0.0,INR
5575,5575,2026-08-21 16:30:31,UPI,Pending,TPPAYI99YLZJR3N,0.0,0.0,INR
5576,5576,2026-06-26 14:24:08,Credit Card,Paid,TPPAYP8NXLG6BLI,100870.0,0.0,INR
5577,5577,2025-06-05 01:50:41,Debit Card,Paid,TPPAYOM2OUQKWM3,21534.0,0.0,INR
5578,5578,2026-06-27 06:57:18,UPI,Paid,TPPAY4R5ZPR9M0Z,87244.0,0.0,INR
5579,5579,2026-07-19 11:19:30,Credit Card,Pending,TPPAYKN03MFY9XP,0.0,0.0,INR
5580,5580,2025-12-13 22:30:17,Net Banking,Paid,TPPAYKIQNKBCX3B,81124.0,0.0,INR
5581,5581,2024-05-05 11:28:45,UPI,Paid,TPPAYWPGVBMESX9,94640.0,0.0,INR
5582,5582,2026-07-15 05:05:07,Debit Card,Pending,TPPAYO05ZCJZS4R,0.0,0.0,INR
5583,5583,2026-06-27 15:07:37,UPI,Paid,TPPAY5EZP2OY71F,12905.0,0.0,INR
5584,5584,2024-09-01 11:06:39,UPI,Paid,TPPAY9D9JOOD4K6,51914.0,0.0,INR
5585,5585,2026-08-13 10:31:48,Debit Card,Refunded,TPPAYW5LHEJ1LA0,121965.0,121965.0,INR
5586,5586,2026-07-21 18:19:40,Debit Card,Pending,TPPAYX9MA7LDBVI,0.0,0.0,INR
5587,5587,2026-08-14 19:29:08,UPI,Paid,TPPAYAY2KNAP9FG,51620.0,0.0,INR
5588,5588,2025-08-12 04:15:37,Debit Card,Paid,TPPAYC7A58A34MT,21259.1,0.0,INR
5589,5589,2024-06-15 12:13:24,UPI,Paid,TPPAYL4VIOCOAH4,31060.0,0.0,INR
5590,5590,2024-06-03 20:41:12,Credit Card,Refunded,TPPAY796N0RU0JR,57165.0,57165.0,INR
5591,5591,2026-08-05 06:45:53,UPI,Paid,TPPAYU8A7E5ILAI,155530.0,0.0,INR
5592,5592,2026-08-12 13:41:42,Wallet,Paid,TPPAYHQ3W0KWNU8,29089.8,0.0,INR
5593,5593,2026-08-21 17:42:06,Debit Card,Pending,TPPAY8OETGA7BV7,0.0,0.0,INR
5594,5594,2025-03-26 17:29:18,UPI,Paid,TPPAYTI9WHP5NVR,12202.6,0.0,INR
5595,5595,2026-04-10 15:23:01,UPI,Paid,TPPAYGY2BPFL9LP,26511.0,0.0,INR
5596,5596,2026-07-30 06:16:51,Wallet,Paid,TPPAYYSA1ISHNTD,146420.0,0.0,INR
5597,5597,2024-09-29 18:48:10,Debit Card,Paid,TPPAY982OMAUG7T,60886.0,0.0,INR
5598,5598,2024-11-09 00:06:59,Net Banking,Paid,TPPAY8NATYH4B4A,60886.0,0.0,INR
5599,5599,2024-05-16 23:18:22,Debit Card,Paid,TPPAYA3OA1K1X31,33232.0,0.0,INR
5600,5600,2026-07-23 12:13:43,Debit Card,Paid,TPPAY3GMZQ5HFUH,46864.0,0.0,INR
5601,5601,2025-02-21 20:40:37,Credit Card,Refunded,TPPAY24IZJ5BHLX,35587.8,35587.8,INR
5602,5602,2026-06-20 15:49:16,UPI,Paid,TPPAY0RJV5TJMNK,29679.0,0.0,INR
5603,5603,2026-06-27 08:29:14,Debit Card,Paid,TPPAYJ3S941MY5A,33812.0,0.0,INR
5604,5604,2024-01-06 10:18:18,UPI,Paid,TPPAY2KAF1IU3GB,130212.0,0.0,INR
5605,5605,2026-06-14 22:37:56,Net Banking,Paid,TPPAYTZ6AD1VGK4,69420.0,0.0,INR
5606,5606,2026-08-11 19:52:11,Credit Card,Paid,TPPAYK7B5LD6QQC,12415.55,0.0,INR
5607,5607,2026-07-11 14:50:06,Credit Card,Pending,TPPAY2M6UYKI3Z1,0.0,0.0,INR
5608,5608,2026-07-17 15:11:57,UPI,Paid,TPPAYZMLIZYFXBJ,45837.5,0.0,INR
5609,5609,2026-06-16 13:17:30,Net Banking,Paid,TPPAYINV9ZH3W6Z,82887.3,0.0,INR
5610,5610,2024-08-11 08:06:00,UPI,Paid,TPPAYN7UT1YSXM8,19517.0,0.0,INR
5611,5611,2026-08-14 00:31:20,Wallet,Paid,TPPAY3I42LY1QH6,66126.0,0.0,INR
5612,5612,2026-08-29 02:26:56,UPI,Paid,TPPAY5Z51CUY5DU,44468.0,0.0,INR
5613,5613,2024-09-02 05:51:17,Credit Card,Paid,TPPAY124C5L3T13,49284.0,0.0,INR
5614,5614,2025-05-26 18:31:44,Debit Card,Paid,TPPAY9AXV2D2C6L,34473.6,0.0,INR
5615,5615,2023-11-03 04:32:42,UPI,Paid,TPPAYN5QX8UKK6R,33149.0,0.0,INR
5616,5616,2026-09-02 07:08:37,UPI,Paid,TPPAYGGNIY9MA0Y,12722.4,0.0,INR
5617,5617,2026-07-02 15:26:08,Credit Card,Paid,TPPAYZ6ZKI85TTE,34140.25,0.0,INR
5618,5618,2024-07-12 02:56:10,UPI,Paid,TPPAYOY4ZMLQVH8,64770.0,0.0,INR
5619,5619,2024-03-06 22:59:38,Net Banking,Paid,TPPAY1NP1EQGT8H,22534.35,0.0,INR
5620,5620,2026-02-23 22:47:38,Net Banking,Paid,TPPAY98649DV1EZ,71620.0,0.0,INR
5621,5621,2026-08-26 14:22:48,UPI,Paid,TPPAYFD8JSBIQLW,35114.85,0.0,INR
5622,5622,2026-07-19 12:24:22,UPI,Paid,TPPAYDDCY0USSGZ,65433.0,0.0,INR
5623,5623,2026-08-20 21:08:08,UPI,Paid,TPPAY4VR0YLT3X1,28416.0,0.0,INR
5624,5624,2025-04-05 10:36:52,UPI,Paid,TPPAYAWQ6U8FCIW,74748.0,0.0,INR
5625,5625,2025-06-14 20:08:24,UPI,Paid,TPPAY6BGNKOEO9T,31047.0,0.0,INR
5626,5626,2026-09-06 14:01:55,Credit Card,Paid,TPPAYRHUQLOU58B,86440.5,0.0,INR
5627,5627,2025-04-19 04:29:44,UPI,Paid,TPPAYTAXO3PVPGE,124584.0,0.0,INR
5628,5628,2026-07-31 08:45:06,UPI,Paid,TPPAYEEHHV3SJQP,69516.0,0.0,INR
5629,5629,2026-09-02 11:18:08,Net Banking,Paid,TPPAYF3656IH1ZB,58580.0,0.0,INR
5630,5630,2026-07-23 06:46:18,Credit Card,Paid,TPPAY42J93W8TJ0,114609.0,0.0,INR
5631,5631,2025-10-10 19:16:56,Wallet,Paid,TPPAYIX85WJE193,107681.4,0.0,INR
5632,5632,2026-06-17 19:20:17,Debit Card,Paid,TPPAYC011LLY4HX,19517.0,0.0,INR
5633,5633,2026-07-29 06:22:48,UPI,Refunded,TPPAYC2C1QZTB0D,62478.0,62478.0,INR
5634,5634,2026-07-28 13:14:35,Credit Card,Paid,TPPAYK0VUCRCTTY,70023.0,0.0,INR
5635,5635,2024-10-07 23:05:22,UPI,Paid,TPPAY3B6IHQB4XT,23074.0,0.0,INR
5636,5636,2026-08-09 03:24:52,Debit Card,Paid,TPPAYZ9KT6P4R0I,80696.0,0.0,INR
5637,5637,2026-08-25 22:09:54,UPI,Paid,TPPAYDWH2BECU8Z,29830.95,0.0,INR
5638,5638,2026-06-23 14:20:09,UPI,Paid,TPPAY4T9KY4ZSBU,31965.6,0.0,INR
5639,5639,2025-07-06 22:10:24,Credit Card,Paid,TPPAYSEK9Y4U86D,55513.5,0.0,INR
5640,5640,2024-10-17 11:07:02,Credit Card,Paid,TPPAYALN08ZE5TT,26138.0,0.0,INR
5641,5641,2024-09-20 21:49:56,Debit Card,Paid,TPPAYNSVX029ZI1,33648.0,0.0,INR
5642,5642,2024-02-04 23:02:11,UPI,Paid,TPPAY4VZY2USZVA,21534.0,0.0,INR
5643,5643,2026-08-31 10:08:25,Credit Card,Pending,TPPAYVXSLF3E7LD,0.0,0.0,INR
5644,5644,2026-08-16 07:12:28,UPI,Paid,TPPAY3FWLGHTW4C,18219.1,0.0,INR
5645,5645,2026-06-13 18:03:38,Debit Card,Paid,TPPAYP51L6LQNHD,60258.0,0.0,INR
5646,5646,2026-09-08 07:12:40,UPI,Pending,TPPAY14ZSGSOLLC,0.0,0.0,INR
5647,5647,2026-07-21 07:39:40,Debit Card,Paid,TPPAYRVORN56HUJ,39553.2,0.0,INR
5648,5648,2026-08-02 04:48:23,UPI,Paid,TPPAYKS2AAWAWPO,39774.6,0.0,INR
5649,5649,2026-08-12 10:59:02,Credit Card,Paid,TPPAYNBEM9S5O4X,87244.0,0.0,INR
5650,5650,2026-06-20 07:11:04,Credit Card,Paid,TPPAYNXJ1BW861X,49465.0,0.0,INR
5651,5651,2024-10-09 02:07:55,Credit Card,Paid,TPPAYKJ36Z6MT88,28648.0,0.0,INR
5652,5652,2026-08-07 11:13:59,UPI,Paid,TPPAYWL2DVTBQ9J,32961.0,0.0,INR
5653,5653,2026-07-08 16:44:43,Credit Card,Paid,TPPAYW6NDJS8CCV,30430.8,0.0,INR
5654,5654,2024-08-06 07:10:26,UPI,Paid,TPPAY7CN4HJGEGL,38786.4,0.0,INR
5655,5655,2026-02-27 23:42:20,UPI,Paid,TPPAYGHQIBZPTKD,12905.0,0.0,INR
5656,5656,2026-07-28 15:37:35,UPI,Paid,TPPAYC9J83FCH8D,15215.4,0.0,INR
5657,5657,2026-07-22 17:33:00,Net Banking,Paid,TPPAYJFV4W1Z2W4,128912.7,0.0,INR
5658,5658,2024-09-30 08:07:29,Debit Card,Paid,TPPAY21F0YIXQNF,103340.0,0.0,INR
5659,5659,2025-01-08 17:15:16,Debit Card,Paid,TPPAYSK8B9MUGMX,99705.0,0.0,INR
5660,5660,2025-06-09 10:38:30,Net Banking,Paid,TPPAYOIBMJV5Z57,34170.0,0.0,INR
5661,5661,2026-09-09 13:57:20,Net Banking,Paid,TPPAYQRCMMNMSTY,50472.0,0.0,INR
5662,5662,2026-08-13 02:41:34,UPI,Paid,TPPAYU1UIKWGMVB,155924.0,0.0,INR
5663,5663,2026-08-03 16:22:22,Net Banking,Paid,TPPAY1ICIRDOENS,108850.0,0.0,INR
5664,5664,2026-07-06 06:44:52,UPI,Paid,TPPAYAH0SVDX0J0,44292.0,0.0,INR
5665,5665,2025-09-04 21:28:30,Credit Card,Paid,TPPAY9A6ACVFERX,36252.0,0.0,INR
5666,5666,2026-09-09 15:40:22,Debit Card,Paid,TPPAYQZGCINELP3,78519.6,0.0,INR
5667,5667,2026-08-02 03:52:07,Credit Card,Pending,TPPAY7ZQHEK4AEW,0.0,0.0,INR
5668,5668,2024-09-13 01:29:29,UPI,Paid,TPPAYUT4IYRHY3M,16790.3,0.0,INR
5669,5669,2026-06-12 06:16:16,Debit Card,Paid,TPPAY9N5NM7I3OL,38768.0,0.0,INR
5670,5670,2026-06-19 15:54:58,Credit Card,Paid,TPPAY27OJTHV5RU,77505.0,0.0,INR
5671,5671,2026-09-06 12:22:29,UPI,Paid,TPPAY3C3H0XG81G,115700.0,0.0,INR
5672,5672,2026-07-03 16:56:57,UPI,Paid,TPPAY4Q4V8WK50E,34176.0,0.0,INR
5673,5673,2024-01-20 20:11:05,Debit Card,Paid,TPPAY3I9ETF5ZNJ,19917.2,0.0,INR
5674,5674,2024-12-01 06:22:59,Debit Card,Paid,TPPAYPAH3ULUR0Q,57165.0,0.0,INR
5675,5675,2026-06-09 23:07:56,Credit Card,Paid,TPPAYK9HAL54B4O,23074.0,0.0,INR
5676,5676,2025-05-02 19:44:15,Net Banking,Paid,TPPAY2NMP4JH9NV,32961.0,0.0,INR
5677,5677,2025-03-26 18:20:36,Credit Card,Paid,TPPAYDLC3FYZJDB,36550.0,0.0,INR
5678,5678,2026-06-21 06:20:37,Debit Card,Paid,TPPAYZGF84I6E4T,39207.0,0.0,INR
5679,5679,2026-09-01 02:50:00,UPI,Paid,TPPAYVFBDZ1OLSC,148127.8,0.0,INR
5680,5680,2024-06-25 23:43:13,UPI,Paid,TPPAYRYZFXKWF6Z,80983.75,0.0,INR
5681,5681,2026-04-21 06:24:11,Debit Card,Paid,TPPAYB54XA2QWMU,80696.0,0.0,INR
5682,5682,2026-08-03 06:06:01,UPI,Paid,TPPAYVM30GTIG42,20451.0,0.0,INR
5683,5683,2024-11-03 14:57:22,Net Banking,Paid,TPPAYKHCWV4DKEN,23432.0,0.0,INR
5684,5684,2026-08-10 16:46:21,Debit Card,Paid,TPPAYXWH737ZU4A,67273.2,0.0,INR
5685,5685,2026-06-22 05:43:53,UPI,Paid,TPPAYE5YS31N87Q,41750.6,0.0,INR
5686,5686,2025-08-28 16:17:53,UPI,Paid,TPPAY3T64P9QYAM,65433.0,0.0,INR
5687,5687,2026-08-20 11:37:56,Credit Card,Pending,TPPAYGW74Q258NC,0.0,0.0,INR
5688,5688,2026-07-27 15:18:27,UPI,Paid,TPPAY5S5CM4Z97Z,8837.0,0.0,INR
5689,5689,2026-03-29 05:18:13,Credit Card,Refunded,TPPAYMKE4BLZ9E3,25908.0,25908.0,INR
5690,5690,2024-01-03 01:09:20,Debit Card,Paid,TPPAYCB4LOFB38M,54232.2,0.0,INR
5691,5691,2024-07-29 10:54:36,UPI,Paid,TPPAYSTR2MCG04Z,38768.0,0.0,INR
5692,5692,2026-07-04 19:03:14,Debit Card,Paid,TPPAYNQLJQDK94Y,162248.0,0.0,INR
5693,5693,2026-06-10 06:36:44,Credit Card,Paid,TPPAYXIIMEHQR2P,70980.0,0.0,INR
5694,5694,2026-07-23 01:35:26,UPI,Pending,TPPAYTTWW6WFNRS,0.0,0.0,INR
5695,5695,2025-08-20 15:23:07,Debit Card,Refunded,TPPAYJ8GLPTCUVF,66126.0,66126.0,INR
5696,5696,2026-06-19 13:25:31,Net Banking,Paid,TPPAYBVP4UWQBHZ,146420.0,0.0,INR
5697,5697,2024-10-09 10:09:17,Net Banking,Paid,TPPAYF8A7HVLLEL,54205.0,0.0,INR
5698,5698,2024-04-14 21:10:28,Credit Card,Refunded,TPPAYAE9E136IWV,13380.0,13380.0,INR
5699,5699,2026-08-22 03:53:37,UPI,Paid,TPPAYSJ3FON6LHV,36483.0,0.0,INR
5700,5700,2025-05-05 08:26:15,UPI,Paid,TPPAYE4XFUSQJ4Q,24470.1,0.0,INR
5701,5701,2026-08-22 23:33:28,Credit Card,Paid,TPPAYQ30I1F2G9T,100430.0,0.0,INR
5702,5702,2025-03-03 02:00:49,Wallet,Paid,TPPAYW838GE6MO1,47858.4,0.0,INR
5703,5703,2026-08-12 09:59:36,Credit Card,Paid,TPPAY01X47ZE5MS,26511.0,0.0,INR
5704,5704,2026-05-10 18:30:26,Wallet,Paid,TPPAYLCDULE0CK5,33809.0,0.0,INR
5705,5705,2026-06-22 15:14:54,Credit Card,Paid,TPPAYAZHXDPYBAU,45180.0,0.0,INR
5706,5706,2026-08-22 13:25:55,Net Banking,Paid,TPPAYTI4BSVTREP,24848.0,0.0,INR
5707,5707,2026-08-05 02:43:48,UPI,Paid,TPPAYCE3XF2S8HC,64728.0,0.0,INR
5708,5708,2026-09-05 18:06:18,UPI,Paid,TPPAY1QW568EFY6,118300.0,0.0,INR
5709,5709,2024-03-27 09:21:42,UPI,Paid,TPPAYI2L25VS9EQ,79764.0,0.0,INR
5710,5710,2024-05-16 11:50:08,UPI,Paid,TPPAYKK1DLLSAOU,18072.0,0.0,INR
5711,5711,2023-12-07 15:54:00,Credit Card,Paid,TPPAYPH81PUA8OL,48250.0,0.0,INR
5712,5712,2026-09-03 08:36:46,Net Banking,Pending,TPPAY7Q0WM36IFA,0.0,0.0,INR
5713,5713,2025-10-01 15:11:01,UPI,Paid,TPPAYP2CHRZ36GC,43948.0,0.0,INR
5714,5714,2026-05-21 17:50:27,UPI,Paid,TPPAYWRFPJM9VJN,26760.0,0.0,INR
5715,5715,2026-08-17 10:49:48,UPI,Paid,TPPAY4J23B7RING,86226.0,0.0,INR
5716,5716,2024-08-10 14:59:55,Debit Card,Paid,TPPAYSEJOJ1L3T1,84120.0,0.0,INR
5717,5717,2026-03-02 04:04:29,Credit Card,Refunded,TPPAYRLRJ8QGESJ,87080.0,87080.0,INR
5718,5718,2025-03-28 01:21:17,Credit Card,Paid,TPPAYWAFQ96EJ2X,79320.3,0.0,INR
5719,5719,2026-07-17 04:09:08,Credit Card,Paid,TPPAYJC51LMDAIP,146420.0,0.0,INR
5720,5720,2026-08-04 22:54:48,Debit Card,Paid,TPPAY74TA4JY2AZ,68591.6,0.0,INR
5721,5721,2026-07-26 14:04:40,UPI,Paid,TPPAYOJ407B1WH5,18636.0,0.0,INR
5722,5722,2026-06-23 19:12:25,Credit Card,Paid,TPPAYX8MXI945BZ,10987.0,0.0,INR
5723,5723,2026-08-09 03:44:54,UPI,Paid,TPPAY6A6VE6CGUI,24091.05,0.0,INR
5724,5724,2026-05-11 15:19:11,Credit Card,Paid,TPPAYM1R1FS1ADO,92560.0,0.0,INR
5725,5725,2026-09-01 13:41:02,UPI,Paid,TPPAYAIAH7MK13S,30716.0,0.0,INR
5726,5726,2023-09-23 07:41:54,UPI,Paid,TPPAYT9RORUNVSD,147753.5,0.0,INR
5727,5727,2026-07-04 01:47:42,UPI,Paid,TPPAYOU2OX1SYZE,25810.0,0.0,INR
5728,5728,2023-10-07 15:29:12,Credit Card,Paid,TPPAYC8POU60QBN,11762.1,0.0,INR
5729,5729,2026-06-11 06:18:00,UPI,Paid,TPPAYDLP2YZNLO5,46424.0,0.0,INR
5730,5730,2026-06-11 18:12:13,Debit Card,Paid,TPPAYTJKGX4NVLJ,70083.9,0.0,INR
5731,5731,2026-07-03 08:26:45,Debit Card,Paid,TPPAYN01NNSO2SR,85941.8,0.0,INR
5732,5732,2026-06-16 13:14:34,Credit Card,Paid,TPPAY2J52C11A1I,35993.6,0.0,INR
5733,5733,2024-02-29 10:04:37,Credit Card,Paid,TPPAYYUAOHAUC0Q,37045.0,0.0,INR
5734,5734,2026-08-02 00:23:55,Credit Card,Refunded,TPPAYUGG9LCM59K,44756.0,44756.0,INR
5735,5735,2024-10-30 08:11:58,Debit Card,Paid,TPPAYUBL3FB7WGO,38356.0,0.0,INR
5736,5736,2026-08-28 11:53:26,Net Banking,Paid,TPPAYV97CUYZDLS,44115.0,0.0,INR
5737,5737,2026-06-28 06:45:17,Debit Card,Paid,TPPAY7YE2IJ7VUV,41396.0,0.0,INR
5738,5738,2026-06-25 15:02:51,UPI,Paid,TPPAYN1FRBP6RND,80696.0,0.0,INR
5739,5739,2026-01-31 05:26:36,Debit Card,Paid,TPPAYRJO9N84L57,103852.0,0.0,INR
5740,5740,2026-08-16 15:28:42,Net Banking,Paid,TPPAYWSUGNEV2CX,60258.0,0.0,INR
5741,5741,2024-04-30 14:04:15,Credit Card,Paid,TPPAYKQPTMW745N,23706.0,0.0,INR
5742,5742,2026-06-23 10:40:20,Debit Card,Paid,TPPAYRSUQ3CO2ZB,69795.2,0.0,INR
5743,5743,2026-09-01 19:02:01,UPI,Paid,TPPAYEPCJ84F50K,12591.9,0.0,INR
5744,5744,2026-07-28 18:03:58,Debit Card,Paid,TPPAYCERI35XU65,96052.6,0.0,INR
5745,5745,2025-04-18 18:44:56,Credit Card,Paid,TPPAYCS0W2KV88J,28648.0,0.0,INR
5746,5746,2024-10-12 01:57:58,UPI,Paid,TPPAYPEQ2D0QQXE,30624.0,0.0,INR
5747,5747,2023-10-08 09:06:36,Credit Card,Paid,TPPAYS9D0H43XFD,36963.0,0.0,INR
5748,5748,2025-12-22 13:31:02,Credit Card,Paid,TPPAYP0574IE69T,43096.0,0.0,INR
5749,5749,2026-08-13 23:47:12,Debit Card,Paid,TPPAYLZA2HCZJKF,89900.0,0.0,INR
5750,5750,2026-07-12 19:21:36,UPI,Pending,TPPAY74AEY0GVZT,0.0,0.0,INR
5751,5751,2024-04-24 20:14:10,UPI,Paid,TPPAYXVMIVCQN77,31807.0,0.0,INR
5752,5752,2024-03-13 19:47:30,Credit Card,Paid,TPPAYGX7RKN5C3M,110869.75,0.0,INR
5753,5753,2026-07-31 17:58:35,Credit Card,Paid,TPPAYT9H3DFJTBU,38862.0,0.0,INR
5754,5754,2024-05-17 22:32:18,Credit Card,Paid,TPPAYHZ7Y6AFO9K,58030.0,0.0,INR
5755,5755,2025-05-25 05:02:25,Credit Card,Paid,TPPAYML94GVVN5Q,27108.0,0.0,INR
5756,5756,2026-06-27 02:22:20,Wallet,Paid,TPPAY2PYLP6MPZF,21259.1,0.0,INR
5757,5757,2026-07-20 20:26:19,UPI,Paid,TPPAYO8JF8DUUZN,16824.0,0.0,INR
5758,5758,2024-06-29 16:07:32,UPI,Paid,TPPAYHIXXLF7FV8,67904.0,0.0,INR
5759,5759,2024-04-06 03:19:47,UPI,Paid,TPPAYG55B12B7CI,138840.0,0.0,INR
5760,5760,2026-01-19 02:17:07,Credit Card,Paid,TPPAYJRLTNJCLRU,100430.0,0.0,INR
5761,5761,2023-10-30 21:59:55,Credit Card,Paid,TPPAYADOWO5QUZR,94640.0,0.0,INR
5762,5762,2025-02-22 16:48:10,Debit Card,Paid,TPPAYYRS8O5WN60,16066.0,0.0,INR
5763,5763,2026-06-11 06:28:44,Wallet,Refunded,TPPAY3309P55UM7,28915.2,28915.2,INR
5764,5764,2025-11-01 20:53:38,UPI,Refunded,TPPAYPDAUPBR6JZ,23074.0,23074.0,INR
5765,5765,2026-08-14 19:17:55,Debit Card,Paid,TPPAYVFIVWC4GBL,119646.0,0.0,INR
5766,5766,2024-03-16 05:58:07,Debit Card,Paid,TPPAY6O4QSH3TDY,37045.0,0.0,INR
5767,5767,2026-08-02 06:58:10,UPI,Paid,TPPAYLZAH0VRCBB,66126.0,0.0,INR
5768,5768,2026-01-04 06:04:50,Net Banking,Paid,TPPAY25ODAOQJTJ,96052.6,0.0,INR
5769,5769,2025-09-08 15:00:02,Debit Card,Refunded,TPPAYLXDJGU20T0,23677.8,23677.8,INR
5770,5770,2025-10-23 09:30:46,UPI,Paid,TPPAYWPXN8HXTT9,19083.6,0.0,INR
5771,5771,2023-10-01 08:37:15,UPI,Paid,TPPAYOGAP35RZD5,85747.5,0.0,INR
5772,5772,2026-08-27 00:40:41,UPI,Paid,TPPAY5O5UP6AD0L,58595.4,0.0,INR
5773,5773,2025-06-21 03:03:16,Net Banking,Refunded,TPPAYE5MPP8WBZS,56061.0,56061.0,INR
5774,5774,2026-07-12 04:01:20,UPI,Pending,TPPAYQV9S61DIWG,0.0,0.0,INR
5775,5775,2026-05-16 07:20:10,UPI,Paid,TPPAY72I7UHAPFN,56061.0,0.0,INR
5776,5776,2026-08-19 04:14:14,Credit Card,Pending,TPPAY2V3K5NV1G5,0.0,0.0,INR
5777,5777,2026-08-21 13:56:49,Net Banking,Paid,TPPAYBGZ73P3JHM,21852.0,0.0,INR
5778,5778,2026-08-19 09:06:05,Credit Card,Paid,TPPAYGPZISZS64C,69493.5,0.0,INR
5779,5779,2026-09-05 20:17:14,Wallet,Paid,TPPAYNWPAUPWAVY,26401.0,0.0,INR
5780,5780,2023-09-28 09:10:34,UPI,Paid,TPPAYK0SZ33L413,32322.0,0.0,INR
5781,5781,2026-07-11 06:50:31,UPI,Paid,TPPAYZZEGZFLT74,20875.3,0.0,INR
5782,5782,2025-12-12 02:53:44,Credit Card,Refunded,TPPAY6A8I34BZDG,116705.0,116705.0,INR
5783,5783,2026-07-04 02:09:48,UPI,Paid,TPPAYG775XXOICS,155924.0,0.0,INR
5784,5784,2026-07-26 05:47:38,Credit Card,Paid,TPPAY3D4N9CYHK6,118300.0,0.0,INR
5785,5785,2025-11-25 04:06:38,UPI,Paid,TPPAY7678TPCU23,60886.0,0.0,INR
5786,5786,2024-07-30 06:21:10,UPI,Paid,TPPAYLMVQGK7AWJ,8395.15,0.0,INR
5787,5787,2026-09-06 18:22:27,Credit Card,Paid,TPPAYHEOBB079H5,31149.9,0.0,INR
5788,5788,2024-08-08 06:34:19,Debit Card,Paid,TPPAYB5TCXVYUT0,51926.0,0.0,INR
5789,5789,2025-03-29 02:19:41,Credit Card,Paid,TPPAYQSY6PQK4I6,69516.0,0.0,INR
5790,5790,2024-09-07 13:19:41,UPI,Paid,TPPAYQXNUXAQ44Q,18710.0,0.0,INR
5791,5791,2023-11-02 09:54:32,Net Banking,Paid,TPPAYDYHEXFST2T,60886.0,0.0,INR
5792,5792,2026-03-26 22:23:37,Debit Card,Refunded,TPPAYVJ8QB643L7,186636.0,186636.0,INR
5793,5793,2026-06-30 13:40:55,UPI,Pending,TPPAY7LABTD5J7Y,0.0,0.0,INR
5794,5794,2026-08-31 21:14:00,Debit Card,Paid,TPPAYZPGWRWVL2S,92097.0,0.0,INR
5795,5795,2026-07-03 02:36:32,Credit Card,Paid,TPPAYMP2FIPNRE5,76220.0,0.0,INR
5796,5796,2025-03-17 15:52:44,Debit Card,Refunded,TPPAYNC7UEQVQB3,74748.0,74748.0,INR
5797,5797,2026-06-29 09:45:50,UPI,Paid,TPPAYE5QRZ5MIYS,35890.0,0.0,INR
5798,5798,2026-08-31 05:03:54,Wallet,Paid,TPPAY7VM0QLYFD1,43096.0,0.0,INR
5799,5799,2026-07-01 20:09:18,UPI,Paid,TPPAY3CIIXDA7QC,51745.0,0.0,INR
5800,5800,2026-06-14 09:32:30,UPI,Pending,TPPAYJ9NQL13A8V,0.0,0.0,INR
5801,5801,2025-08-21 12:21:33,Credit Card,Paid,TPPAYW1A2V86DKE,97417.65,0.0,INR
5802,5802,2026-08-08 16:12:22,UPI,Pending,TPPAYK97OPQB2IP,0.0,0.0,INR
5803,5803,2026-08-23 00:43:46,UPI,Paid,TPPAYGLDX5TQNSG,21974.0,0.0,INR
5804,5804,2025-08-09 12:49:24,Credit Card,Paid,TPPAYJTJORIYYRS,132080.4,0.0,INR
5805,5805,2026-07-24 21:00:09,Debit Card,Paid,TPPAYPT24MIP1SR,186636.0,0.0,INR
5806,5806,2026-09-02 22:30:53,UPI,Paid,TPPAYC25CS6RWZ8,111095.85,0.0,INR
5807,5807,2026-06-13 07:57:01,Debit Card,Paid,TPPAYW7G41ATXYO,53940.0,0.0,INR
5808,5808,2026-07-21 09:47:06,UPI,Paid,TPPAYFQ5IAY4HQ2,92560.0,0.0,INR
5809,5809,2026-07-04 16:03:38,UPI,Pending,TPPAY1MOERRAL9W,0.0,0.0,INR
5810,5810,2026-08-12 00:44:40,UPI,Paid,TPPAYEDVKBZEHXX,81124.0,0.0,INR
5811,5811,2026-07-09 06:08:17,UPI,Paid,TPPAYAZ3U3BHIZ4,65106.0,0.0,INR
5812,5812,2025-05-07 20:38:51,Wallet,Refunded,TPPAY7KVKHGE2C8,116257.5,116257.5,INR
5813,5813,2026-08-27 05:09:17,Debit Card,Paid,TPPAYBQLDS2V198,19692.0,0.0,INR
5814,5814,2024-05-07 07:26:29,Credit Card,Paid,TPPAYI842ZI11YQ,19513.8,0.0,INR
5815,5815,2026-07-09 17:06:22,Debit Card,Paid,TPPAYR6125LOHXJ,54594.0,0.0,INR
5816,5816,2024-08-27 10:03:30,UPI,Paid,TPPAYA5J2LMZPKP,167972.4,0.0,INR
5817,5817,2026-08-01 22:31:58,Wallet,Paid,TPPAYUJ9PFE9UR7,35076.0,0.0,INR
5818,5818,2026-09-04 13:19:14,UPI,Pending,TPPAYM7YXA00OTM,0.0,0.0,INR
5819,5819,2026-08-27 15:14:47,Debit Card,Paid,TPPAYVXHNBQAN5D,19666.8,0.0,INR
5820,5820,2026-08-23 10:51:34,Debit Card,Paid,TPPAY4OT6CCBIZT,19786.0,0.0,INR
5821,5821,2026-08-14 16:41:20,Credit Card,Paid,TPPAYX7R792GJPM,74063.9,0.0,INR
5822,5822,2024-02-22 20:08:54,Debit Card,Paid,TPPAYTI7QK4Z7CY,122796.0,0.0,INR
5823,5823,2025-12-27 14:51:05,Debit Card,Paid,TPPAY7YX6ZHGVWK,22234.0,0.0,INR
5824,5824,2024-11-27 20:42:53,Debit Card,Paid,TPPAYEXJ71YL5EK,27340.8,0.0,INR
5825,5825,2026-09-01 19:49:17,Debit Card,Paid,TPPAY819D2S49GA,32626.8,0.0,INR
5826,5826,2026-07-19 20:54:07,UPI,Pending,TPPAYW8B4Q7Y351,0.0,0.0,INR
5827,5827,2025-06-01 19:13:04,UPI,Paid,TPPAY84GAC6RY3Z,57627.0,0.0,INR
5828,5828,2024-12-18 13:45:19,UPI,Paid,TPPAY1A8GK6P8VE,19384.0,0.0,INR
5829,5829,2026-07-22 23:23:54,UPI,Paid,TPPAYMZS10EXSOR,162248.0,0.0,INR
5830,5830,2026-06-20 13:03:36,UPI,Paid,TPPAYK6RBQP4GFZ,20072.0,0.0,INR
5831,5831,2026-07-02 01:46:07,UPI,Paid,TPPAYUQXT0U9R8R,16616.0,0.0,INR
5832,5832,2024-04-08 10:40:17,Debit Card,Paid,TPPAY5FMOSVHF1C,77962.0,0.0,INR
5833,5833,2026-07-31 06:09:05,UPI,Paid,TPPAYZX47DUCR9Y,146023.2,0.0,INR
5834,5834,2024-08-17 07:34:11,UPI,Paid,TPPAYRSAXV3XUNG,28016.85,0.0,INR
5835,5835,2025-08-30 17:59:01,Debit Card,Paid,TPPAYA0NJD3M1MJ,65286.0,0.0,INR
5836,5836,2026-07-22 06:42:24,Debit Card,Paid,TPPAYRXOPOQFFXS,21038.7,0.0,INR
5837,5837,2026-03-10 17:36:01,UPI,Paid,TPPAYF102GID7QC,58328.1,0.0,INR
5838,5838,2024-09-28 11:05:31,UPI,Paid,TPPAYFRTYBOZJEW,108850.0,0.0,INR
5839,5839,2024-09-25 15:00:00,Credit Card,Paid,TPPAY31Y0PTQHRC,39333.6,0.0,INR
5840,5840,2025-05-19 10:12:14,Debit Card,Paid,TPPAYVTFWCGOCXZ,60660.0,0.0,INR
5841,5841,2026-03-02 17:06:29,UPI,Paid,TPPAYODZS1IJ3NC,87894.0,0.0,INR
5842,5842,2026-07-18 20:17:20,Debit Card,Paid,TPPAYF92XJXC4HM,93318.0,0.0,INR
5843,5843,2025-11-09 16:18:37,UPI,Paid,TPPAYONIOOW9JRL,76220.0,0.0,INR
5844,5844,2024-09-02 12:04:41,Credit Card,Paid,TPPAYCDH897HI1V,79764.0,0.0,INR
5845,5845,2026-07-03 20:07:16,UPI,Paid,TPPAY08YGLHBB1D,39572.0,0.0,INR
5846,5846,2026-07-01 07:23:35,UPI,Paid,TPPAY3BJ1YFJDBV,21852.0,0.0,INR
5847,5847,2026-08-11 23:51:33,Net Banking,Paid,TPPAY7B61HGFYIY,8837.0,0.0,INR
5848,5848,2026-04-24 13:34:16,Debit Card,Paid,TPPAYEYSEOHA5XR,21548.0,0.0,INR
5849,5849,2026-07-08 04:39:05,UPI,Paid,TPPAYBKATV73YY1,132535.4,0.0,INR
5850,5850,2026-07-07 03:35:18,Net Banking,Paid,TPPAYGQ0QSKFEI9,40200.0,0.0,INR
5851,5851,2024-06-07 04:44:27,UPI,Paid,TPPAYZH9JM1XK0J,115700.0,0.0,INR
5852,5852,2024-09-21 23:33:21,Credit Card,Refunded,TPPAY7ST7B7DWUO,95408.5,95408.5,INR
5853,5853,2026-08-14 08:52:12,Debit Card,Paid,TPPAYL7YKX76TDP,16066.0,0.0,INR
5854,5854,2026-06-17 21:59:33,UPI,Paid,TPPAY5JHPJ5VL1P,8453.0,0.0,INR
5855,5855,2025-08-22 02:02:05,Wallet,Paid,TPPAYVET0ICYS4U,49465.0,0.0,INR
5856,5856,2026-06-12 00:05:56,Debit Card,Paid,TPPAYKT0L21FPEP,19384.0,0.0,INR
5857,5857,2026-08-12 22:07:18,Credit Card,Paid,TPPAYH6Z8B00JJT,39384.0,0.0,INR
5858,5858,2025-12-21 00:06:29,Debit Card,Paid,TPPAYLLAUCZXLAV,109055.0,0.0,INR
5859,5859,2026-08-06 10:00:53,UPI,Paid,TPPAYBZ6CHX0KBD,61605.0,0.0,INR
5860,5860,2026-08-13 03:35:51,UPI,Paid,TPPAY9AB5HDJMFN,27291.6,0.0,INR
5861,5861,2026-07-26 18:21:03,UPI,Paid,TPPAY3CCK4ZZT0W,13069.0,0.0,INR
5862,5862,2025-03-16 04:45:10,Debit Card,Paid,TPPAY0PR4QNQV3Q,36829.6,0.0,INR
5863,5863,2025-04-22 00:14:39,UPI,Paid,TPPAYNMYR94R0KB,28728.0,0.0,INR
5864,5864,2026-09-06 16:19:12,UPI,Paid,TPPAYF9JIKSQ994,36963.0,0.0,INR
5865,5865,2023-11-13 19:58:30,Debit Card,Paid,TPPAYHQOB8VDG1S,58030.0,0.0,INR
5866,5866,2026-01-19 14:59:38,Credit Card,Refunded,TPPAYQ3ICGLA4EZ,43096.0,43096.0,INR
5867,5867,2025-02-20 09:35:53,UPI,Paid,TPPAYDTOGGTZ2TZ,22227.0,0.0,INR
5868,5868,2024-07-30 04:18:19,Debit Card,Paid,TPPAY1UVSM67FGD,23013.6,0.0,INR
5869,5869,2026-06-16 04:33:50,UPI,Paid,TPPAYEODN1C2DZP,19730.2,0.0,INR
5870,5870,2023-09-11 21:17:02,Credit Card,Paid,TPPAYQ5ALH5LGBL,113663.7,0.0,INR
5871,5871,2024-04-16 12:10:48,Credit Card,Paid,TPPAY9EDIQ0KZ5P,93318.0,0.0,INR
5872,5872,2026-08-06 15:13:41,UPI,Paid,TPPAYY75WQRUGBY,24060.0,0.0,INR
5873,5873,2025-07-03 16:16:14,Credit Card,Paid,TPPAYNM7DMEVR7S,65949.0,0.0,INR
5874,5874,2026-02-15 06:47:42,UPI,Paid,TPPAY9O5ZC9AP3R,121686.0,0.0,INR
5875,5875,2026-07-02 03:45:43,Debit Card,Pending,TPPAYX7GOX83M0Z,0.0,0.0,INR
5876,5876,2025-01-17 06:16:17,UPI,Paid,TPPAYAIVNRKM8IZ,16616.0,0.0,INR
5877,5877,2024-07-23 21:05:41,UPI,Paid,TPPAY50RVI9WR4Y,35130.6,0.0,INR
5878,5878,2026-07-02 07:56:56,UPI,Paid,TPPAY46OAV3DQ2E,50180.0,0.0,INR
5879,5879,2026-07-25 12:05:42,Debit Card,Pending,TPPAYBTQ1J1O9DE,0.0,0.0,INR
5880,5880,2026-08-22 20:54:12,UPI,Paid,TPPAYXY6IG3GGJF,29908.8,0.0,INR
5881,5881,2026-07-20 23:53:49,Credit Card,Paid,TPPAYVJJLRRDNMW,43096.0,0.0,INR
5882,5882,2026-08-28 07:39:42,UPI,Paid,TPPAYXQNJ9AURQK,32523.0,0.0,INR
5883,5883,2026-09-07 17:20:08,Debit Card,Paid,TPPAYV01PMNWIZV,27215.6,0.0,INR
5884,5884,2025-02-27 19:30:26,Credit Card,Paid,TPPAYOI6AF9TOTF,10298.95,0.0,INR
5885,5885,2026-08-22 12:29:21,Credit Card,Paid,TPPAYUVMV5P4BWA,71620.0,0.0,INR
5886,5886,2026-08-23 23:18:13,Debit Card,Pending,TPPAYE4V7OB24NA,0.0,0.0,INR
5887,5887,2025-02-26 21:18:28,UPI,Paid,TPPAYS4S2HS09NA,11373.0,0.0,INR
5888,5888,2024-02-13 20:06:06,Credit Card,Paid,TPPAY3U22PH8DMV,16906.0,0.0,INR
5889,5889,2026-07-02 17:56:37,UPI,Paid,TPPAYKO06YN4OMJ,15443.0,0.0,INR
5890,5890,2024-01-09 12:26:21,Wallet,Paid,TPPAY8G1R99YSKT,162620.0,0.0,INR
5891,5891,2025-06-06 02:54:40,UPI,Refunded,TPPAYYCUN034GAT,35890.0,35890.0,INR
5892,5892,2026-06-13 04:27:33,Debit Card,Paid,TPPAY146RJST27Y,64728.0,0.0,INR
5893,5893,2026-08-03 08:57:27,Net Banking,Paid,TPPAYROCZVLBR1K,34611.0,0.0,INR
5894,5894,2026-06-11 11:27:23,Debit Card,Paid,TPPAYX4GATTAS2D,24060.0,0.0,INR
5895,5895,2024-04-26 23:59:44,Wallet,Paid,TPPAYERKN6UQDHH,53940.0,0.0,INR
5896,5896,2024-04-30 08:09:09,UPI,Paid,TPPAYECJEG5GCQN,120516.0,0.0,INR
5897,5897,2026-07-14 07:41:18,Credit Card,Paid,TPPAYPP6GNHJWTX,92777.0,0.0,INR
5898,5898,2024-08-22 21:41:22,Debit Card,Paid,TPPAY9DUC0RBROI,87690.0,0.0,INR
5899,5899,2026-05-30 00:43:51,UPI,Paid,TPPAYZ725P5VQK2,69420.0,0.0,INR
5900,5900,2026-08-09 05:17:26,Credit Card,Paid,TPPAYI1SIYI4NGS,55513.5,0.0,INR
5901,5901,2026-05-08 12:31:53,UPI,Paid,TPPAY77R1XSVYTE,51219.3,0.0,INR
5902,5902,2026-06-21 11:07:06,UPI,Paid,TPPAY943941H4GF,73786.8,0.0,INR
5903,5903,2024-06-30 04:57:13,Net Banking,Paid,TPPAYBLUDNJ4H6T,26084.0,0.0,INR
5904,5904,2025-06-27 19:55:53,Debit Card,Paid,TPPAYA8R5AQO8N6,23212.0,0.0,INR
5905,5905,2026-02-10 22:13:42,UPI,Paid,TPPAYL2417JOZR0,22227.0,0.0,INR
5906,5906,2026-06-01 04:50:56,UPI,Paid,TPPAY1D48CH9LPU,40165.0,0.0,INR
5907,5907,2025-11-02 23:19:12,UPI,Paid,TPPAYEQMJVU206J,24125.0,0.0,INR
5908,5908,2023-09-11 05:43:03,Net Banking,Paid,TPPAYUJAU21JMJY,40144.0,0.0,INR
5909,5909,2026-08-05 18:29:23,UPI,Paid,TPPAY8SIRPWPXEI,64508.8,0.0,INR
5910,5910,2024-05-02 16:47:41,Wallet,Paid,TPPAYH00QJLTW07,113336.0,0.0,INR
5911,5911,2026-07-23 03:56:24,UPI,Paid,TPPAYJY5JIOPRIR,35890.0,0.0,INR
5912,5912,2024-09-29 08:44:59,UPI,Paid,TPPAYJWEQJVVDNF,34176.0,0.0,INR
5913,5913,2026-06-15 18:29:43,UPI,Paid,TPPAYJYH6QRBN5C,124457.0,0.0,INR
5914,5914,2024-10-10 05:04:10,Net Banking,Paid,TPPAYHEUVJM9WHN,24099.0,0.0,INR
5915,5915,2025-04-24 21:05:51,Credit Card,Paid,TPPAYJ8VS2BPDKM,102002.4,0.0,INR
5916,5916,2025-08-13 19:45:36,Net Banking,Paid,TPPAY0VV4GJ3UZV,69638.4,0.0,INR
5917,5917,2026-07-25 01:54:37,Credit Card,Paid,TPPAYYS3G44CX5C,69549.5,0.0,INR
5918,5918,2026-07-01 03:13:54,Credit Card,Pending,TPPAYQZZOJQKM2R,0.0,0.0,INR
5919,5919,2025-12-03 02:30:21,Debit Card,Pending,TPPAYGRLJ614FCP,12161.0,0.0,INR
5920,5920,2026-09-04 22:28:37,Debit Card,Paid,TPPAYYP1EYZEHHX,100430.0,0.0,INR
5921,5921,2026-08-06 16:51:05,Credit Card,Paid,TPPAYXPC8AQXTN0,37888.0,0.0,INR
5922,5922,2026-08-05 10:14:33,Credit Card,Paid,TPPAYRROAYCIK5M,57296.0,0.0,INR
5923,5923,2026-08-12 12:35:26,Debit Card,Refunded,TPPAYBHEH5MNFH5,51816.0,51816.0,INR
5924,5924,2025-02-28 05:10:38,Wallet,Paid,TPPAY1MAS30A5BO,52722.0,0.0,INR
5925,5925,2026-08-11 11:09:29,Wallet,Paid,TPPAYA993H26DU4,28648.0,0.0,INR
5926,5926,2024-09-27 10:58:06,Credit Card,Paid,TPPAY8D89LBONP4,28065.0,0.0,INR
5927,5927,2026-08-01 19:12:08,Credit Card,Paid,TPPAYJHAQHEDNQB,93318.0,0.0,INR
5928,5928,2026-03-07 04:35:15,UPI,Paid,TPPAYGK2YNSA3GD,99705.0,0.0,INR
5929,5929,2026-06-10 09:30:14,Credit Card,Paid,TPPAYDANC4QFOKL,116656.2,0.0,INR
5930,5930,2024-05-15 15:40:46,Net Banking,Paid,TPPAYF9SMXI65IK,25855.2,0.0,INR
5931,5931,2026-08-13 19:22:15,Debit Card,Paid,TPPAYEAQGT1RQIF,35549.0,0.0,INR
5932,5932,2025-01-09 14:25:32,UPI,Paid,TPPAY0OTQXBF3I7,56831.85,0.0,INR
5933,5933,2025-10-31 12:42:59,UPI,Paid,TPPAYFQ9PNHGT3F,60258.0,0.0,INR
5934,5934,2026-07-20 17:51:24,UPI,Pending,TPPAYLVSOYRXRNH,0.0,0.0,INR
5935,5935,2026-07-28 10:27:19,Debit Card,Paid,TPPAY0ABH4TWQ69,54205.0,0.0,INR
5936,5936,2025-08-13 00:32:34,UPI,Paid,TPPAYLITZRS1F72,92522.5,0.0,INR
5937,5937,2026-06-11 02:36:20,UPI,Paid,TPPAY56LUM838F5,71920.0,0.0,INR
5938,5938,2024-06-13 06:22:36,Debit Card,Paid,TPPAYF6276ZVZYF,33458.0,0.0,INR
5939,5939,2026-07-31 12:29:53,Net Banking,Paid,TPPAY2NE6AJPHKK,10437.65,0.0,INR
5940,5940,2026-07-15 09:57:10,UPI,Paid,TPPAYLI4M19TBH1,22227.0,0.0,INR
5941,5941,2026-06-15 21:50:04,Debit Card,Paid,TPPAYO2XZ1ONNEO,130620.0,0.0,INR
5942,5942,2025-08-04 09:00:19,UPI,Paid,TPPAYPOZRV18ZGK,33480.0,0.0,INR
5943,5943,2026-07-23 14:31:38,UPI,Paid,TPPAY18GSH31TYS,15784.2,0.0,INR
5944,5944,2026-08-20 15:35:29,Wallet,Paid,TPPAYSDK97EU0SG,31010.55,0.0,INR
5945,5945,2024-10-04 16:50:24,Debit Card,Paid,TPPAY5Y73Z570EN,21682.0,0.0,INR
5946,5946,2026-06-29 06:57:35,Credit Card,Paid,TPPAYVYO1G89VTU,33812.0,0.0,INR
5947,5947,2026-06-18 13:02:56,Net Banking,Paid,TPPAYIBWJXCGVWQ,54205.0,0.0,INR
5948,5948,2026-06-23 19:06:42,Credit Card,Paid,TPPAYOW6Q0T5DTL,27108.0,0.0,INR
5949,5949,2026-06-20 15:01:36,Net Banking,Refunded,TPPAYI2YQ7641NC,139977.0,139977.0,INR
5950,5950,2025-10-10 16:56:30,Credit Card,Paid,TPPAYG7AKBKOGC7,94640.0,0.0,INR
5951,5951,2024-10-15 23:44:55,UPI,Paid,TPPAYFI16YUYQEM,21930.0,0.0,INR
5952,5952,2026-04-28 18:43:06,Wallet,Paid,TPPAYPWHV8YMNWC,54268.8,0.0,INR
5953,5953,2026-07-31 06:01:18,UPI,Paid,TPPAYVP8M1A3TLT,32895.0,0.0,INR
5954,5954,2026-08-23 02:02:27,UPI,Pending,TPPAYW8A7CYX2LN,0.0,0.0,INR
5955,5955,2023-10-22 19:59:09,Debit Card,Refunded,TPPAYW6VFW1N0YS,26760.0,26760.0,INR
5956,5956,2026-08-12 16:32:34,UPI,Refunded,TPPAYBVBUTJVLGD,65433.0,26760.0,INR
5957,5957,2025-03-21 20:53:03,Debit Card,Paid,TPPAYW9HOXIVNNO,186636.0,0.0,INR
5958,5958,2026-06-24 17:23:35,Credit Card,Paid,TPPAY237A1E1BQM,58294.8,0.0,INR
5959,5959,2025-06-02 18:58:26,UPI,Paid,TPPAY73OF9NZQI1,63811.2,0.0,INR
5960,5960,2025-04-06 07:29:50,UPI,Paid,TPPAYG4MA967JBX,140046.0,0.0,INR
5961,5961,2024-08-22 23:54:51,Credit Card,Refunded,TPPAYGW8FPECE6W,34439.4,34439.4,INR
5962,5962,2026-01-03 14:30:52,UPI,Paid,TPPAY09FHDA3BV5,38356.0,0.0,INR
5963,5963,2026-01-15 03:33:39,Credit Card,Paid,TPPAYB8G13LJD66,113336.0,0.0,INR
5964,5964,2023-12-06 11:37:34,Credit Card,Paid,TPPAY86PF1JKP6I,32322.0,0.0,INR
5965,5965,2025-07-06 22:53:11,Credit Card,Paid,TPPAYGF4H64XJM9,20004.3,0.0,INR
5966,5966,2026-06-27 18:38:40,Credit Card,Paid,TPPAYWCYQ9HVWH0,118300.0,0.0,INR
5967,5967,2026-08-27 19:31:20,Net Banking,Paid,TPPAYZ1HPYZK7W2,62983.1,0.0,INR
5968,5968,2026-08-14 08:52:10,Credit Card,Paid,TPPAYG5L7TGTJNY,56668.0,0.0,INR
5969,5969,2024-11-05 21:15:01,Credit Card,Paid,TPPAYQREGINBE4A,45180.0,0.0,INR
5970,5970,2026-08-02 14:06:16,Credit Card,Paid,TPPAYIQDGF4C5Q9,13656.1,0.0,INR
5971,5971,2024-10-13 15:21:35,UPI,Paid,TPPAYAZFCF12TXK,65310.0,0.0,INR
5972,5972,2026-06-23 02:49:20,Net Banking,Paid,TPPAY7ERYWYNVD8,37374.0,0.0,INR
5973,5973,2026-07-04 00:25:24,Wallet,Paid,TPPAYSY163S93G4,10437.65,0.0,INR
5974,5974,2026-09-01 04:40:45,UPI,Paid,TPPAYB1RRNVZDXC,60258.0,0.0,INR
5975,5975,2025-04-22 03:45:06,Credit Card,Paid,TPPAYHX0SGT4YTM,78127.2,0.0,INR
5976,5976,2024-03-31 06:54:36,UPI,Refunded,TPPAYO30BJSXGGM,20072.0,20072.0,INR
5977,5977,2026-06-20 16:10:43,UPI,Paid,TPPAYFDVPSKE49K,45837.5,0.0,INR
5978,5978,2026-07-22 03:08:34,Net Banking,Paid,TPPAYW0MVAA1Q7Q,84120.0,0.0,INR
5979,5979,2025-05-02 03:09:55,UPI,Paid,TPPAY1DGXX5218G,85002.0,0.0,INR
5980,5980,2026-07-11 23:13:40,UPI,Paid,TPPAY750JGWD0UP,57165.0,0.0,INR
5981,5981,2026-08-05 09:42:32,UPI,Pending,TPPAYGQ1N91FL2C,0.0,0.0,INR
5982,5982,2026-08-05 08:31:21,Net Banking,Paid,TPPAYXYD0SABEI3,76661.2,0.0,INR
5983,5983,2024-09-08 16:02:05,Debit Card,Paid,TPPAYTEP8DKPNV7,118354.8,0.0,INR
5984,5984,2024-10-11 08:55:14,Net Banking,Paid,TPPAYLWJ5SGL3NV,31003.0,0.0,INR
5985,5985,2026-07-02 07:53:28,Wallet,Refunded,TPPAYTD1XKOFMJK,32132.0,32132.0,INR
5986,5986,2026-06-13 18:00:29,Credit Card,Paid,TPPAYQL5MOLE0SZ,39034.0,0.0,INR
5987,5987,2025-08-14 02:13:13,UPI,Paid,TPPAYYRQL4P1FI7,17704.2,0.0,INR
5988,5988,2026-06-18 00:43:00,Credit Card,Paid,TPPAYVUCXY9BDNP,18072.0,0.0,INR
5989,5989,2026-06-22 02:41:09,Net Banking,Paid,TPPAY481Z43EQOB,46329.0,0.0,INR
5990,5990,2025-02-06 06:17:48,Wallet,Paid,TPPAYD6K9JH4LWO,121044.0,0.0,INR
5991,5991,2026-06-24 14:22:55,Credit Card,Paid,TPPAYRK0XVCU5MN,49225.2,0.0,INR
5992,5992,2024-07-22 05:26:08,Debit Card,Paid,TPPAY1SSVIA4M2J,9472.0,0.0,INR
5993,5993,2024-06-11 20:01:45,UPI,Paid,TPPAYC23TQM635H,36252.0,0.0,INR
5994,5994,2026-09-05 11:53:35,Net Banking,Paid,TPPAYQWR4T1YR98,25359.0,0.0,INR
5995,5995,2026-07-21 05:26:31,Credit Card,Paid,TPPAY5J42WLO9YF,52276.0,0.0,INR
5996,5996,2026-08-24 22:07:18,UPI,Paid,TPPAY35MDLLAO4K,60258.0,0.0,INR
5997,5997,2026-08-20 06:28:09,UPI,Pending,TPPAYRX6Q3KLH5W,0.0,0.0,INR
5998,5998,2025-12-09 20:40:02,Wallet,Paid,TPPAY2RYTBCHM85,92560.0,0.0,INR
5999,5999,2025-01-15 15:40:31,UPI,Paid,TPPAY0MIRS4B65C,73629.75,0.0,INR
6000,6000,2025-06-03 16:40:29,UPI,Paid,TPPAY9TCQYX0EJV,41396.0,0.0,INR
6001,6001,2026-08-19 11:47:10,UPI,Paid,TPPAYU1M2SJVG7A,70165.8,0.0,INR
6002,6002,2024-05-13 13:41:30,Debit Card,Paid,TPPAYMAUH6PZKE4,46148.0,0.0,INR
6003,6003,2024-03-15 14:50:48,Debit Card,Paid,TPPAYU1X9RSM9R5,64772.0,0.0,INR
6004,6004,2026-06-30 14:58:27,Credit Card,Paid,TPPAY3WLEN14W3S,19786.0,0.0,INR
6005,6005,2026-08-14 18:22:14,Credit Card,Paid,TPPAY8TZ33X9JKO,32467.2,0.0,INR
6006,6006,2025-05-31 01:42:04,Debit Card,Paid,TPPAYGKGU2RY623,90828.0,0.0,INR
6007,6007,2025-06-25 21:46:25,Credit Card,Paid,TPPAYPYJ5WM4O71,31060.0,0.0,INR
6008,6008,2026-08-27 07:18:10,UPI,Paid,TPPAYYKLFIXNF3C,33918.0,0.0,INR
6009,6009,2026-08-11 02:36:53,Debit Card,Paid,TPPAYL2GFBD6GV6,52722.0,0.0,INR
6010,6010,2025-11-17 15:54:57,Net Banking,Paid,TPPAY4UOPZJQ8CO,21088.8,0.0,INR
6011,6011,2026-08-24 02:31:13,UPI,Paid,TPPAY2CRQ3NRCT6,87244.0,0.0,INR
6012,6012,2026-08-24 10:36:36,Debit Card,Refunded,TPPAYQUMMMQ3JYG,29679.0,29679.0,INR
6013,6013,2023-12-18 14:29:35,UPI,Paid,TPPAYGY2T3M9NTG,17646.0,0.0,INR
6014,6014,2026-08-18 01:59:24,Credit Card,Paid,TPPAYHUWN8W5G1K,30108.0,0.0,INR
6015,6015,2026-06-16 00:39:53,UPI,Pending,TPPAYT5FI1ME0TS,0.0,0.0,INR
6016,6016,2026-05-02 08:15:35,Wallet,Paid,TPPAYMQVAP039HO,26784.0,0.0,INR
6017,6017,2025-06-10 05:05:50,Credit Card,Paid,TPPAY2GG5WCBK01,47880.0,0.0,INR
6018,6018,2026-07-07 18:33:48,Debit Card,Paid,TPPAYP9GGIXOS3J,31047.0,0.0,INR
6019,6019,2024-01-04 05:10:39,UPI,Paid,TPPAY9PCFDNZU0H,24612.6,0.0,INR
6020,6020,2025-04-27 20:52:22,Credit Card,Paid,TPPAYWHYB3O47WG,26760.0,0.0,INR
6021,6021,2024-09-24 14:40:38,Debit Card,Refunded,TPPAYDZ4R6IR0H8,48579.0,48579.0,INR
6022,6022,2026-07-09 21:59:30,UPI,Refunded,TPPAYFW5YNOGMWE,65310.0,48579.0,INR
6023,6023,2026-08-30 19:51:27,UPI,Paid,TPPAYPJKBT8M4K3,25908.0,0.0,INR
6024,6024,2025-04-06 12:00:11,Credit Card,Paid,TPPAYKNBKU683LA,42177.6,0.0,INR
6025,6025,2026-07-31 08:18:58,Debit Card,Paid,TPPAYON7V1FZT5V,17049.6,0.0,INR
6026,6026,2026-06-22 15:58:49,Debit Card,Paid,TPPAYNVFLPVXVF9,16222.0,0.0,INR
6027,6027,2026-06-16 09:58:35,Debit Card,Paid,TPPAY0Q6A14F6EL,48579.0,0.0,INR
6028,6028,2026-07-17 20:37:31,Credit Card,Paid,TPPAYFPC8QTNQ7Y,22146.0,0.0,INR
6029,6029,2024-09-24 22:46:54,UPI,Paid,TPPAY0SIQVWQLMA,39326.2,0.0,INR
6030,6030,2024-08-14 11:28:42,Net Banking,Paid,TPPAYOW78O95DSB,115048.8,0.0,INR
6031,6031,2026-06-27 11:02:08,Credit Card,Paid,TPPAYE0X24IKUFK,24333.0,0.0,INR
6032,6032,2026-07-26 05:53:32,UPI,Paid,TPPAYHKCB15JFCG,75482.0,0.0,INR
6033,6033,2026-06-22 14:11:11,UPI,Paid,TPPAY3WCG30TY72,77962.0,0.0,INR
6034,6034,2025-12-18 17:59:03,Net Banking,Paid,TPPAYJ0AABZPV3O,76406.0,0.0,INR
6035,6035,2023-09-23 15:22:42,UPI,Paid,TPPAYRTLQXKD084,34473.6,0.0,INR
6036,6036,2024-12-31 03:15:41,Credit Card,Paid,TPPAY5AJATJKSSU,64458.0,0.0,INR
6037,6037,2026-04-24 07:55:17,UPI,Paid,TPPAYM6P7YIRGX7,32322.0,0.0,INR
6038,6038,2026-06-16 17:37:00,Wallet,Paid,TPPAYNPBFGXJMMZ,32778.0,0.0,INR
6039,6039,2026-07-21 01:15:18,Debit Card,Paid,TPPAYN4K63C1890,24322.0,0.0,INR
6040,6040,2026-07-25 16:20:03,Debit Card,Paid,TPPAY5OJV9ELPGF,37035.0,0.0,INR
6041,6041,2026-07-04 15:50:21,Wallet,Paid,TPPAY67TCMVBY6K,23605.6,0.0,INR
6042,6042,2026-09-05 00:35:01,UPI,Paid,TPPAY45A3ZWG640,12834.0,0.0,INR
6043,6043,2026-08-01 14:20:11,UPI,Paid,TPPAYEHLX8L94AH,49032.25,0.0,INR
6044,6044,2025-03-24 10:32:33,Net Banking,Paid,TPPAY9MY3IBW88V,39463.0,0.0,INR
6045,6045,2024-02-12 13:33:02,UPI,Paid,TPPAY8IMX45BS9E,41440.9,0.0,INR
6046,6046,2026-07-17 13:04:54,Credit Card,Pending,TPPAY7JBPS3JRA1,0.0,0.0,INR
6047,6047,2026-06-12 05:14:27,Debit Card,Paid,TPPAY5IMYPZJ1NW,9355.0,0.0,INR
6048,6048,2026-06-29 18:46:43,UPI,Paid,TPPAY3N0S8TZ76B,29538.0,0.0,INR
6049,6049,2026-06-23 16:48:16,Net Banking,Paid,TPPAYHTLTNW1JLP,162620.0,0.0,INR
6050,6050,2026-06-23 10:55:09,Credit Card,Refunded,TPPAY4ODBKHWQ8J,16824.0,16824.0,INR
6051,6051,2024-07-22 22:54:20,Net Banking,Paid,TPPAYFHMZIRM9QI,32467.2,0.0,INR
6052,6052,2025-09-24 12:56:41,UPI,Paid,TPPAYZPCZCD6LU2,20070.0,0.0,INR
6053,6053,2026-08-19 12:13:17,Debit Card,Paid,TPPAYCW09SGDK34,59823.0,0.0,INR
6054,6054,2026-07-01 20:51:05,Debit Card,Pending,TPPAYVPRZNFASS3,0.0,0.0,INR
6055,6055,2026-08-04 09:08:21,UPI,Paid,TPPAYVQS7TKL6VY,93318.0,0.0,INR
6056,6056,2026-08-05 19:39:16,UPI,Paid,TPPAYJNFVLP6JYW,109798.75,0.0,INR
6057,6057,2026-07-21 01:11:43,Debit Card,Paid,TPPAY8S17MGK68P,31003.0,0.0,INR
6058,6058,2026-08-07 00:04:07,Credit Card,Pending,TPPAYNCU1WYSN0Q,0.0,0.0,INR
6059,6059,2026-07-17 06:21:51,Net Banking,Paid,TPPAYE49BMW0EON,50928.0,0.0,INR
6060,6060,2023-09-14 03:57:37,Debit Card,Paid,TPPAYL5VRVTEE9G,12595.3,0.0,INR
6061,6061,2023-10-16 05:29:20,Credit Card,Paid,TPPAYNN8SUGL4IS,40165.0,0.0,INR
6062,6062,2025-03-18 07:54:42,UPI,Paid,TPPAYLG1GTLOFUN,22227.0,0.0,INR
6063,6063,2024-12-12 18:57:29,UPI,Paid,TPPAYNGHGP9GMFV,7607.7,0.0,INR
6064,6064,2024-02-18 21:49:04,UPI,Paid,TPPAYWGHIASQFXT,24099.0,0.0,INR
6065,6065,2026-06-19 19:08:57,Net Banking,Paid,TPPAYD2YMHCYX07,35348.0,0.0,INR
6066,6066,2026-06-04 22:37:01,Wallet,Paid,TPPAY44RI1JIUY6,55128.5,0.0,INR
6067,6067,2026-07-19 19:43:51,Credit Card,Refunded,TPPAY1ZKVW069B9,8837.0,8837.0,INR
6068,6068,2025-12-11 18:46:38,Credit Card,Paid,TPPAYYH0LD67XAT,25783.2,0.0,INR
6069,6069,2026-06-23 12:18:51,UPI,Paid,TPPAYAPA90HAS1C,10969.25,0.0,INR
6070,6070,2023-11-19 07:12:19,Credit Card,Paid,TPPAYARKNYT8LOE,33232.0,0.0,INR
6071,6071,2026-06-28 02:18:43,UPI,Paid,TPPAYGLPGPYMQMN,16906.0,0.0,INR
6072,6072,2023-10-13 02:46:47,Debit Card,Paid,TPPAYVEWF5F0EB4,24333.0,0.0,INR
6073,6073,2026-06-22 16:46:26,UPI,Paid,TPPAY1O3VAXER5H,87932.0,0.0,INR
6074,6074,2024-08-28 20:40:08,UPI,Paid,TPPAY94CPXVWC8U,108510.0,0.0,INR
6075,6075,2026-06-18 21:15:46,UPI,Refunded,TPPAY9MAMLGV0ET,66040.2,66040.2,INR
6076,6076,2026-07-02 02:23:17,Debit Card,Paid,TPPAY7DJ04CIT54,90828.0,0.0,INR
6077,6077,2026-06-27 20:39:32,Debit Card,Paid,TPPAYPY4JUWWBFW,46864.0,0.0,INR
6078,6078,2026-08-27 07:09:26,Debit Card,Paid,TPPAY95DKZ0G144,76220.0,0.0,INR
6079,6079,2026-07-27 21:51:02,Credit Card,Paid,TPPAYNCNH29ZE7S,65310.0,0.0,INR
6080,6080,2023-12-22 11:34:03,UPI,Paid,TPPAYDL59C64E5J,162248.0,0.0,INR
6081,6081,2026-08-16 16:31:51,Net Banking,Paid,TPPAYU8ILWZ9GH6,16558.4,0.0,INR
6082,6082,2024-09-19 09:52:54,UPI,Paid,TPPAY1971XQMIOL,38448.0,0.0,INR
6083,6083,2024-06-28 06:02:12,UPI,Paid,TPPAYH7AW5E66W6,53940.0,0.0,INR
6084,6084,2026-07-24 08:26:15,Credit Card,Refunded,TPPAY8WE28M92WM,19384.0,19384.0,INR
6085,6085,2025-11-16 04:12:30,Credit Card,Paid,TPPAY9DJVNOTGUS,33390.6,0.0,INR
6086,6086,2024-04-25 10:52:19,UPI,Refunded,TPPAYV35DVV32FM,154868.0,154868.0,INR
6087,6087,2026-09-09 16:02:06,UPI,Paid,TPPAYGD8KDZMS61,139032.0,0.0,INR
6088,6088,2026-07-07 09:33:12,Debit Card,Refunded,TPPAYUBYQDAZN4C,80496.0,80496.0,INR
6089,6089,2026-03-21 14:02:25,Debit Card,Paid,TPPAYO20CYV8G7Q,61398.0,0.0,INR
6090,6090,2026-07-29 17:34:14,UPI,Paid,TPPAY4K7CFJTS73,86226.0,0.0,INR
6091,6091,2026-08-27 03:25:24,Debit Card,Paid,TPPAYF9OAW3ZFYQ,72446.4,0.0,INR
6092,6092,2026-08-08 21:40:50,Debit Card,Paid,TPPAYNMDGJ4TIDO,84749.25,0.0,INR
6093,6093,2026-08-04 03:47:44,Net Banking,Paid,TPPAYJUYNXFGY0W,58030.0,0.0,INR
6094,6094,2026-07-24 05:36:40,UPI,Paid,TPPAYBD6K72HCQQ,18126.0,0.0,INR
6095,6095,2025-11-07 22:47:27,Debit Card,Paid,TPPAYMOMHC36SGW,44756.0,0.0,INR
6096,6096,2026-08-27 14:39:34,UPI,Paid,TPPAYGXBJNVCUHC,46074.0,0.0,INR
6097,6097,2026-03-28 08:54:20,Debit Card,Paid,TPPAY4JCI15462B,97660.0,0.0,INR
6098,6098,2024-05-04 07:32:58,Net Banking,Paid,TPPAYVXED4H4PEL,55618.05,0.0,INR
6099,6099,2026-08-07 18:13:15,Credit Card,Paid,TPPAYHFH4VBWPCW,18687.0,0.0,INR
6100,6100,2026-07-02 13:47:49,Wallet,Refunded,TPPAYLSXP2UHFHF,21548.0,21548.0,INR
6101,6101,2026-09-08 11:01:18,UPI,Paid,TPPAYOAJ6PIUVSU,84120.0,0.0,INR
6102,6102,2026-03-01 04:59:14,Credit Card,Paid,TPPAYG0MIDLG7KB,28065.0,0.0,INR
6103,6103,2026-07-27 18:07:11,Net Banking,Pending,TPPAY3QTH4FOOPT,0.0,0.0,INR
6104,6104,2025-06-15 02:39:23,UPI,Paid,TPPAYTQO4NQNR3T,35433.6,0.0,INR
6105,6105,2026-06-27 17:44:46,UPI,Paid,TPPAY1CSLVJQE6T,131898.0,0.0,INR
6106,6106,2025-05-24 23:35:17,Wallet,Paid,TPPAYHX43SFZJCM,103433.1,0.0,INR
6107,6107,2025-03-16 03:26:09,Credit Card,Paid,TPPAY8471UIB5FP,138840.0,0.0,INR
6108,6108,2024-09-17 19:06:30,Credit Card,Paid,TPPAYXHUSUPER5G,59823.0,0.0,INR
6109,6109,2023-09-30 22:21:11,UPI,Paid,TPPAY0M25INX6OU,62564.4,0.0,INR
6110,6110,2024-02-04 20:38:07,Credit Card,Paid,TPPAYINXH35QW34,86304.0,0.0,INR
6111,6111,2026-03-17 22:29:56,UPI,Paid,TPPAYXDVPLM0G8Y,9472.0,0.0,INR
6112,6112,2024-10-21 09:17:52,Credit Card,Paid,TPPAY1P8X85RP4X,119026.8,0.0,INR
6113,6113,2026-07-11 04:44:26,UPI,Paid,TPPAY3JRC0HBZ3M,16060.7,0.0,INR
6114,6114,2026-06-27 07:03:42,Wallet,Pending,TPPAYTYUI3Y6D6N,0.0,0.0,INR
6115,6115,2024-04-11 05:13:15,Net Banking,Paid,TPPAYWJ0WR7FEIY,111095.85,0.0,INR
6116,6116,2026-06-13 08:24:14,Credit Card,Paid,TPPAYXJ8BQP3T61,39207.0,0.0,INR
6117,6117,2026-07-19 13:15:37,UPI,Pending,TPPAYTQCW7OD514,0.0,0.0,INR
6118,6118,2026-08-26 12:53:59,Credit Card,Paid,TPPAYLWWDOJHQTR,37374.0,0.0,INR
6119,6119,2024-07-18 03:56:15,Debit Card,Refunded,TPPAYT33ATYARFN,93318.0,93318.0,INR
6120,6120,2026-07-02 03:31:13,UPI,Paid,TPPAYM69Y6CTN8J,35292.0,0.0,INR
6121,6121,2026-08-25 19:39:21,Debit Card,Paid,TPPAYWQNDTRPC9K,19692.0,0.0,INR
6122,6122,2026-07-25 01:30:42,UPI,Paid,TPPAY70QC9UJBAP,103828.0,0.0,INR
6123,6123,2026-08-21 22:55:41,UPI,Pending,TPPAY7HRKH662KA,0.0,0.0,INR
6124,6124,2025-10-30 09:12:24,Debit Card,Refunded,TPPAYWLOO6D70Z5,109915.0,109915.0,INR
6125,6125,2026-07-04 23:24:18,UPI,Paid,TPPAYAEAJR8YW9L,93342.75,0.0,INR
6126,6126,2026-09-08 03:28:39,Credit Card,Paid,TPPAYHWDK22JXXP,30886.0,0.0,INR
6127,6127,2026-06-23 03:51:00,Credit Card,Paid,TPPAY9BDJPOARG3,73210.0,0.0,INR
6128,6128,2024-06-02 18:45:50,Credit Card,Paid,TPPAYQY9V22X1KL,70980.0,0.0,INR
6129,6129,2025-04-30 22:22:13,Wallet,Paid,TPPAYUDL790R528,51914.0,0.0,INR
6130,6130,2026-08-07 09:53:48,Net Banking,Paid,TPPAYHJ3JLLUT1V,162620.0,0.0,INR
6131,6131,2024-12-14 09:34:46,Credit Card,Paid,TPPAYK4MB0G1M2F,27189.0,0.0,INR
6132,6132,2026-07-02 08:41:45,UPI,Paid,TPPAY40V0LS6AZJ,47412.0,0.0,INR
6133,6133,2026-07-29 13:51:43,Debit Card,Paid,TPPAYO54VWM4U3J,43704.0,0.0,INR
6134,6134,2025-09-18 21:02:40,Debit Card,Paid,TPPAYX0S4AN4J5H,27276.4,0.0,INR
6135,6135,2026-04-30 21:06:27,Debit Card,Paid,TPPAY3UFH7V4K08,18796.7,0.0,INR
6136,6136,2025-03-12 20:41:56,UPI,Paid,TPPAYHS9K9PWSRJ,131758.5,0.0,INR
6137,6137,2026-06-17 21:49:57,UPI,Pending,TPPAYA7GTEW1W8V,0.0,0.0,INR
6138,6138,2024-09-19 02:00:26,Debit Card,Paid,TPPAYM1U72JPYS9,71620.0,0.0,INR
6139,6139,2026-07-30 19:53:22,UPI,Pending,TPPAYGX388O2IQU,0.0,0.0,INR
6140,6140,2026-05-01 15:25:30,Debit Card,Paid,TPPAY1GAV7BJUTJ,121965.0,0.0,INR
6141,6141,2024-01-05 15:34:51,Debit Card,Paid,TPPAYFONSK27SRS,60258.0,0.0,INR
6142,6142,2025-04-21 11:21:35,Debit Card,Paid,TPPAY3DSW4XW0OO,48460.0,0.0,INR
6143,6143,2026-09-04 22:13:51,UPI,Paid,TPPAY3Z9YBX5U67,28416.0,0.0,INR
6144,6144,2024-12-13 22:30:13,Debit Card,Paid,TPPAYLZVYVA8BJG,20945.7,0.0,INR
6145,6145,2025-04-17 10:33:14,UPI,Paid,TPPAY9L1X5T0J81,73210.0,0.0,INR
6146,6146,2026-07-10 13:40:13,UPI,Pending,TPPAYXFNWBY1MQZ,0.0,0.0,INR
6147,6147,2024-04-19 07:45:04,UPI,Paid,TPPAYCRR7LKJEO0,70980.0,0.0,INR
6148,6148,2026-07-13 16:31:57,Net Banking,Paid,TPPAYCAKI4CJZ3R,11117.0,0.0,INR
6149,6149,2026-07-24 02:10:30,Debit Card,Pending,TPPAY602LSO38WB,0.0,0.0,INR
6150,6150,2026-02-26 02:59:50,Debit Card,Paid,TPPAY8FIOOZKZ9U,139032.0,0.0,INR
6151,6151,2026-06-22 16:31:16,Credit Card,Paid,TPPAY8E95ERP6OT,35348.0,0.0,INR
6152,6152,2026-09-07 01:02:30,UPI,Paid,TPPAY9IR0R0JTRF,18710.0,0.0,INR
6153,6153,2026-06-19 11:22:02,Credit Card,Paid,TPPAYX4BMMTB6ST,90990.0,0.0,INR
6154,6154,2026-08-16 20:51:35,UPI,Paid,TPPAYIF1NZ6XRZK,115700.0,0.0,INR
6155,6155,2026-08-21 11:20:40,UPI,Paid,TPPAYI2YINZTZNE,122716.25,0.0,INR
6156,6156,2026-08-13 10:24:14,Debit Card,Paid,TPPAYOJVQHS1P30,86808.0,0.0,INR
6157,6157,2026-07-01 17:11:56,UPI,Paid,TPPAYZNFAEZLK96,119646.0,0.0,INR
6158,6158,2026-08-27 21:18:05,Net Banking,Paid,TPPAYIBIEWBID4F,40165.0,0.0,INR
6159,6159,2026-08-07 19:13:38,UPI,Paid,TPPAYBGS5KF6AG6,81891.0,0.0,INR
6160,6160,2024-03-23 00:50:28,Debit Card,Refunded,TPPAYBS5YV4AFX7,109055.0,109055.0,INR
6161,6161,2026-08-26 01:05:12,Credit Card,Pending,TPPAYT0L5ZCOGTS,0.0,0.0,INR
6162,6162,2026-08-17 01:19:14,Debit Card,Pending,TPPAY50XU3RH8CQ,0.0,0.0,INR
6163,6163,2024-03-31 16:45:16,Credit Card,Paid,TPPAYX99LM0PGCI,87894.0,0.0,INR
6164,6164,2026-06-18 23:20:43,UPI,Paid,TPPAY46VCEDIKRQ,29679.0,0.0,INR
6165,6165,2023-11-17 22:22:04,Net Banking,Paid,TPPAYCWTNIPQ0PD,58595.4,0.0,INR
6166,6166,2024-02-24 07:38:35,Credit Card,Paid,TPPAYF57XVOUPRL,35348.0,0.0,INR
6167,6167,2026-06-13 15:55:22,UPI,Paid,TPPAY608XHVE4DD,43704.0,0.0,INR
6168,6168,2026-07-15 21:37:05,Net Banking,Refunded,TPPAY42JQPPNJ2F,8837.0,8837.0,INR
6169,6169,2024-10-02 16:36:08,Credit Card,Paid,TPPAY9I4RY1I3CB,8395.15,0.0,INR
6170,6170,2025-05-15 06:28:06,UPI,Paid,TPPAY6B2KT18KFV,93435.0,0.0,INR
6171,6171,2023-11-18 00:52:51,UPI,Paid,TPPAYJMVM8O1VC1,150964.0,0.0,INR
6172,6172,2024-05-09 15:19:51,Credit Card,Paid,TPPAYXGK1J16P7J,15443.0,0.0,INR
6173,6173,2026-06-23 08:03:39,UPI,Paid,TPPAYO36QNUA5H4,12834.0,0.0,INR
6174,6174,2026-08-01 00:29:33,UPI,Paid,TPPAYKR8BRSFW11,58757.4,0.0,INR
6175,6175,2026-08-20 23:12:35,UPI,Paid,TPPAYKIKL49YA73,23432.0,0.0,INR
6176,6176,2025-09-20 06:56:05,Debit Card,Refunded,TPPAY6BZIS9H5WQ,57475.3,57475.3,INR
6177,6177,2026-01-01 18:28:15,Credit Card,Paid,TPPAYFFIONQ5KCX,33232.0,0.0,INR
6178,6178,2026-07-14 00:08:15,UPI,Paid,TPPAYE53JNIVKIO,25810.0,0.0,INR
6179,6179,2026-06-12 23:30:53,UPI,Paid,TPPAYGRXJXJCLJV,75831.0,0.0,INR
6180,6180,2025-07-29 06:25:52,UPI,Paid,TPPAYAHQFYNBQPM,68324.0,0.0,INR
6181,6181,2026-06-22 03:51:07,UPI,Paid,TPPAY6VC4KYWOXI,129175.0,0.0,INR
6182,6182,2024-05-11 00:50:30,UPI,Paid,TPPAY0G9I756WNL,34176.0,0.0,INR
6183,6183,2025-12-11 19:04:46,Credit Card,Paid,TPPAYKWF6XU9PWY,31762.8,0.0,INR
6184,6184,2024-02-10 01:10:10,Credit Card,Paid,TPPAYKQUFVYM9WA,103828.0,0.0,INR
6185,6185,2026-06-16 04:53:10,Credit Card,Paid,TPPAYO2181X8ESA,62819.7,0.0,INR
6186,6186,2026-06-13 15:10:15,Debit Card,Paid,TPPAY9SXAFK8XK3,28648.0,0.0,INR
6187,6187,2024-05-12 14:48:37,Debit Card,Paid,TPPAYKLNKPJWZQ9,52276.0,0.0,INR
6188,6188,2026-08-29 06:44:49,Credit Card,Paid,TPPAYFZ37OK6KUG,116257.5,0.0,INR
6189,6189,2026-09-02 23:51:06,Credit Card,Paid,TPPAY3BWH52CI76,11762.1,0.0,INR
6190,6190,2026-01-02 19:54:19,Credit Card,Refunded,TPPAYVSVMOOIE97,18687.0,18687.0,INR
6191,6191,2025-01-03 02:49:35,Credit Card,Paid,TPPAY2CXY8WWX1I,13380.0,0.0,INR
6192,6192,2025-07-07 09:28:07,UPI,Paid,TPPAY4GV8NUJMFM,37414.8,0.0,INR
6193,6193,2024-04-30 05:39:18,Debit Card,Paid,TPPAYG6JVCW1DCF,44468.0,0.0,INR
6194,6194,2026-04-28 22:21:25,Credit Card,Paid,TPPAYLCQ2QTTLMF,22260.4,0.0,INR
6195,6195,2026-08-23 18:36:47,UPI,Paid,TPPAYIKLQGSMKWU,70023.0,0.0,INR
6196,6196,2026-07-26 01:13:51,Wallet,Refunded,TPPAYYCPBIJ1NJK,99705.0,99705.0,INR
6197,6197,2026-08-13 03:08:22,Debit Card,Paid,TPPAYFQAYV3XJ6P,103340.0,0.0,INR
6198,6198,2026-06-30 10:30:19,UPI,Paid,TPPAYT4M8HRDXY9,16080.0,0.0,INR
6199,6199,2026-08-20 01:54:43,Credit Card,Paid,TPPAYRA59HZG2XH,113223.0,0.0,INR
6200,6200,2026-08-12 14:38:39,Debit Card,Paid,TPPAYMZAVNM1MWP,107669.2,0.0,INR
6201,6201,2025-08-19 18:38:37,Net Banking,Paid,TPPAY4GFCTIZOGI,46424.0,0.0,INR
6202,6202,2026-07-04 00:21:28,UPI,Paid,TPPAYVLDM0Z95T0,35890.0,0.0,INR
6203,6203,2026-06-14 02:41:48,UPI,Paid,TPPAYOS3YUI9H5X,13158.0,0.0,INR
6204,6204,2024-02-09 12:07:02,Credit Card,Paid,TPPAYVVM9D5EU36,25563.75,0.0,INR
6205,6205,2026-08-31 06:55:22,UPI,Paid,TPPAY57EQRRE4PZ,26168.4,0.0,INR
6206,6206,2025-11-26 12:02:55,UPI,Paid,TPPAYZG0O6CLP4V,29240.0,0.0,INR
6207,6207,2026-07-15 23:09:28,UPI,Paid,TPPAYFIW5UBC9L5,44756.0,0.0,INR
6208,6208,2026-06-22 05:29:49,UPI,Paid,TPPAYC9TXPT36MZ,24451.95,0.0,INR
6209,6209,2026-05-05 23:45:14,UPI,Refunded,TPPAYVXYZ2NAUCI,55945.0,55945.0,INR
6210,6210,2025-02-02 18:00:05,UPI,Paid,TPPAYR2G1UG8MEZ,27108.0,0.0,INR
6211,6211,2024-12-15 09:27:23,Net Banking,Paid,TPPAYBUQ6XV47AL,32386.0,0.0,INR
6212,6212,2026-09-03 02:06:58,UPI,Paid,TPPAYLDRA09B7FG,73474.0,0.0,INR
6213,6213,2026-01-01 01:34:06,Debit Card,Paid,TPPAY0MEF6IOGOX,65433.0,0.0,INR
6214,6214,2026-08-12 09:19:51,Net Banking,Paid,TPPAY4526GO04HK,55651.0,0.0,INR
6215,6215,2024-04-15 23:06:53,Wallet,Paid,TPPAYLXU23TLRO5,94640.0,0.0,INR
6216,6216,2026-08-21 16:43:16,UPI,Paid,TPPAYKOR98VC7OL,37414.8,0.0,INR
6217,6217,2025-09-22 22:09:19,Debit Card,Paid,TPPAYP6DW7AT3WN,23212.0,0.0,INR
6218,6218,2026-09-02 04:21:51,Credit Card,Paid,TPPAYTR56R5PXSC,19251.0,0.0,INR
6219,6219,2026-08-11 08:36:54,UPI,Pending,TPPAY3P4LT9J2YV,0.0,0.0,INR
6220,6220,2026-07-28 22:40:23,UPI,Paid,TPPAYEFEG8YAQAM,123701.4,0.0,INR
6221,6221,2026-06-16 09:19:26,UPI,Refunded,TPPAYPM9W3WUT6H,73474.0,73474.0,INR
6222,6222,2026-04-28 05:06:06,Debit Card,Paid,TPPAYGTGFQR4WXQ,140331.6,0.0,INR
6223,6223,2026-07-20 02:25:10,Debit Card,Paid,TPPAYF1LZQDJ8QP,30132.0,0.0,INR
6224,6224,2026-06-19 18:22:55,Debit Card,Paid,TPPAYZHGU3MMYRX,32605.0,0.0,INR
6225,6225,2026-02-10 19:47:12,Credit Card,Paid,TPPAYZAQKIT99TQ,39207.0,0.0,INR
6226,6226,2024-05-05 04:48:00,UPI,Paid,TPPAY38D5S7W5WF,17088.0,0.0,INR
6227,6227,2025-10-23 04:07:32,Net Banking,Paid,TPPAY1JNHOYM6Q4,23212.0,0.0,INR
6228,6228,2026-06-23 18:12:05,Credit Card,Paid,TPPAYJ92BR8W0O0,19692.0,0.0,INR
6229,6229,2024-04-29 14:57:48,Debit Card,Paid,TPPAYYE28AEPAVQ,35993.6,0.0,INR
6230,6230,2024-02-18 08:39:29,Credit Card,Paid,TPPAYWNK4O50M5A,36550.0,0.0,INR
6231,6231,2026-06-24 16:06:05,UPI,Paid,TPPAY6ZXXPW7C02,30108.0,0.0,INR
6232,6232,2026-07-26 04:58:28,UPI,Paid,TPPAYH9UVK0YHFX,13638.2,0.0,INR
6233,6233,2026-08-02 12:20:11,Debit Card,Paid,TPPAY90XG6HEFPB,44307.0,0.0,INR
6234,6234,2023-11-05 05:09:37,UPI,Paid,TPPAY317L4Z4B0L,25908.0,0.0,INR
6235,6235,2026-03-05 19:23:05,Debit Card,Paid,TPPAY0I7YSK5V5N,8453.0,0.0,INR
6236,6236,2026-06-23 15:49:01,UPI,Paid,TPPAYR8W0MNA1DL,74748.0,0.0,INR
6237,6237,2025-04-15 13:37:28,Net Banking,Paid,TPPAYUU4P1SYO3E,40300.2,0.0,INR
6238,6238,2026-01-11 11:29:40,Wallet,Paid,TPPAYX09YH8OEC4,18944.0,0.0,INR
6239,6239,2024-03-09 12:29:04,Credit Card,Paid,TPPAYZ3H1ICG4LR,25227.15,0.0,INR
6240,6240,2026-08-28 08:53:47,UPI,Paid,TPPAYF7YWLLSZCL,29538.0,0.0,INR
6241,6241,2024-10-15 06:51:00,Credit Card,Paid,TPPAYX96CGPQUK0,38280.0,0.0,INR
6242,6242,2026-06-28 05:52:25,UPI,Paid,TPPAYVMDJLMM494,33450.0,0.0,INR
6243,6243,2025-07-14 12:57:52,Credit Card,Paid,TPPAY7OEQBBTP9X,17088.0,0.0,INR
6244,6244,2026-06-23 18:02:50,Credit Card,Paid,TPPAYNBAIXLP221,116151.0,0.0,INR
6245,6245,2026-09-03 10:12:31,Wallet,Paid,TPPAY0T22UACVTF,104324.25,0.0,INR
6246,6246,2026-07-26 22:00:42,Credit Card,Paid,TPPAYA97SU3PSH9,20934.0,0.0,INR
6247,6247,2026-07-08 06:16:29,UPI,Paid,TPPAYH3BRTX7A8S,76471.2,0.0,INR
6248,6248,2025-11-30 11:30:45,Credit Card,Paid,TPPAYML9WO6Z3F8,48460.0,0.0,INR
6249,6249,2026-07-28 07:33:31,Credit Card,Paid,TPPAYBD14L9UYVE,130572.0,0.0,INR
6250,6250,2026-06-30 09:12:54,Debit Card,Paid,TPPAYN4V2WU7LUB,25908.0,0.0,INR
6251,6251,2024-01-17 12:58:03,UPI,Paid,TPPAYDUTUJZK97T,129890.2,0.0,INR
6252,6252,2026-07-28 15:43:34,Credit Card,Paid,TPPAYHRFZY0EFMN,16729.0,0.0,INR
6253,6253,2026-08-01 10:06:26,Credit Card,Paid,TPPAYW7B7SDXQ8A,119646.0,0.0,INR
6254,6254,2026-07-10 07:23:44,UPI,Paid,TPPAYMXU9PH1XDE,130212.0,0.0,INR
6255,6255,2026-03-10 19:41:27,Credit Card,Paid,TPPAYIBVK5G0JSB,65433.0,0.0,INR
6256,6256,2025-05-08 13:43:29,UPI,Paid,TPPAY9GURUQ75FA,18045.0,0.0,INR
6257,6257,2026-07-25 03:38:04,UPI,Paid,TPPAYN2BIRSTH1P,158640.6,0.0,INR
6258,6258,2024-12-16 16:00:14,Credit Card,Paid,TPPAY1UXUE90Q8I,108850.0,0.0,INR
6259,6259,2025-01-22 22:06:04,Net Banking,Paid,TPPAYXYLY4J90BA,12161.0,0.0,INR
6260,6260,2024-11-29 02:33:57,UPI,Paid,TPPAYLO5RX0EIOD,15443.0,0.0,INR
6261,6261,2024-06-02 18:02:18,UPI,Paid,TPPAYB3ZUZ9VH3R,28061.1,0.0,INR
6262,6262,2025-08-24 13:40:08,UPI,Refunded,TPPAYG56MQ8MJAY,61531.5,61531.5,INR
6263,6263,2025-12-22 04:13:14,Debit Card,Paid,TPPAY5V13XJBZL3,18710.0,0.0,INR
6264,6264,2026-06-27 11:53:58,Debit Card,Pending,TPPAYTX50SNX96Y,0.0,0.0,INR
6265,6265,2026-06-21 21:16:20,Net Banking,Paid,TPPAYG8NWZLCVXG,16060.7,0.0,INR
6266,6266,2026-07-26 04:44:49,UPI,Paid,TPPAYRB8GI7N2LL,22968.0,0.0,INR
6267,6267,2024-01-07 03:59:09,UPI,Paid,TPPAYP8OX208KVJ,103828.0,0.0,INR
6268,6268,2024-06-21 19:51:26,Credit Card,Paid,TPPAYMFMHYY3V3I,39034.0,0.0,INR
6269,6269,2026-06-15 03:16:52,UPI,Paid,TPPAY56VDL6H0OU,53840.7,0.0,INR
6270,6270,2024-06-22 15:43:33,UPI,Refunded,TPPAYETRMSP3EVE,26784.0,26784.0,INR
6271,6271,2024-08-08 20:55:25,Debit Card,Paid,TPPAY5MEN179XWG,71920.0,0.0,INR
6272,6272,2025-03-01 16:17:52,Debit Card,Paid,TPPAYP77WEQK2XA,116943.0,0.0,INR
6273,6273,2026-04-27 00:48:30,UPI,Paid,TPPAYFB9IFX6Q8V,87244.0,0.0,INR
6274,6274,2024-07-12 16:37:52,Wallet,Refunded,TPPAYOVH2M75FR3,47412.0,47412.0,INR
6275,6275,2026-06-21 11:14:15,Credit Card,Paid,TPPAY7H1GHUUEON,79764.0,0.0,INR
6276,6276,2026-07-27 02:49:44,Credit Card,Paid,TPPAY0D2S6J345T,21811.0,0.0,INR
6277,6277,2025-03-13 08:54:39,UPI,Paid,TPPAY5JURY736T6,41868.0,0.0,INR
6278,6278,2026-06-17 16:52:01,UPI,Paid,TPPAYLMW708OL1N,57296.0,0.0,INR
6279,6279,2025-01-16 09:45:47,UPI,Paid,TPPAY4ZLKONSX0X,43614.0,0.0,INR
6280,6280,2026-08-27 05:44:05,UPI,Paid,TPPAYEOXM6L98VR,39572.0,0.0,INR
6281,6281,2024-10-06 22:43:07,Credit Card,Paid,TPPAYG2DWV5C2BB,39384.0,0.0,INR
6282,6282,2026-06-30 11:18:22,Credit Card,Paid,TPPAYDZA5XYZ7L4,84795.0,0.0,INR
6283,6283,2026-08-25 02:27:12,Credit Card,Pending,TPPAYHT03C8SC0W,0.0,0.0,INR
6284,6284,2026-08-28 23:49:29,Credit Card,Paid,TPPAYIECCW73PF7,115866.75,0.0,INR
6285,6285,2024-02-03 11:48:06,Debit Card,Paid,TPPAYBSEWTVA23T,76790.0,0.0,INR
6286,6286,2026-09-01 18:32:23,UPI,Paid,TPPAY2P9KCM3IZL,75831.0,0.0,INR
6287,6287,2023-09-24 10:24:59,Wallet,Paid,TPPAYXOGPV2DUDD,55258.2,0.0,INR
6288,6288,2026-07-05 20:00:51,Wallet,Paid,TPPAYXJPCGDIX6T,11117.0,0.0,INR
6289,6289,2026-06-16 14:39:58,UPI,Pending,TPPAYGYEMLXUU5U,0.0,0.0,INR
6290,6290,2026-08-10 16:39:19,Net Banking,Paid,TPPAYMM1COKG2CJ,24405.2,0.0,INR
6291,6291,2026-08-28 18:49:28,Net Banking,Paid,TPPAY13BTLV6G32,7185.05,0.0,INR
6292,6292,2024-11-24 13:06:15,Debit Card,Paid,TPPAYMM3511QO48,31047.0,0.0,INR
6293,6293,2025-07-04 07:22:26,UPI,Paid,TPPAY3AJXROGWH8,77434.0,0.0,INR
6294,6294,2023-10-11 05:56:31,UPI,Paid,TPPAYK29DN687N4,108878.55,0.0,INR
6295,6295,2026-02-25 00:55:54,UPI,Paid,TPPAYQ9987L3CCS,51753.1,0.0,INR
6296,6296,2024-04-02 16:41:44,UPI,Paid,TPPAY9KRQE9LLHJ,55585.0,0.0,INR
6297,6297,2025-12-27 10:25:31,Net Banking,Paid,TPPAY9RTVWA84W1,50877.0,0.0,INR
6298,6298,2026-08-26 10:40:34,Credit Card,Paid,TPPAYZV62E90KM3,28233.6,0.0,INR
6299,6299,2024-02-10 16:18:47,UPI,Paid,TPPAYFBZBHRWVQO,13380.0,0.0,INR
6300,6300,2026-07-07 01:31:33,Credit Card,Pending,TPPAYZCBM7DMBJ9,0.0,0.0,INR
6301,6301,2024-12-23 20:31:43,Credit Card,Paid,TPPAYDWZE1X4NPT,92777.0,0.0,INR
6302,6302,2025-02-26 22:03:56,UPI,Paid,TPPAY0B3U4252XL,99667.2,0.0,INR
6303,6303,2026-08-29 23:24:12,Wallet,Paid,TPPAYGWE40HSXG0,46329.0,0.0,INR
6304,6304,2026-08-29 10:41:41,Debit Card,Paid,TPPAYWTQNG7FFDL,39384.0,0.0,INR
6305,6305,2026-09-05 17:37:05,Credit Card,Paid,TPPAYRYFT1W87Q4,122796.0,0.0,INR
6306,6306,2026-05-04 04:57:09,UPI,Paid,TPPAYFAD1DZV4G7,89900.0,0.0,INR
6307,6307,2026-06-14 18:33:04,Net Banking,Paid,TPPAY2JMLB1IGK1,53940.0,0.0,INR
6308,6308,2026-08-23 08:51:13,Net Banking,Paid,TPPAY7YOWM9BVOO,24612.6,0.0,INR
6309,6309,2024-01-20 03:40:37,Debit Card,Paid,TPPAYOMICLHIHE5,76471.2,0.0,INR
6310,6310,2026-09-09 09:58:26,UPI,Paid,TPPAY5J8QIQO3Q5,97659.0,0.0,INR
6311,6311,2026-07-19 15:25:40,Debit Card,Pending,TPPAY4B4I2SJ612,0.0,0.0,INR
6312,6312,2026-06-02 05:27:41,Credit Card,Paid,TPPAYYUAT74K6SJ,12030.0,0.0,INR
6313,6313,2026-06-15 03:32:05,Credit Card,Paid,TPPAYX7B0XH3AY2,18944.0,0.0,INR
6314,6314,2026-08-17 11:06:52,UPI,Paid,TPPAYMSFEGNXMT5,31777.5,0.0,INR
6315,6315,2026-06-13 15:37:02,Credit Card,Paid,TPPAY914W0GVJK8,24060.0,0.0,INR
6316,6316,2026-09-01 23:13:07,Net Banking,Paid,TPPAY58VE0521QS,24125.0,0.0,INR
6317,6317,2026-04-14 21:16:40,UPI,Paid,TPPAYY6MTS8NYA7,93318.0,0.0,INR
6318,6318,2026-07-08 01:06:12,Credit Card,Pending,TPPAYB6I8X07VGQ,0.0,0.0,INR
6319,6319,2025-12-26 02:03:20,UPI,Paid,TPPAYMZP10R504W,28416.0,0.0,INR
6320,6320,2024-12-19 08:31:48,Credit Card,Paid,TPPAYVZS5VDIRKK,31139.1,0.0,INR
6321,6321,2024-08-12 23:59:24,UPI,Paid,TPPAYYVS6H7QHYK,33450.0,0.0,INR
6322,6322,2026-07-06 10:07:25,Credit Card,Paid,TPPAY75O0N5W6QJ,9063.0,0.0,INR
6323,6323,2026-06-15 19:20:28,UPI,Paid,TPPAYXURDWJY1AR,29538.0,0.0,INR
6324,6324,2026-07-09 08:27:16,UPI,Paid,TPPAYIXSK1R0XFL,109055.0,0.0,INR
6325,6325,2024-01-08 04:44:33,Credit Card,Paid,TPPAY3MBPAKJ3CR,22982.4,0.0,INR
6326,6326,2026-09-05 20:32:29,UPI,Refunded,TPPAYKSEATI3XH4,23475.6,23475.6,INR
6327,6327,2026-08-30 16:53:23,UPI,Paid,TPPAYM4JZG95IUK,16763.7,0.0,INR
6328,6328,2026-08-22 09:40:00,UPI,Paid,TPPAY9FGRV0E95T,21930.0,0.0,INR
6329,6329,2026-08-03 08:01:36,UPI,Paid,TPPAY90JEY4RBFH,39034.0,0.0,INR
6330,6330,2025-04-24 23:04:58,Credit Card,Paid,TPPAYZFRXLYM8HL,39572.0,0.0,INR
6331,6331,2025-09-03 06:26:03,UPI,Paid,TPPAYZJWYTMO6TZ,19152.0,0.0,INR
6332,6332,2025-04-24 07:31:37,Credit Card,Paid,TPPAY0JNBDGX8AR,139032.0,0.0,INR
6333,6333,2025-03-13 09:01:20,Debit Card,Paid,TPPAYVNYLBU51AD,37420.0,0.0,INR
6334,6334,2026-08-18 08:29:51,UPI,Paid,TPPAYQ76ZOOLXL6,73474.0,0.0,INR
6335,6335,2026-07-03 23:26:07,Credit Card,Paid,TPPAYFZY0HIZ33Q,45041.4,0.0,INR
6336,6336,2026-08-26 05:27:47,UPI,Paid,TPPAY631ATNRF30,25908.0,0.0,INR
6337,6337,2026-06-19 18:55:43,UPI,Paid,TPPAY0N370ZFYCV,14356.0,0.0,INR
6338,6338,2026-09-01 06:31:52,Credit Card,Pending,TPPAYU5L6UXLUKT,0.0,0.0,INR
6339,6339,2026-08-21 02:21:06,Credit Card,Paid,TPPAYA63BWUITDQ,19513.8,0.0,INR
6340,6340,2026-04-12 19:05:39,UPI,Paid,TPPAYGMK0ZCWSGZ,92777.0,0.0,INR
6341,6341,2026-07-31 06:07:41,UPI,Refunded,TPPAYQ42RE0Q6VX,86226.0,86226.0,INR
6342,6342,2026-03-03 09:44:21,Credit Card,Refunded,TPPAYOXKWOI5XBA,50472.0,50472.0,INR
6343,6343,2026-08-26 12:15:19,Wallet,Paid,TPPAYGX4AEQG368,12161.0,0.0,INR
6344,6344,2023-12-29 18:29:01,Debit Card,Paid,TPPAY21REWOYWG7,81310.0,0.0,INR
6345,6345,2024-03-06 08:33:38,Credit Card,Paid,TPPAYLTH7239HH6,143415.8,0.0,INR
6346,6346,2026-05-15 07:30:51,Net Banking,Paid,TPPAY0SBJGEE8Z6,94640.0,0.0,INR
6347,6347,2025-04-25 08:08:44,UPI,Refunded,TPPAY5NNWLDH7GE,109815.0,109815.0,INR
6348,6348,2026-02-22 06:22:15,Debit Card,Refunded,TPPAYMQV7BPCPLZ,80496.0,80496.0,INR
6349,6349,2026-08-02 08:08:49,UPI,Refunded,TPPAYXX1YX95YBQ,98659.4,80496.0,INR
6350,6350,2026-06-29 10:56:04,UPI,Paid,TPPAYE8S6U01JQ1,44292.0,0.0,INR
6351,6351,2024-09-06 17:50:12,Debit Card,Paid,TPPAYHULSSOC0T1,81124.0,0.0,INR
6352,6352,2026-05-18 20:04:02,Debit Card,Paid,TPPAYDWLADW1VSF,15262.7,0.0,INR
6353,6353,2026-07-23 17:22:24,Debit Card,Paid,TPPAYPGW6UF5V64,18636.0,0.0,INR
6354,6354,2024-10-17 16:53:08,Credit Card,Paid,TPPAYM8TQHSWFY3,152812.0,0.0,INR
6355,6355,2025-09-16 01:30:19,UPI,Paid,TPPAYQHOXT6GAQE,46150.05,0.0,INR
6356,6356,2026-08-29 14:48:24,Credit Card,Paid,TPPAYH5VZ7EH1C9,21811.0,0.0,INR
6357,6357,2026-06-24 02:26:33,UPI,Paid,TPPAYF3J6V66RTI,30430.8,0.0,INR
6358,6358,2026-06-13 16:42:48,UPI,Paid,TPPAY59QLEQ8P4P,99189.0,0.0,INR
6359,6359,2025-12-20 00:11:40,UPI,Paid,TPPAY5DXO6BDX7T,61398.0,0.0,INR
6360,6360,2026-07-29 00:46:37,UPI,Refunded,TPPAYOTNJMGFQPH,32778.0,32778.0,INR
6361,6361,2023-10-05 01:35:28,Net Banking,Paid,TPPAY33CGPIE3N3,111095.85,0.0,INR
6362,6362,2026-08-14 12:30:00,UPI,Paid,TPPAY9LWFDXJNXH,93364.0,0.0,INR
6363,6363,2026-06-16 14:44:13,UPI,Paid,TPPAYWK7S7NL46A,20934.0,0.0,INR
6364,6364,2026-08-24 08:08:50,Debit Card,Paid,TPPAYQHZMILSOXI,48250.0,0.0,INR
6365,6365,2026-09-01 10:28:00,Credit Card,Paid,TPPAY0JF8T2HW4A,94640.0,0.0,INR
6366,6366,2026-07-18 10:37:34,UPI,Paid,TPPAYZKOLNY6MHQ,27902.7,0.0,INR
6367,6367,2026-06-24 17:08:53,UPI,Paid,TPPAYYYEG2JVS87,18944.0,0.0,INR
6368,6368,2023-10-19 08:25:16,UPI,Paid,TPPAY1Q4K5TNZ34,27097.2,0.0,INR
6369,6369,2025-02-04 10:49:11,Credit Card,Paid,TPPAYECCP15CGO5,162620.0,0.0,INR
6370,6370,2024-05-15 14:39:01,UPI,Paid,TPPAY09WOE0YWI6,23068.8,0.0,INR
6371,6371,2023-10-25 02:29:05,UPI,Paid,TPPAY7MVIJGPB8R,73629.75,0.0,INR
6372,6372,2026-07-12 16:42:52,Debit Card,Pending,TPPAYSX4ALJQJV8,0.0,0.0,INR
6373,6373,2026-09-03 14:31:19,Debit Card,Paid,TPPAYB471HRZZFP,66298.0,0.0,INR
6374,6374,2024-02-12 00:38:53,Credit Card,Paid,TPPAYQ32OBLKLBP,118354.8,0.0,INR
6375,6375,2026-06-26 13:12:32,UPI,Paid,TPPAY4W5F8R8EQV,48644.0,0.0,INR
6376,6376,2025-06-10 09:33:43,UPI,Paid,TPPAY4WNWQB8091,69516.0,0.0,INR
6377,6377,2026-03-04 02:40:55,Credit Card,Paid,TPPAYFG4H7RFBNA,79359.4,0.0,INR
6378,6378,2026-08-26 05:45:30,Net Banking,Paid,TPPAYZ531EBWDDL,109055.0,0.0,INR
6379,6379,2023-10-23 16:34:47,UPI,Paid,TPPAYRPR96SN0I7,10926.0,0.0,INR
6380,6380,2026-08-07 22:01:14,Debit Card,Paid,TPPAYNWA6HG4AJ9,11853.0,0.0,INR
6381,6381,2026-08-02 21:53:47,UPI,Paid,TPPAYSB4XOQ9XXU,46819.8,0.0,INR
6382,6382,2026-07-23 22:46:24,UPI,Paid,TPPAY4LEDK58N9C,14814.0,0.0,INR
6383,6383,2026-07-14 15:30:42,UPI,Pending,TPPAYR3AN1C6SNE,0.0,0.0,INR
6384,6384,2024-03-02 07:44:27,Net Banking,Paid,TPPAYMANXWEDG9H,73210.0,0.0,INR
6385,6385,2024-02-15 16:50:26,Wallet,Paid,TPPAY8Y7SN4VHID,38136.8,0.0,INR
6386,6386,2026-06-12 03:28:34,UPI,Pending,TPPAY8B7C5Q60IA,0.0,0.0,INR
6387,6387,2026-06-09 17:42:26,Credit Card,Paid,TPPAYJH13RGHT45,69420.0,0.0,INR
6388,6388,2026-07-10 23:15:15,UPI,Refunded,TPPAY328HL3XS2U,33567.0,33567.0,INR
6389,6389,2026-07-04 12:45:21,UPI,Paid,TPPAYV5ZOEB7DK8,79462.75,0.0,INR
6390,6390,2026-09-04 05:46:26,UPI,Paid,TPPAYR4Y4F8AR63,46819.8,0.0,INR
6391,6391,2026-07-15 07:13:52,Net Banking,Paid,TPPAYQMF8KNGK1D,29538.0,0.0,INR
6392,6392,2026-06-30 04:39:43,UPI,Paid,TPPAY9PHL34BCNS,69800.3,0.0,INR
6393,6393,2026-03-23 07:18:09,Credit Card,Paid,TPPAYBMGAYGJGL8,38280.0,0.0,INR
6394,6394,2024-04-09 07:08:40,UPI,Paid,TPPAY08WTT5XKCJ,29636.0,0.0,INR
6395,6395,2025-02-11 12:08:36,UPI,Paid,TPPAYQAVHEDIP8U,37035.0,0.0,INR
6396,6396,2024-05-12 14:17:27,UPI,Paid,TPPAYJA8HXPYGF8,18944.0,0.0,INR
6397,6397,2026-08-27 04:09:55,Debit Card,Paid,TPPAYJV0B1EXVEU,20070.0,0.0,INR
6398,6398,2026-09-02 13:07:15,Wallet,Paid,TPPAYYGQGEOO8RI,39834.4,0.0,INR
6399,6399,2026-07-24 21:56:00,UPI,Pending,TPPAYC2FE94XMBK,0.0,0.0,INR
6400,6400,2026-06-18 10:08:11,UPI,Paid,TPPAYIRSWX023UE,35114.85,0.0,INR
6401,6401,2024-12-18 18:20:07,Debit Card,Paid,TPPAY0MCDSC7Y6E,121104.0,0.0,INR
6402,6402,2026-08-26 14:42:11,UPI,Paid,TPPAYHQCULOUGG5,155010.0,0.0,INR
6403,6403,2025-05-04 10:47:52,UPI,Paid,TPPAYTT38L7BLXW,50180.0,0.0,INR
6404,6404,2026-09-01 20:18:26,UPI,Paid,TPPAYHP9S9QR8XO,95826.5,0.0,INR
6405,6405,2025-10-01 07:09:36,UPI,Paid,TPPAYS4C73W6LM3,21852.0,0.0,INR
6406,6406,2026-06-09 19:51:12,UPI,Paid,TPPAYV4977VEJMT,36388.8,0.0,INR
6407,6407,2026-08-13 10:04:57,UPI,Refunded,TPPAYLZELQ48GPZ,84120.0,84120.0,INR
6408,6408,2026-07-01 19:05:13,UPI,Refunded,TPPAYN915DZBDJT,49983.3,84120.0,INR
6409,6409,2025-01-12 05:22:26,Debit Card,Paid,TPPAYDDYU65MZX9,32444.0,0.0,INR
6410,6410,2024-11-27 18:17:19,Debit Card,Paid,TPPAY2OFNT2XOQZ,107681.4,0.0,INR
6411,6411,2026-08-02 01:18:03,Wallet,Paid,TPPAYHUKTPER7VD,84120.0,0.0,INR
6412,6412,2024-02-16 04:55:14,UPI,Paid,TPPAYXWCKK2DT1M,101108.0,0.0,INR
6413,6413,2025-03-03 16:53:54,Credit Card,Refunded,TPPAYEYQ2SX6R03,25632.0,25632.0,INR
6414,6414,2024-06-16 23:17:56,UPI,Refunded,TPPAYQRQ4864IHH,92097.0,92097.0,INR
6415,6415,2026-04-03 09:44:09,Credit Card,Paid,TPPAYT94DZ3K9UB,90578.4,0.0,INR
6416,6416,2025-09-16 00:51:04,Wallet,Paid,TPPAY972Q9RRLHE,23432.0,0.0,INR
6417,6417,2025-12-04 17:04:07,Debit Card,Paid,TPPAYDMQGYYIYQ5,14356.0,0.0,INR
6418,6418,2026-09-03 11:41:44,Credit Card,Paid,TPPAYCGOW1L1SFT,30814.2,0.0,INR
6419,6419,2026-07-23 09:41:13,UPI,Pending,TPPAY7RRA04MKJY,0.0,0.0,INR
6420,6420,2026-08-16 01:35:04,Wallet,Paid,TPPAYG0BYP62B30,25908.0,0.0,INR
6421,6421,2024-03-11 03:38:46,Debit Card,Paid,TPPAY8FPA6QL9I8,16279.2,0.0,INR
6422,6422,2026-08-20 08:16:16,UPI,Paid,TPPAYJBTE40EMFO,32160.0,0.0,INR
6423,6423,2026-07-23 23:32:36,Net Banking,Paid,TPPAYASQ41JV2O3,87048.0,0.0,INR
6424,6424,2026-08-19 10:21:12,UPI,Paid,TPPAY7FBNDGW1K8,17088.0,0.0,INR
6425,6425,2026-06-22 00:26:24,Debit Card,Paid,TPPAYN8KZAR82AW,69516.0,0.0,INR
6426,6426,2024-07-05 20:53:57,UPI,Paid,TPPAY1H0UUZHIS2,108510.0,0.0,INR
6427,6427,2025-04-24 05:53:14,Net Banking,Paid,TPPAYN4OO92KI81,103602.25,0.0,INR
6428,6428,2026-08-14 01:34:03,UPI,Paid,TPPAYDM0OACC6T9,21811.0,0.0,INR
6429,6429,2026-08-18 02:05:19,Debit Card,Paid,TPPAYKW0Z21NYHD,57296.0,0.0,INR
6430,6430,2025-02-17 23:28:32,UPI,Paid,TPPAYD8HGJ2O0MJ,45180.0,0.0,INR
6431,6431,2026-06-24 07:08:15,Net Banking,Paid,TPPAYXEQAFGXTAG,115601.7,0.0,INR
6432,6432,2026-07-09 13:07:47,UPI,Paid,TPPAYJ1Z1DV4PGI,90828.0,0.0,INR
6433,6433,2026-08-23 01:01:03,UPI,Refunded,TPPAYBV6M6P3GT3,27108.0,27108.0,INR
6434,6434,2025-10-21 17:11:17,Credit Card,Paid,TPPAYBKYSPW6OI0,31060.0,0.0,INR
6435,6435,2026-07-19 03:09:11,UPI,Paid,TPPAYTRIW5ZD5CN,116151.0,0.0,INR
6436,6436,2026-08-12 07:32:11,UPI,Paid,TPPAYOX7S5BA9IS,40144.0,0.0,INR
6437,6437,2025-11-02 11:22:50,Net Banking,Paid,TPPAY24HODK9KW8,32160.0,0.0,INR
6438,6438,2024-10-01 14:07:03,UPI,Paid,TPPAYH1513CA0UJ,33219.0,0.0,INR
6439,6439,2026-08-27 23:26:36,Net Banking,Pending,TPPAYBXOPULC6DX,0.0,0.0,INR
6440,6440,2026-06-29 22:35:54,Credit Card,Pending,TPPAYX37PCYLX6C,0.0,0.0,INR
6441,6441,2026-08-20 09:38:17,UPI,Refunded,TPPAY484F2999CS,104274.0,104274.0,INR
6442,6442,2025-11-10 00:26:46,UPI,Paid,TPPAYTOTZOLBYH6,30624.0,0.0,INR
6443,6443,2026-08-20 15:52:09,UPI,Paid,TPPAY8JZW9U7FLA,77215.0,0.0,INR
6444,6444,2025-06-24 10:38:39,Net Banking,Paid,TPPAYNAXF0RO7LW,38862.0,0.0,INR
6445,6445,2026-08-10 07:58:47,Debit Card,Paid,TPPAY128US7CXT4,7951.75,0.0,INR
6446,6446,2026-06-26 09:59:56,Credit Card,Paid,TPPAY47XOS9QYF9,44468.0,0.0,INR
6447,6447,2026-06-29 12:32:27,Credit Card,Refunded,TPPAY3JB10ISOQM,24350.4,24350.4,INR
6448,6448,2025-11-16 19:07:52,UPI,Paid,TPPAYFAP2CFNWSN,35559.0,0.0,INR
6449,6449,2026-08-12 14:44:27,Net Banking,Paid,TPPAYZCLDVZVHU2,10926.0,0.0,INR
6450,6450,2026-08-16 21:37:55,UPI,Pending,TPPAYKCBUQ65J7H,0.0,0.0,INR
6451,6451,2023-09-22 14:03:08,Debit Card,Paid,TPPAY9GWEG0J1IQ,32121.4,0.0,INR
6452,6452,2026-07-09 07:19:46,UPI,Paid,TPPAYCPGBJSFBBC,99189.0,0.0,INR
6453,6453,2025-09-03 12:57:45,UPI,Paid,TPPAYPKU75RLVJ4,49039.0,0.0,INR
6454,6454,2026-07-15 07:37:20,Credit Card,Paid,TPPAYC7WPKD9EA8,69113.5,0.0,INR
6455,6455,2026-07-18 23:01:49,UPI,Paid,TPPAYLNEN6CRV0A,33351.0,0.0,INR
6456,6456,2026-07-29 04:54:24,UPI,Paid,TPPAYJK47B0YS98,93006.0,0.0,INR
6457,6457,2026-09-07 17:17:46,UPI,Paid,TPPAYIUEA7V0H8N,119646.0,0.0,INR
6458,6458,2026-06-27 05:35:09,UPI,Paid,TPPAYCHFD3M1O9P,60976.0,0.0,INR
6459,6459,2025-07-10 03:29:13,Credit Card,Paid,TPPAY8Y2X3B2NS6,130212.0,0.0,INR
6460,6460,2026-06-20 04:55:55,Credit Card,Paid,TPPAY6BHSBXRZYY,104130.0,0.0,INR
6461,6461,2024-07-27 01:54:03,UPI,Paid,TPPAYWXAHW6LI0P,72309.6,0.0,INR
6462,6462,2026-08-13 03:58:16,UPI,Paid,TPPAYUBT1WZYGL4,155530.0,0.0,INR
6463,6463,2023-10-04 02:15:39,UPI,Paid,TPPAYNHZBV9N3HO,87932.0,0.0,INR
6464,6464,2025-06-02 13:14:41,Credit Card,Paid,TPPAYUVVL67AJA2,33952.0,0.0,INR
6465,6465,2026-08-21 00:48:35,UPI,Paid,TPPAY1456R0KXWD,69446.4,0.0,INR
6466,6466,2025-10-12 04:11:26,Net Banking,Refunded,TPPAYXDOV29R0CV,108510.0,108510.0,INR
6467,6467,2026-08-07 22:43:26,Debit Card,Pending,TPPAYBKDTFSL70S,0.0,0.0,INR
6468,6468,2026-06-26 14:30:40,Credit Card,Paid,TPPAYJECH65TJM9,37386.0,0.0,INR
6469,6469,2026-08-01 17:51:34,Debit Card,Paid,TPPAYJVB8MHK214,81310.0,0.0,INR
6470,6470,2024-12-14 16:19:43,UPI,Paid,TPPAYG14JK8QA4L,114609.0,0.0,INR
6471,6471,2026-08-04 07:42:53,UPI,Refunded,TPPAY8GJLBM84WY,13392.0,13392.0,INR
6472,6472,2026-06-14 16:30:29,UPI,Paid,TPPAY6UU0156OJ7,102002.4,0.0,INR
6473,6473,2026-07-28 01:14:10,Debit Card,Paid,TPPAYCLTZCGG3CD,108510.0,0.0,INR
6474,6474,2026-08-25 05:32:35,Credit Card,Paid,TPPAYU34MDY4Y5W,14670.85,0.0,INR
6475,6475,2026-09-09 01:31:23,UPI,Paid,TPPAYFC3VGQQN9F,113223.0,0.0,INR
6476,6476,2025-10-30 11:01:16,Credit Card,Paid,TPPAYWQ0ZMB1AWW,113336.0,0.0,INR
6477,6477,2026-08-02 10:41:37,UPI,Paid,TPPAY28AZLDTSU2,39207.0,0.0,INR
6478,6478,2026-06-18 20:05:28,Debit Card,Pending,TPPAYLJCFBR3T8H,0.0,0.0,INR
6479,6479,2026-06-18 04:05:26,UPI,Paid,TPPAYJ5VE2CVQLK,75775.8,0.0,INR
6480,6480,2026-07-29 07:17:23,UPI,Pending,TPPAYHDBXAYQWIQ,0.0,0.0,INR
6481,6481,2024-06-24 16:29:48,UPI,Paid,TPPAYS4QD3P3OXK,57165.0,0.0,INR
6482,6482,2026-06-12 05:48:55,Debit Card,Paid,TPPAYTQ63AFN74I,133043.7,0.0,INR
6483,6483,2026-07-01 15:08:51,Credit Card,Refunded,TPPAYEBPBSJCOKF,17579.2,17579.2,INR
6484,6484,2026-07-18 22:39:51,UPI,Paid,TPPAYCSFHA8CJZL,25359.0,0.0,INR
6485,6485,2025-06-10 18:06:28,Debit Card,Paid,TPPAY04D4RY7AQJ,113336.0,0.0,INR
6486,6486,2026-06-30 19:40:40,Credit Card,Paid,TPPAYDZ4QJ57MYJ,21974.0,0.0,INR
6487,6487,2025-01-27 22:58:42,UPI,Paid,TPPAYKOBGS1Z37Z,86226.0,0.0,INR
6488,6488,2026-08-07 02:20:29,Credit Card,Paid,TPPAYWSI75HDQNW,27215.6,0.0,INR
6489,6489,2026-07-12 10:46:45,UPI,Refunded,TPPAYJAZTHB3K7O,59823.0,59823.0,INR
6490,6490,2026-08-05 12:30:37,Credit Card,Paid,TPPAY3218JXDBTA,88652.1,0.0,INR
6491,6491,2026-08-25 13:05:49,Credit Card,Paid,TPPAYDJ9FVQGS62,93435.0,0.0,INR
6492,6492,2026-08-09 23:58:15,UPI,Paid,TPPAYX7PHVT764J,28728.0,0.0,INR
6493,6493,2026-07-10 19:11:25,UPI,Refunded,TPPAYVW0BDD9PK8,151662.0,151662.0,INR
6494,6494,2026-07-04 22:20:05,UPI,Pending,TPPAYCK3MD4HX0O,0.0,0.0,INR
6495,6495,2024-06-23 02:04:13,Net Banking,Paid,TPPAYF0OV59N76W,139099.0,0.0,INR
6496,6496,2026-04-08 04:20:53,Debit Card,Paid,TPPAYR0V70ZAB0G,35148.0,0.0,INR
6497,6497,2026-07-17 00:39:14,Credit Card,Paid,TPPAYU2R1Q0M2KK,22823.1,0.0,INR
6498,6498,2025-10-19 17:42:53,Credit Card,Paid,TPPAYWVAHQ12S5G,13069.0,0.0,INR
6499,6499,2026-06-14 19:43:58,Credit Card,Paid,TPPAYTJ2FL16T5L,85365.5,0.0,INR
6500,6500,2025-10-24 17:15:53,UPI,Paid,TPPAY7FHOXEID6I,103340.0,0.0,INR
6501,6501,2025-12-27 10:55:56,UPI,Paid,TPPAYNOBVNU8TKJ,114330.0,0.0,INR
6502,6502,2026-09-04 02:39:03,UPI,Paid,TPPAY6QM13RTQOI,155530.0,0.0,INR
6503,6503,2026-06-24 03:34:16,Credit Card,Paid,TPPAYVSCEZ02HRK,94719.75,0.0,INR
6504,6504,2026-01-31 16:27:35,UPI,Paid,TPPAYXOCAGMI3XJ,80496.0,0.0,INR
6505,6505,2026-07-10 01:44:21,Debit Card,Paid,TPPAYVLZF0XDTJV,59629.2,0.0,INR
6506,6506,2024-04-15 22:22:00,Debit Card,Paid,TPPAYZ1XKBZEZ11,34975.8,0.0,INR
6507,6507,2026-03-27 04:03:49,Credit Card,Paid,TPPAY9P90HINVHP,21930.0,0.0,INR
6508,6508,2025-02-11 00:09:14,Credit Card,Paid,TPPAYX5S0YI8YLT,21974.0,0.0,INR
6509,6509,2026-07-02 09:08:57,UPI,Refunded,TPPAYAXEJSNISTM,13380.0,13380.0,INR
6510,6510,2026-07-31 03:28:30,UPI,Paid,TPPAYV5QGJ7726C,35559.0,0.0,INR
6511,6511,2026-08-15 22:44:23,Credit Card,Paid,TPPAY38FIJIYOXI,22260.4,0.0,INR
6512,6512,2026-08-19 23:30:40,UPI,Paid,TPPAYCSDKJVMQI6,50180.0,0.0,INR
6513,6513,2024-07-29 09:07:17,UPI,Paid,TPPAYERWC6KS2AR,49318.3,0.0,INR
6514,6514,2024-09-26 22:22:03,Credit Card,Paid,TPPAYHIB0N1XSCW,55128.5,0.0,INR
6515,6515,2024-06-18 15:39:20,Net Banking,Paid,TPPAYEJTUTLWVNZ,10827.0,0.0,INR
6516,6516,2026-09-06 16:29:26,UPI,Paid,TPPAYX2TGZ18T65,12834.0,0.0,INR
6517,6517,2026-07-27 04:56:15,UPI,Pending,TPPAYR067CMC555,0.0,0.0,INR
6518,6518,2026-08-05 10:26:57,Credit Card,Refunded,TPPAYI782NPUSIZ,38674.8,38674.8,INR
6519,6519,2026-07-09 16:27:18,UPI,Pending,TPPAYL85CNKWOQQ,0.0,0.0,INR
6520,6520,2026-08-08 08:33:21,Credit Card,Pending,TPPAYT56R93M6DH,0.0,0.0,INR
6521,6521,2026-08-22 06:31:41,Debit Card,Refunded,TPPAYPKAPPQ4MCP,26784.0,26784.0,INR
6522,6522,2026-04-19 02:37:42,UPI,Paid,TPPAY2LDLIIFD67,75831.0,0.0,INR
6523,6523,2026-07-30 05:23:13,Credit Card,Pending,TPPAYCN2W59ZOR6,0.0,0.0,INR
6524,6524,2024-09-26 00:42:05,Credit Card,Paid,TPPAY5HYA5D5PM0,62478.0,0.0,INR
6525,6525,2026-06-21 01:36:50,UPI,Paid,TPPAY05FAQ1EKPF,108510.0,0.0,INR
6526,6526,2026-08-30 07:52:16,Debit Card,Pending,TPPAYDYU6BBWUYR,0.0,0.0,INR
6527,6527,2025-05-06 18:55:20,Debit Card,Paid,TPPAYKBNWUO2KKM,90783.0,0.0,INR
6528,6528,2026-07-01 00:12:24,Net Banking,Paid,TPPAYFTELU7IERS,77962.0,0.0,INR
6529,6529,2025-09-11 10:09:47,Wallet,Paid,TPPAYXHP5CV7A9O,33390.6,0.0,INR
6530,6530,2023-12-15 18:05:39,Net Banking,Paid,TPPAY7MU15S3AGD,76406.0,0.0,INR
6531,6531,2026-06-25 16:37:14,Debit Card,Refunded,TPPAY9EZJZWS3KE,73474.0,73474.0,INR
6532,6532,2026-08-07 14:31:57,UPI,Refunded,TPPAYCS8W0HTDJ2,141960.0,141960.0,INR
6533,6533,2024-08-01 06:04:38,UPI,Paid,TPPAY4G9910YLLT,61432.0,0.0,INR
6534,6534,2026-06-27 04:59:13,UPI,Refunded,TPPAYCO0EKYLCO0,32444.0,32444.0,INR
6535,6535,2026-08-12 22:11:50,Wallet,Pending,TPPAY20F6793HD4,0.0,0.0,INR
6536,6536,2026-07-26 10:40:49,Credit Card,Paid,TPPAYNTXC7JMDRG,19152.0,0.0,INR
6537,6537,2026-07-14 18:17:50,Debit Card,Paid,TPPAYZVGTTLQJFW,15312.0,0.0,INR
6538,6538,2025-11-03 21:53:06,UPI,Refunded,TPPAY1DM3P14WI1,32444.0,32444.0,INR
6539,6539,2026-09-05 14:32:31,Debit Card,Paid,TPPAY6JO2CP9XTI,124424.0,0.0,INR
6540,6540,2026-08-29 08:27:52,Credit Card,Paid,TPPAYFYPX9QPB2G,108510.0,0.0,INR
6541,6541,2025-10-14 21:45:51,Debit Card,Paid,TPPAYQAMU6DB7ZP,46074.0,0.0,INR
6542,6542,2026-06-14 01:39:27,Wallet,Paid,TPPAY1HOUMKJH9G,76501.8,0.0,INR
6543,6543,2026-04-30 07:28:33,UPI,Paid,TPPAYFDR00VZIL5,90828.0,0.0,INR
6544,6544,2024-04-06 11:26:58,UPI,Paid,TPPAYFC4KFWOR8Z,87048.0,0.0,INR
6545,6545,2026-07-17 23:05:10,Credit Card,Paid,TPPAYEPOVYFWOWX,186636.0,0.0,INR
6546,6546,2026-06-18 11:18:37,Debit Card,Paid,TPPAYNVVDGKABX4,100430.0,0.0,INR
6547,6547,2025-12-18 13:05:05,Debit Card,Paid,TPPAYH1BPXB50WI,122796.0,0.0,INR
6548,6548,2025-12-12 22:19:00,UPI,Paid,TPPAYYBO5EHVFE9,104274.0,0.0,INR
6549,6549,2024-03-23 06:47:29,UPI,Paid,TPPAYL5R5Y7DH7R,61398.0,0.0,INR
6550,6550,2025-02-06 01:46:32,Credit Card,Paid,TPPAYUHZIJ3P5Z9,162248.0,0.0,INR
6551,6551,2024-09-08 17:15:39,UPI,Paid,TPPAY8UFJSUUMWN,65286.0,0.0,INR
6552,6552,2026-07-13 17:02:09,UPI,Paid,TPPAYK2F670YDVW,86808.0,0.0,INR
6553,6553,2026-06-15 08:00:06,Wallet,Paid,TPPAYNKU7DA54WB,16066.0,0.0,INR
6554,6554,2025-12-02 16:27:41,Credit Card,Paid,TPPAY01AAPR1AQE,61432.0,0.0,INR
6555,6555,2026-08-19 13:12:12,Credit Card,Paid,TPPAYBCUECZQB76,155924.0,0.0,INR
6556,6556,2024-09-23 06:34:46,Wallet,Paid,TPPAYKDJ153CMCU,41540.0,0.0,INR
6557,6557,2026-08-08 08:38:54,UPI,Paid,TPPAY78BPYQ2I32,8837.0,0.0,INR
6558,6558,2026-08-09 09:11:11,Net Banking,Paid,TPPAYMBHVY8OEM7,32444.0,0.0,INR
6559,6559,2025-01-20 15:15:16,UPI,Paid,TPPAY9QQAA1M968,116151.0,0.0,INR
6560,6560,2026-05-26 20:34:22,Credit Card,Paid,TPPAYSLXHP4MF0U,35292.0,0.0,INR
6561,6561,2024-03-21 16:52:05,UPI,Refunded,TPPAY6EWRVFJVY7,112414.2,112414.2,INR
6562,6562,2024-04-11 11:40:05,Credit Card,Paid,TPPAYN3CDP7ZDO5,82467.6,0.0,INR
6563,6563,2024-10-12 00:42:31,Net Banking,Paid,TPPAYLAL5RHRMQ6,18064.8,0.0,INR
6564,6564,2024-07-15 23:16:23,UPI,Refunded,TPPAYV12474P34C,20698.0,20698.0,INR
6565,6565,2026-06-18 21:35:18,Credit Card,Paid,TPPAYVK6L1FNEHI,113663.7,0.0,INR
6566,6566,2026-08-08 19:52:41,Credit Card,Refunded,TPPAYPLHHZ4G7WM,37082.3,37082.3,INR
6567,6567,2026-02-22 10:09:16,UPI,Paid,TPPAY3G8OAA39AS,121104.0,0.0,INR
6568,6568,2025-05-03 17:40:58,UPI,Paid,TPPAYPN46AGPX90,61772.0,0.0,INR
6569,6569,2026-08-10 03:13:18,Wallet,Paid,TPPAYERN4E0RRUO,77603.4,0.0,INR
6570,6570,2025-12-27 12:33:54,Credit Card,Paid,TPPAYT5Y86VEG0I,48579.0,0.0,INR
6571,6571,2026-08-29 10:49:56,Debit Card,Paid,TPPAYG8YSWBV1BK,25810.0,0.0,INR
6572,6572,2026-07-25 05:29:52,UPI,Paid,TPPAY75X60VSOKH,115866.75,0.0,INR
6573,6573,2026-05-17 08:23:41,UPI,Paid,TPPAYV78CUE08GP,16729.0,0.0,INR
6574,6574,2026-07-16 15:48:25,UPI,Paid,TPPAYCLPWEZ2ZUD,38715.0,0.0,INR
6575,6575,2026-08-12 08:54:44,Credit Card,Paid,TPPAYCZI86LUXAP,21852.0,0.0,INR
6576,6576,2026-08-06 19:21:33,UPI,Pending,TPPAYPYQ3MUQSSO,0.0,0.0,INR
6577,6577,2026-08-08 17:18:04,Credit Card,Paid,TPPAYGV4RF5AV9R,80910.0,0.0,INR
6578,6578,2023-12-31 21:23:50,Wallet,Paid,TPPAY9RW29OREPW,116943.0,0.0,INR
6579,6579,2026-06-23 16:59:12,UPI,Paid,TPPAY5VP1CYPFVS,49230.0,0.0,INR
6580,6580,2026-06-28 20:03:17,UPI,Paid,TPPAYVRA727AKQ1,162620.0,0.0,INR
6581,6581,2026-06-27 09:04:51,Credit Card,Paid,TPPAYLZ32IS2Z7S,66126.0,0.0,INR
6582,6582,2026-08-25 19:43:32,UPI,Paid,TPPAYEKIW00PJI9,32160.0,0.0,INR
6583,6583,2024-02-24 09:45:16,Wallet,Paid,TPPAYV2ZWTLLXEZ,86808.0,0.0,INR
6584,6584,2026-08-20 12:58:32,Credit Card,Pending,TPPAY4YXHY3KKK6,0.0,0.0,INR
6585,6585,2025-09-20 03:33:57,Wallet,Paid,TPPAYNVKH1WFU6T,109055.0,0.0,INR
6586,6586,2026-08-23 02:18:29,Debit Card,Paid,TPPAYBHGHHKVLR8,104274.0,0.0,INR
6587,6587,2026-07-09 10:35:52,Debit Card,Paid,TPPAYKILTBKZNIC,12920.4,0.0,INR
6588,6588,2026-06-27 21:36:31,Credit Card,Pending,TPPAYC2Z4P0YL2P,0.0,0.0,INR
6589,6589,2026-07-16 12:08:15,UPI,Pending,TPPAYA6NP4PO8H8,0.0,0.0,INR
6590,6590,2025-04-16 11:19:03,UPI,Refunded,TPPAYXRJVRTWHTX,36252.0,36252.0,INR
6591,6591,2026-07-19 07:37:48,UPI,Paid,TPPAYFKGR5DNP1X,7951.75,0.0,INR
6592,6592,2026-07-23 22:28:14,UPI,Paid,TPPAYY5QLS13MO9,8837.0,0.0,INR
6593,6593,2024-02-13 20:28:19,UPI,Paid,TPPAYGCCM2HB71T,152812.0,0.0,INR
6594,6594,2026-06-20 22:39:33,UPI,Paid,TPPAYEC0QXOCZWA,129175.0,0.0,INR
6595,6595,2026-07-10 13:55:34,UPI,Paid,TPPAYXWSQHHVQUJ,108613.5,0.0,INR
6596,6596,2026-06-18 22:27:36,UPI,Paid,TPPAY3JEKUQB78U,51448.5,0.0,INR
6597,6597,2026-07-13 23:14:43,UPI,Paid,TPPAYRK98EHHOS4,57165.0,0.0,INR
6598,6598,2026-02-23 04:09:15,UPI,Paid,TPPAYZN4XLAJI3N,107880.0,0.0,INR
6599,6599,2026-08-02 20:41:18,Net Banking,Paid,TPPAY1Z13FDTUJ2,28154.2,0.0,INR
6600,6600,2024-11-13 13:19:33,Credit Card,Paid,TPPAYQFBU1381DT,43704.0,0.0,INR
6601,6601,2026-06-28 08:30:48,UPI,Paid,TPPAYFHMIMLXFHH,65286.0,0.0,INR
6602,6602,2024-05-03 03:22:40,Credit Card,Paid,TPPAY4SHQL9UO8B,121965.0,0.0,INR
6603,6603,2026-07-22 11:31:29,Credit Card,Paid,TPPAY2ZMKLIDSXH,20759.4,0.0,INR
6604,6604,2024-05-31 20:41:38,Debit Card,Refunded,TPPAYBZWOD8XB4T,35148.0,35148.0,INR
6605,6605,2026-08-19 19:57:17,Net Banking,Paid,TPPAYKM0FEH3IH9,29875.8,0.0,INR
6606,6606,2024-09-20 13:18:23,Debit Card,Paid,TPPAYXIE9EVYUI5,29076.0,0.0,INR
6607,6607,2026-08-30 18:35:22,Debit Card,Pending,TPPAYCWT23CP8GE,0.0,0.0,INR
6608,6608,2026-07-16 15:17:28,Debit Card,Paid,TPPAYHOW6QG7FWT,38280.0,0.0,INR
6609,6609,2026-08-17 00:51:04,UPI,Paid,TPPAY9BXXTDOTHL,24322.0,0.0,INR
6610,6610,2026-06-23 16:53:28,Debit Card,Paid,TPPAYRZXH7HBZND,108810.0,0.0,INR
6611,6611,2025-03-15 09:37:40,Debit Card,Paid,TPPAYNVPY6U05MP,76406.0,0.0,INR
6612,6612,2025-01-25 08:27:02,Credit Card,Paid,TPPAY42QYS50N8R,124089.0,0.0,INR
6613,6613,2026-06-30 18:18:51,Credit Card,Paid,TPPAYL9VE0TAK02,68421.6,0.0,INR
6614,6614,2026-06-11 23:54:04,UPI,Paid,TPPAYWZVRGBMYWC,43096.0,0.0,INR
6615,6615,2026-08-22 02:12:51,UPI,Refunded,TPPAYFFXDB5SXKC,120666.0,120666.0,INR
6616,6616,2026-08-14 07:00:22,UPI,Paid,TPPAYCROAN7HAJ8,10437.65,0.0,INR
6617,6617,2026-07-05 18:13:16,Credit Card,Paid,TPPAYMQ1TOXTOFH,103852.0,0.0,INR
6618,6618,2024-07-18 07:19:45,UPI,Paid,TPPAYT7VFCAQOBA,55365.0,0.0,INR
6619,6619,2026-08-13 15:46:37,Credit Card,Paid,TPPAYHDLPBXFF1D,115866.75,0.0,INR
6620,6620,2024-03-11 04:02:22,UPI,Paid,TPPAYI1ZPPNC0AM,15262.7,0.0,INR
6621,6621,2026-08-26 15:51:02,Wallet,Paid,TPPAY04LAF1ZF60,54594.0,0.0,INR
6622,6622,2026-05-06 01:14:13,Credit Card,Paid,TPPAY5U3PNZDK3D,47945.0,0.0,INR
6623,6623,2026-09-06 23:43:08,UPI,Refunded,TPPAY8XXLSYQG3K,132080.4,132080.4,INR
6624,6624,2026-07-20 15:49:07,UPI,Paid,TPPAY7QEGSZ0UXH,27108.0,0.0,INR
6625,6625,2025-07-15 05:31:49,UPI,Paid,TPPAY0QO1S8D19Z,151662.0,0.0,INR
6626,6626,2026-05-02 14:27:21,UPI,Paid,TPPAYUS63KI3OAS,75482.0,0.0,INR
6627,6627,2026-08-29 04:03:57,UPI,Refunded,TPPAYINTC7X4CTG,28065.0,28065.0,INR
6628,6628,2024-07-03 01:14:20,Credit Card,Paid,TPPAYH69X4UO49F,46074.0,0.0,INR
6629,6629,2026-09-06 20:04:32,UPI,Paid,TPPAY41EDAOUS1H,47945.0,0.0,INR
6630,6630,2026-08-11 16:48:43,Wallet,Paid,TPPAYVJW993JIT9,107561.85,0.0,INR
6631,6631,2026-07-22 17:42:02,UPI,Paid,TPPAYYIY3SIUPSR,30075.0,0.0,INR
6632,6632,2026-07-15 17:30:04,Credit Card,Refunded,TPPAYM4PIJWZJ53,44307.0,44307.0,INR
6633,6633,2026-09-04 09:52:09,Net Banking,Refunded,TPPAY9YVEWAIDGE,47412.0,47412.0,INR
6634,6634,2026-08-26 14:47:16,UPI,Paid,TPPAYHP8ZYYCA99,47412.0,0.0,INR
6635,6635,2026-08-20 12:19:10,Credit Card,Paid,TPPAY0QDZMZX57M,98345.0,0.0,INR
6636,6636,2026-06-20 04:43:22,Credit Card,Paid,TPPAYFT3QUSZOFX,93364.0,0.0,INR
6637,6637,2026-07-16 00:58:36,Debit Card,Paid,TPPAYHTSCK4AB0V,18063.0,0.0,INR
6638,6638,2026-08-07 10:25:18,Debit Card,Paid,TPPAYMXL2QOBZZY,83986.2,0.0,INR
6639,6639,2026-07-16 07:14:43,Credit Card,Paid,TPPAYU6C2L6FNQZ,8395.15,0.0,INR
6640,6640,2024-02-28 23:31:32,Credit Card,Paid,TPPAY3QN49O0U9X,43704.0,0.0,INR
6641,6641,2024-07-30 20:21:29,Net Banking,Paid,TPPAY1SDG50OKPE,29538.0,0.0,INR
6642,6642,2024-02-07 03:02:24,UPI,Paid,TPPAYFY6XYJLH43,18710.0,0.0,INR
6643,6643,2026-08-12 02:26:15,Debit Card,Pending,TPPAYVFNS15PKK1,0.0,0.0,INR
6644,6644,2026-07-07 21:39:27,Debit Card,Pending,TPPAYYR2G4TQUPU,17774.5,0.0,INR
6645,6645,2026-06-29 19:55:32,Net Banking,Paid,TPPAYUK1ENLQQZ9,64770.0,0.0,INR
6646,6646,2025-03-25 19:44:41,UPI,Paid,TPPAYD0Q9JU1Z34,100430.0,0.0,INR
6647,6647,2025-04-26 00:10:08,Wallet,Paid,TPPAY1LCGGG96AK,65433.0,0.0,INR
6648,6648,2026-08-22 10:32:56,Debit Card,Paid,TPPAY03ZO4C2906,58030.0,0.0,INR
6649,6649,2024-10-17 03:21:23,Debit Card,Paid,TPPAY7SAG1HZ93J,65433.0,0.0,INR
6650,6650,2026-09-04 02:13:00,UPI,Paid,TPPAY2SG5CGFMOB,37045.0,0.0,INR
6651,6651,2024-05-09 16:31:27,Debit Card,Paid,TPPAYNPLV37X5CT,15262.7,0.0,INR
6652,6652,2026-02-02 20:36:30,Credit Card,Paid,TPPAYDTQCYX505U,56668.0,0.0,INR
6653,6653,2026-08-25 18:18:38,Debit Card,Paid,TPPAY1MZX0UIU5F,103828.0,0.0,INR
6654,6654,2026-06-15 09:04:26,UPI,Paid,TPPAYZ21SCAV5Z2,76220.0,0.0,INR
6655,6655,2026-06-15 00:35:31,UPI,Paid,TPPAY58HKMKAR7K,65106.0,0.0,INR
6656,6656,2026-06-21 17:23:44,Credit Card,Paid,TPPAYC6UMIJ093J,33527.4,0.0,INR
6657,6657,2024-01-24 01:00:52,Credit Card,Refunded,TPPAYEQ38RMNIAF,19692.0,19692.0,INR
6658,6658,2024-01-12 17:36:21,UPI,Paid,TPPAY23JU7K539K,29089.8,0.0,INR
6659,6659,2024-06-13 00:39:13,Credit Card,Paid,TPPAYZ1XLT5V68J,33390.6,0.0,INR
6660,6660,2026-07-23 23:46:39,Net Banking,Paid,TPPAY9ZR1AFHWBI,22021.8,0.0,INR
6661,6661,2025-04-11 19:10:08,Credit Card,Paid,TPPAYN5023R0LZL,25908.0,0.0,INR
6662,6662,2026-08-23 10:36:42,Credit Card,Paid,TPPAYHJ7MB1OARA,62983.1,0.0,INR
6663,6663,2026-08-23 12:12:37,UPI,Paid,TPPAY6QHAM7VEY1,61605.0,0.0,INR
6664,6664,2025-05-12 14:44:24,UPI,Paid,TPPAYCXF01FN3SX,33149.0,0.0,INR
6665,6665,2025-07-10 18:15:18,Credit Card,Paid,TPPAYXK3GJ2IK7B,73210.0,0.0,INR
6666,6666,2025-08-01 16:02:25,UPI,Paid,TPPAYLZVID8IH09,77871.0,0.0,INR
6667,6667,2026-06-28 18:31:07,Credit Card,Pending,TPPAYF13RS8LG8B,0.0,0.0,INR
6668,6668,2026-07-10 14:31:36,Credit Card,Refunded,TPPAYLV4H4YPCD6,12030.0,12030.0,INR
6669,6669,2026-06-18 16:20:08,Credit Card,Paid,TPPAYWRKJWUUI25,93435.0,0.0,INR
6670,6670,2026-08-30 05:25:24,Wallet,Paid,TPPAYEFOZNJ6AGK,14370.1,0.0,INR
6671,6671,2026-06-27 00:48:48,UPI,Paid,TPPAYSM7KB2BFCS,22378.0,0.0,INR
6672,6672,2026-07-02 08:01:10,UPI,Paid,TPPAYWQ1BRW5LB0,44468.0,0.0,INR
6673,6673,2026-06-30 07:21:28,Wallet,Paid,TPPAYVUVX9D6LYA,100555.0,0.0,INR
6674,6674,2025-05-11 18:53:07,Debit Card,Paid,TPPAYKRWQ7A2DJF,51566.4,0.0,INR
6675,6675,2026-07-31 22:35:13,UPI,Paid,TPPAY80A5H14QC1,36252.0,0.0,INR
6676,6676,2025-12-05 00:31:24,UPI,Paid,TPPAYUWCS6W0CS7,32961.0,0.0,INR
6677,6677,2025-03-31 19:39:10,UPI,Paid,TPPAYZR0SZWJXYF,32444.0,0.0,INR
6678,6678,2026-06-24 22:14:41,Credit Card,Paid,TPPAYR48CVMMYXG,77434.0,0.0,INR
6679,6679,2026-08-18 19:31:15,Wallet,Paid,TPPAY8GZIG397FZ,158640.6,0.0,INR
6680,6680,2026-07-13 23:49:24,Credit Card,Paid,TPPAYMWC4A1NLYK,36388.8,0.0,INR
6681,6681,2025-12-20 05:29:00,UPI,Paid,TPPAY3WGN90NSI9,19917.2,0.0,INR
6682,6682,2025-01-12 10:10:09,UPI,Paid,TPPAYEMMRU8I30F,28065.0,0.0,INR
6683,6683,2026-07-28 14:48:14,Debit Card,Paid,TPPAYTNG15DRBEO,62006.0,0.0,INR
6684,6684,2025-11-22 10:45:15,UPI,Paid,TPPAY34TVG9TIC3,152812.0,0.0,INR
6685,6685,2026-03-22 03:17:31,UPI,Paid,TPPAY6DIIRO3SCZ,82467.6,0.0,INR
6686,6686,2024-12-14 15:35:44,UPI,Paid,TPPAY843HYNFX06,20287.2,0.0,INR
6687,6687,2024-02-26 19:49:24,Debit Card,Refunded,TPPAYVAEF1S1QM0,34818.0,34818.0,INR
6688,6688,2024-08-25 21:07:29,Net Banking,Paid,TPPAY24GCS9677S,19152.0,0.0,INR
6689,6689,2026-09-04 05:29:39,UPI,Refunded,TPPAYM4PSIP6YM7,81124.0,81124.0,INR
6690,6690,2024-11-26 02:35:48,Debit Card,Paid,TPPAYIZ50A66EBQ,123701.4,0.0,INR
6691,6691,2026-07-14 06:59:16,Credit Card,Pending,TPPAYPIJA5GQSBO,0.0,0.0,INR
6692,6692,2023-10-02 06:25:52,Net Banking,Refunded,TPPAYZDVABTX8ED,116943.0,116943.0,INR
6693,6693,2025-08-10 00:17:05,UPI,Refunded,TPPAYMHU5SDKSU7,93318.0,93318.0,INR
6694,6694,2026-08-12 03:39:26,Debit Card,Pending,TPPAYBVK93YI9A4,0.0,0.0,INR
6695,6695,2026-06-21 17:52:38,UPI,Paid,TPPAY4O4Q6T3MKL,19786.0,0.0,INR
6696,6696,2026-07-30 15:11:49,Credit Card,Paid,TPPAY2T1OG5GTAC,32301.0,0.0,INR
6697,6697,2026-08-23 05:57:57,UPI,Paid,TPPAYQRK1PGQMST,26760.0,0.0,INR
6698,6698,2025-12-07 12:52:56,Debit Card,Paid,TPPAY97ORN4PK42,22823.1,0.0,INR
6699,6699,2026-08-11 05:18:12,Credit Card,Paid,TPPAYMUP3C6A2T2,47948.4,0.0,INR
6700,6700,2026-07-04 14:26:22,UPI,Pending,TPPAY5SUJ9BQ3PO,0.0,0.0,INR
6701,6701,2023-11-29 22:18:59,UPI,Paid,TPPAYXVOQXA3YCM,76406.0,0.0,INR
6702,6702,2025-12-01 02:32:25,UPI,Paid,TPPAYDKGPDWA3XD,98345.0,0.0,INR
6703,6703,2026-08-19 23:47:58,UPI,Refunded,TPPAYHLXT7TJ4KK,66126.0,66126.0,INR
6704,6704,2026-07-25 08:57:12,Credit Card,Paid,TPPAYA4BTZTHXXF,29814.6,0.0,INR
6705,6705,2026-03-23 01:23:26,Credit Card,Paid,TPPAYPCOS0H30WB,16906.0,0.0,INR
6706,6706,2026-08-22 21:38:18,Debit Card,Paid,TPPAYUV9HVQRTJJ,15410.9,0.0,INR
6707,6707,2026-06-17 19:50:10,Debit Card,Paid,TPPAYC2BHVGFNWH,64728.0,0.0,INR
6708,6708,2026-02-26 12:28:18,UPI,Paid,TPPAYYFFFDGMQAR,23074.0,0.0,INR
6709,6709,2026-07-01 22:23:27,UPI,Paid,TPPAYABE12S6WNJ,118177.2,0.0,INR
6710,6710,2025-04-01 21:56:44,Debit Card,Paid,TPPAYU48D17WFBT,60258.0,0.0,INR
6711,6711,2024-12-30 00:12:42,UPI,Paid,TPPAYIC9GQ6EK54,114490.2,0.0,INR
6712,6712,2026-07-05 05:53:20,Credit Card,Paid,TPPAY4ACSES7A72,92097.0,0.0,INR
6713,6713,2023-12-14 10:34:16,UPI,Paid,TPPAYW8OQNW899W,24322.0,0.0,INR
6714,6714,2024-03-25 23:26:57,UPI,Paid,TPPAYHMNA2GC0ED,36483.0,0.0,INR
6715,6715,2026-07-30 04:02:49,Debit Card,Paid,TPPAYPLS3T4DMH3,109055.0,0.0,INR
6716,6716,2024-11-07 17:56:31,Credit Card,Paid,TPPAY8W66991B9V,58595.4,0.0,INR
6717,6717,2026-07-04 03:44:21,UPI,Paid,TPPAYMI5UIWAA56,40200.0,0.0,INR
6718,6718,2026-08-05 16:19:13,UPI,Paid,TPPAYMG1T3KM9DJ,64458.0,0.0,INR
6719,6719,2024-05-14 14:35:06,UPI,Paid,TPPAYQVDJOSSZM1,41396.0,0.0,INR
6720,6720,2026-07-26 15:45:49,Net Banking,Paid,TPPAYH3TE0J13NS,43704.0,0.0,INR
6721,6721,2026-08-18 19:14:54,Debit Card,Paid,TPPAYW61TBR24UP,19393.2,0.0,INR
6722,6722,2026-08-12 02:10:05,UPI,Paid,TPPAYS67YZLM5NU,93435.0,0.0,INR
6723,6723,2023-12-23 06:03:25,UPI,Paid,TPPAYHHU0P7G4E0,121320.0,0.0,INR
6724,6724,2026-07-28 12:16:23,UPI,Paid,TPPAY3T9F0FMUSC,103340.0,0.0,INR
6725,6725,2026-07-26 17:22:28,UPI,Paid,TPPAYT595V6PRCX,24099.0,0.0,INR
6726,6726,2026-03-29 12:25:22,Debit Card,Paid,TPPAYTJOO6Z20NA,21819.6,0.0,INR
6727,6727,2026-06-20 17:08:18,Debit Card,Pending,TPPAYPJRGVQY4J9,0.0,0.0,INR
6728,6728,2026-08-19 17:10:30,UPI,Paid,TPPAYFS3XYVTPGU,51926.0,0.0,INR
6729,6729,2026-01-08 05:16:29,UPI,Paid,TPPAYEPAI2QJXXG,55945.0,0.0,INR
6730,6730,2024-11-28 00:37:28,Net Banking,Paid,TPPAY8TAHQ5NJTQ,19251.0,0.0,INR
6731,6731,2024-09-05 17:11:43,Wallet,Paid,TPPAYD8H653P01T,24384.6,0.0,INR
6732,6732,2026-06-27 11:45:17,UPI,Paid,TPPAYAGHSNS3M38,56061.0,0.0,INR
6733,6733,2026-09-03 21:32:01,Credit Card,Refunded,TPPAYHW5XEV81PP,86226.0,86226.0,INR
6734,6734,2026-05-07 04:34:03,Debit Card,Paid,TPPAY6YRS3LAYZ8,62292.0,0.0,INR
6735,6735,2025-06-17 11:43:44,Net Banking,Paid,TPPAY7GBY829RFZ,23068.8,0.0,INR
6736,6736,2024-09-20 23:16:27,UPI,Paid,TPPAY6EES9P3J9V,40555.0,0.0,INR
6737,6737,2026-07-14 11:54:18,UPI,Paid,TPPAYAECORFY287,33809.0,0.0,INR
6738,6738,2024-12-15 01:04:26,Debit Card,Paid,TPPAY6RU840JOZJ,32605.0,0.0,INR
6739,6739,2024-03-26 13:09:38,UPI,Paid,TPPAYPA5YF73T4C,27108.0,0.0,INR
6740,6740,2026-07-26 22:47:49,UPI,Paid,TPPAYB8KP0XX7I5,121686.0,0.0,INR
6741,6741,2026-08-06 00:59:58,UPI,Paid,TPPAYXXKBY8KNZG,10379.7,0.0,INR
6742,6742,2025-07-29 20:12:32,Debit Card,Paid,TPPAYHAVDMYA2VP,36438.2,0.0,INR
6743,6743,2023-10-01 15:02:14,UPI,Paid,TPPAYMCM66PH4L3,77505.0,0.0,INR
6744,6744,2024-02-19 18:04:07,Credit Card,Paid,TPPAYHYDNQMG1YV,121965.0,0.0,INR
6745,6745,2026-06-11 20:19:26,Credit Card,Paid,TPPAYZZA9NZODRI,67836.0,0.0,INR
6746,6746,2026-08-25 21:47:19,UPI,Pending,TPPAYXYXATS7TEP,0.0,0.0,INR
6747,6747,2026-08-13 02:48:59,Credit Card,Paid,TPPAYWGEZVOPVZE,139509.0,0.0,INR
6748,6748,2026-07-13 01:12:46,Credit Card,Paid,TPPAY9IRDAP5AJV,27108.0,0.0,INR
6749,6749,2026-06-23 12:36:20,Credit Card,Paid,TPPAY0ODSNEKX4I,10926.0,0.0,INR
6750,6750,2026-08-09 16:08:44,UPI,Pending,TPPAYGOD3846RHW,0.0,0.0,INR
6751,6751,2025-09-07 21:15:34,Credit Card,Paid,TPPAYLVPNL6A9X1,109815.0,0.0,INR
6752,6752,2024-09-06 13:46:53,UPI,Paid,TPPAYFMV0ZJF3HZ,23706.0,0.0,INR
6753,6753,2024-05-11 00:26:58,Net Banking,Paid,TPPAYYN94KD4TEC,17088.0,0.0,INR
6754,6754,2026-08-11 06:53:31,UPI,Paid,TPPAY4G4OVVX0V3,152812.0,0.0,INR
6755,6755,2026-06-12 22:46:49,Net Banking,Pending,TPPAYD7ZEFCBRLN,0.0,0.0,INR
6756,6756,2026-08-27 05:44:38,Credit Card,Paid,TPPAYCHEB884E9A,93364.0,0.0,INR
6757,6757,2026-08-09 16:11:49,UPI,Paid,TPPAYN848X5IST7,118014.0,0.0,INR
6758,6758,2025-09-29 02:06:28,UPI,Paid,TPPAYWN40971VCT,74750.4,0.0,INR
6759,6759,2026-04-20 08:20:37,Credit Card,Paid,TPPAYW0FCVVY8SN,80496.0,0.0,INR
6760,6760,2025-03-19 11:40:54,Debit Card,Refunded,TPPAYU3SYX3HYPS,32322.0,32322.0,INR
6761,6761,2026-06-25 09:01:19,Debit Card,Paid,TPPAYZMYLMWBVOB,87492.15,0.0,INR
6762,6762,2026-08-08 19:35:40,UPI,Paid,TPPAYK1QQYLPFUU,71620.0,0.0,INR
6763,6763,2026-05-15 19:06:22,Net Banking,Refunded,TPPAYK4HDLO5MBF,152812.0,152812.0,INR
6764,6764,2025-09-09 05:25:59,Debit Card,Paid,TPPAYPQT0DA248W,69516.0,0.0,INR
6765,6765,2026-07-12 17:36:03,Credit Card,Paid,TPPAY3SCMRNVEXR,75708.0,0.0,INR
6766,6766,2024-10-20 17:29:02,UPI,Paid,TPPAYBQZ0OFSK9I,21852.0,0.0,INR
6767,6767,2026-09-05 08:32:36,Wallet,Paid,TPPAY3IQBQ3OO8D,36631.6,0.0,INR
6768,6768,2026-08-16 05:18:39,Debit Card,Pending,TPPAY8DJFKJOJQC,0.0,0.0,INR
6769,6769,2026-04-23 19:04:43,UPI,Paid,TPPAY8UY18A6O8G,17219.7,0.0,INR
6770,6770,2026-08-15 19:54:34,UPI,Paid,TPPAY51PM92O2D6,102938.4,0.0,INR
6771,6771,2026-08-17 15:37:09,UPI,Paid,TPPAYIBPBMGJJJX,39384.0,0.0,INR
6772,6772,2025-05-14 10:03:41,Net Banking,Refunded,TPPAYWZY63J72NM,18944.0,18944.0,INR
6773,6773,2026-07-27 12:42:43,Net Banking,Paid,TPPAY7REU6Z964T,45789.3,0.0,INR
6774,6774,2024-04-23 05:08:56,Net Banking,Paid,TPPAYVACIJN8YRW,43425.0,0.0,INR
6775,6775,2026-08-20 06:34:32,Debit Card,Paid,TPPAYOCCQ0RXSVQ,28146.6,0.0,INR
6776,6776,2026-07-29 18:17:16,UPI,Paid,TPPAYUYU1TC7DH1,21819.6,0.0,INR
6777,6777,2026-07-22 06:02:11,Debit Card,Paid,TPPAY2DWGSIZC0O,41540.0,0.0,INR
6778,6778,2026-08-28 21:01:40,UPI,Paid,TPPAY3V8HRZ7R19,132252.0,0.0,INR
6779,6779,2024-11-19 05:22:16,Credit Card,Paid,TPPAYTE6PCXOF07,125639.4,0.0,INR
6780,6780,2026-07-07 02:11:22,UPI,Paid,TPPAYHFAZT5BWPW,118300.0,0.0,INR
6781,6781,2026-07-19 04:48:48,Debit Card,Pending,TPPAYFY6B15IHJ8,0.0,0.0,INR
6782,6782,2025-12-19 08:33:48,Credit Card,Paid,TPPAYEQAB5D8VXX,129175.0,0.0,INR
6783,6783,2026-08-02 17:48:27,Debit Card,Paid,TPPAY64K0BROFYQ,114609.0,0.0,INR
6784,6784,2026-01-19 13:37:45,Credit Card,Paid,TPPAYLVNQ7B3FOX,32961.0,0.0,INR
6785,6785,2024-11-17 13:01:07,Wallet,Paid,TPPAYHRDNR6U56T,62161.35,0.0,INR
6786,6786,2026-07-28 14:22:09,Credit Card,Paid,TPPAYUTU6EY3SIN,95275.0,0.0,INR
6787,6787,2026-08-29 13:45:07,UPI,Paid,TPPAY8HVY1PGZDK,138840.0,0.0,INR
6788,6788,2026-06-29 11:04:32,Net Banking,Paid,TPPAY6ZQD7QHGSW,27097.2,0.0,INR
6789,6789,2025-09-24 05:57:42,Debit Card,Paid,TPPAYCYD5N1SMHV,54094.4,0.0,INR
6790,6790,2026-08-27 18:53:19,Debit Card,Pending,TPPAY7SCXP2IPNR,0.0,0.0,INR
6791,6791,2024-03-30 00:18:25,Debit Card,Paid,TPPAY4CP4FJ1WW0,49318.3,0.0,INR
6792,6792,2026-08-02 00:55:19,UPI,Refunded,TPPAY6WWLK1DYBU,27714.25,27714.25,INR
6793,6793,2026-01-26 21:10:30,UPI,Refunded,TPPAYTZZYWFH2HR,146358.0,146358.0,INR
6794,6794,2026-07-22 17:40:10,UPI,Paid,TPPAY08YBUCALCE,97417.65,0.0,INR
6795,6795,2024-02-03 09:06:05,UPI,Paid,TPPAY0ZPNOHWLCY,23074.0,0.0,INR
6796,6796,2026-06-26 09:16:07,Net Banking,Paid,TPPAYN31JJ6QK9K,31003.0,0.0,INR
6797,6797,2026-01-22 19:43:15,Wallet,Paid,TPPAY4P17CSYMYO,134862.0,0.0,INR
6798,6798,2025-07-11 02:15:03,UPI,Paid,TPPAY0OUGPOE4VN,139032.0,0.0,INR
6799,6799,2025-05-03 08:51:45,Credit Card,Paid,TPPAY5XCEYLWMZ6,109055.0,0.0,INR
6800,6800,2026-09-06 21:50:55,UPI,Paid,TPPAYRGISJLZFJV,61398.0,0.0,INR
6801,6801,2026-07-28 01:13:51,UPI,Paid,TPPAYXWZVF4MYL2,46037.0,0.0,INR
6802,6802,2026-02-17 02:11:06,UPI,Paid,TPPAYNMO6SYVY8V,12711.0,0.0,INR
6803,6803,2025-04-18 11:35:39,UPI,Paid,TPPAYR0TQM5BW34,89900.0,0.0,INR
6804,6804,2024-09-27 04:52:55,UPI,Paid,TPPAY20GOT0Z3NK,162620.0,0.0,INR
6805,6805,2024-02-15 12:45:12,Debit Card,Paid,TPPAYQVP21SWXSJ,29341.7,0.0,INR
6806,6806,2026-07-27 10:47:16,UPI,Paid,TPPAYUKQONOLSUH,39572.0,0.0,INR
6807,6807,2026-07-09 23:26:14,UPI,Pending,TPPAYX73RH7B6KU,0.0,0.0,INR
6808,6808,2026-07-07 18:56:15,Wallet,Paid,TPPAYE9O99QUVJX,129175.0,0.0,INR
6809,6809,2026-03-07 14:12:37,UPI,Paid,TPPAY799D3CP31E,48167.8,0.0,INR
6810,6810,2026-06-29 03:23:18,Credit Card,Paid,TPPAYDV40C8CNSD,83056.0,0.0,INR
6811,6811,2025-04-15 14:33:14,Credit Card,Paid,TPPAYOAWRWDYQR0,117190.8,0.0,INR
6812,6812,2026-06-25 12:46:53,UPI,Paid,TPPAYK18FHFJ5ZS,48250.0,0.0,INR
6813,6813,2026-08-03 22:50:57,Credit Card,Paid,TPPAYNPDOHL1ZU6,33567.0,0.0,INR
6814,6814,2026-08-16 15:16:45,Credit Card,Paid,TPPAY1UIWCUBXU6,85002.0,0.0,INR
6815,6815,2026-07-14 10:05:07,UPI,Paid,TPPAYXGLMY8H12K,61432.0,0.0,INR
6816,6816,2026-09-07 11:16:20,Debit Card,Paid,TPPAYHQUGYHEZCR,68324.0,0.0,INR
6817,6817,2024-02-12 11:32:33,UPI,Paid,TPPAYK5VEK57IOL,139032.0,0.0,INR
6818,6818,2026-09-02 16:50:03,Debit Card,Pending,TPPAYCVTAWRN774,0.0,0.0,INR
6819,6819,2025-03-15 12:26:46,Debit Card,Paid,TPPAYOUY85AY306,103852.0,0.0,INR
6820,6820,2026-06-14 05:52:15,Credit Card,Paid,TPPAYGWZ23UHT6Z,93445.2,0.0,INR
6821,6821,2026-06-29 17:09:13,UPI,Paid,TPPAYQYXJ8B3CY6,87080.0,0.0,INR
6822,6822,2026-01-10 14:11:42,UPI,Paid,TPPAYOSFQSLTZJY,46864.0,0.0,INR
6823,6823,2026-08-18 23:03:41,Wallet,Paid,TPPAY7LM6HBETGS,10437.65,0.0,INR
6824,6824,2024-02-01 10:29:10,Debit Card,Refunded,TPPAYSR79WWM8Y3,25632.0,25632.0,INR
6825,6825,2024-04-11 13:49:43,UPI,Paid,TPPAYH3CN771CD4,93318.0,0.0,INR
6826,6826,2026-08-23 08:16:59,UPI,Paid,TPPAY58S6AA428B,27108.0,0.0,INR
6827,6827,2026-08-29 09:00:52,UPI,Paid,TPPAYBO1L728YY2,155010.0,0.0,INR
6828,6828,2026-07-03 02:29:02,UPI,Paid,TPPAYUJK208RSQ5,72585.7,0.0,INR
6829,6829,2026-08-02 02:31:23,Credit Card,Paid,TPPAYUA5CWMUX3U,155530.0,0.0,INR
6830,6830,2026-08-29 18:13:21,Credit Card,Paid,TPPAYR9LH5L0CJL,57165.0,0.0,INR
6831,6831,2026-09-05 18:13:10,Debit Card,Paid,TPPAYY1IW4IL5TL,16906.0,0.0,INR
6832,6832,2026-07-12 08:30:18,UPI,Paid,TPPAY3UZMVWZ5YA,14818.0,0.0,INR
6833,6833,2026-07-14 12:03:10,Credit Card,Pending,TPPAYR2PWY8GJAR,0.0,0.0,INR
6834,6834,2023-09-30 17:35:01,Wallet,Refunded,TPPAY9VX4NHJDDO,89270.1,89270.1,INR
6835,6835,2024-04-02 07:41:55,UPI,Refunded,TPPAYUZV4SF3XMG,37420.0,37420.0,INR
6836,6836,2026-07-14 16:03:07,Debit Card,Paid,TPPAY4JISKAM5KG,35890.0,0.0,INR
6837,6837,2026-07-24 11:46:27,UPI,Paid,TPPAYG6MG5QKSFV,37888.0,0.0,INR
6838,6838,2026-08-03 23:57:33,UPI,Paid,TPPAYAPIEDDAGET,28146.6,0.0,INR
6839,6839,2026-06-16 07:59:51,Net Banking,Paid,TPPAYX4WSX6G7E3,20088.0,0.0,INR
6840,6840,2026-08-01 16:55:06,Debit Card,Paid,TPPAYRVTAFC8PZO,34176.0,0.0,INR
6841,6841,2023-10-12 03:36:30,UPI,Paid,TPPAYZROYASUZHM,33812.0,0.0,INR
6842,6842,2026-07-03 07:53:54,UPI,Paid,TPPAYFP8MVLS62U,30108.0,0.0,INR
6843,6843,2026-06-11 16:14:07,Debit Card,Paid,TPPAYUGEEAIQA4Z,43948.0,0.0,INR
6844,6844,2026-06-30 21:54:02,UPI,Paid,TPPAYGAISWD3BTZ,51753.1,0.0,INR
6845,6845,2026-07-07 12:54:27,UPI,Paid,TPPAY3MW73VO5JW,11552.95,0.0,INR
6846,6846,2026-09-05 14:48:52,UPI,Paid,TPPAY75BCOKG6H4,77889.0,0.0,INR
6847,6847,2026-07-01 15:59:13,Credit Card,Refunded,TPPAY0B6QIAO3RP,99189.0,99189.0,INR
6848,6848,2026-05-24 23:49:01,UPI,Paid,TPPAYSE94PMQQ1I,93318.0,0.0,INR
6849,6849,2026-07-07 07:34:11,Debit Card,Paid,TPPAYOTX7JCNGDO,51914.0,0.0,INR
6850,6850,2026-01-25 21:18:37,Debit Card,Paid,TPPAYPKROAXKIBK,186636.0,0.0,INR
6851,6851,2025-01-18 11:26:07,UPI,Paid,TPPAYYZIGA67LFP,79320.3,0.0,INR
6852,6852,2025-07-05 02:46:53,Net Banking,Paid,TPPAYXY9E9W8273,167972.4,0.0,INR
6853,6853,2026-06-12 23:39:43,UPI,Paid,TPPAY7JI4KJ5Q5O,109915.0,0.0,INR
6854,6854,2025-02-21 08:59:53,Debit Card,Paid,TPPAYZ1ULL2N4F1,28648.0,0.0,INR
6855,6855,2025-07-21 04:50:09,UPI,Paid,TPPAY0U3VZUN9SI,28712.0,0.0,INR
6856,6856,2026-06-20 19:43:50,UPI,Paid,TPPAYZN1FDGUEPH,9472.0,0.0,INR
6857,6857,2026-07-11 17:07:18,Credit Card,Paid,TPPAYO4BN5IZOIZ,25908.0,0.0,INR
6858,6858,2025-04-09 10:38:53,Credit Card,Paid,TPPAYPF4J6OIYRD,108510.0,0.0,INR
6859,6859,2026-04-15 06:35:29,Debit Card,Paid,TPPAYGXKF42LV4C,72585.7,0.0,INR
6860,6860,2025-03-28 00:05:18,Debit Card,Paid,TPPAYMNKAZHZC82,33812.0,0.0,INR
6861,6861,2024-11-11 01:55:55,Net Banking,Paid,TPPAY2L3F7QAHTO,24333.0,0.0,INR
6862,6862,2025-09-29 07:43:40,Credit Card,Paid,TPPAY9O8MIJSE1X,29240.0,0.0,INR
6863,6863,2026-08-11 00:52:46,Debit Card,Paid,TPPAYS1RFP6R59T,73474.0,0.0,INR
6864,6864,2026-08-20 18:23:41,UPI,Paid,TPPAYCF18TT8VWV,27644.4,0.0,INR
6865,6865,2026-08-24 23:52:52,Debit Card,Pending,TPPAYZ6ZEM2NS38,0.0,0.0,INR
6866,6866,2025-12-02 05:41:07,Debit Card,Pending,TPPAYWUQHL2457P,73474.0,0.0,INR
6867,6867,2025-08-19 09:53:51,Wallet,Paid,TPPAYVTCDUN8B1S,107880.0,0.0,INR
6868,6868,2026-07-21 01:22:15,Credit Card,Paid,TPPAYT2RR3XE1IC,8524.8,0.0,INR
6869,6869,2026-08-08 04:16:01,Credit Card,Paid,TPPAYELG4OXV1JL,130212.0,0.0,INR
6870,6870,2025-01-08 03:09:51,UPI,Paid,TPPAY7C9F0HZR47,64556.8,0.0,INR
6871,6871,2026-08-17 15:55:39,Credit Card,Paid,TPPAY9TX5W1U3X1,120516.0,0.0,INR
6872,6872,2025-05-16 09:37:41,Debit Card,Paid,TPPAYMZE9JGLC4R,21548.0,0.0,INR
6873,6873,2026-08-20 07:25:48,UPI,Paid,TPPAYOC1SJ66E3G,33567.0,0.0,INR
6874,6874,2024-07-13 08:48:45,Debit Card,Paid,TPPAYSB6KEVWN3E,20457.3,0.0,INR
6875,6875,2026-07-06 17:07:10,Net Banking,Paid,TPPAY8FQ93OL0WQ,78343.2,0.0,INR
6876,6876,2025-04-22 21:07:45,Debit Card,Paid,TPPAYXARWGVSUNA,99189.0,0.0,INR
6877,6877,2024-09-03 15:57:13,Wallet,Paid,TPPAYRV56LH1ZXO,81310.0,0.0,INR
6878,6878,2026-06-11 14:01:01,Net Banking,Pending,TPPAYFANQ8G4L6A,0.0,0.0,INR
6879,6879,2026-07-11 13:32:37,Wallet,Paid,TPPAYJ7XKLTDIDH,33812.0,0.0,INR
6880,6880,2023-12-31 04:13:57,Net Banking,Paid,TPPAY5JFPMVWP3B,89908.0,0.0,INR
6881,6881,2026-07-09 05:17:51,Net Banking,Refunded,TPPAY0743BIY9FT,50026.5,50026.5,INR
6882,6882,2026-08-01 01:42:44,Credit Card,Paid,TPPAYOQLSIX2D9O,43948.0,0.0,INR
6883,6883,2026-08-09 10:46:14,UPI,Paid,TPPAYBDM3371VFR,43096.0,0.0,INR
6884,6884,2024-11-08 23:21:55,UPI,Paid,TPPAYVNHGIETJ52,38280.0,0.0,INR
6885,6885,2026-07-06 15:45:36,Net Banking,Paid,TPPAYATC5YF6W96,35549.0,0.0,INR
6886,6886,2026-08-07 00:23:30,UPI,Refunded,TPPAYCFOONBB1Z2,41518.8,41518.8,INR
6887,6887,2026-02-17 00:45:37,Credit Card,Paid,TPPAYN47BOWESO5,19692.0,0.0,INR
6888,6888,2026-07-05 21:05:25,UPI,Paid,TPPAYF2DF2NV7TS,11853.0,0.0,INR
6889,6889,2024-11-19 08:02:29,UPI,Paid,TPPAYFPJ96PC1SB,53940.0,0.0,INR
6890,6890,2026-08-20 23:45:15,Debit Card,Paid,TPPAYK9F1QKK5ZI,60660.0,0.0,INR
6891,6891,2026-04-02 14:59:30,Debit Card,Paid,TPPAYWDDNHKO050,51753.1,0.0,INR
6892,6892,2024-04-16 07:37:21,Credit Card,Paid,TPPAY7311IZM4S2,121320.0,0.0,INR
6893,6893,2026-08-18 18:16:42,UPI,Paid,TPPAYXXEN9OXV71,97929.0,0.0,INR
6894,6894,2025-03-23 08:08:38,UPI,Paid,TPPAYDKM8AL8B5D,87894.0,0.0,INR
6895,6895,2024-10-06 14:07:00,UPI,Paid,TPPAYP4T7CTY60S,44468.0,0.0,INR
6896,6896,2026-07-10 08:59:47,UPI,Paid,TPPAYYDXPBLDOLS,119026.8,0.0,INR
6897,6897,2023-09-16 12:54:18,UPI,Paid,TPPAYBOWYVAA2YN,20470.6,0.0,INR
6898,6898,2026-08-19 03:52:09,UPI,Pending,TPPAYCHMEZVE10J,0.0,0.0,INR
6899,6899,2026-07-12 18:53:42,UPI,Paid,TPPAYXLSH07NYUV,30108.0,0.0,INR
6900,6900,2024-05-21 21:04:18,Credit Card,Refunded,TPPAY7DOLDNQC6U,73786.8,73786.8,INR
6901,6901,2024-02-15 20:01:20,Debit Card,Paid,TPPAYISSXVI9CYY,87932.0,0.0,INR
6902,6902,2026-06-22 09:21:29,Net Banking,Paid,TPPAYVV12Y8FMJ4,70023.0,0.0,INR
6903,6903,2026-09-07 18:18:04,UPI,Paid,TPPAY4PBAB0RNM2,52614.0,0.0,INR
6904,6904,2025-12-17 08:11:06,Net Banking,Paid,TPPAYH6F6ZVPJ59,16060.7,0.0,INR
6905,6905,2026-07-16 02:25:39,UPI,Paid,TPPAYJ01N82QMON,49230.0,0.0,INR
6906,6906,2026-08-08 14:41:26,Net Banking,Paid,TPPAYKA5L6VQ7J1,95275.0,0.0,INR
6907,6907,2026-08-27 13:44:39,Debit Card,Paid,TPPAYOXJ1NQGL16,167972.4,0.0,INR
6908,6908,2025-05-21 16:26:14,Debit Card,Paid,TPPAYN6POD655FX,75775.8,0.0,INR
6909,6909,2025-12-07 11:04:14,Debit Card,Paid,TPPAYY2WB5JZRII,115700.0,0.0,INR
6910,6910,2026-08-24 08:27:01,Debit Card,Paid,TPPAYXGCCEHNU3G,65949.0,0.0,INR
6911,6911,2026-06-26 17:42:37,UPI,Paid,TPPAYJL91HS97WH,29628.0,0.0,INR
6912,6912,2026-09-01 01:59:22,Credit Card,Paid,TPPAYAKZHLXEMQ9,18045.0,0.0,INR
6913,6913,2026-07-16 22:09:08,UPI,Paid,TPPAYYOKRTA9IXL,51745.0,0.0,INR
6914,6914,2026-06-09 06:46:40,Credit Card,Paid,TPPAYZBYJO9ALVT,11260.35,0.0,INR
6915,6915,2026-08-15 02:43:02,Wallet,Paid,TPPAYATAOK8DA9A,14356.0,0.0,INR
6916,6916,2026-07-30 06:45:38,UPI,Paid,TPPAY4EZD1M51VA,11737.8,0.0,INR
6917,6917,2026-08-29 03:42:33,UPI,Pending,TPPAYTNFAZX6NIW,0.0,0.0,INR
6918,6918,2026-08-18 04:49:17,UPI,Paid,TPPAYPF271A43V4,37888.0,0.0,INR
6919,6919,2026-08-23 17:11:13,Credit Card,Paid,TPPAYU78ZQMCX9T,41396.0,0.0,INR
6920,6920,2024-10-11 18:24:27,Credit Card,Refunded,TPPAYBWSOPFDJS0,19251.0,19251.0,INR
6921,6921,2024-07-31 18:49:57,Wallet,Paid,TPPAYPCIVSMKWP7,62006.0,0.0,INR
6922,6922,2026-06-11 10:18:00,Wallet,Paid,TPPAYVR2GVB7E5U,60660.0,0.0,INR
6923,6923,2026-08-04 09:59:13,Net Banking,Paid,TPPAYEJ96YOF7SY,87080.0,0.0,INR
6924,6924,2026-07-17 02:29:53,UPI,Paid,TPPAYLNW1NFUA1R,51566.4,0.0,INR
6925,6925,2026-09-01 18:21:13,Wallet,Paid,TPPAYVR7MI4O6DQ,71920.0,0.0,INR
6926,6926,2024-06-20 16:49:38,UPI,Paid,TPPAYCMJ8EUKXL0,39572.0,0.0,INR
6927,6927,2026-06-21 14:38:27,UPI,Paid,TPPAY6VPD0J26ZC,42972.0,0.0,INR
6928,6928,2025-12-13 21:34:19,Credit Card,Paid,TPPAYX4VJJOLV5T,43096.0,0.0,INR
6929,6929,2024-11-26 23:24:27,UPI,Paid,TPPAYILXARY1P3Q,42972.0,0.0,INR
6930,6930,2026-07-13 17:03:13,UPI,Pending,TPPAY5LFC43NFO3,0.0,0.0,INR
6931,6931,2026-08-12 13:16:29,UPI,Paid,TPPAYEIN5U93E6R,17996.8,0.0,INR
6932,6932,2026-02-07 14:54:18,Net Banking,Paid,TPPAY0JZSKLGNWH,93364.0,0.0,INR
6933,6933,2026-05-24 00:29:03,Credit Card,Paid,TPPAYOZI0AG9X2L,79764.0,0.0,INR
6934,6934,2026-07-19 18:15:15,Credit Card,Paid,TPPAYFN3QTI2GYV,86808.0,0.0,INR
6935,6935,2026-07-11 17:35:33,Debit Card,Paid,TPPAYYWV12PQHCV,100430.0,0.0,INR
6936,6936,2026-08-12 08:57:11,Debit Card,Refunded,TPPAY4YW7PRMROE,12711.0,12711.0,INR
6937,6937,2026-01-09 06:40:08,UPI,Paid,TPPAYNF1VI6N440,85747.5,0.0,INR
6938,6938,2026-07-20 10:14:47,Net Banking,Paid,TPPAYZQZRLK210E,46148.0,0.0,INR
6939,6939,2026-08-02 21:51:52,Debit Card,Paid,TPPAYWR841IA9CP,32386.0,0.0,INR
6940,6940,2026-06-22 11:10:33,Debit Card,Paid,TPPAY8B6D3OJBI3,18072.0,0.0,INR
6941,6941,2026-07-28 22:40:33,UPI,Paid,TPPAYQ5JTXKBCZW,50877.0,0.0,INR
6942,6942,2025-01-30 23:47:03,Debit Card,Paid,TPPAY7MEC39Z8IX,22498.65,0.0,INR
6943,6943,2026-07-21 23:00:12,UPI,Paid,TPPAYEOYPY126LO,26084.0,0.0,INR
6944,6944,2024-12-12 16:36:14,Credit Card,Paid,TPPAYZI6MIHSOE1,36550.0,0.0,INR
6945,6945,2026-07-30 01:49:40,UPI,Pending,TPPAYK0V8VRESND,0.0,0.0,INR
6946,6946,2026-07-01 22:34:04,Net Banking,Refunded,TPPAY8PLKSJAVK6,145171.4,145171.4,INR
6947,6947,2026-07-12 01:22:05,Wallet,Paid,TPPAYFP40MDLS3H,45835.2,0.0,INR
6948,6948,2026-04-20 14:49:57,UPI,Paid,TPPAYZR5CLISR2L,14814.0,0.0,INR
6949,6949,2026-08-03 08:33:27,Credit Card,Refunded,TPPAYHNGG8NFE63,26661.75,26661.75,INR
6950,6950,2026-04-11 02:08:34,UPI,Paid,TPPAY6YWHLL0X50,20505.6,0.0,INR
6951,6951,2025-08-24 20:02:13,Debit Card,Paid,TPPAY5RNH6OEYDR,23409.9,0.0,INR
6952,6952,2026-07-13 19:15:36,UPI,Paid,TPPAY990U60DFVJ,35890.0,0.0,INR
6953,6953,2026-08-22 05:07:31,UPI,Paid,TPPAYWQMWWF5SSN,155530.0,0.0,INR
6954,6954,2025-06-05 13:44:10,UPI,Paid,TPPAY64WNXGMRZE,20070.0,0.0,INR
6955,6955,2026-06-30 14:08:01,Credit Card,Paid,TPPAYLKIXSK5JLX,75775.8,0.0,INR
6956,6956,2026-06-30 07:09:22,Debit Card,Paid,TPPAYN7S647M8I6,73629.75,0.0,INR
6957,6957,2026-08-03 15:48:30,Credit Card,Paid,TPPAYJ69T8JC39S,73474.0,0.0,INR
6958,6958,2026-06-26 17:17:19,UPI,Paid,TPPAYDDZBKBBEOB,20070.0,0.0,INR
6959,6959,2026-08-25 12:55:23,UPI,Paid,TPPAYPJ0KXPRLGQ,33325.95,0.0,INR
6960,6960,2026-06-28 12:05:34,UPI,Paid,TPPAYYFWRMG8FGN,89270.1,0.0,INR
6961,6961,2026-08-01 15:45:27,UPI,Paid,TPPAY8V5DA7XMKV,114330.0,0.0,INR
6962,6962,2025-10-07 05:32:23,Debit Card,Paid,TPPAYXH3FG2M29L,100430.0,0.0,INR
6963,6963,2024-05-26 03:57:18,Debit Card,Paid,TPPAY6XFOGQJEFQ,29628.0,0.0,INR
6964,6964,2026-08-27 16:53:48,UPI,Paid,TPPAYY04T5EJT4G,119026.8,0.0,INR
6965,6965,2026-07-13 11:30:44,UPI,Paid,TPPAYR2AT6B2M42,21974.0,0.0,INR
6966,6966,2026-06-10 12:14:40,UPI,Refunded,TPPAYQB2EMLGUF7,51816.0,51816.0,INR
6967,6967,2026-07-27 14:49:03,Credit Card,Paid,TPPAYH3EWFWDFWP,60877.0,0.0,INR
6968,6968,2026-08-31 12:14:11,Credit Card,Refunded,TPPAY8TY8UFDXNJ,69516.0,69516.0,INR
6969,6969,2026-09-04 22:29:28,Debit Card,Refunded,TPPAYL75PNAZA2F,56831.85,56831.85,INR
6970,6970,2026-08-25 04:46:14,Debit Card,Paid,TPPAYWZVT6T68JX,118014.0,0.0,INR
6971,6971,2026-06-20 02:21:14,Net Banking,Paid,TPPAY5P4H8W2GRL,90990.0,0.0,INR
6972,6972,2024-12-23 03:46:49,UPI,Paid,TPPAY1VKVFZ4IMQ,35076.0,0.0,INR
6973,6973,2026-08-24 05:52:52,UPI,Paid,TPPAY82M22SZLM9,69800.3,0.0,INR
6974,6974,2026-03-31 00:23:18,Debit Card,Paid,TPPAY407NT35NI5,65106.0,0.0,INR
6975,6975,2026-07-03 10:43:09,UPI,Paid,TPPAY0N5LV62LBR,25591.8,0.0,INR
6976,6976,2026-08-20 13:27:24,UPI,Paid,TPPAYBEUPQE47TH,11853.0,0.0,INR
6977,6977,2026-07-29 15:59:47,UPI,Paid,TPPAYLZ00KXRP2G,32132.0,0.0,INR
6978,6978,2026-07-09 06:02:38,Credit Card,Paid,TPPAY4CPB8R95TH,83305.5,0.0,INR
6979,6979,2026-06-28 00:47:56,UPI,Pending,TPPAYMHJNU0812A,0.0,0.0,INR
6980,6980,2026-08-24 08:42:35,Credit Card,Paid,TPPAYGCNR9S5RKT,79764.0,0.0,INR
6981,6981,2026-08-20 00:20:56,Debit Card,Paid,TPPAYVH1UHZGLQB,109815.0,0.0,INR
6982,6982,2026-07-17 15:43:10,Credit Card,Paid,TPPAYYFTG7AJRU2,53940.0,0.0,INR
6983,6983,2026-07-02 14:45:00,Debit Card,Paid,TPPAYXVPGJD1J6X,16222.0,0.0,INR
6984,6984,2026-08-07 07:26:51,UPI,Paid,TPPAYR78KIP98ZW,39862.8,0.0,INR
6985,6985,2026-08-16 08:10:16,Credit Card,Paid,TPPAYFL85OT5RCK,43096.0,0.0,INR
6986,6986,2025-09-05 23:08:44,UPI,Paid,TPPAY1IY068Z8OE,36366.0,0.0,INR
6987,6987,2026-07-23 07:08:00,Wallet,Paid,TPPAYXH7SIN6RK6,19152.0,0.0,INR
6988,6988,2026-06-04 04:03:25,Credit Card,Paid,TPPAY7QHY27QWDW,99705.0,0.0,INR
6989,6989,2026-07-17 08:16:55,Debit Card,Paid,TPPAYX2YQAFJRWT,129175.0,0.0,INR
6990,6990,2026-01-25 15:22:35,Credit Card,Paid,TPPAYVUEFA9WW1F,79359.4,0.0,INR
6991,6991,2026-08-08 21:11:02,UPI,Paid,TPPAYRNBYK121A9,70023.0,0.0,INR
6992,6992,2026-06-27 12:57:03,Debit Card,Paid,TPPAY91Z9FO61J2,154868.0,0.0,INR
6993,6993,2024-08-02 04:38:18,Net Banking,Paid,TPPAYRT135520F9,66126.0,0.0,INR
6994,6994,2026-08-22 08:18:39,Debit Card,Paid,TPPAYFE2BGMAD01,61531.5,0.0,INR
6995,6995,2026-08-31 10:06:04,Wallet,Paid,TPPAYOVZPRJPVA9,132080.4,0.0,INR
6996,6996,2025-01-21 22:50:33,Debit Card,Paid,TPPAY652SNG56MM,73210.0,0.0,INR
6997,6997,2026-08-14 13:06:08,UPI,Paid,TPPAYGFOJ2ZRNOL,114609.0,0.0,INR
6998,6998,2026-08-05 23:50:54,UPI,Paid,TPPAYGR0JXLAZKC,108464.4,0.0,INR
6999,6999,2025-06-25 03:35:22,UPI,Paid,TPPAYAQKYJNA90D,154135.6,0.0,INR
7000,7000,2026-07-25 21:28:43,Net Banking,Paid,TPPAY1JKQ8YAATO,63136.8,0.0,INR
7001,7001,2026-08-20 00:44:59,Debit Card,Paid,TPPAY1NB3JE4CR6,55493.1,0.0,INR
7002,7002,2026-07-05 07:58:09,Debit Card,Paid,TPPAY3CB1IUDHTV,46074.0,0.0,INR
7003,7003,2026-07-30 05:08:35,Net Banking,Paid,TPPAYI3D6Q5B9B2,28060.8,0.0,INR
7004,7004,2025-08-03 21:48:34,UPI,Paid,TPPAYJOJ124EJ9V,61398.0,0.0,INR
7005,7005,2025-10-27 18:23:31,Debit Card,Paid,TPPAYZP0JKHR8B5,18796.7,0.0,INR
7006,7006,2026-06-17 12:11:11,Debit Card,Paid,TPPAYFOVWSO3OM1,43704.0,0.0,INR
7007,7007,2026-06-24 08:08:47,Credit Card,Paid,TPPAY6L2SC6PI85,26084.0,0.0,INR
7008,7008,2023-11-18 04:52:29,Credit Card,Paid,TPPAYAIBWA2MKQ5,121686.0,0.0,INR
7009,7009,2026-05-01 12:34:17,UPI,Paid,TPPAYCR6YCUQPXO,64787.0,0.0,INR
7010,7010,2025-09-06 02:09:20,Wallet,Paid,TPPAYSNCTVGZWG6,24350.4,0.0,INR
7011,7011,2024-12-09 23:23:11,UPI,Paid,TPPAY1LEE1LVUG5,80344.0,0.0,INR
7012,7012,2026-08-29 21:46:53,Debit Card,Paid,TPPAYZNP6DUBBW7,24924.0,0.0,INR
7013,7013,2026-06-20 15:38:37,Debit Card,Paid,TPPAYCP58O8J827,22227.0,0.0,INR
7014,7014,2023-11-27 11:33:39,Debit Card,Paid,TPPAYZAQH8YTHYA,29538.0,0.0,INR
7015,7015,2026-07-15 00:12:45,Debit Card,Paid,TPPAY85XN2CMXGB,49465.0,0.0,INR
7016,7016,2026-08-21 13:50:49,UPI,Paid,TPPAYCB9NYGBR52,19786.0,0.0,INR
7017,7017,2026-06-28 21:10:27,Credit Card,Pending,TPPAY04IUH6J5JA,0.0,0.0,INR
7018,7018,2026-07-23 23:19:05,UPI,Paid,TPPAYG8SZJ7XXRF,60886.0,0.0,INR
7019,7019,2026-06-18 12:54:36,Net Banking,Refunded,TPPAYJX3URYE495,55365.0,55365.0,INR
7020,7020,2026-07-31 18:56:44,Debit Card,Pending,TPPAYDE89J8ILAL,0.0,0.0,INR
7021,7021,2024-02-09 07:04:17,Debit Card,Paid,TPPAYQP8KGRVHYI,13042.0,0.0,INR
7022,7022,2026-01-15 19:53:24,UPI,Paid,TPPAY2QBGWL66FN,8453.0,0.0,INR
7023,7023,2026-07-14 22:04:57,Debit Card,Paid,TPPAYRPX5DANJ3L,10774.0,0.0,INR
7024,7024,2026-09-05 21:36:51,UPI,Paid,TPPAYRQA4ZW4O8S,18636.0,0.0,INR
7025,7025,2026-06-28 09:12:02,UPI,Paid,TPPAYCCALZBDKNR,26511.0,0.0,INR
7026,7026,2026-07-23 18:45:43,UPI,Paid,TPPAYV70RWNBUAS,36963.0,0.0,INR
7027,7027,2026-08-27 01:16:49,UPI,Paid,TPPAY3F39CTA9W9,20759.4,0.0,INR
7028,7028,2026-07-12 21:53:49,Net Banking,Paid,TPPAY5KSUH71TXR,17227.2,0.0,INR
7029,7029,2025-08-11 23:05:04,UPI,Paid,TPPAYZ1JZB48XVN,77434.0,0.0,INR
7030,7030,2023-09-19 15:54:33,UPI,Paid,TPPAYL9X6E3SR9Y,94229.55,0.0,INR
7031,7031,2026-08-08 06:39:09,Credit Card,Paid,TPPAY9MG4MLZWM6,24848.0,0.0,INR
7032,7032,2026-08-19 20:13:32,Credit Card,Paid,TPPAYCDIJHNK7RH,28728.0,0.0,INR
7033,7033,2026-06-09 23:47:29,Debit Card,Paid,TPPAYXFVCXYNLR2,75775.8,0.0,INR
7034,7034,2026-06-24 08:45:51,Credit Card,Paid,TPPAYRXPJQ8TKDL,154489.0,0.0,INR
7035,7035,2026-08-09 23:59:27,UPI,Paid,TPPAY4FKD201VQK,115048.8,0.0,INR
7036,7036,2026-07-08 22:45:51,UPI,Refunded,TPPAYBAAFY6KRAK,46864.0,46864.0,INR
7037,7037,2023-10-18 13:27:31,Credit Card,Refunded,TPPAYVA10WOQV0T,11373.0,11373.0,INR
7038,7038,2026-01-23 13:06:56,UPI,Paid,TPPAYAY33MVSLV2,47412.0,0.0,INR
7039,7039,2026-06-23 07:21:13,Debit Card,Paid,TPPAYY2KZJMTES7,24519.5,0.0,INR
7040,7040,2026-08-03 22:25:47,UPI,Paid,TPPAY9QMBTHWTNO,10774.0,0.0,INR
7041,7041,2024-08-05 01:35:38,Net Banking,Paid,TPPAY10V2GSGXIX,58683.4,0.0,INR
7042,7042,2026-07-20 16:40:59,Credit Card,Pending,TPPAY1S50L7YIUL,0.0,0.0,INR
7043,7043,2026-07-08 10:09:21,Net Banking,Pending,TPPAYJ8V2VKK0M9,0.0,0.0,INR
7044,7044,2026-08-19 01:26:49,UPI,Paid,TPPAY6EUYT1HK7A,43704.0,0.0,INR
7045,7045,2025-07-26 14:50:25,Credit Card,Paid,TPPAYJLKLNNSLM8,12415.55,0.0,INR
7046,7046,2026-06-13 19:32:03,UPI,Refunded,TPPAYD90H91HPB3,42720.0,42720.0,INR
7047,7047,2026-06-20 07:16:52,Debit Card,Paid,TPPAYOCD1LBH47Z,22857.0,0.0,INR
7048,7048,2026-07-24 03:14:32,UPI,Paid,TPPAYOWBCA6Y9FK,120516.0,0.0,INR
7049,7049,2026-07-31 17:39:01,UPI,Paid,TPPAYJZ6PHEDPN9,120516.0,0.0,INR
7050,7050,2026-05-04 09:00:10,Credit Card,Paid,TPPAYMI6HNAQVAT,120516.0,0.0,INR
7051,7051,2026-08-15 11:40:49,UPI,Paid,TPPAYBMXXXDISEG,70023.0,0.0,INR
7052,7052,2026-06-15 14:11:23,Credit Card,Paid,TPPAYQYDS5T9Y74,155924.0,0.0,INR
7053,7053,2025-05-25 11:40:23,Debit Card,Refunded,TPPAYX2KVJLEFC0,28648.0,28648.0,INR
7054,7054,2025-12-04 16:48:15,Net Banking,Paid,TPPAYT6TSCJOLOC,130620.0,0.0,INR
7055,7055,2024-02-11 22:55:51,Debit Card,Paid,TPPAYBZ25FKJ0SK,39027.6,0.0,INR
7056,7056,2023-11-17 21:40:01,Credit Card,Paid,TPPAYQHNNOCZI6S,19692.0,0.0,INR
7057,7057,2026-07-04 01:19:09,UPI,Paid,TPPAY1GSKVU3N0W,37929.6,0.0,INR
7058,7058,2026-08-10 20:22:16,UPI,Paid,TPPAYG0NTIPT4RV,17774.5,0.0,INR
7059,7059,2026-06-11 10:43:13,Credit Card,Paid,TPPAYS277LID0FU,93364.0,0.0,INR
7060,7060,2026-07-21 13:35:27,Credit Card,Paid,TPPAY8SM4OZH8X9,129175.0,0.0,INR
7061,7061,2026-08-22 16:30:52,Credit Card,Paid,TPPAYA6YP01HJYA,62044.5,0.0,INR
7062,7062,2024-02-20 13:39:27,Net Banking,Paid,TPPAYPOVXKSQIQU,22234.0,0.0,INR
7063,7063,2024-08-05 20:45:28,Credit Card,Refunded,TPPAY6OW280NQ2P,42972.0,42972.0,INR
7064,7064,2025-09-18 05:36:09,Credit Card,Paid,TPPAY6I4IQSWFAR,43704.0,0.0,INR
7065,7065,2024-07-28 02:42:42,UPI,Paid,TPPAY2XUNEO2FR3,13126.55,0.0,INR
7066,7066,2026-01-24 19:03:29,Credit Card,Paid,TPPAYJ43WHU88IT,46819.8,0.0,INR
7067,7067,2026-01-17 12:14:00,Credit Card,Paid,TPPAYTCS861YSOJ,12202.6,0.0,INR
7068,7068,2025-09-08 08:31:34,UPI,Paid,TPPAYV6OIN6EOQF,92560.0,0.0,INR
7069,7069,2026-06-16 02:41:35,Credit Card,Paid,TPPAYPID6OC6HXR,59007.0,0.0,INR
7070,7070,2026-07-08 00:22:08,Credit Card,Paid,TPPAYGV8NJ8G77T,58595.4,0.0,INR
7071,7071,2025-03-27 21:37:27,Credit Card,Paid,TPPAYLZNWHSM5ER,93364.0,0.0,INR
7072,7072,2025-10-07 11:05:13,UPI,Paid,TPPAYC6DDWJKIFR,55651.0,0.0,INR
7073,7073,2026-08-01 20:59:33,Net Banking,Pending,TPPAY9O1P9D1F9G,0.0,0.0,INR
7074,7074,2026-07-10 00:36:45,Credit Card,Paid,TPPAYTR1MTGPS55,90990.0,0.0,INR
7075,7075,2026-04-27 14:46:05,Debit Card,Paid,TPPAY9K89G2XA0C,80696.0,0.0,INR
7076,7076,2024-05-03 06:09:52,Credit Card,Paid,TPPAYWDYG9W29OA,20934.0,0.0,INR
7077,7077,2026-04-01 09:10:05,Debit Card,Paid,TPPAY0MZVVYPFAR,122796.0,0.0,INR
7078,7078,2026-09-01 05:19:42,Debit Card,Paid,TPPAYS8UI792DUW,87690.0,0.0,INR
7079,7079,2024-10-05 10:03:53,Wallet,Paid,TPPAYAU51FUGRUI,47880.0,0.0,INR
7080,7080,2026-06-25 06:01:03,UPI,Paid,TPPAYEX74O68JJC,20698.0,0.0,INR
7081,7081,2026-06-15 02:30:21,Credit Card,Paid,TPPAY1J8LME1UAP,9355.0,0.0,INR
7082,7082,2026-09-06 11:36:23,Debit Card,Pending,TPPAYMQLEJJBE5D,0.0,0.0,INR
7083,7083,2026-07-22 11:57:00,Net Banking,Paid,TPPAY45JR10EFBQ,108810.0,0.0,INR
7084,7084,2025-04-18 18:58:57,UPI,Refunded,TPPAYBTG4IK21WN,47412.0,47412.0,INR
7085,7085,2026-08-10 22:41:45,Credit Card,Paid,TPPAY1A6A8B7TCA,130212.0,0.0,INR
7086,7086,2026-09-03 07:50:36,UPI,Paid,TPPAYWXP5MY5UY9,66521.85,0.0,INR
7087,7087,2026-08-05 00:11:09,Wallet,Paid,TPPAYRZIP5LZ5NM,8453.0,0.0,INR
7088,7088,2025-06-27 08:11:37,Debit Card,Paid,TPPAYQNBGMWN2IN,138840.0,0.0,INR
7089,7089,2026-08-18 04:57:03,Debit Card,Paid,TPPAYNZIHPFTJND,12424.0,0.0,INR
7090,7090,2026-08-25 07:11:05,Debit Card,Paid,TPPAYGB1TABP449,155010.0,0.0,INR
7091,7091,2025-01-08 00:27:50,Credit Card,Refunded,TPPAYS0PSWD77F6,81914.7,81914.7,INR
7092,7092,2026-08-08 00:25:15,UPI,Paid,TPPAYPT0FMQFL0L,53834.6,0.0,INR
7093,7093,2026-02-02 08:10:38,UPI,Paid,TPPAY89OC2MBB01,60886.0,0.0,INR
7094,7094,2026-05-02 11:04:19,UPI,Paid,TPPAYECRHXESKCA,93006.0,0.0,INR
7095,7095,2026-09-02 01:19:09,UPI,Paid,TPPAY1QHK3W2G9P,20597.9,0.0,INR
7096,7096,2026-07-29 10:58:26,UPI,Paid,TPPAYQ5ZMBNCR09,8051.2,0.0,INR
7097,7097,2025-01-11 05:30:52,UPI,Paid,TPPAYJJA12AG5EC,71010.6,0.0,INR
7098,7098,2026-08-16 15:33:00,UPI,Paid,TPPAYY184GZ79TS,43948.0,0.0,INR
7099,7099,2026-06-18 02:09:56,UPI,Paid,TPPAYKEV5D23HB4,137530.8,0.0,INR
7100,7100,2023-10-12 12:44:19,Credit Card,Paid,TPPAYESSUX0H0U4,155010.0,0.0,INR
7101,7101,2026-08-12 13:02:02,Net Banking,Pending,TPPAYH3DPESH0PJ,0.0,0.0,INR
7102,7102,2026-08-11 11:30:41,UPI,Paid,TPPAYX1R2F3YEKM,39384.0,0.0,INR
7103,7103,2026-06-21 05:39:26,UPI,Paid,TPPAYWT6BDEOJ1Q,17774.5,0.0,INR
7104,7104,2025-04-12 18:01:52,Debit Card,Paid,TPPAYW4EYGKCIHW,25908.0,0.0,INR
7105,7105,2025-03-27 22:32:07,UPI,Paid,TPPAYA7BG65TPPT,21548.0,0.0,INR
7106,7106,2025-08-05 13:45:58,UPI,Paid,TPPAYSYH8J7KDB3,33450.0,0.0,INR
7107,7107,2026-08-08 12:46:38,UPI,Paid,TPPAYWB1XVI4SH7,26995.2,0.0,INR
7108,7108,2026-06-22 17:53:25,Credit Card,Paid,TPPAYZVH709H5KU,64770.0,0.0,INR
7109,7109,2026-07-26 04:43:08,Debit Card,Paid,TPPAY9NNPWTEII7,20673.7,0.0,INR
7110,7110,2026-07-04 11:39:09,Debit Card,Refunded,TPPAYMTS6JMBNHI,22146.0,22146.0,INR
7111,7111,2026-06-13 23:16:34,Net Banking,Pending,TPPAYUY6MOENZ3G,0.0,0.0,INR
7112,7112,2026-06-20 18:58:31,UPI,Paid,TPPAYOTLF2V9PGA,29628.0,0.0,INR
7113,7113,2024-04-01 04:36:03,Credit Card,Paid,TPPAYNBE9RXFRBD,20088.0,0.0,INR
7114,7114,2025-02-10 13:44:24,Credit Card,Paid,TPPAYED2MR8KR6O,34377.6,0.0,INR
7115,7115,2026-06-22 09:46:44,Wallet,Paid,TPPAYOL1327IBRM,13638.2,0.0,INR
7116,7116,2026-07-07 04:30:40,Credit Card,Paid,TPPAY82IEX4P85G,35148.0,0.0,INR
7117,7117,2026-06-27 18:15:17,UPI,Paid,TPPAYSTE9G0F0OM,81124.0,0.0,INR
7118,7118,2026-07-25 05:55:34,Debit Card,Paid,TPPAYQAVB4IMKL2,32386.0,0.0,INR
7119,7119,2026-07-05 04:25:10,Debit Card,Paid,TPPAY2SIU6605FY,121965.0,0.0,INR
7120,7120,2023-11-22 00:02:46,UPI,Paid,TPPAYBF3R8PNDS0,17238.4,0.0,INR
7121,7121,2026-02-18 03:06:59,UPI,Paid,TPPAYWZFKUQIP05,44721.9,0.0,INR
7122,7122,2026-07-06 16:17:53,Net Banking,Pending,TPPAY82LLT040C9,0.0,0.0,INR
7123,7123,2026-07-04 21:36:14,Debit Card,Paid,TPPAYZTA20R202S,39572.0,0.0,INR
7124,7124,2026-08-24 16:32:37,Credit Card,Paid,TPPAYTNYCDSD16Y,19692.0,0.0,INR
7125,7125,2026-06-29 02:25:08,Debit Card,Refunded,TPPAYECJ6MX68PP,32778.0,32778.0,INR
7126,7126,2024-06-10 08:37:48,UPI,Paid,TPPAYZ3696ARI0H,115700.0,0.0,INR
7127,7127,2026-08-29 12:12:22,UPI,Refunded,TPPAY413DXEX6YI,32132.0,32132.0,INR
7128,7128,2024-10-26 09:17:24,Net Banking,Paid,TPPAYX6LVT8FG4H,52948.2,0.0,INR
7129,7129,2026-07-14 12:19:17,UPI,Refunded,TPPAY98FW7SO4ZY,36779.25,36779.25,INR
7130,7130,2024-04-06 09:39:02,Credit Card,Paid,TPPAYPUBGT1X5Z7,64770.0,0.0,INR
7131,7131,2026-07-14 13:35:01,Net Banking,Paid,TPPAYF3UPGH5FPZ,43096.0,0.0,INR
7132,7132,2026-09-04 04:19:13,Debit Card,Paid,TPPAYUOPJFWVC8J,86808.0,0.0,INR
7133,7133,2024-12-20 20:44:05,UPI,Paid,TPPAY7Q7HU7QIC0,79764.0,0.0,INR
7134,7134,2024-06-25 16:43:57,Debit Card,Paid,TPPAYWMKENAEK0J,29538.0,0.0,INR
7135,7135,2026-06-17 07:06:13,UPI,Refunded,TPPAY35ODAYRBCK,76790.0,76790.0,INR
7136,7136,2026-05-28 20:02:41,Credit Card,Paid,TPPAYNQS3LAU5G1,15141.6,0.0,INR
7137,7137,2026-07-11 22:11:48,UPI,Paid,TPPAYRZNDLQ9Q7T,125128.8,0.0,INR
7138,7138,2024-12-17 18:18:24,UPI,Paid,TPPAYB9ONCD0027,114490.2,0.0,INR
7139,7139,2026-06-25 16:55:13,Debit Card,Paid,TPPAYZJ8AS3APOB,122716.25,0.0,INR
7140,7140,2026-08-12 00:17:06,UPI,Refunded,TPPAY3M7KANTLHF,151662.0,151662.0,INR
7141,7141,2023-11-09 14:52:48,UPI,Paid,TPPAY6IFTMGHIMF,30974.75,0.0,INR
7142,7142,2026-06-07 08:06:46,Wallet,Paid,TPPAY7BNHIVK9DD,46864.0,0.0,INR
7143,7143,2024-11-28 11:23:27,Credit Card,Paid,TPPAYYNOFM6GUZS,33266.7,0.0,INR
7144,7144,2025-01-20 02:54:50,UPI,Paid,TPPAYMOOWEB2L30,17674.0,0.0,INR
7145,7145,2024-10-01 00:22:51,Net Banking,Paid,TPPAYDKTA2UUD49,56061.0,0.0,INR
7146,7146,2026-07-19 12:47:04,Debit Card,Paid,TPPAYIHO83BRNAS,114330.0,0.0,INR
7147,7147,2026-06-18 19:12:43,Debit Card,Paid,TPPAYECPQ37THGY,52335.0,0.0,INR
7148,7148,2026-08-19 00:36:26,Credit Card,Paid,TPPAYIS6324BH2S,90828.0,0.0,INR
7149,7149,2026-08-02 03:36:58,Credit Card,Refunded,TPPAYATIC5VM4H5,116705.0,116705.0,INR
7150,7150,2025-01-02 20:50:50,Wallet,Paid,TPPAYOCMFWNEO0V,21852.0,0.0,INR
7151,7151,2026-03-20 01:23:59,Debit Card,Paid,TPPAY309WBBH3KV,30428.1,0.0,INR
7152,7152,2026-08-20 11:58:30,Credit Card,Pending,TPPAYAQ4HBF4DA3,0.0,0.0,INR
7153,7153,2024-07-22 16:56:45,Debit Card,Refunded,TPPAYSR8DQKCCE6,65632.75,65632.75,INR
7154,7154,2025-07-01 04:25:16,UPI,Refunded,TPPAYL4ORLYUZCC,154868.0,154868.0,INR
7155,7155,2024-06-30 13:14:36,UPI,Paid,TPPAY2NY9KDL96G,109815.0,0.0,INR
7156,7156,2026-06-18 00:54:12,UPI,Paid,TPPAYWLWVOXY01Y,9355.0,0.0,INR
7157,7157,2026-06-26 05:41:10,UPI,Pending,TPPAYFNWUU3MX38,0.0,0.0,INR
7158,7158,2026-01-15 18:53:36,Net Banking,Paid,TPPAY7VVF8B1F1K,16616.0,0.0,INR
7159,7159,2025-08-22 23:49:34,UPI,Paid,TPPAY8ENDHEZNAV,26784.0,0.0,INR
7160,7160,2026-06-16 11:24:22,UPI,Refunded,TPPAY0VFTQD17SL,186636.0,186636.0,INR
7161,7161,2026-06-16 12:06:53,UPI,Paid,TPPAYEY9EPGRYMT,131898.0,0.0,INR
7162,7162,2026-01-06 21:12:44,UPI,Refunded,TPPAYY1C4YBDMEK,33149.0,33149.0,INR
7163,7163,2024-02-19 14:36:46,UPI,Paid,TPPAY1YBD6KXVLA,52335.0,0.0,INR
7164,7164,2026-08-04 06:28:58,Debit Card,Pending,TPPAY86AMC25GDU,0.0,0.0,INR
7165,7165,2026-06-18 22:29:56,Net Banking,Paid,TPPAY5F5J3FYQP7,41868.0,0.0,INR
7166,7166,2026-06-17 13:30:51,Credit Card,Paid,TPPAYOOR6MU53KF,103340.0,0.0,INR
7167,7167,2025-12-23 19:01:36,UPI,Paid,TPPAYOJGT63F7X6,40200.0,0.0,INR
7168,7168,2024-10-10 08:33:25,Credit Card,Paid,TPPAYFR5B4NYZDX,77871.0,0.0,INR
7169,7169,2024-11-19 23:29:50,UPI,Paid,TPPAY6EYWQNGKVO,66298.0,0.0,INR
7170,7170,2026-06-14 16:17:49,UPI,Paid,TPPAYADQ0VNY5F4,19152.0,0.0,INR
7171,7171,2026-07-21 20:17:38,Debit Card,Paid,TPPAYUFEBAKB7G8,14818.0,0.0,INR
7172,7172,2026-06-16 18:47:45,UPI,Paid,TPPAYESJO39YS2V,40165.0,0.0,INR
7173,7173,2026-08-27 16:16:06,Net Banking,Paid,TPPAYXJT04L1FMK,32160.0,0.0,INR
7174,7174,2026-08-30 17:09:24,UPI,Paid,TPPAYXT7G1CQRQ9,25591.8,0.0,INR
7175,7175,2024-02-07 18:39:40,Credit Card,Paid,TPPAYQDBIIMSVS5,32529.6,0.0,INR
7176,7176,2025-07-06 10:20:04,UPI,Paid,TPPAYHFCBBT151I,32386.0,0.0,INR
7177,7177,2024-07-24 15:29:05,Credit Card,Paid,TPPAY2Q5ATD0KWY,74018.0,0.0,INR
7178,7178,2026-08-02 12:13:44,UPI,Paid,TPPAYH9JZ160V94,35348.0,0.0,INR
7179,7179,2026-08-11 20:57:12,Credit Card,Paid,TPPAYP5UCIGR7DR,21682.0,0.0,INR
7180,7180,2024-06-02 00:51:19,Credit Card,Paid,TPPAY0BYNSH4XTP,19563.0,0.0,INR
7181,7181,2026-06-24 18:38:45,UPI,Paid,TPPAYEQLAL3FN7L,16066.0,0.0,INR
7182,7182,2025-06-13 22:15:35,UPI,Paid,TPPAYJSV7FXFK2M,60258.0,0.0,INR
7183,7183,2026-01-21 20:36:44,Net Banking,Paid,TPPAYZTK9VG2ZBU,49465.0,0.0,INR
7184,7184,2026-09-07 13:54:26,UPI,Paid,TPPAYTP4EHD4A1U,16906.0,0.0,INR
7185,7185,2026-06-10 13:46:56,Credit Card,Paid,TPPAY8NV32615EK,29076.0,0.0,INR
7186,7186,2025-10-13 10:13:49,Credit Card,Paid,TPPAYKW97FRM07M,51494.75,0.0,INR
7187,7187,2026-06-15 15:12:01,Debit Card,Paid,TPPAYGC1RIG07KA,39384.0,0.0,INR
7188,7188,2023-11-26 17:28:21,Debit Card,Paid,TPPAY8I986N2WV9,61398.0,0.0,INR
7189,7189,2025-01-24 04:19:18,Wallet,Paid,TPPAYN5KZV9GKPH,87080.0,0.0,INR
7190,7190,2025-01-24 13:31:28,UPI,Paid,TPPAYRC4H2VTKHZ,97660.0,0.0,INR
7191,7191,2024-07-16 10:08:31,Wallet,Paid,TPPAYMJN6WS6UQG,38280.0,0.0,INR
7192,7192,2026-07-22 04:48:54,Debit Card,Paid,TPPAYP6AVWGA7D3,15141.6,0.0,INR
7193,7193,2024-03-05 04:03:26,Debit Card,Paid,TPPAYZX1V0PXMJ3,39572.0,0.0,INR
7194,7194,2026-04-11 10:33:24,Net Banking,Paid,TPPAYVI7M5C80TQ,17704.2,0.0,INR
7195,7195,2025-10-01 10:48:52,Debit Card,Paid,TPPAYJKLNDZHI9E,26760.0,0.0,INR
7196,7196,2025-03-30 09:17:24,Wallet,Paid,TPPAYY6MM7O8DMI,58580.0,0.0,INR
7197,7197,2026-07-10 14:26:29,UPI,Refunded,TPPAYDHEBEGQTXD,22051.4,22051.4,INR
7198,7198,2024-04-28 04:29:56,Debit Card,Paid,TPPAYCRNLPYXWX9,85002.0,0.0,INR
7199,7199,2024-04-10 06:40:09,Credit Card,Paid,TPPAYQYLWVVD2DP,81124.0,0.0,INR
7200,7200,2026-07-13 12:06:09,Debit Card,Paid,TPPAY14UX3C55CT,25810.0,0.0,INR
7201,7201,2024-10-25 05:46:16,Credit Card,Paid,TPPAY9CKD0D6TS7,38674.8,0.0,INR
7202,7202,2026-07-20 10:35:11,Debit Card,Pending,TPPAY9W75Q1ZJMY,0.0,0.0,INR
7203,7203,2026-07-26 05:08:47,UPI,Paid,TPPAYB135X6JFKM,16222.0,0.0,INR
7204,7204,2024-08-17 04:17:22,UPI,Paid,TPPAYYIU8RSU8F0,46722.6,0.0,INR
7205,7205,2024-02-21 01:31:15,Debit Card,Paid,TPPAY15ERZWR6BF,92560.0,0.0,INR
7206,7206,2025-04-28 20:08:14,UPI,Paid,TPPAYGHL424MM6D,13670.4,0.0,INR
7207,7207,2026-07-26 21:36:58,Credit Card,Paid,TPPAYLY6HBV635X,28416.0,0.0,INR
7208,7208,2026-08-28 00:04:47,UPI,Paid,TPPAYOSMMSCJQYK,80983.75,0.0,INR
7209,7209,2025-08-01 20:53:08,Net Banking,Paid,TPPAYAXG9NKYOUI,7953.3,0.0,INR
7210,7210,2026-07-30 08:28:26,UPI,Paid,TPPAYG9JGSSGI03,94640.0,0.0,INR
7211,7211,2026-03-12 06:56:25,Net Banking,Paid,TPPAYBXY9DHC6DD,7069.6,0.0,INR
7212,7212,2026-09-05 20:56:22,Wallet,Refunded,TPPAYF405PA8YEJ,51816.0,51816.0,INR
7213,7213,2024-11-22 11:15:33,Credit Card,Paid,TPPAYPDJ7IXNHX6,34176.0,0.0,INR
7214,7214,2026-08-30 04:39:10,UPI,Paid,TPPAYF675BJVUXV,54431.2,0.0,INR
7215,7215,2026-07-28 07:00:26,Debit Card,Paid,TPPAY92HXG39D9E,36631.6,0.0,INR
7216,7216,2026-06-26 00:15:36,UPI,Pending,TPPAY0BW7UWEVPY,0.0,0.0,INR
7217,7217,2025-07-04 09:41:29,Net Banking,Paid,TPPAYC3OHNF7TD3,21555.15,0.0,INR
7218,7218,2024-01-08 04:26:15,UPI,Paid,TPPAY2RA56G90V5,60805.0,0.0,INR
7219,7219,2026-09-04 17:28:35,Credit Card,Paid,TPPAY9CFU3RMMA7,90783.0,0.0,INR
7220,7220,2026-07-20 14:00:15,UPI,Paid,TPPAYW9QBCAB1LI,25632.0,0.0,INR
7221,7221,2026-08-11 13:24:22,Credit Card,Paid,TPPAYPPDP8QOOJK,39207.0,0.0,INR
7222,7222,2026-07-03 04:24:26,UPI,Paid,TPPAYAESEREFVEZ,52596.75,0.0,INR
7223,7223,2026-06-12 10:29:19,Credit Card,Paid,TPPAY81SOOYMM60,38190.0,0.0,INR
7224,7224,2026-04-21 03:21:42,UPI,Paid,TPPAYKIGRV71NSP,25632.0,0.0,INR
7225,7225,2026-07-30 10:19:38,UPI,Paid,TPPAYXP9CAAUMBM,39259.8,0.0,INR
7226,7226,2025-05-11 14:29:59,Credit Card,Paid,TPPAYGHZ589PVRO,21548.0,0.0,INR
7227,7227,2026-07-13 11:50:52,Credit Card,Paid,TPPAY129FLSOD04,16616.0,0.0,INR
7228,7228,2026-06-12 14:26:22,UPI,Paid,TPPAYORG8ZT5JKU,19517.0,0.0,INR
7229,7229,2023-10-18 02:24:18,UPI,Paid,TPPAYRLR6QSI9FO,35890.0,0.0,INR
7230,7230,2026-06-25 20:21:48,UPI,Paid,TPPAY8UQ276DR8O,16790.3,0.0,INR
7231,7231,2025-02-17 07:06:45,Wallet,Paid,TPPAYEKVL2G7562,29076.0,0.0,INR
7232,7232,2026-06-10 05:04:42,UPI,Paid,TPPAY0VBLSIUJ9R,32003.1,0.0,INR
7233,7233,2026-07-15 02:33:56,Net Banking,Paid,TPPAYKQ0H9RVO8E,89270.1,0.0,INR
7234,7234,2026-08-20 23:39:43,UPI,Paid,TPPAY7EYPYZ93CT,26760.0,0.0,INR
7235,7235,2026-06-11 23:43:35,UPI,Paid,TPPAYFMH20JCRPJ,64728.0,0.0,INR
7236,7236,2026-05-02 23:29:14,Credit Card,Paid,TPPAYXSLN1J4GFH,121104.0,0.0,INR
7237,7237,2026-07-08 00:02:03,Debit Card,Paid,TPPAYUNB5FGVS5T,92560.0,0.0,INR
7238,7238,2026-08-10 20:08:04,Debit Card,Paid,TPPAY77J0G7ZESQ,107669.2,0.0,INR
7239,7239,2026-06-22 10:01:23,Credit Card,Paid,TPPAYALRAJ7A951,186636.0,0.0,INR
7240,7240,2026-07-13 17:40:48,Credit Card,Paid,TPPAYS47U4CH3A6,155924.0,0.0,INR
7241,7241,2026-07-06 20:48:14,Credit Card,Paid,TPPAYD2J0GZ6D4Z,23409.9,0.0,INR
7242,7242,2026-06-13 23:37:02,UPI,Paid,TPPAYZ2YJ7LS07Q,43364.0,0.0,INR
7243,7243,2026-07-08 02:09:28,Debit Card,Paid,TPPAYS46V2KLPKG,69111.0,0.0,INR
7244,7244,2023-10-14 03:15:59,Debit Card,Paid,TPPAY8UX9Y7JKS2,39207.0,0.0,INR
7245,7245,2026-09-06 22:12:04,Wallet,Pending,TPPAYQ5FU73Y2DN,0.0,0.0,INR
7246,7246,2024-09-07 22:31:20,Debit Card,Paid,TPPAY1JIHGNQN4J,55365.0,0.0,INR
7247,7247,2026-05-27 23:32:22,Wallet,Paid,TPPAY3PPODU2SNA,48250.0,0.0,INR
7248,7248,2025-03-02 15:17:40,UPI,Paid,TPPAYGVOV3MF9D3,47945.0,0.0,INR
7249,7249,2024-07-08 10:32:16,UPI,Paid,TPPAYZ7PC4MLY2V,30108.0,0.0,INR
7250,7250,2026-07-05 17:27:02,UPI,Pending,TPPAYGJ3FMQ4IJH,0.0,0.0,INR
7251,7251,2025-04-24 20:45:17,UPI,Paid,TPPAYUACOGPIPZZ,69420.0,0.0,INR
7252,7252,2026-08-30 10:03:54,Debit Card,Pending,TPPAYQ39LW35POU,0.0,0.0,INR
7253,7253,2026-08-08 07:53:27,Credit Card,Paid,TPPAYIL3J1PWF83,63931.2,0.0,INR
7254,7254,2025-08-22 07:37:58,UPI,Paid,TPPAYVU92KUAF3T,32961.0,0.0,INR
7255,7255,2025-11-24 11:33:49,UPI,Paid,TPPAYMKJFOG56OP,71920.0,0.0,INR
7256,7256,2026-06-25 04:16:48,UPI,Paid,TPPAYCCNHMODN6N,90990.0,0.0,INR
7257,7257,2026-05-13 02:21:58,Debit Card,Refunded,TPPAY6XJT12C5VC,80496.0,80496.0,INR
7258,7258,2024-01-16 14:25:12,UPI,Paid,TPPAY0K2AKPUNU2,143415.8,0.0,INR
7259,7259,2026-06-24 05:25:32,Net Banking,Pending,TPPAYBHRPKD89YH,0.0,0.0,INR
7260,7260,2026-08-09 19:55:29,UPI,Paid,TPPAYSO39YLCXXI,17088.0,0.0,INR
7261,7261,2026-06-25 07:38:53,UPI,Paid,TPPAYYG3A9F8RSA,16301.3,0.0,INR
7262,7262,2024-04-25 04:01:37,Debit Card,Paid,TPPAY3GNPSODZLD,29679.0,0.0,INR
7263,7263,2026-06-10 13:04:07,Credit Card,Paid,TPPAY33EKHWGG4D,39207.0,0.0,INR
7264,7264,2026-05-02 00:10:50,UPI,Paid,TPPAYVR4EV8AGYJ,38527.25,0.0,INR
7265,7265,2026-07-18 04:06:46,Credit Card,Paid,TPPAYV17PJ08FOG,64458.0,0.0,INR
7266,7266,2024-11-10 16:32:26,Credit Card,Paid,TPPAYZN1N6M3QUG,147753.5,0.0,INR
7267,7267,2023-09-13 06:32:18,Debit Card,Paid,TPPAYCWNODBUAHZ,92560.0,0.0,INR
7268,7268,2026-08-10 18:33:30,UPI,Paid,TPPAY3M3GSZGM9Q,16616.0,0.0,INR
7269,7269,2026-05-25 17:03:43,UPI,Paid,TPPAY4ANB8B13J4,15443.0,0.0,INR
7270,7270,2026-09-05 04:34:58,Net Banking,Paid,TPPAYM762EXLTW4,25632.0,0.0,INR
7271,7271,2026-07-17 03:15:22,Debit Card,Paid,TPPAYG3IJ00FYRZ,40555.0,0.0,INR
7272,7272,2024-04-14 20:33:35,UPI,Paid,TPPAY4Q7SQTYH7F,41396.0,0.0,INR
7273,7273,2026-06-26 20:05:42,Debit Card,Paid,TPPAYQME5CLBWG4,33149.0,0.0,INR
7274,7274,2025-03-02 03:00:13,Debit Card,Paid,TPPAY6YXH6P9QBL,47880.0,0.0,INR
7275,7275,2026-06-10 05:25:17,Credit Card,Paid,TPPAY9XFGN7TDTS,19776.6,0.0,INR
7276,7276,2024-05-16 17:04:18,Debit Card,Paid,TPPAYXLNHJERLVF,16818.3,0.0,INR
7277,7277,2025-03-22 16:31:38,UPI,Paid,TPPAY7M1UV1FBRW,107669.2,0.0,INR
7278,7278,2026-07-19 02:25:25,UPI,Paid,TPPAY1BR7ZZHS3V,31418.55,0.0,INR
7279,7279,2025-02-07 18:11:24,Debit Card,Refunded,TPPAYTY2ZC6F61Z,59823.0,59823.0,INR
7280,7280,2026-06-23 04:25:19,UPI,Paid,TPPAY29PO7AKXBJ,66126.0,0.0,INR
7281,7281,2026-09-05 02:43:35,UPI,Paid,TPPAYGY6D1X28BM,33325.95,0.0,INR
7282,7282,2025-01-25 12:00:00,Credit Card,Paid,TPPAYRCTUB70D0L,83645.0,0.0,INR
7283,7283,2025-12-30 04:26:17,UPI,Paid,TPPAY3KYQ8NFPZE,60886.0,0.0,INR
7284,7284,2026-07-19 07:58:22,UPI,Paid,TPPAYR1ZJKY22SQ,97660.0,0.0,INR
7285,7285,2026-07-25 06:07:08,UPI,Paid,TPPAYBXX3934ZT9,19384.0,0.0,INR
7286,7286,2026-06-12 21:32:32,Credit Card,Paid,TPPAY2MGWMA1DW7,57524.4,0.0,INR
7287,7287,2026-02-20 22:35:17,UPI,Paid,TPPAY7MD9HQCODI,33458.0,0.0,INR
7288,7288,2026-09-06 19:03:47,Credit Card,Paid,TPPAY4PXRNS6VF6,51816.0,0.0,INR
7289,7289,2026-08-12 00:16:10,Credit Card,Pending,TPPAYUFU9GCAWD1,0.0,0.0,INR
7290,7290,2026-06-15 20:44:12,Credit Card,Paid,TPPAYHL9P8BRF6B,52276.0,0.0,INR
7291,7291,2026-08-01 14:50:38,UPI,Paid,TPPAYFHH71F6DTB,98173.0,0.0,INR
7292,7292,2025-06-23 16:38:55,UPI,Paid,TPPAYWNU1WCBS4E,134862.0,0.0,INR
7293,7293,2026-08-05 02:03:50,UPI,Paid,TPPAYP0CES0XYYP,22857.0,0.0,INR
7294,7294,2025-10-19 06:47:52,Debit Card,Paid,TPPAYG87VQRJAHN,138840.0,0.0,INR
7295,7295,2026-08-21 23:57:44,UPI,Pending,TPPAY06Q1WFT00C,0.0,0.0,INR
7296,7296,2026-07-30 22:34:13,Credit Card,Paid,TPPAY6GDCF5B1QG,33390.6,0.0,INR
7297,7297,2025-08-01 01:26:28,UPI,Paid,TPPAYOU5WDYDNFW,37648.2,0.0,INR
7298,7298,2026-08-19 04:36:15,Debit Card,Paid,TPPAY0JGTXWRURK,75831.0,0.0,INR
7299,7299,2026-07-19 08:46:00,Debit Card,Refunded,TPPAYNFA4SE55YB,79764.0,79764.0,INR
7300,7300,2026-06-20 04:20:08,UPI,Paid,TPPAYL1X7IM3QN8,29679.0,0.0,INR
7301,7301,2026-08-24 21:02:01,Debit Card,Refunded,TPPAYCRXW4CGRA7,28648.0,28648.0,INR
7302,7302,2026-07-07 10:20:01,Credit Card,Paid,TPPAYRDXTSKA1H0,32467.2,0.0,INR
7303,7303,2024-07-15 06:45:23,Debit Card,Paid,TPPAYIGH8J3BVF9,20671.2,0.0,INR
7304,7304,2024-12-10 10:28:38,UPI,Paid,TPPAYMCL5P60X5L,31401.0,0.0,INR
7305,7305,2025-12-22 07:58:30,UPI,Paid,TPPAYKCZU261DOD,22146.0,0.0,INR
7306,7306,2026-06-19 05:06:32,Net Banking,Paid,TPPAYPFQ9LMVDXT,28602.6,0.0,INR
7307,7307,2026-09-04 15:07:32,UPI,Paid,TPPAYVSVWVCLG3G,36180.0,0.0,INR
7308,7308,2026-08-07 03:44:46,Credit Card,Refunded,TPPAY99JEZWM06V,56784.0,56784.0,INR
7309,7309,2026-09-08 03:29:59,Credit Card,Paid,TPPAY5X8J6A8IIA,80965.0,0.0,INR
7310,7310,2026-08-09 18:02:39,Debit Card,Paid,TPPAYLTS7V9ZSZC,39207.0,0.0,INR
7311,7311,2024-10-17 22:08:20,Credit Card,Paid,TPPAY31ZKIOR2K1,14356.0,0.0,INR
7312,7312,2025-10-11 18:48:07,Credit Card,Paid,TPPAYMZQSHPR647,32961.0,0.0,INR
7313,7313,2026-07-20 04:18:01,UPI,Paid,TPPAYQVAJLCJVZE,33450.0,0.0,INR
7314,7314,2025-01-22 18:21:26,Credit Card,Paid,TPPAYE2SV9FZPCN,38862.0,0.0,INR
7315,7315,2024-01-19 07:17:56,Credit Card,Paid,TPPAY9EFFLORAE7,71010.6,0.0,INR
7316,7316,2026-07-26 19:57:38,Credit Card,Paid,TPPAYLN78O5BSIJ,27189.0,0.0,INR
7317,7317,2026-08-21 14:44:38,UPI,Paid,TPPAYQ3RSX097MU,16313.4,0.0,INR
7318,7318,2025-04-08 16:51:10,Debit Card,Paid,TPPAYXSFUYW374B,86440.5,0.0,INR
7319,7319,2026-08-15 07:47:28,Debit Card,Paid,TPPAYJJ7QR1XOM0,121104.0,0.0,INR
7320,7320,2024-12-08 17:08:27,Credit Card,Paid,TPPAY9KZMY6C0CN,141960.0,0.0,INR
7321,7321,2026-06-27 06:15:19,Debit Card,Paid,TPPAYQ79RT5J7DM,162248.0,0.0,INR
7322,7322,2026-08-14 22:18:53,UPI,Paid,TPPAYAUW13NAZM6,65286.0,0.0,INR
7323,7323,2026-08-26 05:05:23,UPI,Paid,TPPAYVKHH7PU029,13392.0,0.0,INR
7324,7324,2026-08-26 20:39:28,UPI,Paid,TPPAY4YYQ4XIQ6C,47101.5,0.0,INR
7325,7325,2024-04-16 16:52:22,Debit Card,Paid,TPPAY82ZKMR9BEM,62228.5,0.0,INR
7326,7326,2026-06-27 18:29:53,Wallet,Paid,TPPAY0HK2X6KT7F,42244.6,0.0,INR
7327,7327,2026-06-22 05:48:04,UPI,Paid,TPPAYZ4FRNS8RWM,18944.0,0.0,INR
7328,7328,2026-01-07 23:09:05,Debit Card,Paid,TPPAY03XO2H3COX,39384.0,0.0,INR
7329,7329,2025-12-15 12:22:16,Debit Card,Paid,TPPAY9DC5AO6SOU,34658.85,0.0,INR
7330,7330,2026-07-30 11:42:00,UPI,Paid,TPPAYBZWJ6O94O3,29076.0,0.0,INR
7331,7331,2026-07-17 03:09:53,Credit Card,Paid,TPPAYKGX7R395YS,42972.0,0.0,INR
7332,7332,2026-06-21 03:19:12,Credit Card,Paid,TPPAYO7S3PO91W4,16222.0,0.0,INR
7333,7333,2026-07-28 02:41:03,Debit Card,Paid,TPPAYGAE1I0V4HH,46864.0,0.0,INR
7334,7334,2024-03-04 11:50:04,Credit Card,Paid,TPPAYVXFOEG0LS1,37420.0,0.0,INR
7335,7335,2026-07-10 04:55:53,Debit Card,Refunded,TPPAYPH4QNC5E94,84795.0,84795.0,INR
7336,7336,2026-09-03 20:31:39,UPI,Paid,TPPAYTQPBHEM0P6,27108.0,0.0,INR
7337,7337,2026-07-26 18:59:14,Debit Card,Refunded,TPPAYJHU2UZ8AS4,103148.1,103148.1,INR
7338,7338,2026-06-28 23:34:54,UPI,Paid,TPPAY3DSHM6CI4U,28728.0,0.0,INR
7339,7339,2026-06-15 04:59:51,Credit Card,Paid,TPPAY4VT4NQD0LY,49284.0,0.0,INR
7340,7340,2024-11-25 00:35:23,Debit Card,Paid,TPPAYASGSTVWM43,80344.0,0.0,INR
7341,7341,2026-08-02 18:26:57,Credit Card,Paid,TPPAYQEOSA4ZNGS,76220.0,0.0,INR
7342,7342,2023-11-03 19:51:07,Wallet,Paid,TPPAY2TWOMJB4SY,114609.0,0.0,INR
7343,7343,2026-07-10 03:42:37,UPI,Paid,TPPAYXE7G46NJ6N,17260.2,0.0,INR
7344,7344,2026-07-16 12:39:19,Debit Card,Paid,TPPAYD10WDOJ5YZ,38356.0,0.0,INR
7345,7345,2023-10-07 22:59:41,UPI,Paid,TPPAYHEWKJ1CN84,21109.95,0.0,INR
7346,7346,2026-09-01 07:26:34,Debit Card,Paid,TPPAYB5PQKOYGAK,39572.0,0.0,INR
7347,7347,2026-06-25 11:05:08,Credit Card,Paid,TPPAY6M96RUAFU2,48460.0,0.0,INR
7348,7348,2026-08-22 13:57:39,UPI,Paid,TPPAYYG73WZ4SRR,23706.0,0.0,INR
7349,7349,2026-06-20 15:13:21,Debit Card,Paid,TPPAY15DM5UQK9Y,26760.0,0.0,INR
7350,7350,2026-08-19 12:20:51,UPI,Paid,TPPAY26K5FM2J09,55945.0,0.0,INR
7351,7351,2026-08-24 20:18:21,UPI,Paid,TPPAYKDCFFSGK9D,111095.85,0.0,INR
7352,7352,2025-12-09 06:54:00,Credit Card,Paid,TPPAYKI36L4EW4A,73474.0,0.0,INR
7353,7353,2026-08-30 20:50:56,Credit Card,Paid,TPPAYC51RD7AARJ,162248.0,0.0,INR
7354,7354,2026-06-20 22:59:13,Credit Card,Paid,TPPAY0P1L2JHJ09,80696.0,0.0,INR
7355,7355,2024-03-07 05:12:46,Credit Card,Paid,TPPAYQNPJ5YOJ13,13638.2,0.0,INR
7356,7356,2026-06-22 13:36:34,Credit Card,Paid,TPPAYZZZJ9MYOAY,37374.0,0.0,INR
7357,7357,2026-07-03 12:59:49,Credit Card,Paid,TPPAYVG2ZHZ6MMI,29092.8,0.0,INR
7358,7358,2024-03-31 20:24:06,Credit Card,Paid,TPPAYRZRCJC8532,15262.7,0.0,INR
7359,7359,2025-09-16 17:49:26,UPI,Paid,TPPAYT3CWX7W72P,121965.0,0.0,INR
7360,7360,2024-05-25 11:41:18,UPI,Paid,TPPAYJDDAZFFSCE,152812.0,0.0,INR
7361,7361,2025-12-21 03:47:50,UPI,Paid,TPPAYQ7XLJWNBP6,49230.0,0.0,INR
7362,7362,2025-03-21 05:44:40,Wallet,Paid,TPPAYHLO2Y2V9SK,58360.4,0.0,INR
7363,7363,2026-07-18 12:47:37,UPI,Paid,TPPAYV35Z1C4EJG,60522.0,0.0,INR
7364,7364,2026-06-21 21:09:52,UPI,Paid,TPPAY5EHGU0Q4LD,93435.0,0.0,INR
7365,7365,2026-08-30 19:30:54,Credit Card,Paid,TPPAYO50SNHPUUK,28712.0,0.0,INR
7366,7366,2024-07-28 22:26:51,Debit Card,Paid,TPPAYGKMY79GGXS,23260.8,0.0,INR
7367,7367,2023-12-29 20:43:55,UPI,Paid,TPPAYI43EZIWUOD,26511.0,0.0,INR
7368,7368,2026-06-30 21:25:30,Debit Card,Paid,TPPAYY0YP2MVTQQ,41440.9,0.0,INR
7369,7369,2024-07-23 00:07:32,Credit Card,Paid,TPPAYE1LZPU1NOP,120516.0,0.0,INR
7370,7370,2026-08-11 09:54:32,Net Banking,Paid,TPPAYBOK7YWFB23,100430.0,0.0,INR
7371,7371,2026-07-22 15:01:50,UPI,Paid,TPPAYFPI5RBKDW0,31014.4,0.0,INR
7372,7372,2026-07-31 20:35:00,UPI,Refunded,TPPAYFLAEEFXV6C,21811.0,21811.0,INR
7373,7373,2026-07-21 13:58:07,Credit Card,Pending,TPPAY00SUMLVRHX,0.0,0.0,INR
7374,7374,2026-08-10 19:31:51,UPI,Paid,TPPAYRULOL7F44L,64770.0,0.0,INR
7375,7375,2025-03-18 11:59:08,Wallet,Paid,TPPAYT6EJ8H47MK,32961.0,0.0,INR
7376,7376,2026-06-18 03:26:23,Credit Card,Paid,TPPAY1V5L6W7OD2,126385.0,0.0,INR
7377,7377,2023-12-24 05:17:35,UPI,Paid,TPPAYYT2OCFBYM4,76220.0,0.0,INR
7378,7378,2026-08-20 22:55:52,UPI,Paid,TPPAYVX8RIU06I4,41195.8,0.0,INR
7379,7379,2023-12-21 21:45:12,Wallet,Refunded,TPPAYWA1WHQFPHR,44468.0,44468.0,INR
7380,7380,2025-06-30 15:23:36,UPI,Paid,TPPAY9ZEK241U9H,70165.8,0.0,INR
7381,7381,2026-07-02 04:43:09,UPI,Paid,TPPAY8KFJAY8NEM,78127.2,0.0,INR
7382,7382,2026-07-31 21:44:41,Debit Card,Refunded,TPPAYG2GZUY4QNU,80344.0,80344.0,INR
7383,7383,2023-12-13 04:41:48,UPI,Paid,TPPAY0C9FNA7PS0,92560.0,0.0,INR
7384,7384,2026-09-07 08:53:36,Net Banking,Paid,TPPAYFZXAV1ENQ8,155530.0,0.0,INR
7385,7385,2026-07-25 03:31:12,UPI,Pending,TPPAY6RCYAM1OHO,0.0,0.0,INR
7386,7386,2025-12-21 14:18:25,UPI,Paid,TPPAY9UCNVWKH16,60258.0,0.0,INR
7387,7387,2026-07-29 17:25:56,Wallet,Paid,TPPAY9IJYS2BAZA,103820.0,0.0,INR
7388,7388,2025-02-05 12:24:18,UPI,Paid,TPPAYKDKVOBPZRE,24120.0,0.0,INR
7389,7389,2026-08-08 07:59:56,Debit Card,Paid,TPPAY58UKO9195B,29240.0,0.0,INR
7390,7390,2026-08-29 17:37:18,UPI,Paid,TPPAY2LI50VMKB1,114330.0,0.0,INR
7391,7391,2026-06-26 18:10:29,Credit Card,Paid,TPPAYAKL43E3604,66126.0,0.0,INR
7392,7392,2026-08-12 00:50:19,Credit Card,Paid,TPPAYQ01BLA3G3J,85002.0,0.0,INR
7393,7393,2025-06-04 03:53:51,Debit Card,Refunded,TPPAY8FYJFZFW2R,48579.0,48579.0,INR
7394,7394,2026-08-27 23:42:18,Credit Card,Paid,TPPAYJ9HKTFO0YG,17168.4,0.0,INR
7395,7395,2025-03-25 16:05:51,UPI,Paid,TPPAYASA47ZCXCM,35445.6,0.0,INR
7396,7396,2025-05-07 14:00:27,UPI,Paid,TPPAYOO7GMZT9VD,44292.0,0.0,INR
7397,7397,2026-08-17 05:07:40,Net Banking,Paid,TPPAYD9PKKR8S90,34611.0,0.0,INR
7398,7398,2026-06-10 20:01:56,UPI,Paid,TPPAYDPHQBZ6NPU,80696.0,0.0,INR
7399,7399,2024-06-22 14:59:49,Debit Card,Paid,TPPAY00XK2HFN62,24120.0,0.0,INR
7400,7400,2026-09-04 08:58:15,UPI,Paid,TPPAYR7UYC9II9U,41396.0,0.0,INR
7401,7401,2026-07-04 19:20:28,UPI,Paid,TPPAYNWY0ZSVX1F,60522.0,0.0,INR
7402,7402,2026-09-01 03:46:58,Debit Card,Paid,TPPAYQAVQC3HDOA,84120.0,0.0,INR
7403,7403,2026-07-28 11:38:58,UPI,Paid,TPPAYYSNYK9MLYK,31401.0,0.0,INR
7404,7404,2026-06-30 19:54:20,Debit Card,Paid,TPPAY2JUQY7CP4F,17088.0,0.0,INR
7405,7405,2025-11-17 11:57:09,UPI,Refunded,TPPAY0XP35DVMA4,36483.0,36483.0,INR
7406,7406,2026-07-07 09:15:43,Credit Card,Paid,TPPAY1SWE6A5X4U,154868.0,0.0,INR
7407,7407,2026-06-09 07:35:11,Credit Card,Paid,TPPAYVZ8E8NTYZ5,186636.0,0.0,INR
7408,7408,2025-11-01 04:17:28,UPI,Paid,TPPAY801UKH9TUG,46074.0,0.0,INR
7409,7409,2026-08-26 17:53:37,UPI,Paid,TPPAYNNU1P87DRY,83056.0,0.0,INR
7410,7410,2025-08-12 05:21:25,Credit Card,Paid,TPPAYURTTNYNO5I,60660.0,0.0,INR
7411,7411,2026-07-31 00:14:13,UPI,Paid,TPPAYZDF2XD9EJ3,121104.0,0.0,INR
7412,7412,2026-08-12 23:20:48,UPI,Paid,TPPAYGUPCGV3QVR,79764.0,0.0,INR
7413,7413,2023-09-14 00:06:42,Wallet,Paid,TPPAYM98ECM3VYM,71920.0,0.0,INR
7414,7414,2026-08-12 01:26:29,UPI,Paid,TPPAY39213DU9XB,69516.0,0.0,INR
7415,7415,2025-11-19 15:26:56,Credit Card,Paid,TPPAYT8MFXFWBPL,29628.0,0.0,INR
7416,7416,2023-11-24 04:50:14,UPI,Paid,TPPAYL435MBTYWH,48333.15,0.0,INR
7417,7417,2026-08-17 17:32:02,Debit Card,Paid,TPPAY2NJQSNG8QE,10841.0,0.0,INR
7418,7418,2026-07-30 01:22:52,Debit Card,Paid,TPPAYO11QFB35KM,21115.65,0.0,INR
7419,7419,2026-07-23 12:13:36,Credit Card,Paid,TPPAYZZGUV5MAWT,49465.0,0.0,INR
7420,7420,2024-10-17 22:58:39,UPI,Paid,TPPAYB9R61QIOPN,45837.5,0.0,INR
7421,7421,2026-09-04 15:30:27,Credit Card,Paid,TPPAYS243WTVEZ2,77962.0,0.0,INR
7422,7422,2025-10-30 01:21:06,Net Banking,Paid,TPPAYZ36LFBMPX4,92097.0,0.0,INR
7423,7423,2024-05-23 18:19:39,Credit Card,Refunded,TPPAYJAF8QPK9H7,81124.0,81124.0,INR
7424,7424,2024-07-22 20:46:17,UPI,Paid,TPPAYBD0R8XROAI,57165.0,0.0,INR
7425,7425,2026-08-09 22:48:43,UPI,Paid,TPPAY6XY3EDBPLV,77434.0,0.0,INR
7426,7426,2026-08-11 04:41:00,Credit Card,Pending,TPPAYSSPIWG8N50,0.0,0.0,INR
7427,7427,2026-08-26 18:07:50,UPI,Pending,TPPAY9PYJZTK5H7,0.0,0.0,INR
7428,7428,2026-06-13 04:49:39,Credit Card,Paid,TPPAYXWEMQ6GNT2,73474.0,0.0,INR
7429,7429,2026-06-23 04:22:58,Credit Card,Paid,TPPAYCU5F6T0CH9,16661.1,0.0,INR
7430,7430,2026-08-12 13:44:49,Debit Card,Paid,TPPAY2D22JGUGE0,25810.0,0.0,INR
7431,7431,2025-08-07 16:48:45,UPI,Paid,TPPAYYOHJPII8VL,20698.0,0.0,INR
7432,7432,2026-08-09 18:36:41,UPI,Paid,TPPAYHCHOEXXZ3I,24120.0,0.0,INR
7433,7433,2026-09-03 08:49:26,UPI,Paid,TPPAYCUI598E204,19629.9,0.0,INR
7434,7434,2026-07-11 20:55:13,UPI,Paid,TPPAYX83AGBEXTX,43364.0,0.0,INR
7435,7435,2026-08-20 00:20:54,Debit Card,Paid,TPPAY2OH04C36P9,36252.0,0.0,INR
7436,7436,2026-07-20 21:51:02,UPI,Paid,TPPAYTGPTRYJKL4,34099.2,0.0,INR
7437,7437,2023-09-20 20:24:57,Credit Card,Refunded,TPPAYDWSVIKOGOX,30624.0,30624.0,INR
7438,7438,2026-08-12 02:40:36,UPI,Pending,TPPAYZ3BAV0CFNY,0.0,0.0,INR
7439,7439,2026-07-04 20:14:25,UPI,Paid,TPPAYSOJQ2JHAFG,28728.0,0.0,INR
7440,7440,2026-08-20 09:28:41,UPI,Paid,TPPAYSFE0RKIEEQ,47880.0,0.0,INR
7441,7441,2026-07-12 13:36:34,Debit Card,Paid,TPPAYHXWNP1S3Q5,75831.0,0.0,INR
7442,7442,2025-05-27 09:56:35,Credit Card,Paid,TPPAYJDKWHXNA88,73474.0,0.0,INR
7443,7443,2026-08-22 05:06:07,Debit Card,Paid,TPPAYJO41PN1RTN,73210.0,0.0,INR
7444,7444,2025-08-21 22:56:43,UPI,Paid,TPPAYODSX0DJCSK,162248.0,0.0,INR
7445,7445,2026-02-16 16:58:41,Credit Card,Paid,TPPAYNFWX6NGL1R,16772.4,0.0,INR
7446,7446,2026-06-28 05:58:25,Credit Card,Paid,TPPAYG4S6Q3ZAIU,100430.0,0.0,INR
7447,7447,2025-11-13 14:38:07,UPI,Paid,TPPAYYE4KX2XQBW,22378.0,0.0,INR
7448,7448,2024-10-03 18:02:53,Credit Card,Refunded,TPPAY40MGB2F6O1,46074.0,46074.0,INR
7449,7449,2025-12-26 08:09:54,Credit Card,Paid,TPPAYCYN7U5CIF4,109768.5,0.0,INR
7450,7450,2024-07-07 11:22:45,Debit Card,Refunded,TPPAY0RZY2BJ9JX,29679.0,29679.0,INR
7451,7451,2024-04-11 20:09:50,UPI,Paid,TPPAYYX4SEWXWKT,61533.4,0.0,INR
7452,7452,2026-08-09 01:00:36,Net Banking,Pending,TPPAYCVASU1NIG7,0.0,0.0,INR
7453,7453,2025-10-19 09:46:00,Debit Card,Paid,TPPAYTJ859FU2BS,24350.4,0.0,INR
7454,7454,2026-02-09 10:28:11,UPI,Paid,TPPAYV73CV2GZTQ,57165.0,0.0,INR
7455,7455,2026-07-05 04:06:38,UPI,Paid,TPPAY8WDDQ7J35J,114609.0,0.0,INR
7456,7456,2026-09-08 16:23:12,Net Banking,Paid,TPPAYUIYTE5T4JE,116151.0,0.0,INR
7457,7457,2026-06-18 09:20:43,Credit Card,Refunded,TPPAYSXG0T0NXSA,21038.7,21038.7,INR
7458,7458,2026-06-14 00:17:14,Credit Card,Paid,TPPAYJ9K8LNH965,36388.8,0.0,INR
7459,7459,2023-12-29 05:31:50,Debit Card,Paid,TPPAYMSDXPXO855,17774.5,0.0,INR
7460,7460,2026-05-23 16:43:07,UPI,Refunded,TPPAYUBUJO2VAXU,15784.2,15784.2,INR
7461,7461,2026-07-12 23:23:16,Credit Card,Paid,TPPAY0DCV5JKXXA,18887.85,0.0,INR
7462,7462,2026-03-02 16:24:17,Debit Card,Paid,TPPAYVIK07OW899,24060.0,0.0,INR
7463,7463,2026-08-12 20:09:07,UPI,Paid,TPPAYFU830TA9M6,24060.0,0.0,INR
7464,7464,2024-07-29 13:57:09,Credit Card,Paid,TPPAYCSEE41QZ1B,14818.0,0.0,INR
7465,7465,2024-05-05 23:07:52,Credit Card,Paid,TPPAYDA2K2PP8YY,122796.0,0.0,INR
7466,7466,2025-08-22 19:23:20,Net Banking,Paid,TPPAYEH90MU79TV,70023.0,0.0,INR
7467,7467,2025-02-20 19:08:36,UPI,Paid,TPPAYHABCOJFVX1,111981.6,0.0,INR
7468,7468,2026-08-08 11:58:35,UPI,Paid,TPPAYJAK4ESE56X,52614.0,0.0,INR
7469,7469,2026-08-27 01:39:58,Credit Card,Paid,TPPAY1P84CAVAPF,25632.0,0.0,INR
7470,7470,2025-02-24 09:05:48,UPI,Paid,TPPAY9JU9RA2IHP,105760.4,0.0,INR
7471,7471,2026-08-14 19:31:08,Debit Card,Paid,TPPAY40I56L3MO7,97056.0,0.0,INR
7472,7472,2026-02-07 09:50:54,Credit Card,Refunded,TPPAYOUJMX9AHQS,99189.0,99189.0,INR
7473,7473,2026-07-30 04:03:47,Debit Card,Paid,TPPAY8211RD4C5Z,24322.0,0.0,INR
7474,7474,2026-08-15 09:55:19,Debit Card,Paid,TPPAYKO38F0TKO2,9472.0,0.0,INR
7475,7475,2025-09-14 08:20:01,Credit Card,Paid,TPPAYM1Y1SQD1ZI,77505.0,0.0,INR
7476,7476,2026-08-15 19:55:03,Net Banking,Paid,TPPAYAPQCRL8PNL,93318.0,0.0,INR
7477,7477,2025-02-16 19:01:21,Credit Card,Paid,TPPAY10AISQIHCA,28416.0,0.0,INR
7478,7478,2026-07-21 01:14:56,Debit Card,Paid,TPPAYSPTVAGV7YR,26138.0,0.0,INR
7479,7479,2023-10-22 13:46:21,UPI,Paid,TPPAYLGKMIG78O9,109815.0,0.0,INR
7480,7480,2026-08-26 10:47:56,Net Banking,Pending,TPPAY3ECBY9PN41,0.0,0.0,INR
7481,7481,2025-09-22 09:58:54,Debit Card,Paid,TPPAYLEBGIH6XZ1,130212.0,0.0,INR
7482,7482,2025-07-15 01:01:07,UPI,Refunded,TPPAY22VQ86ULW8,50187.0,50187.0,INR
7483,7483,2025-01-08 08:56:56,Credit Card,Paid,TPPAYEKY8XOT6P3,18796.7,0.0,INR
7484,7484,2024-05-01 15:26:38,Debit Card,Paid,TPPAYJO6UHRTEKU,32961.0,0.0,INR
7485,7485,2026-06-25 06:03:55,UPI,Paid,TPPAYE1FWVH00CH,45180.0,0.0,INR
7486,7486,2026-08-15 02:37:39,Debit Card,Paid,TPPAYT1S07M4GSJ,57764.75,0.0,INR
7487,7487,2026-06-23 22:29:21,UPI,Paid,TPPAYVY32ZR9JSK,63570.2,0.0,INR
7488,7488,2026-07-25 22:57:51,Credit Card,Paid,TPPAYT9OZA8IAYT,67904.0,0.0,INR
7489,7489,2025-01-24 01:25:03,Debit Card,Paid,TPPAYPAJ8ZNJDPG,22968.0,0.0,INR
7490,7490,2025-05-25 09:18:08,UPI,Paid,TPPAYS1UPDIW8S4,50187.0,0.0,INR
7491,7491,2023-12-06 13:00:55,Net Banking,Paid,TPPAY2USQ6MOL2U,44355.6,0.0,INR
7492,7492,2026-06-16 00:38:38,Credit Card,Pending,TPPAYDK8UUX7O04,0.0,0.0,INR
7493,7493,2026-07-29 04:25:43,Credit Card,Paid,TPPAY7OYZDESJ7U,84880.0,0.0,INR
7494,7494,2025-06-30 05:43:53,UPI,Refunded,TPPAYBW1QW0OZX8,20759.4,20759.4,INR
7495,7495,2024-03-31 19:42:00,Credit Card,Paid,TPPAYXPQ6RRM5QX,124584.0,0.0,INR
7496,7496,2026-08-16 12:22:38,Debit Card,Paid,TPPAYFKHJ6Q25NS,24322.0,0.0,INR
7497,7497,2026-06-11 12:51:28,UPI,Paid,TPPAYXITOC0WWDU,140046.0,0.0,INR
7498,7498,2023-11-30 19:21:05,Debit Card,Paid,TPPAYPSPKUIF892,55585.0,0.0,INR
7499,7499,2026-08-07 22:04:51,Wallet,Paid,TPPAYL0ISNVBLPM,19692.0,0.0,INR
7500,7500,2024-07-10 07:54:58,Net Banking,Paid,TPPAY2C5JBCVKZI,50877.0,0.0,INR
7501,7501,2026-07-20 09:24:39,UPI,Paid,TPPAY17E43U4B43,64770.0,0.0,INR
7502,7502,2026-07-16 20:15:57,UPI,Paid,TPPAYBQHDADT9YN,41452.8,0.0,INR
7503,7503,2025-04-12 23:03:35,UPI,Paid,TPPAY9FNW5HGL5O,20534.4,0.0,INR
7504,7504,2026-07-05 09:50:08,UPI,Paid,TPPAYXHM3H9A6M3,20070.0,0.0,INR
7505,7505,2023-12-26 03:51:19,UPI,Paid,TPPAYVWS2P8GQHK,80496.0,0.0,INR
7506,7506,2026-05-21 08:58:39,Debit Card,Paid,TPPAYCJXBLOJM4T,35890.0,0.0,INR
7507,7507,2026-07-24 10:43:01,Debit Card,Paid,TPPAYUDDFLT5VON,76220.0,0.0,INR
7508,7508,2024-03-21 11:26:51,Debit Card,Paid,TPPAYJ1RSBO3ZQS,93364.0,0.0,INR
7509,7509,2023-09-11 02:33:08,Debit Card,Paid,TPPAY0N4T9BZO4H,93318.0,0.0,INR
7510,7510,2023-09-12 00:27:46,Credit Card,Paid,TPPAYA0G5ZKM0IM,108850.0,0.0,INR
7511,7511,2024-10-18 14:42:12,Credit Card,Refunded,TPPAYFGI7ILMCU4,23105.9,23105.9,INR
7512,7512,2026-08-24 03:20:21,Credit Card,Paid,TPPAYCG9QH57AWL,73977.45,0.0,INR
7513,7513,2026-07-20 23:17:47,Credit Card,Paid,TPPAYX1JMBZKUGD,130572.0,0.0,INR
7514,7514,2024-09-04 09:34:18,Net Banking,Paid,TPPAYFASGFP8G0N,40144.0,0.0,INR
7515,7515,2026-08-17 20:52:34,Net Banking,Paid,TPPAYYZY7KA2A7F,33809.0,0.0,INR
7516,7516,2023-12-09 12:07:01,UPI,Paid,TPPAYN4FPUMNO97,17088.0,0.0,INR
7517,7517,2026-06-25 09:36:10,Debit Card,Paid,TPPAY6FUCQTEPAY,35890.0,0.0,INR
7518,7518,2026-08-22 00:19:10,UPI,Pending,TPPAYJ5VFKN4SI1,0.0,0.0,INR
7519,7519,2026-02-26 00:34:03,Credit Card,Paid,TPPAYVGMF8W20SK,11108.65,0.0,INR
7520,7520,2026-06-30 07:20:52,UPI,Refunded,TPPAY9ZB7CS7NWD,11181.6,11181.6,INR
7521,7521,2025-07-27 16:40:24,Debit Card,Paid,TPPAY3B827ZCMIF,137530.8,0.0,INR
7522,7522,2024-11-28 09:46:37,Debit Card,Paid,TPPAYDP5L4Z9VL0,32605.0,0.0,INR
7523,7523,2026-08-08 01:01:16,UPI,Paid,TPPAYHOAF9LXGEM,55365.0,0.0,INR
7524,7524,2026-04-12 17:16:15,UPI,Paid,TPPAY6EC7LWI39Q,90828.0,0.0,INR
7525,7525,2025-07-14 15:01:12,UPI,Refunded,TPPAYUG8TACNO0K,25908.0,25908.0,INR
7526,7526,2026-08-19 07:15:36,UPI,Paid,TPPAYAT1XO91S2Z,10987.0,0.0,INR
7527,7527,2024-04-12 06:31:21,Credit Card,Paid,TPPAYOEKS3CT4TN,40555.0,0.0,INR
7528,7528,2025-02-26 15:11:27,Credit Card,Paid,TPPAYZG7CG9M6NU,28712.0,0.0,INR
7529,7529,2026-08-04 16:58:05,Credit Card,Paid,TPPAY62C62Q83MV,37374.0,0.0,INR
7530,7530,2024-05-24 05:42:06,Net Banking,Paid,TPPAY7AEPE7O5DW,34122.4,0.0,INR
7531,7531,2026-08-22 05:50:34,Debit Card,Paid,TPPAY7HYL96S2S4,22221.0,0.0,INR
7532,7532,2023-12-16 10:40:19,UPI,Paid,TPPAYXVNH6HUTTV,24779.8,0.0,INR
7533,7533,2026-07-22 15:36:06,Credit Card,Paid,TPPAY2UDH9PGROR,33809.0,0.0,INR
7534,7534,2024-12-12 15:47:44,UPI,Paid,TPPAYPC0H8APYUA,17236.8,0.0,INR
7535,7535,2026-05-04 05:08:32,UPI,Paid,TPPAYDPIBHIXA11,73990.8,0.0,INR
7536,7536,2025-08-05 08:59:47,UPI,Paid,TPPAYWQN36DF96E,28602.6,0.0,INR
7537,7537,2026-07-25 12:22:11,Debit Card,Paid,TPPAYP23Y3AGLOU,87244.0,0.0,INR
7538,7538,2026-05-06 00:48:24,Debit Card,Paid,TPPAYY7OMCF2S0J,58595.4,0.0,INR
7539,7539,2026-06-17 16:29:54,Credit Card,Paid,TPPAYADOJKTZW8W,48546.0,0.0,INR
7540,7540,2026-08-23 00:10:45,UPI,Pending,TPPAY9TATTQAC6W,0.0,0.0,INR
7541,7541,2026-07-08 17:56:30,UPI,Pending,TPPAYPMSNM0QXYY,0.0,0.0,INR
7542,7542,2025-12-01 15:41:30,Credit Card,Paid,TPPAYMTXGHPRMGS,107880.0,0.0,INR
7543,7543,2024-09-11 09:33:35,Credit Card,Paid,TPPAY1D3J82ACOF,88274.2,0.0,INR
7544,7544,2024-09-15 04:39:57,Credit Card,Paid,TPPAY10BOBDTCVO,41518.8,0.0,INR
7545,7545,2026-06-11 01:47:37,UPI,Paid,TPPAYH2F2O964JX,66916.0,0.0,INR
7546,7546,2026-08-23 13:01:37,Credit Card,Pending,TPPAY8COBHDCY2R,0.0,0.0,INR
7547,7547,2023-12-04 07:11:37,Net Banking,Paid,TPPAYWW3VXITJ1X,34176.0,0.0,INR
7548,7548,2024-06-30 08:32:47,Debit Card,Paid,TPPAYZ8I2S16E8D,17674.0,0.0,INR
7549,7549,2025-10-29 18:32:16,UPI,Paid,TPPAYEU9H8WAVAL,64770.0,0.0,INR
7550,7550,2026-06-11 00:25:14,Credit Card,Paid,TPPAYYYIDE9SNT1,38448.0,0.0,INR
7551,7551,2026-06-15 13:45:50,UPI,Paid,TPPAY1QVR0TVW8E,31418.55,0.0,INR
7552,7552,2026-07-12 23:27:33,UPI,Paid,TPPAYHD47J8TIRW,29076.0,0.0,INR
7553,7553,2024-05-08 23:35:39,UPI,Paid,TPPAYTDYNIQ57G1,116943.0,0.0,INR
7554,7554,2026-09-05 14:33:47,UPI,Pending,TPPAYJ3UET9VA6Z,0.0,0.0,INR
7555,7555,2025-05-23 21:07:09,Credit Card,Pending,TPPAYQUEM81005S,25908.0,0.0,INR
7556,7556,2025-07-16 02:28:17,Net Banking,Paid,TPPAYDRQTUHNF14,32322.0,0.0,INR
7557,7557,2023-11-23 12:40:08,Credit Card,Refunded,TPPAYGNWG7CXBA4,21852.0,21852.0,INR
7558,7558,2026-07-05 12:50:54,Net Banking,Paid,TPPAYNVE2BFAE3E,108510.0,0.0,INR
7559,7559,2025-06-27 23:35:00,UPI,Paid,TPPAYWQKTFPPD9R,94719.75,0.0,INR
7560,7560,2024-08-27 00:03:33,Credit Card,Paid,TPPAYYDMSUR1UJO,63020.7,0.0,INR
7561,7561,2026-06-21 17:17:26,Debit Card,Paid,TPPAYZIL4HQ3WRS,59823.0,0.0,INR
7562,7562,2026-06-18 02:24:38,Net Banking,Pending,TPPAYA8PJ7HT5AJ,0.0,0.0,INR
7563,7563,2026-07-14 18:39:24,Credit Card,Paid,TPPAYSDJ5ZXKZUV,49318.3,0.0,INR
7564,7564,2026-02-21 12:09:00,Debit Card,Paid,TPPAYWA96DJS5RW,49145.6,0.0,INR
7565,7565,2026-08-24 06:22:58,UPI,Pending,TPPAYZREDOXCUB3,0.0,0.0,INR
7566,7566,2025-02-04 08:33:28,UPI,Paid,TPPAYVMBLVX36Q9,78127.2,0.0,INR
7567,7567,2024-10-25 05:21:10,UPI,Paid,TPPAYNLN274B9PJ,77505.0,0.0,INR
7568,7568,2026-05-20 02:29:17,Debit Card,Refunded,TPPAYHF907JEMZR,138840.0,138840.0,INR
7569,7569,2026-08-30 12:52:41,UPI,Paid,TPPAY5LZ2E81HEH,88652.1,0.0,INR
7570,7570,2024-06-01 01:27:10,UPI,Paid,TPPAYAT6MUFV0P2,97056.0,0.0,INR
7571,7571,2026-07-13 21:45:18,UPI,Paid,TPPAY51KQDR5FIO,130572.0,0.0,INR
7572,7572,2024-02-22 00:27:17,Net Banking,Refunded,TPPAYS8UJADI564,51219.3,51219.3,INR
7573,7573,2026-06-11 19:37:14,UPI,Paid,TPPAYG6Z6CHASEM,83056.0,0.0,INR
7574,7574,2026-09-01 03:48:16,UPI,Paid,TPPAYNU154PQK13,89900.0,0.0,INR
7575,7575,2026-03-14 19:09:55,UPI,Paid,TPPAYDEMKIEFIAK,67431.0,0.0,INR
7576,7576,2024-08-29 02:02:06,Net Banking,Paid,TPPAYO3YVLNUUIJ,61398.0,0.0,INR
7577,7577,2025-08-06 05:41:26,Net Banking,Paid,TPPAYRD5JWCAXW5,18459.2,0.0,INR
7578,7578,2023-10-20 04:30:35,Credit Card,Paid,TPPAYNP7XLBDL09,46329.0,0.0,INR
7579,7579,2026-06-18 02:46:01,UPI,Paid,TPPAYPYWWYJNW33,83986.2,0.0,INR
7580,7580,2024-10-02 01:18:08,UPI,Paid,TPPAY1NDO2GGN50,138840.0,0.0,INR
7581,7581,2026-07-19 04:14:59,Credit Card,Paid,TPPAY0NHY9ROOOI,60258.0,0.0,INR
7582,7582,2026-06-27 20:42:09,Debit Card,Paid,TPPAYH20DDYYEKR,112414.2,0.0,INR
7583,7583,2026-04-06 15:10:45,UPI,Refunded,TPPAY6P2U461I88,73994.55,73994.55,INR
7584,7584,2026-09-02 15:18:41,Debit Card,Paid,TPPAYJCIIY8D7OB,87080.0,0.0,INR
7585,7585,2025-06-18 22:22:32,UPI,Refunded,TPPAYSZIFE0VOTM,103852.0,103852.0,INR
7586,7586,2026-08-31 22:33:27,UPI,Refunded,TPPAYGBRTCODXES,75775.8,103852.0,INR
7587,7587,2026-08-30 12:24:54,UPI,Paid,TPPAYLFYKPVDGCV,43622.0,0.0,INR
7588,7588,2025-09-05 17:04:47,Debit Card,Paid,TPPAYD8AU9LSVQL,32778.0,0.0,INR
7589,7589,2026-03-15 01:22:50,Credit Card,Paid,TPPAY7GA6D6V90W,99189.0,0.0,INR
7590,7590,2024-05-08 09:06:02,UPI,Paid,TPPAYE7FZDWK5O4,32322.0,0.0,INR
7591,7591,2026-07-28 02:20:45,Credit Card,Paid,TPPAYFZTKOX23LZ,26661.75,0.0,INR
7592,7592,2026-07-06 17:55:16,UPI,Paid,TPPAYZNR57K4829,51816.0,0.0,INR
7593,7593,2026-08-26 05:03:49,UPI,Paid,TPPAY6I5VKPDE28,51816.0,0.0,INR
7594,7594,2026-07-29 22:00:18,Net Banking,Refunded,TPPAYEVOUHTWTLP,22968.0,22968.0,INR
7595,7595,2026-06-10 11:30:48,UPI,Paid,TPPAYGAB5RN9XFS,44468.0,0.0,INR
7596,7596,2026-07-11 13:04:54,Credit Card,Paid,TPPAYJYYCRNP0RE,21974.0,0.0,INR
7597,7597,2024-06-01 10:55:37,Debit Card,Paid,TPPAY3J2G5WGAP1,20671.2,0.0,INR
7598,7598,2026-08-15 23:14:51,UPI,Paid,TPPAYZQ429Z23ZN,30886.0,0.0,INR
7599,7599,2026-07-01 01:03:51,Debit Card,Paid,TPPAYNHIGO6E3FP,34611.0,0.0,INR
7600,7600,2026-08-31 06:06:12,Credit Card,Refunded,TPPAY2QGX33H3K8,121686.0,121686.0,INR
7601,7601,2026-09-07 16:01:38,Credit Card,Paid,TPPAYAXJ1S16BPW,96883.2,0.0,INR
7602,7602,2026-07-05 15:52:53,UPI,Paid,TPPAYR0XWQWQUG6,18824.1,0.0,INR
7603,7603,2026-07-11 23:01:11,UPI,Paid,TPPAYGRST1NVTGI,16738.2,0.0,INR
7604,7604,2024-05-08 18:19:23,Credit Card,Paid,TPPAYQCPE8BPL3Z,16738.2,0.0,INR
7605,7605,2026-08-05 18:12:22,Credit Card,Paid,TPPAYRP0E2OKX7W,33351.0,0.0,INR
7606,7606,2024-05-23 00:47:28,Credit Card,Paid,TPPAYK4SWP2JMQA,103820.0,0.0,INR
7607,7607,2026-01-15 11:14:26,Credit Card,Paid,TPPAY4NQ8RSXZSX,14073.3,0.0,INR
7608,7608,2026-07-30 02:48:05,UPI,Paid,TPPAY5L89LX8MXE,20070.0,0.0,INR
7609,7609,2026-02-07 03:24:29,UPI,Paid,TPPAYCNEL62PBDQ,21852.0,0.0,INR
7610,7610,2026-08-01 03:20:44,UPI,Paid,TPPAYVUI4OFGR50,33219.0,0.0,INR
7611,7611,2026-07-23 05:42:21,UPI,Paid,TPPAYFNQ5GCPXON,40555.0,0.0,INR
7612,7612,2023-11-18 18:13:05,Credit Card,Paid,TPPAYD3ETVUWQP0,109815.0,0.0,INR
7613,7613,2026-06-19 11:43:43,Credit Card,Paid,TPPAYXVPH9CHJ3S,48644.0,0.0,INR
7614,7614,2026-09-01 13:16:16,UPI,Paid,TPPAYNT8JOSOPAW,33450.0,0.0,INR
7615,7615,2026-09-07 03:17:19,UPI,Paid,TPPAYCDB0DWSZKC,57296.0,0.0,INR
7616,7616,2025-01-29 07:30:56,Net Banking,Paid,TPPAY451V9HB83E,155010.0,0.0,INR
7617,7617,2025-09-16 03:01:23,UPI,Paid,TPPAYJUJUO00KTM,76916.75,0.0,INR
7618,7618,2026-06-21 11:49:29,Credit Card,Paid,TPPAYVRSPW2ZCOB,44115.0,0.0,INR
7619,7619,2026-08-20 12:56:32,Credit Card,Refunded,TPPAYMM4CHH87T8,113663.7,113663.7,INR
7620,7620,2026-06-13 02:32:43,UPI,Paid,TPPAYFKTHS7TLY6,18944.0,0.0,INR
7621,7621,2024-05-14 20:54:44,Credit Card,Paid,TPPAYUP0BCLG254,8453.0,0.0,INR
7622,7622,2026-08-07 05:32:05,UPI,Paid,TPPAY5W4E16BCX6,68820.25,0.0,INR
7623,7623,2026-08-05 23:50:37,UPI,Paid,TPPAYN2VVMUA1QN,124424.0,0.0,INR
7624,7624,2024-10-11 01:48:20,Net Banking,Paid,TPPAYDESNFD5JGY,119646.0,0.0,INR
7625,7625,2025-10-21 14:31:36,UPI,Paid,TPPAY62QBN87IN0,155924.0,0.0,INR
7626,7626,2023-11-13 11:06:36,Wallet,Refunded,TPPAYPAZ35TNPZV,32778.0,32778.0,INR
7627,7627,2026-06-17 14:50:24,UPI,Paid,TPPAY0TC9WQ89BR,151662.0,0.0,INR
7628,7628,2026-04-02 12:51:44,UPI,Paid,TPPAY95NQF7NSB5,19776.6,0.0,INR
7629,7629,2023-12-30 05:19:22,Net Banking,Paid,TPPAYIA5RZLMBB2,19786.0,0.0,INR
7630,7630,2026-06-11 16:10:02,Wallet,Paid,TPPAY31RTWL99S6,17059.5,0.0,INR
7631,7631,2026-09-09 04:21:45,Net Banking,Paid,TPPAYP4I0SHLWQJ,32121.4,0.0,INR
7632,7632,2026-06-17 06:13:50,Credit Card,Paid,TPPAY6RXBK5EJ4K,47945.0,0.0,INR
7633,7633,2026-05-12 16:54:39,Debit Card,Paid,TPPAYSXD8CSWHKG,30112.2,0.0,INR
7634,7634,2026-06-15 02:21:19,UPI,Paid,TPPAYBS4W4EC2G3,108510.0,0.0,INR
7635,7635,2026-08-02 09:27:19,UPI,Paid,TPPAYL66L2C9KVW,60258.0,0.0,INR
7636,7636,2026-09-03 00:37:30,Net Banking,Paid,TPPAYVLI5M1BXGP,105034.5,0.0,INR
7637,7637,2024-05-22 10:03:40,Net Banking,Paid,TPPAYX3UCBR48A5,79764.0,0.0,INR
7638,7638,2026-05-25 01:45:13,UPI,Paid,TPPAYDV4LA3MU9T,119646.0,0.0,INR
7639,7639,2026-02-26 02:17:56,Credit Card,Paid,TPPAYU00EUXRL0B,59823.0,0.0,INR
7640,7640,2024-11-25 11:53:13,UPI,Paid,TPPAYGXH4L3V94J,93318.0,0.0,INR
7641,7641,2026-09-08 06:16:48,Credit Card,Paid,TPPAYXCV7HMAIGD,23432.0,0.0,INR
7642,7642,2025-05-17 12:11:51,Debit Card,Paid,TPPAYJKGW78735D,29076.0,0.0,INR
7643,7643,2026-08-06 01:28:36,Net Banking,Pending,TPPAYHZ1F6OWMI4,0.0,0.0,INR
7644,7644,2024-08-22 13:11:31,UPI,Paid,TPPAYWSWVHRAC2L,70023.0,0.0,INR
7645,7645,2024-09-09 11:21:57,UPI,Paid,TPPAYA4GNS9YUL2,93318.0,0.0,INR
7646,7646,2026-06-12 21:16:57,Net Banking,Paid,TPPAYTZM88LGG3G,60258.0,0.0,INR
7647,7647,2025-01-19 12:10:16,Credit Card,Paid,TPPAYUYTSAXR9PG,101699.1,0.0,INR
7648,7648,2026-03-03 14:54:36,Debit Card,Refunded,TPPAYUTQ9YWZNC6,141960.0,141960.0,INR
7649,7649,2026-08-26 23:02:45,Debit Card,Paid,TPPAYLDUDPWOJ3X,80751.9,0.0,INR
7650,7650,2025-04-02 15:49:16,UPI,Paid,TPPAYC5TYHLFR40,11428.5,0.0,INR
7651,7651,2026-05-21 12:31:44,UPI,Refunded,TPPAYHDDL7S8PKA,8609.85,8609.85,INR
7652,7652,2026-08-26 22:57:09,Credit Card,Refunded,TPPAYDCFRQYTEHV,17774.5,17774.5,INR
7653,7653,2026-07-24 10:26:15,Credit Card,Paid,TPPAYLANWL3CQEB,24099.0,0.0,INR
7654,7654,2024-04-15 14:17:45,Debit Card,Refunded,TPPAY12Z5YKE3NA,32961.0,32961.0,INR
7655,7655,2026-06-25 06:57:44,UPI,Paid,TPPAYE5ABBCKWHQ,56061.0,0.0,INR
7656,7656,2026-08-31 12:12:25,UPI,Paid,TPPAYL3V92UN5M0,27189.0,0.0,INR
7657,7657,2023-11-13 01:10:40,Credit Card,Paid,TPPAYVIKDKEGWK0,49662.2,0.0,INR
7658,7658,2026-09-07 17:37:53,Debit Card,Paid,TPPAYC2MLTQUWYW,52217.2,0.0,INR
7659,7659,2024-06-13 17:30:07,UPI,Paid,TPPAYQG8DBN8UXM,77962.0,0.0,INR
7660,7660,2026-06-25 16:58:20,Debit Card,Paid,TPPAYKMBA1BD7XQ,66916.0,0.0,INR
7661,7661,2024-04-26 18:42:06,Credit Card,Paid,TPPAYQZQ22NSPO5,33351.0,0.0,INR
7662,7662,2024-02-08 14:56:31,Credit Card,Paid,TPPAYTGW1MD3K8Z,61772.0,0.0,INR
7663,7663,2026-08-06 11:04:27,Debit Card,Paid,TPPAYGLLZ3RV618,28065.0,0.0,INR
7664,7664,2026-06-10 18:04:46,UPI,Paid,TPPAYQ22KL9LGW0,21534.0,0.0,INR
7665,7665,2024-05-08 23:02:04,UPI,Paid,TPPAY0PXYO274GR,74536.5,0.0,INR
7666,7666,2025-05-09 23:17:32,Credit Card,Paid,TPPAYPTRDL110WT,15276.0,0.0,INR
7667,7667,2025-08-30 06:41:51,UPI,Paid,TPPAYQA3G3NRXYT,17219.7,0.0,INR
7668,7668,2024-09-06 17:16:09,UPI,Refunded,TPPAY1TZZVVD27Z,70023.0,70023.0,INR
7669,7669,2026-09-05 08:01:23,Debit Card,Paid,TPPAYQJJ4WFLGZQ,44115.0,0.0,INR
7670,7670,2026-06-11 01:47:53,Credit Card,Paid,TPPAYDZURBJQICU,12834.0,0.0,INR
7671,7671,2026-07-28 04:27:34,UPI,Refunded,TPPAYKTSIAFJ22G,27215.6,27215.6,INR
7672,7672,2026-06-18 12:00:10,Debit Card,Paid,TPPAYRVJLIKVUVH,64945.1,0.0,INR
7673,7673,2026-08-31 23:02:22,UPI,Paid,TPPAY4KGJMIHU57,103852.0,0.0,INR
7674,7674,2023-12-15 20:49:29,Debit Card,Paid,TPPAYUKE9RATG40,44468.0,0.0,INR
7675,7675,2026-08-24 19:00:13,Debit Card,Pending,TPPAYZ6QEGXU7GT,0.0,0.0,INR
7676,7676,2026-07-09 09:43:59,UPI,Pending,TPPAY8ZNEOIZTIC,0.0,0.0,INR
7677,7677,2023-11-19 04:06:58,UPI,Paid,TPPAYYPVRYQ3AU6,64728.0,0.0,INR
7678,7678,2025-04-07 14:38:51,UPI,Paid,TPPAYLXXA6U582G,51469.2,0.0,INR
7679,7679,2026-06-23 10:36:03,UPI,Paid,TPPAYHQ3LUKOJCY,116151.0,0.0,INR
7680,7680,2026-08-05 15:38:33,UPI,Paid,TPPAY4O5KSWZ7DP,146420.0,0.0,INR
7681,7681,2023-12-28 09:13:31,Debit Card,Refunded,TPPAY4VH2RZX151,53834.6,53834.6,INR
7682,7682,2026-07-05 10:26:41,Credit Card,Paid,TPPAYUTX7UDW5BN,94229.55,0.0,INR
7683,7683,2026-07-12 22:41:41,Credit Card,Pending,TPPAYGDDQ8MBWYA,0.0,0.0,INR
7684,7684,2023-11-29 12:37:56,UPI,Paid,TPPAY5ZOYMJAAGY,30108.0,0.0,INR
7685,7685,2025-01-25 15:25:44,Net Banking,Paid,TPPAYGW7X6M0B23,23432.0,0.0,INR
7686,7686,2026-07-13 10:57:39,Debit Card,Paid,TPPAYF28O18Q1GE,41452.8,0.0,INR
7687,7687,2024-07-15 14:03:48,UPI,Paid,TPPAY24JSJ9TG10,116705.0,0.0,INR
7688,7688,2026-08-17 05:11:22,UPI,Paid,TPPAYOP84CUT7ST,48460.0,0.0,INR
7689,7689,2026-09-02 18:25:32,Credit Card,Paid,TPPAYFESQ3C9WSN,71920.0,0.0,INR
7690,7690,2026-06-28 16:49:30,Net Banking,Paid,TPPAY0FRE5QHKQR,107880.0,0.0,INR
7691,7691,2025-05-30 03:17:32,Credit Card,Paid,TPPAY9TP0P16787,60886.0,0.0,INR
7692,7692,2024-09-19 17:45:33,Credit Card,Paid,TPPAYHS358UJENR,45180.0,0.0,INR
7693,7693,2026-07-19 13:22:13,Debit Card,Paid,TPPAYAHKUTZ921D,28728.0,0.0,INR
7694,7694,2026-08-30 17:06:05,UPI,Paid,TPPAY29WED94TX4,70152.0,0.0,INR
7695,7695,2026-07-08 12:43:55,UPI,Paid,TPPAYV4OMORPN48,20150.1,0.0,INR
7696,7696,2026-06-30 02:28:19,UPI,Pending,TPPAYLDDI1MXNB9,0.0,0.0,INR
7697,7697,2024-02-05 23:03:51,Net Banking,Paid,TPPAYPHNRUO397C,16616.0,0.0,INR
7698,7698,2025-07-10 06:53:57,UPI,Paid,TPPAY9SYJ1FGVK7,39384.0,0.0,INR
7699,7699,2024-05-01 06:36:58,UPI,Paid,TPPAY3B9P2LGLZP,16222.0,0.0,INR
7700,7700,2026-06-13 18:53:09,UPI,Paid,TPPAYWP10JV5LPN,80344.0,0.0,INR
7701,7701,2026-06-15 08:27:25,UPI,Pending,TPPAYG5GHUWK5KG,0.0,0.0,INR
7702,7702,2026-07-16 23:49:15,UPI,Paid,TPPAYA3PZQGGPOM,18710.0,0.0,INR
7703,7703,2026-06-19 03:14:31,UPI,Paid,TPPAY65MPOEWEGW,18687.0,0.0,INR
7704,7704,2026-09-03 01:21:28,Credit Card,Paid,TPPAYP7ZFLXI65S,88695.8,0.0,INR
7705,7705,2026-06-18 23:27:32,UPI,Paid,TPPAYLA7ISA2NA9,57245.1,0.0,INR
7706,7706,2026-06-30 03:29:07,UPI,Refunded,TPPAYIG25PUN8AN,80344.0,80344.0,INR
7707,7707,2026-01-15 15:46:52,UPI,Refunded,TPPAYTRWDW9P815,103340.0,80344.0,INR
7708,7708,2026-07-24 21:54:24,Credit Card,Paid,TPPAYE95Y848UJS,126385.0,0.0,INR
7709,7709,2026-08-01 19:02:24,UPI,Paid,TPPAYDBC33H0B02,65818.9,0.0,INR
7710,7710,2026-06-30 04:55:21,Debit Card,Paid,TPPAYHALJSIWBJA,81124.0,0.0,INR
7711,7711,2026-08-16 15:43:35,Credit Card,Paid,TPPAY09L3OXDY1C,76406.0,0.0,INR
7712,7712,2024-09-02 08:21:49,Wallet,Paid,TPPAYH87ORZJ3N6,146420.0,0.0,INR
7713,7713,2025-04-15 02:18:02,Credit Card,Paid,TPPAYLSAZKYJR2E,152812.0,0.0,INR
7714,7714,2026-05-09 23:09:06,Credit Card,Refunded,TPPAY3DPC2Y9KTW,32529.6,32529.6,INR
7715,7715,2024-09-04 07:12:17,Credit Card,Paid,TPPAYB72YDNA1LX,64770.0,0.0,INR
7716,7716,2026-06-09 21:10:32,UPI,Refunded,TPPAYCLG6546TK0,71620.0,71620.0,INR
7717,7717,2025-09-22 13:28:48,Debit Card,Paid,TPPAY6UYFPXBZLN,60805.0,0.0,INR
7718,7718,2026-08-17 22:47:34,UPI,Pending,TPPAYC0WBN4ZVMC,0.0,0.0,INR
7719,7719,2026-06-11 08:35:34,Debit Card,Paid,TPPAYVZ2PW64VKR,21682.0,0.0,INR
7720,7720,2026-04-07 05:45:21,UPI,Paid,TPPAYNZL7E8M0M6,51620.0,0.0,INR
7721,7721,2024-08-29 08:21:33,UPI,Paid,TPPAYXGFAY57DN1,25908.0,0.0,INR
7722,7722,2025-05-22 01:54:09,Credit Card,Paid,TPPAYFMVRAQHDFQ,21811.0,0.0,INR
7723,7723,2026-08-11 00:25:42,Net Banking,Paid,TPPAYAN6SFYPOOI,33219.0,0.0,INR
7724,7724,2023-10-17 22:37:34,Debit Card,Paid,TPPAYZHUZO4JOAT,49284.0,0.0,INR
7725,7725,2024-02-15 07:36:16,Credit Card,Paid,TPPAY1ECYLXUQ8G,80496.0,0.0,INR
7726,7726,2026-09-04 16:06:21,Credit Card,Paid,TPPAYIL9U4HT493,17219.7,0.0,INR
7727,7727,2026-06-09 21:07:30,Debit Card,Paid,TPPAYYHT8P1ING2,154868.0,0.0,INR
7728,7728,2025-11-06 13:08:18,UPI,Paid,TPPAYIQ3YQ07ZZM,41518.8,0.0,INR
7729,7729,2026-08-27 10:36:06,Debit Card,Paid,TPPAYL62F85I0OF,36312.0,0.0,INR
7730,7730,2026-07-19 11:43:32,UPI,Paid,TPPAYUAN7NFCI83,85002.0,0.0,INR
7731,7731,2025-01-31 14:56:53,Debit Card,Paid,TPPAYKI6ZKZZJK0,17565.3,0.0,INR
7732,7732,2026-08-15 09:35:28,UPI,Paid,TPPAY3ZOT7BSEWE,39207.0,0.0,INR
7733,7733,2025-05-15 23:06:07,UPI,Paid,TPPAYOG3LXZLIQA,22221.0,0.0,INR
7734,7734,2024-09-22 23:19:20,UPI,Paid,TPPAYJLT2V8SOGP,21852.0,0.0,INR
7735,7735,2024-02-20 07:50:54,UPI,Paid,TPPAYZMJX73UDQ3,121104.0,0.0,INR
7736,7736,2026-06-19 02:06:10,Credit Card,Pending,TPPAYEW19RE8BZ0,0.0,0.0,INR
7737,7737,2024-12-25 23:01:43,Credit Card,Paid,TPPAYL4VOMYB9P1,14818.0,0.0,INR
7738,7738,2024-06-21 21:39:20,UPI,Paid,TPPAYJPF5DK6HI6,34170.0,0.0,INR
7739,7739,2026-06-29 23:48:18,Credit Card,Paid,TPPAYR51I9512IQ,28728.0,0.0,INR
7740,7740,2024-08-02 10:23:28,UPI,Refunded,TPPAY9ZEZBWJCRD,98236.8,98236.8,INR
7741,7741,2024-07-23 02:08:13,Debit Card,Paid,TPPAYJIQ42SEGSW,45849.0,0.0,INR
7742,7742,2026-07-10 05:42:03,Credit Card,Paid,TPPAYHGPD25SGEZ,65286.0,0.0,INR
7743,7743,2025-12-20 06:31:03,UPI,Paid,TPPAYT7D84PDJYF,92777.0,0.0,INR
7744,7744,2026-03-21 08:46:19,Debit Card,Paid,TPPAY1YISG7B06N,90668.8,0.0,INR
7745,7745,2026-09-03 21:51:55,Credit Card,Refunded,TPPAYXEWRRAHKDP,30045.8,30045.8,INR
7746,7746,2025-08-13 17:42:30,Credit Card,Paid,TPPAYDI45RW8Y0N,32322.0,0.0,INR
7747,7747,2026-07-14 07:14:35,UPI,Paid,TPPAYPGFNVVX8SG,32605.0,0.0,INR
7748,7748,2024-10-11 00:00:07,Debit Card,Refunded,TPPAYPU1CTVG50I,20088.0,20088.0,INR
7749,7749,2026-07-18 22:25:59,Debit Card,Paid,TPPAYPMXJ67YJ0A,34476.8,0.0,INR
7750,7750,2025-01-27 15:19:08,Debit Card,Paid,TPPAYITX33HZS79,61531.5,0.0,INR
7751,7751,2025-07-27 11:07:55,Credit Card,Paid,TPPAY167K23O2BP,17538.0,0.0,INR
7752,7752,2025-11-26 20:48:57,Credit Card,Paid,TPPAY0YVT3PK8KH,20671.2,0.0,INR
7753,7753,2026-07-06 04:40:44,Debit Card,Paid,TPPAYAVP8OH20RW,66644.4,0.0,INR
7754,7754,2026-07-06 15:15:56,Debit Card,Paid,TPPAYONB8CKM3VP,25908.0,0.0,INR
7755,7755,2024-02-13 17:26:07,Debit Card,Paid,TPPAYF23TNUAPGG,41191.0,0.0,INR
7756,7756,2025-03-09 00:17:02,Credit Card,Paid,TPPAYBH6JVT0RQA,37929.6,0.0,INR
7757,7757,2026-09-04 17:07:52,UPI,Paid,TPPAY1F122H32O7,32386.0,0.0,INR
7758,7758,2026-07-27 17:00:47,UPI,Paid,TPPAYGZ6WYVWBF8,130572.0,0.0,INR
7759,7759,2026-07-29 07:26:37,Wallet,Paid,TPPAYWS1LPVH79W,86226.0,0.0,INR
7760,7760,2026-08-15 08:04:56,UPI,Paid,TPPAYKDQYH7QLOM,77962.0,0.0,INR
7761,7761,2024-01-30 08:03:24,Credit Card,Paid,TPPAYDKDM6QZCQT,62452.9,0.0,INR
7762,7762,2024-12-22 13:17:30,Credit Card,Paid,TPPAYTQA4GZ502R,94640.0,0.0,INR
7763,7763,2026-08-06 00:48:37,Debit Card,Paid,TPPAYH78TL9P1F6,67296.0,0.0,INR
7764,7764,2023-11-18 20:01:04,UPI,Paid,TPPAYF7CRNOFI7U,158640.6,0.0,INR
7765,7765,2024-06-15 04:04:40,Debit Card,Paid,TPPAYYSVTR8ECL9,50180.0,0.0,INR
7766,7766,2026-03-19 19:01:39,UPI,Paid,TPPAYYCGESOPL2Y,55365.0,0.0,INR
7767,7767,2026-07-29 01:48:33,Debit Card,Pending,TPPAYFYKXFQU8XZ,0.0,0.0,INR
7768,7768,2026-07-27 06:23:04,Credit Card,Refunded,TPPAYG157QKEU7Z,17088.0,17088.0,INR
7769,7769,2026-07-11 08:53:14,UPI,Paid,TPPAY6XG4W35YR1,35549.0,0.0,INR
7770,7770,2024-12-30 19:47:39,Debit Card,Paid,TPPAYJS2K18MTI8,46424.0,0.0,INR
7771,7771,2025-01-28 11:27:28,UPI,Paid,TPPAYMHIJ0GBQD2,25632.0,0.0,INR
7772,7772,2026-06-10 19:22:42,UPI,Pending,TPPAYAP9JVP906I,0.0,0.0,INR
7773,7773,2026-07-26 17:39:04,Net Banking,Paid,TPPAYW1NLKA9QKZ,36963.0,0.0,INR
7774,7774,2026-09-06 02:56:18,Debit Card,Paid,TPPAY1KJNBRV09Q,68292.4,0.0,INR
7775,7775,2024-12-16 18:02:05,Debit Card,Paid,TPPAYKRYVA1C5IB,47880.0,0.0,INR
7776,7776,2026-06-20 16:16:25,Wallet,Paid,TPPAYK4JXAUWXW7,66298.0,0.0,INR
7777,7777,2026-05-28 05:40:49,UPI,Paid,TPPAY919853UQCE,58580.0,0.0,INR
7778,7778,2026-04-22 09:18:11,UPI,Refunded,TPPAYWUUUUX5RWC,11802.8,11802.8,INR
7779,7779,2025-02-02 20:10:44,Debit Card,Paid,TPPAYLB97KLR4H8,95826.5,0.0,INR
7780,7780,2026-07-21 02:28:13,UPI,Pending,TPPAYDP5YJ4VX6E,0.0,0.0,INR
7781,7781,2024-07-12 03:44:01,Credit Card,Refunded,TPPAYFSP9F16D7F,42972.0,42972.0,INR
7782,7782,2026-08-21 07:09:37,Debit Card,Paid,TPPAYKGIRENXY30,38768.0,0.0,INR
7783,7783,2024-02-13 03:59:49,UPI,Paid,TPPAYFA0X79I150,103820.0,0.0,INR
7784,7784,2026-04-29 23:50:43,UPI,Paid,TPPAYPHTQBVJ8MT,124584.0,0.0,INR
7785,7785,2023-12-09 23:56:42,UPI,Paid,TPPAYKXWWP82LLU,73210.0,0.0,INR
7786,7786,2026-08-14 16:12:43,Credit Card,Paid,TPPAYI86GE07I0F,63882.0,0.0,INR
7787,7787,2024-12-18 12:27:24,UPI,Paid,TPPAYF1O18JCD7Q,51914.0,0.0,INR
7788,7788,2025-09-30 01:26:49,UPI,Paid,TPPAY0BHMVFHTUL,60886.0,0.0,INR
7789,7789,2026-09-07 14:08:55,Net Banking,Paid,TPPAYMV1GUBB61Y,62006.0,0.0,INR
7790,7790,2025-12-10 15:55:07,Credit Card,Paid,TPPAYHDP8T1KQ6M,17538.0,0.0,INR
7791,7791,2026-07-05 01:44:02,Debit Card,Paid,TPPAYZNOATBML4I,28065.0,0.0,INR
7792,7792,2024-07-01 07:25:22,Net Banking,Refunded,TPPAYYJAT7LIMNL,155530.0,155530.0,INR
7793,7793,2026-07-25 13:51:55,UPI,Paid,TPPAY8LYV1DEHF8,9472.0,0.0,INR
7794,7794,2026-06-29 21:14:39,UPI,Paid,TPPAYSGZP7M1T0Q,38356.0,0.0,INR
7795,7795,2026-08-22 16:21:16,UPI,Paid,TPPAYSHNE63Y72J,18944.0,0.0,INR
7796,7796,2026-08-09 09:17:34,UPI,Paid,TPPAY1AIUG0WJ1O,23409.9,0.0,INR
7797,7797,2026-06-30 19:53:49,Credit Card,Refunded,TPPAY928ONQY1FL,80344.0,80344.0,INR
7798,7798,2024-11-15 15:15:11,Debit Card,Paid,TPPAYK2P9QHM3U2,113223.0,0.0,INR
7799,7799,2024-09-24 05:22:09,UPI,Paid,TPPAYNZHJBPBGOH,65310.0,0.0,INR
7800,7800,2026-07-06 15:54:20,Credit Card,Paid,TPPAYNDC8TIKLQA,108613.5,0.0,INR
7801,7801,2024-09-08 19:05:51,Credit Card,Paid,TPPAY905WQCBYMW,22234.0,0.0,INR
7802,7802,2026-02-26 14:23:37,Debit Card,Paid,TPPAY8UP6SD03LN,80344.0,0.0,INR
7803,7803,2026-07-08 09:50:19,Credit Card,Paid,TPPAYQMG9O0UMZS,102438.6,0.0,INR
7804,7804,2026-06-19 12:33:41,UPI,Pending,TPPAYARAJGO4IZ2,0.0,0.0,INR
7805,7805,2026-07-23 08:12:40,UPI,Paid,TPPAY4N6P48HLUH,22968.0,0.0,INR
7806,7806,2024-10-10 14:08:43,UPI,Paid,TPPAY6WXNJPC6W9,48579.0,0.0,INR
7807,7807,2026-06-08 21:01:44,UPI,Paid,TPPAY9HV03WI9W2,33351.0,0.0,INR
7808,7808,2026-07-16 12:38:05,Credit Card,Paid,TPPAYUQHWP6RECS,121965.0,0.0,INR
7809,7809,2026-09-02 10:00:54,Net Banking,Paid,TPPAY0OIGJPYUOE,139032.0,0.0,INR
7810,7810,2023-11-11 17:41:59,UPI,Paid,TPPAYWH16WZBQGQ,15443.0,0.0,INR
7811,7811,2025-02-17 09:00:57,UPI,Paid,TPPAYHWGNDV8LRV,14814.0,0.0,INR
7812,7812,2024-05-27 15:33:47,Net Banking,Refunded,TPPAY6QQN80D0RY,39384.0,39384.0,INR
7813,7813,2026-07-09 18:10:46,UPI,Refunded,TPPAY28NXMNF0XR,17088.0,17088.0,INR
7814,7814,2026-04-22 16:15:49,Debit Card,Paid,TPPAYAX92TNDQBO,14620.0,0.0,INR
7815,7815,2026-09-06 13:07:09,UPI,Paid,TPPAYBMOKTII3KI,16060.7,0.0,INR
7816,7816,2024-12-20 19:09:46,UPI,Paid,TPPAYLPDIUQWSTG,57165.0,0.0,INR
7817,7817,2024-09-11 23:46:54,Wallet,Paid,TPPAYMVF7YNA1NX,35559.0,0.0,INR
7818,7818,2026-06-29 00:47:31,UPI,Paid,TPPAYQHFVA4YEYQ,84795.0,0.0,INR
7819,7819,2026-08-09 02:52:49,Net Banking,Paid,TPPAY2LCCIYH0QS,50472.0,0.0,INR
7820,7820,2024-08-03 12:06:02,UPI,Paid,TPPAYHOGRNCIKIZ,58360.4,0.0,INR
7821,7821,2026-08-20 04:34:51,Wallet,Paid,TPPAYYIYNRUN6CU,35574.4,0.0,INR
7822,7822,2026-07-25 00:05:14,Debit Card,Refunded,TPPAYBVJDOZDPNF,86226.0,86226.0,INR
7823,7823,2024-08-05 13:15:13,Debit Card,Paid,TPPAY5B2OG6HLHY,64525.0,0.0,INR
7824,7824,2026-03-04 08:04:43,Wallet,Refunded,TPPAYTTXEMKXON5,73210.0,73210.0,INR
7825,7825,2024-05-18 19:53:13,UPI,Paid,TPPAY8TA4ED33P7,18045.0,0.0,INR
7826,7826,2024-05-24 01:21:33,Debit Card,Paid,TPPAYJFWEAHNOX3,93364.0,0.0,INR
7827,7827,2024-09-25 01:29:13,Net Banking,Paid,TPPAYOIO22TD9Y1,18045.0,0.0,INR
7828,7828,2024-08-21 01:54:20,Credit Card,Paid,TPPAY8WUBVTDXAQ,80696.0,0.0,INR
7829,7829,2026-06-24 02:34:16,Debit Card,Paid,TPPAY3VL7LTI0V8,66040.2,0.0,INR
7830,7830,2025-03-31 02:55:49,UPI,Paid,TPPAYTCYWU9NC0A,18944.0,0.0,INR
7831,7831,2026-07-21 22:40:27,Credit Card,Pending,TPPAYSP5Z0J1UQO,0.0,0.0,INR
7832,7832,2023-09-17 01:24:11,UPI,Paid,TPPAYC3MGBAUUZ4,33149.0,0.0,INR
7833,7833,2024-06-09 11:21:44,UPI,Paid,TPPAY67Y0N7YN1A,68324.0,0.0,INR
7834,7834,2025-02-07 19:28:34,Credit Card,Paid,TPPAY6I4VVA069V,37045.0,0.0,INR
7835,7835,2026-07-27 20:48:14,UPI,Pending,TPPAY8STJ2SQEMH,0.0,0.0,INR
7836,7836,2026-06-16 23:24:32,Debit Card,Paid,TPPAY3YGLP3GPSI,79764.0,0.0,INR
7837,7837,2026-01-11 05:25:42,Debit Card,Paid,TPPAYITQNF437ZK,109798.75,0.0,INR
7838,7838,2026-06-09 21:20:42,UPI,Paid,TPPAY5MIXPG4AJY,44756.0,0.0,INR
7839,7839,2026-06-14 13:43:02,Debit Card,Paid,TPPAYCKWRCB4U5P,14077.1,0.0,INR
7840,7840,2026-04-13 12:46:14,Net Banking,Paid,TPPAYRWRZ4RDYCA,60258.0,0.0,INR
7841,7841,2023-11-26 01:43:28,UPI,Paid,TPPAYFSCF6JD8XK,99705.0,0.0,INR
7842,7842,2026-07-27 02:59:00,Credit Card,Refunded,TPPAY9Z2CBBTPXF,86808.0,86808.0,INR
7843,7843,2023-10-05 13:36:36,Wallet,Paid,TPPAY9AVG33ONLR,71920.0,0.0,INR
7844,7844,2026-07-17 23:29:50,UPI,Paid,TPPAYQRE7ST7VK2,139099.0,0.0,INR
7845,7845,2024-06-01 02:42:07,UPI,Paid,TPPAYN1Q9724MWD,89900.0,0.0,INR
7846,7846,2026-07-18 08:51:59,Credit Card,Paid,TPPAY4V1GZLVLJJ,58294.8,0.0,INR
7847,7847,2023-10-17 05:38:33,Wallet,Paid,TPPAYBRJWFBWSIE,55651.0,0.0,INR
7848,7848,2026-09-03 16:31:45,UPI,Paid,TPPAYO6AEEGVITO,146420.0,0.0,INR
7849,7849,2026-07-13 01:02:25,UPI,Paid,TPPAYU3T3AWSR57,18072.0,0.0,INR
7850,7850,2026-06-24 23:49:29,Debit Card,Paid,TPPAYOGBP7RF13F,36918.9,0.0,INR
7851,7851,2026-07-29 13:06:58,Debit Card,Paid,TPPAYXAYUYGJNR6,110680.2,0.0,INR
7852,7852,2024-05-09 13:24:48,Debit Card,Paid,TPPAYW2K1N3ZNY8,32322.0,0.0,INR
7853,7853,2026-06-12 08:07:32,Credit Card,Paid,TPPAY0X9WF96ZAJ,65818.9,0.0,INR
7854,7854,2026-08-07 12:31:16,Debit Card,Paid,TPPAYUATETNQVJY,33648.0,0.0,INR
7855,7855,2024-07-01 06:46:47,Net Banking,Paid,TPPAY5M5H160MOM,67836.0,0.0,INR
7856,7856,2025-07-11 09:02:06,Net Banking,Paid,TPPAYTXSUCP2C4Z,30525.4,0.0,INR
7857,7857,2025-06-09 19:15:16,Net Banking,Paid,TPPAY6FQM5Z5YSE,24060.0,0.0,INR
7858,7858,2024-05-13 22:43:02,UPI,Paid,TPPAY3Y1Y0FXAKO,16772.4,0.0,INR
7859,7859,2026-08-25 01:15:12,UPI,Paid,TPPAYJQOGG1EXYS,42720.0,0.0,INR
7860,7860,2025-03-09 12:57:20,Debit Card,Paid,TPPAYVC1TW2K93O,93364.0,0.0,INR
7861,7861,2025-12-31 01:29:03,Credit Card,Paid,TPPAY46OWWZVD3L,28648.0,0.0,INR
7862,7862,2026-07-11 06:13:28,UPI,Paid,TPPAYUXHV9JLE5Z,146420.0,0.0,INR
7863,7863,2026-07-14 03:28:59,UPI,Refunded,TPPAYTYZ6EQSG9G,27108.0,27108.0,INR
7864,7864,2026-08-21 14:34:49,UPI,Paid,TPPAYGPJN48GH6X,9756.9,0.0,INR
7865,7865,2024-12-08 08:10:36,UPI,Paid,TPPAYQE1E1QC51X,38862.0,0.0,INR
7866,7866,2024-10-17 02:08:15,Debit Card,Paid,TPPAYN46BTE6QIR,26511.0,0.0,INR
7867,7867,2026-06-18 03:27:09,Credit Card,Pending,TPPAY4WDXZ3HBPS,0.0,0.0,INR
7868,7868,2026-07-10 11:51:57,UPI,Paid,TPPAY56OAA3B27E,30716.0,0.0,INR
7869,7869,2026-07-24 04:02:02,UPI,Paid,TPPAYBIKE1DXJ9I,33636.6,0.0,INR
7870,7870,2026-07-06 08:17:27,Net Banking,Paid,TPPAYFGAK5MBOY3,42720.0,0.0,INR
7871,7871,2026-09-06 06:37:47,Net Banking,Paid,TPPAYID7O7Z794T,33812.0,0.0,INR
7872,7872,2025-06-24 11:32:50,Credit Card,Paid,TPPAY1Z6LQ399AC,37888.0,0.0,INR
7873,7873,2026-06-22 14:58:13,UPI,Paid,TPPAY6OU4I2ZH4O,37420.0,0.0,INR
7874,7874,2026-04-02 01:52:13,Credit Card,Paid,TPPAYLU7DOW6ZCT,64770.0,0.0,INR
7875,7875,2024-09-18 13:08:01,UPI,Paid,TPPAY1PZK620HOF,17059.5,0.0,INR
7876,7876,2026-08-12 17:00:17,Credit Card,Paid,TPPAYXSIQDJGP36,12030.0,0.0,INR
7877,7877,2026-03-12 09:37:31,Credit Card,Refunded,TPPAYB9K3P8LBRN,65632.75,65632.75,INR
7878,7878,2026-09-02 04:17:51,Net Banking,Paid,TPPAYWOJ3505TS1,80496.0,0.0,INR
7879,7879,2026-06-24 14:18:53,Debit Card,Pending,TPPAYHQ964K1UVJ,0.0,0.0,INR
7880,7880,2025-09-01 02:44:48,Credit Card,Refunded,TPPAYUM8U57981P,76661.2,76661.2,INR
7881,7881,2026-08-13 16:43:21,UPI,Paid,TPPAYCBKLI995FS,41868.0,0.0,INR
7882,7882,2026-07-27 17:22:37,Credit Card,Paid,TPPAYG1FWJTOE33,16628.55,0.0,INR
7883,7883,2023-11-30 10:42:51,Debit Card,Refunded,TPPAYCVPQATSAYP,54205.0,54205.0,INR
7884,7884,2025-04-18 03:20:12,UPI,Refunded,TPPAY0DAIKUHCY6,120516.0,120516.0,INR
7885,7885,2026-06-23 21:07:56,Debit Card,Paid,TPPAY9XJS65YR4E,72309.6,0.0,INR
7886,7886,2026-07-12 19:24:49,UPI,Pending,TPPAYUT1Z853PHB,0.0,0.0,INR
7887,7887,2026-07-06 12:54:53,Wallet,Pending,TPPAYQ9XVD5AW3M,0.0,0.0,INR
7888,7888,2026-08-27 17:52:26,Credit Card,Paid,TPPAYQAHWU516CO,67431.0,0.0,INR
7889,7889,2026-06-28 06:30:39,UPI,Paid,TPPAYAH11FP9GBM,108810.0,0.0,INR
7890,7890,2026-07-17 09:24:29,UPI,Refunded,TPPAY17E8UGUQBZ,28602.6,28602.6,INR
7891,7891,2024-02-23 15:48:53,UPI,Paid,TPPAYXGCC0KGCW7,134862.0,0.0,INR
7892,7892,2026-07-21 08:36:08,Debit Card,Paid,TPPAY59RZEGYNUF,14219.65,0.0,INR
7893,7893,2025-03-07 07:32:09,UPI,Refunded,TPPAYWEFK4W6V4J,37139.2,37139.2,INR
7894,7894,2025-01-09 21:35:05,Credit Card,Paid,TPPAYXC9S5XXZRW,10987.0,0.0,INR
7895,7895,2026-07-12 02:05:27,Net Banking,Paid,TPPAY4MSZ9DBUN5,43150.5,0.0,INR
7896,7896,2025-08-09 20:00:50,Credit Card,Paid,TPPAYEX0VEE1NQO,116943.0,0.0,INR
7897,7897,2026-07-06 01:34:48,UPI,Refunded,TPPAY3T6SFVFYFO,46037.0,46037.0,INR
7898,7898,2026-08-09 12:09:16,UPI,Paid,TPPAY8FUX0U74CT,57296.0,0.0,INR
7899,7899,2025-08-10 18:07:08,Credit Card,Paid,TPPAY0JEK0M5SOT,8395.15,0.0,INR
7900,7900,2026-07-08 22:52:47,Net Banking,Paid,TPPAYXYRMHBLYNS,9355.0,0.0,INR
7901,7901,2026-08-23 15:38:24,UPI,Paid,TPPAY7N4EIAWKLH,116257.5,0.0,INR
7902,7902,2026-06-16 07:00:22,UPI,Paid,TPPAYNPHY0OS0FO,83986.2,0.0,INR
7903,7903,2026-07-24 07:21:39,Credit Card,Paid,TPPAYE7M7CI8UX9,108850.0,0.0,INR
7904,7904,2026-08-07 22:55:57,UPI,Pending,TPPAY4RINKWTTCL,0.0,0.0,INR
7905,7905,2025-02-27 19:27:25,Credit Card,Pending,TPPAYRJFQZFT6W6,77962.0,0.0,INR
7906,7906,2026-07-04 04:21:55,UPI,Paid,TPPAYB08WNQGO6Z,23677.8,0.0,INR
7907,7907,2026-08-30 00:09:05,Wallet,Paid,TPPAY00CS4KSSOQ,30624.0,0.0,INR
7908,7908,2025-03-06 03:50:29,Credit Card,Refunded,TPPAYV5Q3JPK6IE,46211.8,46211.8,INR
7909,7909,2025-09-08 21:54:25,UPI,Paid,TPPAYG9S19NTA05,121686.0,0.0,INR
7910,7910,2025-11-08 11:01:42,Credit Card,Paid,TPPAY8I940AZ354,40823.4,0.0,INR
7911,7911,2026-05-30 22:00:45,UPI,Paid,TPPAYR2Z8WS6AD2,18126.0,0.0,INR
7912,7912,2026-08-19 01:28:37,Credit Card,Paid,TPPAYQ0MR85OJX1,63931.2,0.0,INR
7913,7913,2026-07-07 19:46:25,UPI,Paid,TPPAYMFB0FDHQCS,50187.0,0.0,INR
7914,7914,2026-07-05 17:05:58,UPI,Paid,TPPAY5R12ED97VF,10987.0,0.0,INR
7915,7915,2024-05-22 17:22:48,UPI,Paid,TPPAYTL4J73J1QP,103852.0,0.0,INR
7916,7916,2025-10-05 05:30:11,Credit Card,Paid,TPPAYM09TV55I72,32523.0,0.0,INR
7917,7917,2026-08-14 22:18:50,UPI,Paid,TPPAYFG784EXTCX,60660.0,0.0,INR
7918,7918,2026-08-16 02:15:29,Debit Card,Paid,TPPAYYXZYQ7NW6Y,77871.0,0.0,INR
7919,7919,2024-08-31 13:03:12,UPI,Paid,TPPAYFHJJYA3ZRX,104274.0,0.0,INR
7920,7920,2026-01-09 09:47:38,UPI,Paid,TPPAY8TIZR9TQL1,130572.0,0.0,INR
7921,7921,2026-07-31 07:30:40,Net Banking,Paid,TPPAYZEUE6M7B5J,121104.0,0.0,INR
7922,7922,2026-06-27 08:44:54,Debit Card,Paid,TPPAY8XCUOKPD92,112414.2,0.0,INR
7923,7923,2024-05-13 00:56:19,UPI,Paid,TPPAYB6XL3I11HE,8837.0,0.0,INR
7924,7924,2025-11-07 10:58:40,Credit Card,Refunded,TPPAYAB0JNDD7T2,32003.1,32003.1,INR
7925,7925,2026-04-08 20:09:04,Credit Card,Paid,TPPAY3A0EE6SVKT,110869.75,0.0,INR
7926,7926,2026-06-22 01:34:10,UPI,Paid,TPPAY6DFG4L50VV,40200.0,0.0,INR
7927,7927,2026-08-08 22:15:11,Credit Card,Paid,TPPAY5V9VSFL1TK,146420.0,0.0,INR
7928,7928,2026-08-19 18:35:30,Wallet,Paid,TPPAY9MC8749TAA,122716.25,0.0,INR
7929,7929,2025-07-09 07:21:59,Debit Card,Paid,TPPAY4TT5H7NAHN,54594.0,0.0,INR
7930,7930,2026-08-11 06:27:00,UPI,Paid,TPPAYFQI6M7NCXL,71920.0,0.0,INR
7931,7931,2026-08-03 22:14:03,UPI,Paid,TPPAY5N5U63OM93,16661.1,0.0,INR
7932,7932,2026-08-23 08:51:12,Debit Card,Pending,TPPAYER3PA57WJQ,0.0,0.0,INR
7933,7933,2025-06-27 15:05:22,Credit Card,Paid,TPPAYHF05K0CNB4,104457.6,0.0,INR
7934,7934,2026-08-24 01:18:51,Debit Card,Paid,TPPAYCYXASLGK09,40144.0,0.0,INR
7935,7935,2026-07-19 14:30:27,Debit Card,Paid,TPPAYLPQ9VER4I7,58030.0,0.0,INR
7936,7936,2026-09-02 02:13:30,UPI,Paid,TPPAY4P184K3L6A,53940.0,0.0,INR
7937,7937,2026-09-05 06:14:39,Credit Card,Paid,TPPAYACRJ5R5721,90990.0,0.0,INR
7938,7938,2024-04-01 07:49:46,UPI,Paid,TPPAYLFOAKIGXWC,39572.0,0.0,INR
7939,7939,2026-08-25 17:42:53,Net Banking,Paid,TPPAYPNA0F7QNX3,43948.0,0.0,INR
7940,7940,2026-01-15 12:48:15,UPI,Paid,TPPAYKIZ01OK787,20720.45,0.0,INR
7941,7941,2026-08-07 00:23:02,Wallet,Paid,TPPAYLHOV1JC74B,32961.0,0.0,INR
7942,7942,2026-08-28 15:23:00,UPI,Paid,TPPAYWWF6HQ1ZM5,57296.0,0.0,INR
7943,7943,2025-08-15 06:15:44,Credit Card,Paid,TPPAY98VXKE1P61,20070.0,0.0,INR
7944,7944,2026-08-23 09:44:10,UPI,Paid,TPPAYGSRRXOR3DQ,16790.3,0.0,INR
7945,7945,2026-08-12 17:58:27,Debit Card,Paid,TPPAYHAK3ND1J5R,25632.0,0.0,INR
7946,7946,2026-06-20 15:50:15,UPI,Paid,TPPAYGX389K9KMU,18710.0,0.0,INR
7947,7947,2026-07-16 18:35:42,Debit Card,Paid,TPPAYF7B1HLV46W,81124.0,0.0,INR
7948,7948,2024-08-13 18:05:56,Debit Card,Paid,TPPAY9UIWMFTZCT,41696.1,0.0,INR
7949,7949,2026-07-09 05:42:26,UPI,Paid,TPPAYUS3X8TGY2O,33648.0,0.0,INR
7950,7950,2026-08-18 23:40:21,UPI,Paid,TPPAY834FVUFYZY,43948.0,0.0,INR
7951,7951,2026-06-30 22:35:51,UPI,Pending,TPPAYKFD7S59YTL,0.0,0.0,INR
7952,7952,2026-09-04 01:02:42,Debit Card,Paid,TPPAY9S2FNVXH50,93318.0,0.0,INR
7953,7953,2026-02-04 21:29:33,Credit Card,Paid,TPPAYYU6EU4M0OZ,18687.0,0.0,INR
7954,7954,2024-04-17 20:57:39,Net Banking,Paid,TPPAYSYHY4WID73,8453.0,0.0,INR
7955,7955,2025-09-08 01:02:12,Debit Card,Paid,TPPAYYNPHTUUXNH,61605.0,0.0,INR
7956,7956,2025-12-07 17:15:41,UPI,Paid,TPPAY0JTNC3ZX3X,55365.0,0.0,INR
7957,7957,2024-06-09 18:21:04,UPI,Paid,TPPAYPRH9Q7SLBS,40698.0,0.0,INR
7958,7958,2026-06-24 03:56:05,UPI,Refunded,TPPAY4UGRPQZXWG,29628.0,29628.0,INR
7959,7959,2026-07-20 12:45:49,Net Banking,Paid,TPPAY45FQW7ZGGS,66298.0,0.0,INR
7960,7960,2026-08-06 05:50:13,UPI,Paid,TPPAY3QVI2K17UB,31401.0,0.0,INR
7961,7961,2025-01-07 00:48:04,Credit Card,Refunded,TPPAYMQF8F5G30W,104274.0,104274.0,INR
7962,7962,2025-08-26 03:50:53,UPI,Paid,TPPAYLVVV4914LY,138227.0,0.0,INR
7963,7963,2023-12-31 09:20:46,UPI,Paid,TPPAYQYCRAMIZ6A,120516.0,0.0,INR
7964,7964,2026-07-10 20:31:52,Credit Card,Pending,TPPAYE5EVS4PBDM,0.0,0.0,INR
7965,7965,2026-08-16 23:31:40,UPI,Pending,TPPAY49Z8CFXKPZ,0.0,0.0,INR
7966,7966,2023-12-10 10:56:08,UPI,Paid,TPPAY39IWPQA2U1,92097.0,0.0,INR
7967,7967,2024-01-28 23:21:24,Credit Card,Paid,TPPAYHETGW3DLZ0,70152.0,0.0,INR
7968,7968,2026-07-03 09:50:31,Debit Card,Paid,TPPAYVD5XVL82U2,44292.0,0.0,INR
7969,7969,2026-08-09 03:48:18,UPI,Paid,TPPAYHOV6SEICVM,76790.0,0.0,INR
7970,7970,2026-08-13 17:48:45,UPI,Paid,TPPAY7P7B6LYMHS,151662.0,0.0,INR
7971,7971,2026-07-27 15:00:30,Credit Card,Paid,TPPAYM7WKT3OPLO,25422.0,0.0,INR
7972,7972,2025-11-06 20:03:29,Net Banking,Paid,TPPAY2GVB7MG0Y4,41845.5,0.0,INR
7973,7973,2023-11-26 18:43:52,UPI,Paid,TPPAYZJ1E6ELE4E,13069.0,0.0,INR
7974,7974,2026-06-30 11:16:22,Debit Card,Paid,TPPAYG9ZJGS14I5,12030.0,0.0,INR
7975,7975,2025-08-28 08:45:19,Credit Card,Paid,TPPAY6W1Y0FKJFQ,13042.0,0.0,INR
7976,7976,2026-09-01 09:52:58,Credit Card,Paid,TPPAYOOXRTV0LQZ,34818.0,0.0,INR
7977,7977,2026-07-22 13:27:46,UPI,Paid,TPPAYLDVAH1D8VY,21930.0,0.0,INR
7978,7978,2026-06-26 03:56:15,Credit Card,Paid,TPPAYP7H0TYGPT5,31570.4,0.0,INR
7979,7979,2026-07-24 06:24:44,Credit Card,Paid,TPPAYUWJM8ZA726,41891.4,0.0,INR
7980,7980,2026-06-16 15:38:56,UPI,Paid,TPPAY2R0X12F3M3,36144.0,0.0,INR
7981,7981,2026-06-29 17:01:36,Debit Card,Pending,TPPAYPT3KC1UTKR,0.0,0.0,INR
7982,7982,2025-07-26 06:19:53,Debit Card,Refunded,TPPAY80O1MIJJHB,40555.0,40555.0,INR
7983,7983,2026-07-21 04:39:25,UPI,Pending,TPPAY7TK4IVZVSE,0.0,0.0,INR
7984,7984,2024-10-10 15:51:47,UPI,Paid,TPPAYBRH72W8CG7,80344.0,0.0,INR
7985,7985,2024-09-15 03:23:03,UPI,Paid,TPPAYEVKYIV4FQY,80496.0,0.0,INR
7986,7986,2026-08-28 19:56:04,UPI,Paid,TPPAY8GTGFGGDJW,24322.0,0.0,INR
7987,7987,2026-07-29 17:45:12,Credit Card,Paid,TPPAYYJU3V58CX4,58779.2,0.0,INR
7988,7988,2026-06-17 03:18:49,UPI,Paid,TPPAYS3FSOGYKSC,77434.0,0.0,INR
7989,7989,2024-08-15 16:41:50,Net Banking,Paid,TPPAYUF1QY1IUHE,10987.0,0.0,INR
7990,7990,2024-10-24 07:40:16,Debit Card,Paid,TPPAY5JWJ20N9WW,18072.0,0.0,INR
7991,7991,2024-02-18 21:55:26,Wallet,Paid,TPPAY5V25LDJPEP,23605.6,0.0,INR
7992,7992,2026-08-04 01:37:24,Credit Card,Paid,TPPAYYQCN2PP9TA,20698.0,0.0,INR
7993,7993,2026-07-23 05:46:10,UPI,Paid,TPPAYI4MX3BN1T4,33219.0,0.0,INR
7994,7994,2024-01-05 20:03:12,UPI,Paid,TPPAYBXCRJXIMU6,57841.7,0.0,INR
7995,7995,2024-03-06 10:44:41,UPI,Paid,TPPAYNSOU6W4A1P,15903.5,0.0,INR
7996,7996,2025-11-06 15:58:22,Wallet,Refunded,TPPAY2977E1S7F6,29538.0,29538.0,INR
7997,7997,2026-07-15 19:44:16,UPI,Paid,TPPAY4AQXN7WTSV,35890.0,0.0,INR
7998,7998,2026-06-27 09:22:04,Credit Card,Paid,TPPAYUQSGJQWYZC,52276.0,0.0,INR
7999,7999,2025-01-20 14:56:34,UPI,Paid,TPPAYF99ZKELNNW,74748.0,0.0,INR
8000,8000,2026-07-28 08:57:16,Debit Card,Paid,TPPAY9F71Q0R1MT,35292.0,0.0,INR
8001,8001,2023-12-09 23:59:41,Wallet,Paid,TPPAYY8GTSOINKU,16906.0,0.0,INR
8002,8002,2026-04-18 10:32:29,Credit Card,Paid,TPPAYQAOVQPGSAW,44292.0,0.0,INR
8003,8003,2026-08-06 03:29:29,Credit Card,Paid,TPPAYJI963E9QM8,12030.0,0.0,INR
8004,8004,2024-10-04 03:16:25,UPI,Paid,TPPAY90DQ2T4DFW,92777.0,0.0,INR
8005,8005,2023-09-21 20:05:40,Debit Card,Paid,TPPAYDYVXV6JE0F,85405.0,0.0,INR
8006,8006,2025-11-18 19:09:19,UPI,Paid,TPPAYVTSHTDSTFZ,49284.0,0.0,INR
8007,8007,2026-09-05 10:04:50,UPI,Paid,TPPAYBBFUC8KVEW,11853.0,0.0,INR
8008,8008,2026-07-13 03:52:23,UPI,Paid,TPPAYDWSXJ70J16,15312.0,0.0,INR
8009,8009,2025-08-03 04:29:20,UPI,Paid,TPPAYRIEJ97T94N,28439.3,0.0,INR
8010,8010,2026-07-29 18:39:51,Debit Card,Paid,TPPAY48CWXY2RZ3,28061.1,0.0,INR
8011,8011,2026-08-30 04:27:49,Net Banking,Pending,TPPAYZ1SMPHYZNR,0.0,0.0,INR
8012,8012,2026-06-23 07:51:39,UPI,Paid,TPPAYK66ZES014T,21811.0,0.0,INR
8013,8013,2026-07-02 09:09:59,UPI,Refunded,TPPAYD9WHEN43O7,14620.0,14620.0,INR
8014,8014,2026-08-10 02:04:42,Debit Card,Paid,TPPAYO6L852MZRG,32444.0,0.0,INR
8015,8015,2026-08-17 01:55:43,UPI,Paid,TPPAY5M0HB5ETXA,40823.4,0.0,INR
8016,8016,2026-07-02 20:34:45,Debit Card,Paid,TPPAYPC64R0JEBZ,8395.15,0.0,INR
8017,8017,2024-10-21 23:19:37,Debit Card,Paid,TPPAYSE0IIVS5HX,28602.6,0.0,INR
8018,8018,2024-03-09 13:12:17,Wallet,Paid,TPPAYPPJGTBMPCX,41845.5,0.0,INR
8019,8019,2025-12-31 14:02:34,Credit Card,Refunded,TPPAYLEFBWLOX41,19692.0,19692.0,INR
8020,8020,2025-08-23 01:01:11,UPI,Refunded,TPPAYRWO81D2Q0D,35348.0,35348.0,INR
8021,8021,2026-08-05 09:11:32,Net Banking,Paid,TPPAYAAQKNU9UAP,38280.0,0.0,INR
8022,8022,2025-03-27 04:44:34,Credit Card,Paid,TPPAYJG07WRRRWM,55594.8,0.0,INR
8023,8023,2026-07-10 11:21:45,Credit Card,Paid,TPPAYWFOH2OYRA6,40144.0,0.0,INR
8024,8024,2026-08-25 20:37:03,Credit Card,Pending,TPPAY2IY6HX25HH,0.0,0.0,INR
8025,8025,2024-06-10 12:55:47,UPI,Paid,TPPAY95NR87PQUP,15443.0,0.0,INR
8026,8026,2026-06-16 00:02:10,Debit Card,Paid,TPPAY8L9F6I3WRT,83645.0,0.0,INR
8027,8027,2026-08-26 21:03:42,Credit Card,Paid,TPPAYITVZSOQJCH,11117.0,0.0,INR
8028,8028,2024-02-05 00:01:26,Debit Card,Paid,TPPAYCTZE25LS61,38715.0,0.0,INR
8029,8029,2023-09-17 22:15:35,Wallet,Paid,TPPAYGXA217V9ZJ,58524.75,0.0,INR
8030,8030,2026-07-18 21:46:48,UPI,Paid,TPPAY44K5XURZEG,35348.0,0.0,INR
8031,8031,2025-07-08 07:02:34,Wallet,Paid,TPPAY6ND48H1H9V,80496.0,0.0,INR
8032,8032,2024-09-19 04:41:42,Debit Card,Refunded,TPPAYAMX7AJKPCM,108850.0,108850.0,INR
8033,8033,2025-11-05 11:35:26,Credit Card,Paid,TPPAY80T129KUN5,41533.2,0.0,INR
8034,8034,2026-04-12 01:55:08,Credit Card,Paid,TPPAY66UXCMKMVI,47412.0,0.0,INR
8035,8035,2026-06-13 12:20:08,Credit Card,Paid,TPPAYDH6R6C4OSW,34818.0,0.0,INR
8036,8036,2024-11-06 10:36:42,Credit Card,Paid,TPPAYKERWGQ5O6E,38768.0,0.0,INR
8037,8037,2026-07-08 12:39:01,Net Banking,Paid,TPPAYQZZ3NZM8SM,87244.0,0.0,INR
8038,8038,2026-01-07 22:08:29,UPI,Paid,TPPAYRTGMC6H211,17752.65,0.0,INR
8039,8039,2025-02-06 10:35:57,Wallet,Paid,TPPAY0WMWC5FLX0,35505.3,0.0,INR
8040,8040,2025-12-31 01:12:37,UPI,Paid,TPPAY74FWNZHJ5S,18964.8,0.0,INR
8041,8041,2026-07-15 01:45:14,UPI,Paid,TPPAYPT9LJY8MSW,31491.55,0.0,INR
8042,8042,2026-08-11 06:07:20,UPI,Pending,TPPAYE8H0VQEMDS,0.0,0.0,INR
8043,8043,2026-07-25 23:28:46,Debit Card,Paid,TPPAYJOB2GBUXX0,42720.0,0.0,INR
8044,8044,2026-06-10 17:06:53,Credit Card,Paid,TPPAY5PQGOSJ3XR,58580.0,0.0,INR
8045,8045,2026-08-21 19:36:30,Credit Card,Paid,TPPAY1H3GUPYLZA,116705.0,0.0,INR
8046,8046,2026-07-03 18:14:47,Net Banking,Paid,TPPAYZLTNRPB789,147259.5,0.0,INR
8047,8047,2026-06-16 20:44:06,Debit Card,Paid,TPPAYOUJMBQ0H1Z,38862.0,0.0,INR
8048,8048,2025-12-06 01:46:08,Net Banking,Paid,TPPAY3OJPEB45OJ,109055.0,0.0,INR
8049,8049,2026-08-08 21:06:38,Debit Card,Paid,TPPAYSE0NQNAR8Y,87244.0,0.0,INR
8050,8050,2026-08-02 00:09:04,Net Banking,Paid,TPPAY2M217XV4VR,95716.8,0.0,INR
8051,8051,2026-06-13 02:32:34,Debit Card,Pending,TPPAYKB12N56C0Y,0.0,0.0,INR
8052,8052,2026-08-13 01:01:34,UPI,Paid,TPPAYTCYIN41I5M,38768.0,0.0,INR
8053,8053,2025-04-21 13:07:34,Wallet,Paid,TPPAY329BP4AGTE,18710.0,0.0,INR
8054,8054,2026-03-10 13:05:20,UPI,Paid,TPPAY3C9KZTCNDC,44756.0,0.0,INR
8055,8055,2024-01-26 06:30:00,Credit Card,Paid,TPPAY2NKCC29AYE,116943.0,0.0,INR
8056,8056,2025-02-12 21:41:57,Debit Card,Paid,TPPAYZEGGOJENBY,69516.0,0.0,INR
8057,8057,2025-01-26 03:43:20,Wallet,Paid,TPPAYIBQQMTIZR1,119646.0,0.0,INR
8058,8058,2026-06-13 20:39:19,UPI,Paid,TPPAYUWWA5P5UHJ,92560.0,0.0,INR
8059,8059,2026-07-05 12:20:54,Wallet,Paid,TPPAY8F79TUS44N,44756.0,0.0,INR
8060,8060,2026-07-23 22:51:51,Debit Card,Paid,TPPAYTR0BV0VAAK,116943.0,0.0,INR
8061,8061,2026-06-12 04:54:20,UPI,Paid,TPPAY4BOBGYIHQW,35348.0,0.0,INR
8062,8062,2026-04-14 16:26:24,Credit Card,Refunded,TPPAYUSZGH6JZ47,10774.0,10774.0,INR
8063,8063,2026-05-11 09:01:01,Debit Card,Paid,TPPAYK4B6JRCBMQ,9063.0,0.0,INR
8064,8064,2026-07-24 19:43:28,UPI,Paid,TPPAYA9SHFIR5WM,16056.0,0.0,INR
8065,8065,2026-06-21 23:00:10,Credit Card,Refunded,TPPAY577UXS68I5,61398.0,61398.0,INR
8066,8066,2024-11-05 23:47:02,Credit Card,Paid,TPPAYUAU0NQFP56,22021.8,0.0,INR
8067,8067,2024-03-05 08:57:22,UPI,Paid,TPPAYJN0I0L07KU,51914.0,0.0,INR
8068,8068,2026-06-12 02:55:10,UPI,Paid,TPPAY4RDGL57950,65310.0,0.0,INR
8069,8069,2026-06-25 21:24:30,Debit Card,Paid,TPPAY8S3PD40SME,109768.5,0.0,INR
8070,8070,2026-06-30 21:19:31,Net Banking,Paid,TPPAYG0GDAI1AIH,24779.8,0.0,INR
8071,8071,2024-08-07 00:16:02,UPI,Paid,TPPAYLTHT7V35BF,27108.0,0.0,INR
8072,8072,2026-07-27 02:16:23,UPI,Refunded,TPPAYYWCWIZRF3B,43096.0,43096.0,INR
8073,8073,2026-06-29 00:49:26,UPI,Paid,TPPAY2VL7Z1ZANM,30525.4,0.0,INR
8074,8074,2024-07-11 02:39:20,UPI,Paid,TPPAYYZ8FW3C7P6,19522.8,0.0,INR
8075,8075,2026-07-12 01:29:21,Debit Card,Paid,TPPAYD1YGJNT7WO,39034.0,0.0,INR
8076,8076,2026-08-13 14:46:41,Net Banking,Paid,TPPAY4ZP7MLLVEC,38280.0,0.0,INR
8077,8077,2026-07-20 22:29:35,Credit Card,Pending,TPPAYE6NW00F9PW,0.0,0.0,INR
8078,8078,2025-05-19 23:58:29,Net Banking,Paid,TPPAY6T3Y1FZ80U,33480.0,0.0,INR
8079,8079,2025-09-22 13:10:27,Debit Card,Refunded,TPPAY5IZV2UTJ5J,57718.4,57718.4,INR
8080,8080,2026-08-05 09:22:55,UPI,Paid,TPPAY4LLPI8U0XK,103828.0,0.0,INR
8081,8081,2025-12-25 14:17:21,Debit Card,Paid,TPPAYQHJH5TE32T,118300.0,0.0,INR
8082,8082,2026-09-07 15:37:20,Credit Card,Paid,TPPAY2SAKXNUL5B,116943.0,0.0,INR
8083,8083,2024-02-14 21:59:58,Credit Card,Paid,TPPAYSZ21NAMF1S,7185.05,0.0,INR
8084,8084,2024-05-29 12:55:18,Credit Card,Paid,TPPAYANTB1R0AYK,43364.0,0.0,INR
8085,8085,2026-07-22 08:10:50,Debit Card,Paid,TPPAYXPPGRYS3BA,118014.0,0.0,INR
8086,8086,2024-07-30 22:03:17,UPI,Paid,TPPAYX152QC1VAB,55585.0,0.0,INR
8087,8087,2024-07-13 19:24:20,Debit Card,Refunded,TPPAYTIYV6OV97S,50877.0,50877.0,INR
8088,8088,2026-08-05 11:38:21,Wallet,Paid,TPPAY0FY3P0FGTC,19612.9,0.0,INR
8089,8089,2026-07-18 14:44:15,Credit Card,Paid,TPPAY47RCX2VDZF,27954.0,0.0,INR
8090,8090,2025-08-08 16:45:37,Wallet,Paid,TPPAY0O4GEKBA1N,36144.0,0.0,INR
8091,8091,2026-06-30 14:31:22,Wallet,Paid,TPPAYZZR5C31JVE,57718.4,0.0,INR
8092,8092,2025-03-06 11:25:16,UPI,Paid,TPPAY998YYX36EZ,15361.2,0.0,INR
8093,8093,2024-05-14 07:27:24,Credit Card,Paid,TPPAY3Z914NLWEL,9472.0,0.0,INR
8094,8094,2024-07-23 09:55:35,UPI,Paid,TPPAYWZ1XNRU6XG,100870.0,0.0,INR
8095,8095,2026-01-24 00:28:20,Net Banking,Paid,TPPAYFLQCUNVNUV,69516.0,0.0,INR
8096,8096,2026-07-08 21:23:53,Credit Card,Paid,TPPAYSFO6VM5TQQ,33390.6,0.0,INR
8097,8097,2024-05-13 17:33:44,Net Banking,Paid,TPPAY4EVU69OK34,20010.6,0.0,INR
8098,8098,2026-09-06 15:14:32,UPI,Pending,TPPAYVV86ICRL33,0.0,0.0,INR
8099,8099,2026-06-13 10:59:29,Credit Card,Paid,TPPAY4P9C4OWSYY,20451.0,0.0,INR
8100,8100,2024-07-23 06:14:06,Debit Card,Paid,TPPAY2QNXCQUXUO,51816.0,0.0,INR
8101,8101,2026-08-04 19:27:35,Credit Card,Paid,TPPAY57RPFZVKP0,37246.65,0.0,INR
8102,8102,2026-07-04 06:15:08,Credit Card,Paid,TPPAYASYO9REGL2,97660.0,0.0,INR
8103,8103,2026-07-30 14:37:46,UPI,Paid,TPPAYB4RFCPX23J,44468.0,0.0,INR
8104,8104,2026-08-18 14:46:38,Debit Card,Paid,TPPAYJWV8HCOCKY,85002.0,0.0,INR
8105,8105,2026-02-06 05:20:21,Credit Card,Paid,TPPAYYRVC7BOFDS,31067.5,0.0,INR
8106,8106,2026-08-20 06:40:36,Debit Card,Paid,TPPAYVVC8HV669N,155924.0,0.0,INR
8107,8107,2025-09-12 20:58:30,Credit Card,Paid,TPPAY4PTIKM15FM,51926.0,0.0,INR
8108,8108,2026-08-12 05:39:47,Net Banking,Paid,TPPAY9T2MV1SA64,20088.0,0.0,INR
8109,8109,2026-06-28 21:23:25,Wallet,Paid,TPPAYF4BJV3JS23,104535.9,0.0,INR
8110,8110,2026-07-23 23:49:05,Credit Card,Paid,TPPAYKC333J8RWG,29998.2,0.0,INR
8111,8111,2025-08-08 02:15:33,Debit Card,Paid,TPPAYR004OXMWGX,74748.0,0.0,INR
8112,8112,2026-08-05 02:32:53,UPI,Pending,TPPAYZIB801O8IZ,0.0,0.0,INR
8113,8113,2026-07-17 04:21:48,UPI,Paid,TPPAYQGJKBIQUBD,129175.0,0.0,INR
8114,8114,2024-09-11 22:46:15,UPI,Paid,TPPAYEQRR17M8ZH,29076.0,0.0,INR
8115,8115,2026-05-24 06:37:20,Credit Card,Paid,TPPAYKLCCCZEEEV,43622.0,0.0,INR
8116,8116,2026-08-10 09:59:35,UPI,Paid,TPPAYBKETXG8YYJ,49465.0,0.0,INR
8117,8117,2026-07-28 12:29:02,Debit Card,Paid,TPPAYVOFWDNGY6G,37374.0,0.0,INR
8118,8118,2026-08-02 21:27:05,UPI,Paid,TPPAY5N1W6MQK3N,29595.3,0.0,INR
8119,8119,2026-06-17 05:15:29,Credit Card,Pending,TPPAYWQ7LTYFQQR,0.0,0.0,INR
8120,8120,2026-06-20 21:52:18,Credit Card,Refunded,TPPAYQR0W70BO00,22227.0,22227.0,INR
8121,8121,2026-06-09 21:53:08,UPI,Refunded,TPPAYB6H7ZVKFC9,53940.0,53940.0,INR
8122,8122,2026-03-17 06:40:30,Debit Card,Paid,TPPAYX4ER4GM50D,78282.45,0.0,INR
8123,8123,2026-09-07 20:21:03,Credit Card,Pending,TPPAYVDFK38QCTM,0.0,0.0,INR
8124,8124,2026-06-23 15:21:55,UPI,Paid,TPPAY6ZUOM23N6B,120516.0,0.0,INR
8125,8125,2026-08-17 11:30:50,UPI,Paid,TPPAY45HM2MTZL7,25145.55,0.0,INR
8126,8126,2025-12-12 21:17:04,UPI,Paid,TPPAYKP72T2OBJD,113223.0,0.0,INR
8127,8127,2026-07-27 07:43:01,Credit Card,Paid,TPPAYKITMH4FIZG,162620.0,0.0,INR
8128,8128,2025-04-10 17:32:38,Debit Card,Paid,TPPAYZRNNMWQAD4,121044.0,0.0,INR
8129,8129,2025-10-28 18:33:08,UPI,Paid,TPPAY2I7YY7C9VJ,52805.75,0.0,INR
8130,8130,2026-06-21 15:11:30,Credit Card,Paid,TPPAY8QCPNPJ4XE,86226.0,0.0,INR
8131,8131,2026-08-01 01:02:18,Credit Card,Paid,TPPAYYCDB5CCO3N,124584.0,0.0,INR
8132,8132,2024-08-12 12:30:30,UPI,Paid,TPPAYRXH5RQUT3O,108510.0,0.0,INR
8133,8133,2026-08-28 02:56:20,Credit Card,Paid,TPPAYXKSKAOCDI8,56831.85,0.0,INR
8134,8134,2026-06-27 17:46:28,UPI,Paid,TPPAYGDML896450,85002.0,0.0,INR
8135,8135,2026-08-04 16:39:11,Debit Card,Paid,TPPAY19WNYVN6OZ,121965.0,0.0,INR
8136,8136,2026-06-24 19:10:46,Debit Card,Paid,TPPAYI08TLH6FBD,37888.0,0.0,INR
8137,8137,2024-07-01 20:15:42,UPI,Paid,TPPAY8YHUSKY104,108510.0,0.0,INR
8138,8138,2026-09-05 12:23:37,Credit Card,Paid,TPPAYAS0JHZEKO0,36526.2,0.0,INR
8139,8139,2026-08-14 08:54:25,Net Banking,Paid,TPPAY6Q4HC2QHAC,14356.0,0.0,INR
8140,8140,2023-09-21 21:27:12,UPI,Paid,TPPAY19FQUF6WKU,30556.8,0.0,INR
8141,8141,2024-09-16 15:17:33,Debit Card,Paid,TPPAY3RZM7AS46R,38304.0,0.0,INR
8142,8142,2026-06-16 12:23:31,Credit Card,Paid,TPPAYGGZKMAY4UZ,36144.0,0.0,INR
8143,8143,2026-08-22 23:05:24,Credit Card,Pending,TPPAYQZ4H115EA0,0.0,0.0,INR
8144,8144,2026-06-12 07:26:48,Debit Card,Refunded,TPPAYT67LI85ZUC,14999.1,14999.1,INR
8145,8145,2025-09-27 17:04:58,Debit Card,Paid,TPPAYOLC2PZXOGE,66916.0,0.0,INR
8146,8146,2026-06-17 16:31:56,Debit Card,Paid,TPPAYYBTNGLNZCY,20070.0,0.0,INR
8147,8147,2026-07-05 07:59:44,UPI,Paid,TPPAYUFF5K6XYV4,90387.0,0.0,INR
8148,8148,2026-07-20 01:37:11,UPI,Refunded,TPPAYSR6X9PHJ8J,39862.8,39862.8,INR
8149,8149,2025-02-25 02:19:57,UPI,Paid,TPPAYSI2Q5CKGPH,24105.6,0.0,INR
8150,8150,2026-06-11 14:59:07,UPI,Pending,TPPAYKU5B67F4BF,0.0,0.0,INR
8151,8151,2023-09-26 02:21:00,Credit Card,Paid,TPPAYZCUP1YG5AU,126385.0,0.0,INR
8152,8152,2023-12-15 13:24:41,UPI,Refunded,TPPAYBLV7K04W1Y,25444.8,25444.8,INR
8153,8153,2026-06-29 18:56:48,Net Banking,Paid,TPPAYCOIFI7FLE3,23212.0,0.0,INR
8154,8154,2026-02-02 06:31:16,UPI,Paid,TPPAY81EIKO7NYG,114330.0,0.0,INR
8155,8155,2026-06-09 08:52:50,UPI,Paid,TPPAYZ4A6WIEB8X,126385.0,0.0,INR
8156,8156,2026-07-22 01:06:19,Wallet,Paid,TPPAYC95VG3AZSH,26784.0,0.0,INR
8157,8157,2026-07-18 18:23:17,Debit Card,Paid,TPPAYD092PG62PQ,33149.0,0.0,INR
8158,8158,2026-08-31 22:37:33,Credit Card,Paid,TPPAYM9QEEGR0TN,27328.65,0.0,INR
8159,8159,2026-08-04 08:43:28,UPI,Paid,TPPAYW7JW6OGYSU,186636.0,0.0,INR
8160,8160,2026-01-17 04:14:49,UPI,Paid,TPPAYOBI5W6D69X,53940.0,0.0,INR
8161,8161,2023-12-30 20:04:16,UPI,Paid,TPPAYBX9TCT80HA,54496.8,0.0,INR
8162,8162,2024-12-27 07:05:21,Debit Card,Paid,TPPAYBPFAB4ICWD,109815.0,0.0,INR
8163,8163,2026-07-08 08:21:17,UPI,Paid,TPPAYVJ9U9UGX65,75775.8,0.0,INR
8164,8164,2026-07-08 06:23:54,UPI,Paid,TPPAYV8ND3HD02G,130212.0,0.0,INR
8165,8165,2026-06-24 06:25:08,UPI,Paid,TPPAYU1WFPCU8E3,43096.0,0.0,INR
8166,8166,2026-07-15 22:09:00,Credit Card,Paid,TPPAY9S78TJQYQY,52217.2,0.0,INR
8167,8167,2026-06-16 20:46:04,Credit Card,Paid,TPPAYEG1MK07UJE,69516.0,0.0,INR
8168,8168,2024-04-01 19:57:59,UPI,Paid,TPPAYEPNSIQ7ETW,103407.5,0.0,INR
8169,8169,2026-07-01 20:03:17,Debit Card,Pending,TPPAY67YOBQVF75,0.0,0.0,INR
8170,8170,2024-08-21 00:23:45,UPI,Paid,TPPAYOVMBLEWZ6R,155530.0,0.0,INR
8171,8171,2025-05-27 07:30:03,Credit Card,Paid,TPPAYEB0KL08K3N,119039.1,0.0,INR
8172,8172,2024-08-29 07:28:52,Wallet,Refunded,TPPAYAK1PM79S73,58580.0,58580.0,INR
8173,8173,2026-09-02 21:24:31,Net Banking,Refunded,TPPAYMYU4HDCS20,13158.0,58580.0,INR
8174,8174,2024-05-25 14:26:15,Credit Card,Refunded,TPPAYJDHO514XG0,55536.0,55536.0,INR
8175,8175,2025-02-14 11:25:45,Wallet,Paid,TPPAYGLPI9V7KAA,59823.0,0.0,INR
8176,8176,2026-09-02 20:19:51,Debit Card,Paid,TPPAYNIOJ2SMGHP,29595.3,0.0,INR
8177,8177,2026-08-16 16:48:26,UPI,Paid,TPPAYKJ29MO308D,62292.0,0.0,INR
8178,8178,2024-04-16 04:45:40,Credit Card,Refunded,TPPAYW2F5E75GN4,9472.0,9472.0,INR
8179,8179,2024-03-28 19:45:59,Debit Card,Paid,TPPAY7DIDIP4D39,35890.0,0.0,INR
8180,8180,2026-08-23 14:08:46,UPI,Paid,TPPAYPYI67AQFSV,14814.0,0.0,INR
8181,8181,2026-06-20 02:30:56,UPI,Paid,TPPAYQTHGWOBTT8,51914.0,0.0,INR
8182,8182,2026-08-13 04:07:18,Net Banking,Pending,TPPAYLZHSWB47HM,0.0,0.0,INR
8183,8183,2024-06-13 12:12:48,Debit Card,Paid,TPPAY0Z2D6B18GI,155924.0,0.0,INR
8184,8184,2026-08-30 07:27:17,UPI,Paid,TPPAYB33LFQM5VE,57296.0,0.0,INR
8185,8185,2026-07-26 13:28:49,UPI,Paid,TPPAYWN9388QGIF,132252.0,0.0,INR
8186,8186,2026-08-09 12:11:05,Wallet,Paid,TPPAYN4K1V19PSR,121965.0,0.0,INR
8187,8187,2026-08-14 17:13:33,Credit Card,Paid,TPPAY3S7LPRJ1XG,70023.0,0.0,INR
8188,8188,2026-06-17 09:06:06,UPI,Paid,TPPAYEXP9JAHZ0M,86808.0,0.0,INR
8189,8189,2024-02-06 04:40:52,UPI,Paid,TPPAYBT77ADFJFQ,26401.0,0.0,INR
8190,8190,2024-08-04 00:53:49,Debit Card,Paid,TPPAYT8LF5C9EP4,46074.0,0.0,INR
8191,8191,2026-07-30 22:12:54,UPI,Paid,TPPAYD015YOQ9MY,36483.0,0.0,INR
8192,8192,2024-02-10 09:56:01,Credit Card,Refunded,TPPAYZALGLIE1CZ,35348.0,35348.0,INR
8193,8193,2026-06-30 18:20:21,UPI,Pending,TPPAYRATMOPOKP9,0.0,0.0,INR
8194,8194,2026-08-15 01:05:47,Net Banking,Pending,TPPAYA6V180ZUFH,0.0,0.0,INR
8195,8195,2025-06-30 22:01:20,Net Banking,Refunded,TPPAYRSYKNPQD4T,17674.0,17674.0,INR
8196,8196,2026-07-10 15:18:18,Credit Card,Paid,TPPAYTRPYK1AQGP,23409.9,0.0,INR
8197,8197,2026-06-14 05:11:28,UPI,Paid,TPPAYTRKYRK8EXV,67273.2,0.0,INR
8198,8198,2026-07-03 20:32:39,Debit Card,Paid,TPPAY73OKEKXL6L,19629.9,0.0,INR
8199,8199,2026-07-24 01:49:51,UPI,Paid,TPPAYULVD67ION2,33636.2,0.0,INR
8200,8200,2026-07-14 01:33:51,Credit Card,Paid,TPPAYX80PI88681,12030.0,0.0,INR
8201,8201,2026-08-10 21:02:04,Debit Card,Pending,TPPAYDK74YKMRZD,0.0,0.0,INR
8202,8202,2024-01-27 17:55:17,UPI,Pending,TPPAYIPNIY9T685,17674.0,0.0,INR
8203,8203,2026-08-31 08:05:08,Debit Card,Paid,TPPAY7D5N3HZ484,108810.0,0.0,INR
8204,8204,2025-02-13 04:06:02,UPI,Paid,TPPAYWQ3CYWWAUX,148127.8,0.0,INR
8205,8205,2024-05-11 17:34:55,Net Banking,Paid,TPPAYQCIOPB3O5N,82881.8,0.0,INR
8206,8206,2026-09-05 08:52:43,UPI,Pending,TPPAY5CAYXTIR4Z,0.0,0.0,INR
8207,8207,2026-05-02 10:00:16,UPI,Paid,TPPAYLQIE6G7AEG,69420.0,0.0,INR
8208,8208,2026-06-23 20:07:51,Net Banking,Paid,TPPAYDO9YYE5RRP,129175.0,0.0,INR
8209,8209,2025-07-28 01:53:27,Credit Card,Paid,TPPAYKUV194851T,100430.0,0.0,INR
8210,8210,2026-07-11 03:51:40,Debit Card,Paid,TPPAY5RXL5A3TIT,76220.0,0.0,INR
8211,8211,2026-08-16 16:21:47,UPI,Pending,TPPAY3641BIITY5,0.0,0.0,INR
8212,8212,2026-06-11 22:23:01,Debit Card,Paid,TPPAYJYOK7NSQS2,64525.0,0.0,INR
8213,8213,2026-07-18 01:12:30,UPI,Refunded,TPPAY6D55LYFFB5,9472.0,9472.0,INR
8214,8214,2026-08-08 19:48:06,UPI,Pending,TPPAY6I5WITR4PD,0.0,0.0,INR
8215,8215,2026-08-25 14:55:21,Debit Card,Refunded,TPPAYRZMJ3O7MXD,37035.0,37035.0,INR
8216,8216,2024-10-05 23:03:52,Credit Card,Paid,TPPAYOK7SYPHBW5,20683.05,0.0,INR
8217,8217,2025-01-05 17:34:09,UPI,Paid,TPPAY268CGW9ZG5,38448.0,0.0,INR
8218,8218,2026-08-18 06:35:38,UPI,Pending,TPPAY6773KA85OW,0.0,0.0,INR
8219,8219,2026-06-19 17:58:34,UPI,Paid,TPPAYF1YTO9ZHV5,21974.0,0.0,INR
8220,8220,2025-09-14 15:24:47,Net Banking,Paid,TPPAYPBZ2RI69F4,15906.6,0.0,INR
8221,8221,2026-06-20 03:51:12,Credit Card,Paid,TPPAYTAXTXP6OBB,26138.0,0.0,INR
8222,8222,2026-09-06 23:19:35,Credit Card,Paid,TPPAYHIA2H72RWL,20833.5,0.0,INR
8223,8223,2026-07-16 09:41:42,Debit Card,Paid,TPPAY6OVM8XDJGG,16222.0,0.0,INR
8224,8224,2024-10-05 18:01:22,UPI,Paid,TPPAY5ZFRXIEWBW,109768.5,0.0,INR
8225,8225,2026-07-08 07:33:10,UPI,Paid,TPPAY5I5QOM2GF2,116151.0,0.0,INR
8226,8226,2026-06-30 02:54:08,Wallet,Paid,TPPAYK4QDQVLZ89,77434.0,0.0,INR
8227,8227,2026-07-14 18:36:31,Net Banking,Paid,TPPAY0Q27WT571H,143415.8,0.0,INR
8228,8228,2024-04-20 07:13:35,UPI,Paid,TPPAYS0LR7CWKX7,77434.0,0.0,INR
8229,8229,2026-07-25 21:22:55,Credit Card,Pending,TPPAYNKEYVQ6D9I,0.0,0.0,INR
8230,8230,2026-07-15 08:42:20,Credit Card,Paid,TPPAY1X6SL26WZI,18687.0,0.0,INR
8231,8231,2026-07-04 17:17:15,Net Banking,Paid,TPPAYBC6ATO3TYF,58580.0,0.0,INR
8232,8232,2023-10-09 10:11:52,UPI,Paid,TPPAY609J1D1KDL,71620.0,0.0,INR
8233,8233,2026-07-28 10:54:58,Wallet,Paid,TPPAYU7PPUIBIVV,93342.75,0.0,INR
8234,8234,2025-02-23 05:37:54,UPI,Paid,TPPAYHWG4DP4QJG,120666.0,0.0,INR
8235,8235,2024-05-12 11:08:28,UPI,Paid,TPPAYS0N56EFATP,77871.0,0.0,INR
8236,8236,2026-07-21 05:53:17,UPI,Paid,TPPAYF6I6DYLZZW,43948.0,0.0,INR
8237,8237,2025-02-10 17:52:25,Credit Card,Paid,TPPAYGRMJWSPKQV,13380.0,0.0,INR
8238,8238,2026-06-13 13:08:40,Credit Card,Paid,TPPAYDP90XOGDE4,64444.2,0.0,INR
8239,8239,2026-08-09 13:45:37,UPI,Paid,TPPAYY7Q89CW9UQ,44355.6,0.0,INR
8240,8240,2026-08-03 04:52:24,Net Banking,Paid,TPPAY6EI67DNONH,54232.2,0.0,INR
8241,8241,2026-07-25 19:33:18,UPI,Paid,TPPAY0XGYO5ONCL,76220.0,0.0,INR
8242,8242,2026-06-23 10:54:16,UPI,Paid,TPPAY7VDNMOTDF7,32322.0,0.0,INR
8243,8243,2026-07-15 04:55:43,UPI,Paid,TPPAYITJO2VIIYX,18072.0,0.0,INR
8244,8244,2025-11-02 10:58:47,Net Banking,Paid,TPPAY62FW9OAQTH,32778.0,0.0,INR
8245,8245,2025-04-06 01:33:42,UPI,Paid,TPPAYKVC9I2XCW7,32444.0,0.0,INR
8246,8246,2026-07-05 11:50:07,UPI,Paid,TPPAYQS6BB2PS0B,92560.0,0.0,INR
8247,8247,2026-07-19 03:09:48,UPI,Paid,TPPAYCHUVIX2Y5G,114609.0,0.0,INR
8248,8248,2023-11-26 16:45:30,Debit Card,Paid,TPPAYMH5R4E14VM,35148.0,0.0,INR
8249,8249,2026-08-10 10:03:10,Debit Card,Pending,TPPAYIBOPKYIRFS,0.0,0.0,INR
8250,8250,2025-11-03 10:42:00,UPI,Paid,TPPAY4JAOCY628N,13670.4,0.0,INR
8251,8251,2026-08-25 06:27:56,Debit Card,Paid,TPPAYUNW63926RX,56207.1,0.0,INR
8252,8252,2025-11-20 03:41:37,Net Banking,Paid,TPPAYQG9WT4WS0K,98636.6,0.0,INR
8253,8253,2026-06-11 07:31:03,UPI,Paid,TPPAY0MI9Q66JEN,34818.0,0.0,INR
8254,8254,2026-06-29 17:45:36,Credit Card,Paid,TPPAYE5KBB5AWC6,70980.0,0.0,INR
8255,8255,2026-08-14 22:41:31,UPI,Paid,TPPAYOJAFVFEISY,24125.0,0.0,INR
8256,8256,2026-06-16 15:47:49,UPI,Paid,TPPAY2GZS6F6BZO,60258.0,0.0,INR
8257,8257,2026-07-12 15:57:54,UPI,Paid,TPPAY1AUV0NENG4,25908.8,0.0,INR
8258,8258,2026-08-08 13:56:04,UPI,Paid,TPPAYYV6TV6G2C1,80344.0,0.0,INR
8259,8259,2026-06-20 20:36:46,UPI,Paid,TPPAYDWU6T7B0WB,60552.0,0.0,INR
8260,8260,2025-08-30 00:01:05,UPI,Paid,TPPAY7FZHXD5ZQ3,11853.0,0.0,INR
8261,8261,2025-08-20 21:39:22,Debit Card,Paid,TPPAYVI46ZEBBRW,18126.0,0.0,INR
8262,8262,2026-07-13 05:59:07,Debit Card,Paid,TPPAY7NW5V5HJSU,92097.0,0.0,INR
8263,8263,2026-04-04 10:18:09,UPI,Refunded,TPPAYQCW9A6FVK5,48167.8,48167.8,INR
8264,8264,2026-08-11 04:56:08,Debit Card,Paid,TPPAYMBOB95PVYL,32834.7,0.0,INR
8265,8265,2025-08-27 13:48:58,Credit Card,Refunded,TPPAYBD6BOZAQUR,58030.0,58030.0,INR
8266,8266,2026-06-30 05:58:22,UPI,Paid,TPPAYRCVMXSWPTA,22918.75,0.0,INR
8267,8267,2023-11-16 07:29:17,Credit Card,Paid,TPPAY6FZVNQ85AD,162620.0,0.0,INR
8268,8268,2024-07-27 23:34:57,Net Banking,Paid,TPPAYSW1VAV0FM6,113223.0,0.0,INR
8269,8269,2026-07-05 23:40:10,Wallet,Paid,TPPAYJI69614UX4,23409.9,0.0,INR
8270,8270,2025-08-29 19:17:17,Net Banking,Paid,TPPAYE6LQU948NE,42972.0,0.0,INR
8271,8271,2026-06-22 10:43:22,UPI,Paid,TPPAYTNGDQYIUBW,130212.0,0.0,INR
8272,8272,2026-06-11 18:15:27,Debit Card,Paid,TPPAYCOC6NDWNL4,35559.0,0.0,INR
8273,8273,2024-08-27 23:26:02,Debit Card,Paid,TPPAYZDTFJE5FOP,8887.25,0.0,INR
8274,8274,2026-08-15 08:22:14,Net Banking,Paid,TPPAY3DZWMWMFBY,71620.0,0.0,INR
8275,8275,2026-09-04 12:13:04,Credit Card,Paid,TPPAYN6L8VZOZ9N,62006.0,0.0,INR
8276,8276,2026-07-17 22:07:06,Debit Card,Paid,TPPAYNSNBOAOMZT,30108.0,0.0,INR
8277,8277,2024-03-20 21:12:24,UPI,Paid,TPPAY8J4ZD3F0GB,37148.4,0.0,INR
8278,8278,2026-08-18 01:08:33,UPI,Paid,TPPAYTECFVPXWE7,28016.85,0.0,INR
8279,8279,2024-09-06 02:47:20,UPI,Paid,TPPAYRSRFR8CCP0,29595.3,0.0,INR
8280,8280,2024-07-03 04:54:21,Net Banking,Paid,TPPAY761O6FHCM4,39225.8,0.0,INR
8281,8281,2026-06-17 08:53:40,UPI,Paid,TPPAYXDJ39138TG,30075.0,0.0,INR
8282,8282,2024-12-03 22:53:29,Credit Card,Paid,TPPAYMIEPDVSN43,15312.0,0.0,INR
8283,8283,2026-07-17 18:50:17,UPI,Paid,TPPAYMBG0IU4AQJ,41781.6,0.0,INR
8284,8284,2026-07-29 04:20:15,Credit Card,Paid,TPPAYRL1LGX80F3,11853.0,0.0,INR
8285,8285,2023-11-26 18:14:10,UPI,Paid,TPPAYS4SF130CSD,57841.7,0.0,INR
8286,8286,2023-10-22 16:38:49,Debit Card,Paid,TPPAY188TSEKIM0,126385.0,0.0,INR
8287,8287,2024-03-26 20:31:56,Credit Card,Paid,TPPAYRNNW9S0RU9,162248.0,0.0,INR
8288,8288,2026-07-26 19:30:06,UPI,Paid,TPPAYAIFQOG8A63,59177.4,0.0,INR
8289,8289,2026-08-15 05:48:04,Credit Card,Refunded,TPPAY35C7GNBLHI,69516.0,69516.0,INR
8290,8290,2026-07-13 06:57:31,Debit Card,Paid,TPPAYIDG16YVRB2,57841.7,0.0,INR
8291,8291,2026-07-26 09:21:44,UPI,Paid,TPPAYGL3PDEC805,151662.0,0.0,INR
8292,8292,2025-10-04 11:40:42,Net Banking,Paid,TPPAY14DQ797YD3,107880.0,0.0,INR
8293,8293,2026-09-06 22:07:03,Credit Card,Paid,TPPAYGMMAWZA8AR,99705.0,0.0,INR
8294,8294,2026-07-17 03:58:19,UPI,Paid,TPPAYNLZX13HGUX,22260.4,0.0,INR
8295,8295,2024-09-30 02:09:39,Credit Card,Paid,TPPAYZH93Q9SPB1,33648.0,0.0,INR
8296,8296,2023-09-09 14:32:28,Debit Card,Paid,TPPAY2V044XQM07,93318.0,0.0,INR
8297,8297,2026-07-02 04:59:24,UPI,Paid,TPPAYF2W4VD1KTM,81124.0,0.0,INR
8298,8298,2026-07-22 09:33:36,UPI,Refunded,TPPAY0RY7TY9O18,17752.65,17752.65,INR
8299,8299,2026-07-03 11:17:34,UPI,Paid,TPPAYPD6R0KFTU9,15410.9,0.0,INR
8300,8300,2026-09-06 09:31:55,UPI,Paid,TPPAY9W1TMLJYBG,40584.0,0.0,INR
8301,8301,2026-08-09 23:28:01,UPI,Paid,TPPAYGD6QQP5DX3,65310.0,0.0,INR
8302,8302,2026-06-20 04:20:26,UPI,Refunded,TPPAY1CY5E0B0NB,22968.0,22968.0,INR
8303,8303,2026-03-06 15:17:08,Debit Card,Paid,TPPAYR8GV42S1MZ,76220.0,0.0,INR
8304,8304,2024-05-31 10:44:29,Credit Card,Paid,TPPAYNDZJXPZHWG,36252.0,0.0,INR
8305,8305,2026-06-27 20:21:56,Credit Card,Paid,TPPAYE77ROYFZJ6,40823.4,0.0,INR
8306,8306,2024-12-09 09:08:03,Net Banking,Paid,TPPAYO1JSJV9OGG,77244.5,0.0,INR
8307,8307,2024-09-01 22:26:17,UPI,Paid,TPPAYR7NEGY7K2K,23706.0,0.0,INR
8308,8308,2026-08-26 22:11:35,Credit Card,Refunded,TPPAYMY0D5H8Q7G,33636.2,33636.2,INR
8309,8309,2026-09-03 14:22:11,Credit Card,Paid,TPPAYVBV2IWOHXP,46864.0,0.0,INR
8310,8310,2024-05-22 10:40:08,Net Banking,Paid,TPPAY8WTVS82X86,16060.7,0.0,INR
8311,8311,2026-08-10 09:49:47,UPI,Paid,TPPAYYVNFKQH731,32322.0,0.0,INR
8312,8312,2024-03-10 02:13:59,Debit Card,Paid,TPPAYA4DJ0RJZOA,24333.0,0.0,INR
8313,8313,2026-07-13 07:50:12,UPI,Pending,TPPAYH9WLLO5SGV,0.0,0.0,INR
8314,8314,2026-06-21 15:20:10,Debit Card,Paid,TPPAYDVRVZBW7OM,56061.0,0.0,INR
8315,8315,2026-07-08 11:58:53,UPI,Paid,TPPAYVD15J1CCKY,17088.0,0.0,INR
8316,8316,2024-05-07 02:13:53,UPI,Paid,TPPAYILED135OYI,17238.4,0.0,INR
8317,8317,2024-12-07 01:28:58,Credit Card,Paid,TPPAYA9B0M7YXWZ,36252.0,0.0,INR
8318,8318,2026-06-26 10:21:23,UPI,Pending,TPPAYMJ0L8MRDL9,0.0,0.0,INR
8319,8319,2025-03-28 16:24:13,Debit Card,Paid,TPPAYZ8W09T1Y2Y,70165.8,0.0,INR
8320,8320,2024-10-11 15:59:28,Credit Card,Paid,TPPAY03FX5LMCLL,88632.9,0.0,INR
8321,8321,2024-11-30 14:25:56,UPI,Refunded,TPPAYFO7LJZE4MP,25632.0,25632.0,INR
8322,8322,2026-07-23 20:02:48,UPI,Paid,TPPAYOHL9NJBXJ6,137530.8,0.0,INR
8323,8323,2026-06-25 13:16:28,Debit Card,Paid,TPPAYKSXWXA387A,43948.0,0.0,INR
8324,8324,2026-08-05 22:02:13,UPI,Pending,TPPAYYSH6QVEL4A,0.0,0.0,INR
8325,8325,2026-08-07 03:13:43,Net Banking,Paid,TPPAYCD0RJC9EFG,61398.0,0.0,INR
8326,8326,2026-06-10 09:49:58,UPI,Pending,TPPAYL9XFK6RY3Y,0.0,0.0,INR
8327,8327,2024-11-12 21:35:35,Credit Card,Paid,TPPAY0VNXB1ZJVG,10987.0,0.0,INR
8328,8328,2026-05-21 23:16:07,Debit Card,Paid,TPPAYBY01FUIPEB,24714.6,0.0,INR
8329,8329,2024-01-25 23:19:09,UPI,Paid,TPPAYFGMN1ZMF7A,41396.0,0.0,INR
8330,8330,2026-06-11 05:52:57,UPI,Paid,TPPAYZ49C3O0NGZ,40165.0,0.0,INR
8331,8331,2025-11-25 05:21:47,Credit Card,Paid,TPPAYTA1I9C7QPM,60552.0,0.0,INR
8332,8332,2026-09-08 02:48:16,UPI,Pending,TPPAYSN47OGHJ0U,0.0,0.0,INR
8333,8333,2025-03-25 15:47:06,Net Banking,Paid,TPPAYEKDHKG01AN,74691.2,0.0,INR
8334,8334,2025-09-23 13:31:52,Credit Card,Paid,TPPAYHC6A4GK22G,64772.0,0.0,INR
8335,8335,2025-04-02 02:51:34,Credit Card,Refunded,TPPAYMX9HQ4MUV1,30974.75,30974.75,INR
8336,8336,2026-07-12 19:54:26,Credit Card,Refunded,TPPAYGZZOOSGPTV,40165.0,40165.0,INR
8337,8337,2024-04-13 21:14:48,Debit Card,Paid,TPPAYEENW3YP1Q2,23101.2,0.0,INR
8338,8338,2023-12-21 08:41:04,UPI,Paid,TPPAYC2LB3I0BPJ,29679.0,0.0,INR
8339,8339,2024-12-22 02:29:00,UPI,Paid,TPPAYNJB492IGO0,51745.0,0.0,INR
8340,8340,2026-07-04 14:18:34,UPI,Paid,TPPAYKM2AKRGIWH,16906.0,0.0,INR
8341,8341,2026-09-03 01:47:13,UPI,Paid,TPPAYC9SF2K5ZOJ,18126.0,0.0,INR
8342,8342,2024-02-01 09:04:27,Wallet,Paid,TPPAYKMXECY0V61,28830.3,0.0,INR
8343,8343,2025-06-18 15:38:40,Wallet,Paid,TPPAYBY1JFOWFSW,67618.0,0.0,INR
8344,8344,2026-07-28 05:26:19,UPI,Paid,TPPAY4KGV0L991S,77871.0,0.0,INR
8345,8345,2026-06-10 02:10:01,UPI,Paid,TPPAYXURH917GF3,77871.0,0.0,INR
8346,8346,2026-08-03 19:26:21,UPI,Paid,TPPAYFM27UTZNYY,43622.0,0.0,INR
8347,8347,2023-12-26 13:10:41,UPI,Paid,TPPAYIMVEABJ3UN,32605.0,0.0,INR
8348,8348,2024-11-03 11:39:05,Debit Card,Paid,TPPAYMXK7YYULMW,35348.0,0.0,INR
8349,8349,2026-01-18 02:04:05,Wallet,Paid,TPPAYOAGJBKQ55H,77215.0,0.0,INR
8350,8350,2023-11-13 10:34:29,UPI,Paid,TPPAYR4Q8T2UPHB,57245.1,0.0,INR
8351,8351,2026-08-09 05:08:09,Debit Card,Paid,TPPAY9MUIXRGTCK,66916.0,0.0,INR
8352,8352,2024-08-27 02:35:17,UPI,Paid,TPPAYO7WOI4FIXX,12415.55,0.0,INR
8353,8353,2026-08-28 04:57:15,UPI,Pending,TPPAYJANVORO9K0,0.0,0.0,INR
8354,8354,2026-08-23 18:58:42,UPI,Paid,TPPAYPAJB1YETRM,87690.0,0.0,INR
8355,8355,2026-07-15 09:58:02,UPI,Pending,TPPAY92G4DFGCND,0.0,0.0,INR
8356,8356,2026-08-13 04:48:22,Net Banking,Paid,TPPAYJF6LEBRFNO,16233.6,0.0,INR
8357,8357,2026-07-10 16:00:01,Debit Card,Paid,TPPAYDZ604DV789,19786.0,0.0,INR
8358,8358,2026-07-21 16:56:13,Credit Card,Paid,TPPAYKC0KAPHYIU,64458.0,0.0,INR
8359,8359,2026-08-27 06:30:55,Debit Card,Paid,TPPAYO2ONE4QSOC,10926.0,0.0,INR
8360,8360,2024-07-03 16:58:37,Net Banking,Paid,TPPAYTAJ8UG84OI,17996.8,0.0,INR
8361,8361,2026-08-30 00:06:26,UPI,Paid,TPPAYH4WWB89BZA,121686.0,0.0,INR
8362,8362,2025-05-30 14:45:31,Debit Card,Paid,TPPAY8K207PX4I9,40555.0,0.0,INR
8363,8363,2026-07-29 19:44:20,UPI,Paid,TPPAY2FJEZ66Y34,41396.0,0.0,INR
8364,8364,2026-08-03 11:16:03,UPI,Paid,TPPAY4TZHT62XLE,29344.5,0.0,INR
8365,8365,2026-08-13 06:36:29,Credit Card,Paid,TPPAYSGEJKGXCKS,77889.0,0.0,INR
8366,8366,2026-09-02 20:37:46,UPI,Paid,TPPAYNPVEP5Z50L,26690.85,0.0,INR
8367,8367,2024-01-04 16:08:23,Credit Card,Paid,TPPAYEWGVQX8PC0,58683.4,0.0,INR
8368,8368,2025-01-01 05:47:36,Debit Card,Paid,TPPAYKFWK9RHVTS,33450.0,0.0,INR
8369,8369,2026-08-27 16:36:13,Credit Card,Pending,TPPAY77VPBYXRMU,0.0,0.0,INR
8370,8370,2023-10-21 22:49:47,UPI,Paid,TPPAYW84O8N87UK,36779.25,0.0,INR
8371,8371,2025-07-21 14:30:42,Credit Card,Paid,TPPAYVNNFWHZCO6,77871.0,0.0,INR
8372,8372,2026-07-03 23:54:41,Wallet,Paid,TPPAY5A85BQX5AR,69420.0,0.0,INR
8373,8373,2026-08-02 16:15:45,Debit Card,Paid,TPPAYJN4TWVBY2X,115254.0,0.0,INR
8374,8374,2026-08-02 17:37:09,UPI,Pending,TPPAYRU9BAO7J72,0.0,0.0,INR
8375,8375,2026-08-04 05:09:22,Wallet,Paid,TPPAYSZHJZ0GOOO,66298.0,0.0,INR
8376,8376,2026-07-27 08:50:43,Wallet,Paid,TPPAY5NAY8BE3O0,63882.0,0.0,INR
8377,8377,2026-03-16 03:21:34,UPI,Paid,TPPAYBSWPT4J4TP,20088.0,0.0,INR
8378,8378,2023-10-20 00:06:41,Debit Card,Paid,TPPAYJDWRZ9OARM,154489.0,0.0,INR
8379,8379,2026-01-21 09:05:38,Wallet,Paid,TPPAYV8SUB3A0ER,38356.0,0.0,INR
8380,8380,2024-09-17 11:38:51,Debit Card,Paid,TPPAYZOAD9HUS5Z,65949.0,0.0,INR
8381,8381,2024-06-24 16:51:20,UPI,Paid,TPPAYFHGXBXRDD8,18707.4,0.0,INR
8382,8382,2025-05-01 15:51:22,UPI,Refunded,TPPAYOEIUYEZGTV,94719.75,94719.75,INR
8383,8383,2026-06-21 18:02:49,Wallet,Paid,TPPAYPDBJ0OPEYA,129175.0,0.0,INR
8384,8384,2026-08-12 01:10:01,Credit Card,Paid,TPPAYN6K2EL1IJW,144078.9,0.0,INR
8385,8385,2026-07-17 12:25:17,UPI,Paid,TPPAYWNEDJYJ198,54724.5,0.0,INR
8386,8386,2024-08-11 00:30:41,Credit Card,Paid,TPPAY9X0GMTQHMH,24924.0,0.0,INR
8387,8387,2026-08-23 01:50:49,UPI,Paid,TPPAYFWFMWIV01P,28767.0,0.0,INR
8388,8388,2026-08-24 15:23:02,Net Banking,Pending,TPPAYH8CNG84AI6,0.0,0.0,INR
8389,8389,2026-02-05 12:27:13,Wallet,Paid,TPPAYZL152A81C8,34611.0,0.0,INR
8390,8390,2026-07-16 05:50:45,UPI,Paid,TPPAYQE25PT2509,57685.0,0.0,INR
8391,8391,2025-06-05 22:57:01,UPI,Paid,TPPAY75SF90PAHF,33480.0,0.0,INR
8392,8392,2026-08-26 18:55:42,Credit Card,Pending,TPPAYJXL7SXPZ4U,0.0,0.0,INR
8393,8393,2026-07-03 01:20:17,UPI,Paid,TPPAYXR60D4UQ7K,33450.0,0.0,INR
8394,8394,2025-09-06 18:51:05,UPI,Paid,TPPAYOLL3MG41AO,31767.9,0.0,INR
8395,8395,2026-08-15 22:41:59,UPI,Paid,TPPAY7VBFDJLUY5,31089.6,0.0,INR
8396,8396,2026-09-03 19:01:19,Debit Card,Paid,TPPAYPDJQI1SNN0,74748.0,0.0,INR
8397,8397,2026-08-17 00:30:30,Net Banking,Paid,TPPAYRKEG80DBRO,22221.0,0.0,INR
8398,8398,2026-08-08 17:09:57,UPI,Paid,TPPAYY2AAWAYWAY,13392.0,0.0,INR
8399,8399,2026-06-15 18:35:49,UPI,Paid,TPPAYRLZTIHDWSL,60660.0,0.0,INR
8400,8400,2026-08-14 09:47:50,Debit Card,Paid,TPPAYUSUTMYVDWG,10926.0,0.0,INR
8401,8401,2026-08-14 07:16:03,Credit Card,Paid,TPPAYQD8FV1GBRW,10908.9,0.0,INR
8402,8402,2026-09-06 10:16:55,Credit Card,Paid,TPPAYXV8LWWNEZ6,22227.0,0.0,INR
8403,8403,2026-08-23 06:40:43,Wallet,Pending,TPPAYB0N1CMWK5E,0.0,0.0,INR
8404,8404,2024-11-25 03:21:00,Debit Card,Paid,TPPAY6SGW52J3SQ,120065.75,0.0,INR
8405,8405,2026-07-30 22:24:47,Credit Card,Pending,TPPAY886GYR2MW6,0.0,0.0,INR
8406,8406,2026-08-22 23:45:59,Credit Card,Paid,TPPAYFBRRWB4SM8,130212.0,0.0,INR
8407,8407,2026-07-06 12:14:53,UPI,Refunded,TPPAYEFKZVLS4AS,40144.0,40144.0,INR
8408,8408,2026-07-17 04:51:42,UPI,Paid,TPPAY1YMGYKW2A3,20004.3,0.0,INR
8409,8409,2026-07-26 11:02:58,Credit Card,Paid,TPPAYF1HSCTW8O2,26760.0,0.0,INR
8410,8410,2026-07-18 17:03:27,Debit Card,Pending,TPPAY8LBE2U2HWH,0.0,0.0,INR
8411,8411,2023-12-12 19:18:40,Wallet,Paid,TPPAYBKKQI7X72D,23706.0,0.0,INR
8412,8412,2026-08-16 21:35:44,Credit Card,Paid,TPPAYWGRVBX86BQ,28712.0,0.0,INR
8413,8413,2024-06-28 06:01:06,UPI,Paid,TPPAYCU1OGSOGLM,29180.2,0.0,INR
8414,8414,2024-05-15 01:22:49,Debit Card,Refunded,TPPAYUIO34UC4Z8,61772.0,61772.0,INR
8415,8415,2026-06-19 13:45:33,Credit Card,Pending,TPPAYA5QX0RP99M,0.0,0.0,INR
8416,8416,2025-03-02 17:47:12,Credit Card,Paid,TPPAYYZK3NCFDXM,51816.0,0.0,INR
8417,8417,2026-07-08 19:04:14,Credit Card,Paid,TPPAY8XYSYT4HD3,17704.2,0.0,INR
8418,8418,2024-11-27 08:32:56,Credit Card,Paid,TPPAYY2PK9XZDQR,24060.0,0.0,INR
8419,8419,2025-11-09 03:19:27,Credit Card,Paid,TPPAY0POVKL9RZF,20140.2,0.0,INR
8420,8420,2026-06-20 11:15:27,UPI,Pending,TPPAYY06P389II7,0.0,0.0,INR
8421,8421,2026-08-23 09:20:49,UPI,Pending,TPPAYSOBWKJ4857,0.0,0.0,INR
8422,8422,2026-06-27 13:03:04,UPI,Paid,TPPAY9MQEKP3HOQ,25908.0,0.0,INR
8423,8423,2024-01-19 05:12:33,UPI,Paid,TPPAY575D8YFIN5,15056.1,0.0,INR
8424,8424,2026-07-13 13:42:46,Debit Card,Paid,TPPAY60ACW75SHI,55365.0,0.0,INR
8425,8425,2025-02-06 03:57:29,Net Banking,Paid,TPPAY88PYK0BY6Y,42921.0,0.0,INR
8426,8426,2025-03-05 15:53:16,Credit Card,Paid,TPPAYIBIP8IFZZ7,24642.0,0.0,INR
8427,8427,2023-09-26 08:34:38,Credit Card,Paid,TPPAYYUDF4RZB0G,24333.0,0.0,INR
8428,8428,2026-07-08 13:22:19,UPI,Pending,TPPAYZLCJSOR2TN,0.0,0.0,INR
8429,8429,2024-09-12 16:09:19,UPI,Paid,TPPAY02QV84JH96,28602.6,0.0,INR
8430,8430,2025-03-21 00:12:46,UPI,Refunded,TPPAYYTW7LHDGG1,115700.0,115700.0,INR
8431,8431,2026-01-21 10:32:57,UPI,Paid,TPPAYGBGPT8R2RX,38915.2,0.0,INR
8432,8432,2026-08-03 18:06:53,UPI,Paid,TPPAYFVBR80460N,152812.0,0.0,INR
8433,8433,2025-10-06 23:40:55,Credit Card,Paid,TPPAY3ZNVOJ32OA,140331.6,0.0,INR
8434,8434,2025-01-02 11:10:02,Debit Card,Paid,TPPAY1VEBBZ44AM,24120.0,0.0,INR
8435,8435,2026-01-23 19:22:28,UPI,Paid,TPPAYKKH605MOOT,32605.0,0.0,INR
8436,8436,2024-12-27 14:24:01,UPI,Paid,TPPAY4R62PH1FN7,33266.7,0.0,INR
8437,8437,2026-08-17 19:37:14,Credit Card,Paid,TPPAYPO7D2SMXOZ,22520.7,0.0,INR
8438,8438,2026-08-03 00:16:59,UPI,Paid,TPPAYB29B7JB1Z7,25632.0,0.0,INR
8439,8439,2024-05-24 22:48:07,Debit Card,Paid,TPPAYJDVI3WHBWX,99705.0,0.0,INR
8440,8440,2026-09-06 09:24:54,Debit Card,Paid,TPPAY8UKZB52YMF,118202.8,0.0,INR
8441,8441,2026-08-21 19:45:20,UPI,Paid,TPPAYAJRZDKHTK9,32386.0,0.0,INR
8442,8442,2026-08-16 20:16:10,Credit Card,Paid,TPPAY7URG2SSDCB,83419.2,0.0,INR
8443,8443,2026-08-13 06:52:29,UPI,Pending,TPPAYPA2R57WITN,0.0,0.0,INR
8444,8444,2026-08-03 06:33:47,Debit Card,Paid,TPPAYXVB7DLSJO5,147124.6,0.0,INR
8445,8445,2024-12-16 21:21:44,Credit Card,Paid,TPPAYHC4MF8HSEN,22914.0,0.0,INR
8446,8446,2026-05-08 11:43:13,Credit Card,Paid,TPPAYAW4F1FR17Z,77889.0,0.0,INR
8447,8447,2026-07-06 07:43:41,Debit Card,Paid,TPPAYJTWHHCTP8O,53940.0,0.0,INR
8448,8448,2026-08-31 15:45:04,UPI,Paid,TPPAYIM5H8ZZTZL,140046.0,0.0,INR
8449,8449,2026-08-20 12:58:25,Debit Card,Paid,TPPAY3MIC4IYU5W,55493.1,0.0,INR
8450,8450,2026-09-06 13:31:55,Debit Card,Paid,TPPAYOPB227P08J,24060.0,0.0,INR
8451,8451,2025-09-30 07:59:29,Credit Card,Paid,TPPAY6PPEXV85O2,35549.0,0.0,INR
8452,8452,2024-12-12 18:14:58,Debit Card,Paid,TPPAYAW02O06HUW,13380.0,0.0,INR
8453,8453,2025-11-26 10:53:12,UPI,Paid,TPPAYMARBR4V4OV,64396.8,0.0,INR
8454,8454,2024-07-07 18:59:55,Credit Card,Paid,TPPAYJJKJMSHJFP,21555.15,0.0,INR
8455,8455,2026-07-04 06:10:42,UPI,Paid,TPPAYAV1KXPFI13,34471.75,0.0,INR
8456,8456,2026-07-13 05:11:41,Debit Card,Paid,TPPAY0IL32BWLU5,67904.0,0.0,INR
8457,8457,2026-08-28 16:34:01,UPI,Refunded,TPPAYNBG9LDCVM8,18072.0,18072.0,INR
8458,8458,2025-06-18 22:24:55,Debit Card,Paid,TPPAY878H5GBFFX,15262.7,0.0,INR
8459,8459,2026-07-23 19:18:18,Debit Card,Pending,TPPAYUKNTG5G34P,0.0,0.0,INR
8460,8460,2025-02-01 05:06:52,UPI,Paid,TPPAYAFAGOPE0P7,55258.2,0.0,INR
8461,8461,2026-01-29 17:38:07,UPI,Paid,TPPAYRQGRU1M4HJ,12834.0,0.0,INR
8462,8462,2026-07-12 11:07:24,Net Banking,Paid,TPPAYLRGMQZ4NG9,34818.0,0.0,INR
8463,8463,2026-08-07 12:27:07,Debit Card,Paid,TPPAYCL4ZN1TUUI,32523.0,0.0,INR
8464,8464,2025-12-18 05:06:14,Debit Card,Paid,TPPAY9TZ61LCAFR,51620.0,0.0,INR
8465,8465,2025-07-08 07:12:22,UPI,Refunded,TPPAYVXU6VE9TZJ,57536.0,57536.0,INR
8466,8466,2025-11-24 12:54:44,Credit Card,Paid,TPPAYQ0GNYMRVCY,115601.7,0.0,INR
8467,8467,2026-07-01 21:05:04,Credit Card,Pending,TPPAY4I9E60A7UL,0.0,0.0,INR
8468,8468,2023-10-07 06:37:37,Credit Card,Paid,TPPAYT588OPDDOT,52614.0,0.0,INR
8469,8469,2026-07-22 10:48:38,Credit Card,Paid,TPPAY9I8A2EDWTP,116943.0,0.0,INR
8470,8470,2025-02-05 18:41:55,UPI,Paid,TPPAYWUKMR6SRFX,9063.0,0.0,INR
8471,8471,2026-09-03 07:34:37,Credit Card,Refunded,TPPAY4U8A6IPDUU,40555.0,40555.0,INR
8472,8472,2026-06-11 10:50:26,UPI,Paid,TPPAYUBC4NBE9ZK,50877.0,0.0,INR
8473,8473,2026-09-05 15:44:24,Debit Card,Paid,TPPAYITFJBLRTTD,23074.0,0.0,INR
8474,8474,2026-08-15 06:43:34,UPI,Paid,TPPAY7SLM2LWP8P,76790.0,0.0,INR
8475,8475,2026-07-06 23:36:59,Credit Card,Paid,TPPAYJZ55YXU5JS,15410.9,0.0,INR
8476,8476,2026-08-24 15:26:07,Debit Card,Paid,TPPAY9JN42SVSH1,56061.0,0.0,INR
8477,8477,2026-03-16 16:59:25,Debit Card,Refunded,TPPAYBM3LQ15TIC,64772.0,64772.0,INR
8478,8478,2025-03-31 03:00:43,Wallet,Paid,TPPAYZHG4PC91F0,33351.0,0.0,INR
8479,8479,2026-08-25 05:27:43,Credit Card,Paid,TPPAY0O20BPSVJX,110343.45,0.0,INR
8480,8480,2026-08-06 18:14:23,Wallet,Paid,TPPAYC92C1X3C5A,162248.0,0.0,INR
8481,8481,2025-03-05 23:51:17,Credit Card,Paid,TPPAYJ5ZVL3XQQ3,78519.6,0.0,INR
8482,8482,2024-01-07 22:41:26,UPI,Paid,TPPAYM08RE4E4SO,38356.0,0.0,INR
8483,8483,2024-04-01 19:45:36,Credit Card,Refunded,TPPAY0N865HQ0RS,114330.0,114330.0,INR
8484,8484,2025-08-12 10:18:02,Credit Card,Refunded,TPPAY6OFFN1V0KC,61533.4,114330.0,INR
8485,8485,2025-11-17 15:47:11,UPI,Paid,TPPAYENYBRLAM3S,21889.8,0.0,INR
8486,8486,2026-06-07 15:40:53,Wallet,Paid,TPPAY3M2VNVJ7MH,52217.2,0.0,INR
8487,8487,2026-08-07 08:16:01,Credit Card,Paid,TPPAY7779PZ442G,43948.0,0.0,INR
8488,8488,2024-12-09 10:48:00,UPI,Paid,TPPAYSQK2TL1XM3,26138.0,0.0,INR
8489,8489,2026-06-28 17:15:14,UPI,Paid,TPPAY3X18QV4Z5U,27954.0,0.0,INR
8490,8490,2026-07-11 06:32:35,UPI,Paid,TPPAYIY9UL5ATBP,62006.0,0.0,INR
8491,8491,2023-09-21 23:52:28,Debit Card,Paid,TPPAYV30AC6BK8J,33809.0,0.0,INR
8492,8492,2026-09-02 10:15:51,Debit Card,Pending,TPPAYXRLATLD3TB,0.0,0.0,INR
8493,8493,2026-07-16 16:25:08,UPI,Pending,TPPAYQBPUNR5K09,25574.4,0.0,INR
8494,8494,2023-09-30 06:35:15,Credit Card,Refunded,TPPAYKZPBSSVKGM,43704.0,43704.0,INR
8495,8495,2026-06-22 23:46:27,UPI,Paid,TPPAYJGL071U9ZX,35614.8,0.0,INR
8496,8496,2026-07-04 09:13:30,Credit Card,Paid,TPPAYM4ZATNYNCU,19786.0,0.0,INR
8497,8497,2026-08-03 01:26:51,UPI,Pending,TPPAYZFYDW0C3EU,0.0,0.0,INR
8498,8498,2026-09-07 12:33:11,Debit Card,Paid,TPPAY9YQHUUSLWS,64770.0,0.0,INR
8499,8499,2026-06-13 16:20:08,Debit Card,Paid,TPPAYCNI3GZKSQ1,12259.75,0.0,INR
8500,8500,2026-04-21 12:54:50,Credit Card,Paid,TPPAY8RJWRYMR7G,26661.75,0.0,INR
8501,8501,2025-07-19 23:58:48,Credit Card,Paid,TPPAYX1209V3P6K,39384.0,0.0,INR
8502,8502,2026-08-25 15:49:36,UPI,Paid,TPPAY2I1N7ZAGX0,24848.0,0.0,INR
8503,8503,2026-06-17 14:27:59,UPI,Paid,TPPAY1JVRW6U2W9,87080.0,0.0,INR
8504,8504,2026-09-01 15:57:55,UPI,Paid,TPPAYBJYLWY5XKD,21811.0,0.0,INR
8505,8505,2025-08-16 18:04:02,UPI,Refunded,TPPAYB3LDTE3D31,17481.6,17481.6,INR
8506,8506,2024-10-10 13:23:11,Credit Card,Paid,TPPAY59CMJ59LMY,124424.0,0.0,INR
8507,8507,2026-08-09 00:24:37,UPI,Paid,TPPAYQE0H96RTV1,25728.0,0.0,INR
8508,8508,2026-08-30 23:32:02,UPI,Paid,TPPAYKRC5SJ9RK4,93554.4,0.0,INR
8509,8509,2026-07-03 05:33:37,Debit Card,Refunded,TPPAY1GMW60KKCF,124424.0,124424.0,INR
8510,8510,2026-07-27 06:15:48,Debit Card,Refunded,TPPAYV1TNTRB2D1,48579.0,48579.0,INR
8511,8511,2026-08-30 16:21:49,UPI,Paid,TPPAY8I5IXOAYFK,75831.0,0.0,INR
8512,8512,2025-12-17 07:48:18,UPI,Paid,TPPAYYNCOM7344G,80965.0,0.0,INR
8513,8513,2026-07-21 18:37:10,Credit Card,Pending,TPPAYXK8LZWEBC6,0.0,0.0,INR
8514,8514,2025-09-17 09:15:35,UPI,Paid,TPPAYKG04RA25FS,111095.85,0.0,INR
8515,8515,2023-10-09 10:13:27,Net Banking,Paid,TPPAYVPWN9TY0H6,116151.0,0.0,INR
8516,8516,2024-02-19 10:09:54,Wallet,Paid,TPPAYOLAC20CXOT,80344.0,0.0,INR
8517,8517,2025-09-19 00:23:36,Debit Card,Refunded,TPPAYHJOUXSVLPN,57627.0,57627.0,INR
8518,8518,2026-08-01 01:10:21,Credit Card,Paid,TPPAYFW0O6VDXV3,69549.5,0.0,INR
8519,8519,2026-07-24 18:25:13,Credit Card,Pending,TPPAY1F1TQEIETY,0.0,0.0,INR
8520,8520,2023-12-14 06:31:57,Debit Card,Paid,TPPAYHX63XYKL9A,54797.4,0.0,INR
8521,8521,2026-06-06 12:09:37,UPI,Refunded,TPPAY8YB1RWTOHW,23432.0,23432.0,INR
8522,8522,2026-08-14 13:03:36,UPI,Paid,TPPAY4SFIYQRV65,151662.0,0.0,INR
8523,8523,2023-10-15 00:49:02,Wallet,Paid,TPPAY29WWRC0SGU,51620.0,0.0,INR
8524,8524,2025-08-17 01:32:18,UPI,Paid,TPPAY7KCV5TFXN3,69690.6,0.0,INR
8525,8525,2024-09-10 08:35:01,Credit Card,Paid,TPPAYDUTNU9X4LR,93318.0,0.0,INR
8526,8526,2025-09-20 13:29:06,Wallet,Paid,TPPAYWF6FYYC9GY,60660.0,0.0,INR
8527,8527,2024-12-08 13:04:21,Credit Card,Paid,TPPAY90QPXCO4UZ,48250.0,0.0,INR
8528,8528,2025-08-31 12:06:46,Credit Card,Paid,TPPAY4YO95FT4DM,22227.0,0.0,INR
8529,8529,2026-01-13 02:55:16,UPI,Paid,TPPAYQXQSYHD277,55945.0,0.0,INR
8530,8530,2025-07-07 11:03:24,Wallet,Paid,TPPAY6GIQ6AY202,37035.0,0.0,INR
8531,8531,2025-06-17 12:48:58,UPI,Paid,TPPAYCQFFMW796S,41396.0,0.0,INR
8532,8532,2024-01-07 08:54:20,Debit Card,Paid,TPPAYMIKAVKP6UV,154868.0,0.0,INR
8533,8533,2024-09-02 16:02:33,UPI,Paid,TPPAYR1WIWMAACW,35348.0,0.0,INR
8534,8534,2025-02-25 13:37:59,Credit Card,Paid,TPPAYRFWF7VOCD8,9472.0,0.0,INR
8535,8535,2025-10-27 16:57:09,Credit Card,Paid,TPPAYAHG1L3CDUA,146420.0,0.0,INR
8536,8536,2026-06-26 21:18:01,Net Banking,Paid,TPPAYILMCNELODZ,25908.0,0.0,INR
8537,8537,2026-07-02 12:18:46,Credit Card,Paid,TPPAYMN4O331ZZD,147259.5,0.0,INR
8538,8538,2026-08-02 03:26:23,Credit Card,Paid,TPPAYI96ODWCQPG,36918.9,0.0,INR
8539,8539,2026-09-03 09:30:58,Credit Card,Paid,TPPAY1TK6ORDNU1,40555.0,0.0,INR
8540,8540,2026-05-13 20:18:29,UPI,Paid,TPPAYP41T4FZ3KM,47352.6,0.0,INR
8541,8541,2026-07-06 16:41:40,Credit Card,Paid,TPPAY594IW7C1RT,32085.0,0.0,INR
8542,8542,2026-07-05 22:35:33,Credit Card,Paid,TPPAYWFQOW32WF8,50350.5,0.0,INR
8543,8543,2025-10-01 22:53:10,Wallet,Paid,TPPAYH3QSJGGJEJ,18687.0,0.0,INR
8544,8544,2023-09-19 12:47:13,UPI,Paid,TPPAYCW7CDDAZV5,36963.0,0.0,INR
8545,8545,2026-07-13 22:23:23,Net Banking,Paid,TPPAYABTBXKJYT0,24322.0,0.0,INR
8546,8546,2026-04-20 14:02:45,Net Banking,Paid,TPPAYO7LSWOZ5VJ,63535.8,0.0,INR
8547,8547,2026-06-21 02:32:50,Debit Card,Paid,TPPAYWUW5ZP3IVE,33918.0,0.0,INR
8548,8548,2024-02-29 02:10:51,Debit Card,Paid,TPPAY21ZSDFZ5L3,46148.0,0.0,INR
8549,8549,2025-09-06 12:00:00,Wallet,Paid,TPPAYJ2MLR2OSV5,34095.5,0.0,INR
8550,8550,2025-11-02 04:58:31,UPI,Paid,TPPAYU4OA9BWJ0G,38862.0,0.0,INR
8551,8551,2026-06-27 22:17:45,UPI,Paid,TPPAYYOAPSQ4IES,31139.1,0.0,INR
8552,8552,2026-08-05 10:19:28,UPI,Paid,TPPAY2GGBPX27GE,103602.25,0.0,INR
8553,8553,2025-08-03 15:37:50,UPI,Paid,TPPAY2AV4EQV16Y,17219.7,0.0,INR
8554,8554,2026-08-23 16:03:32,UPI,Paid,TPPAYZFWORJW28B,13380.0,0.0,INR
8555,8555,2026-07-24 08:41:58,UPI,Paid,TPPAYAU2ACHOWSK,138227.0,0.0,INR
8556,8556,2026-07-18 03:18:03,Debit Card,Pending,TPPAY8P751R0A2Q,0.0,0.0,INR
8557,8557,2023-11-11 20:26:26,Debit Card,Paid,TPPAY36BGL1LVQ2,37035.0,0.0,INR
8558,8558,2026-08-07 04:07:44,Wallet,Paid,TPPAYV5IF8EZOPC,103602.25,0.0,INR
8559,8559,2026-08-21 16:18:35,UPI,Refunded,TPPAY2KBXZICSBA,25632.0,25632.0,INR
8560,8560,2026-08-27 08:51:23,Debit Card,Paid,TPPAYH9HNK4RBHE,140046.0,0.0,INR
8561,8561,2024-04-28 19:25:59,Credit Card,Paid,TPPAYBL1MMTC0LP,82695.6,0.0,INR
8562,8562,2026-08-06 04:58:15,UPI,Paid,TPPAYHRP17LK74A,114991.8,0.0,INR
8563,8563,2026-07-02 07:43:18,Credit Card,Paid,TPPAYLXA4KL58LL,59823.0,0.0,INR
8564,8564,2026-07-15 10:59:52,UPI,Paid,TPPAYJ82FQ3P9DR,32523.0,0.0,INR
8565,8565,2026-06-23 08:54:08,UPI,Paid,TPPAYNKGWLARXKM,62161.35,0.0,INR
8566,8566,2026-02-08 10:48:08,Credit Card,Paid,TPPAYQ5QLXHWBL4,21852.0,0.0,INR
8567,8567,2026-03-23 18:43:00,UPI,Paid,TPPAYA7OFCJCS0R,68001.6,0.0,INR
8568,8568,2026-06-28 17:41:06,UPI,Refunded,TPPAYL6GIHNMSPY,15443.0,15443.0,INR
8569,8569,2023-12-01 09:19:44,Debit Card,Paid,TPPAY0LA7KWEIE1,90828.0,0.0,INR
8570,8570,2026-08-03 19:02:07,Debit Card,Paid,TPPAYFXYIUNZ849,26138.0,0.0,INR
8571,8571,2026-06-18 11:55:09,UPI,Pending,TPPAYFW2OCGZ885,0.0,0.0,INR
8572,8572,2026-01-24 23:58:56,UPI,Paid,TPPAYFAHLYN6210,121329.6,0.0,INR
8573,8573,2024-08-31 21:11:01,UPI,Paid,TPPAYO937V08PP4,39207.0,0.0,INR
8574,8574,2026-09-01 16:12:28,Credit Card,Paid,TPPAYD2QSWZQV09,20072.0,0.0,INR
8575,8575,2026-06-18 21:21:54,Net Banking,Paid,TPPAY7URA8SNQLZ,81310.0,0.0,INR
8576,8576,2024-03-26 00:29:25,UPI,Paid,TPPAYPQG99TSFWO,54205.0,0.0,INR
8577,8577,2026-07-11 08:06:18,UPI,Paid,TPPAYZGDSTG2OCP,81310.0,0.0,INR
8578,8578,2025-04-07 07:58:22,UPI,Paid,TPPAYZIQ8BFUE9L,73474.0,0.0,INR
8579,8579,2023-10-18 15:52:40,Net Banking,Refunded,TPPAY0W4ORH3RPG,32523.0,32523.0,INR
8580,8580,2025-02-20 12:55:22,Wallet,Paid,TPPAYVQOWD9IZHZ,76406.0,0.0,INR
8581,8581,2024-02-16 22:22:46,UPI,Paid,TPPAY2EQ53BU83B,155924.0,0.0,INR
8582,8582,2026-08-28 08:45:47,UPI,Paid,TPPAYGK38N4EPGM,45162.0,0.0,INR
8583,8583,2026-07-31 02:37:50,Net Banking,Paid,TPPAYORLHTVUSX5,103828.0,0.0,INR
8584,8584,2026-08-04 18:24:03,Credit Card,Paid,TPPAYX83367QKO3,60258.0,0.0,INR
8585,8585,2026-08-14 19:28:10,UPI,Paid,TPPAYDY6XD2HMD7,20759.4,0.0,INR
8586,8586,2024-05-22 08:29:58,Debit Card,Paid,TPPAYDQORFRCHAO,84880.0,0.0,INR
8587,8587,2026-08-13 04:30:37,UPI,Paid,TPPAYBJ3XX75JM9,27312.2,0.0,INR
8588,8588,2026-06-21 15:12:41,Credit Card,Paid,TPPAY8ZUDJE1R6G,71920.0,0.0,INR
8589,8589,2024-05-15 21:33:57,UPI,Refunded,TPPAYDFS0JQY285,52805.75,52805.75,INR
8590,8590,2026-07-17 14:11:09,UPI,Paid,TPPAY7OOFH8O09E,54232.2,0.0,INR
8591,8591,2025-03-23 10:20:24,Credit Card,Paid,TPPAYOY24MNINMN,39034.0,0.0,INR
8592,8592,2026-08-26 10:54:32,Debit Card,Paid,TPPAY9VT2PRGYMX,42177.6,0.0,INR
8593,8593,2024-11-10 18:42:42,Debit Card,Paid,TPPAYUIJ3NU46SX,77434.0,0.0,INR
8594,8594,2026-08-29 03:43:54,Credit Card,Paid,TPPAYFEVUBMM6AK,24125.0,0.0,INR
8595,8595,2025-06-08 07:55:53,UPI,Paid,TPPAY8E7JVLU4U8,40662.0,0.0,INR
8596,8596,2025-01-21 11:41:54,UPI,Paid,TPPAYL4AQLME8KE,130212.0,0.0,INR
8597,8597,2026-06-29 23:47:16,UPI,Paid,TPPAYGFSZLBE0ZF,47945.0,0.0,INR
8598,8598,2026-07-31 11:20:27,Credit Card,Paid,TPPAYVGAGKZRTXL,50928.0,0.0,INR
8599,8599,2025-03-14 20:33:45,UPI,Paid,TPPAY2NLHSWMUC0,146420.0,0.0,INR
8600,8600,2025-06-27 06:32:32,Debit Card,Paid,TPPAYCKU49XJBW0,121104.0,0.0,INR
8601,8601,2024-08-27 09:30:31,UPI,Paid,TPPAYTMUV8HWB9T,62292.0,0.0,INR
8602,8602,2025-04-29 19:13:16,UPI,Paid,TPPAYXRUTQ7M1Q3,57165.0,0.0,INR
8603,8603,2026-06-21 07:56:57,UPI,Paid,TPPAYX4DH9J29R8,19692.0,0.0,INR
8604,8604,2026-07-20 12:38:04,Debit Card,Pending,TPPAYQI5B7VAIZP,0.0,0.0,INR
8605,8605,2025-09-09 15:02:17,Debit Card,Paid,TPPAY1SHLSMS13X,33918.0,0.0,INR
8606,8606,2025-10-12 15:37:09,UPI,Paid,TPPAYB0HYG4F2S6,34473.6,0.0,INR
8607,8607,2024-07-01 11:15:15,Debit Card,Refunded,TPPAYFNQS4TR2VY,32529.6,32529.6,INR
8608,8608,2026-07-12 23:43:11,Net Banking,Paid,TPPAY5FH902HDGV,32132.0,0.0,INR
8609,8609,2024-05-05 16:05:26,Credit Card,Paid,TPPAYSHSVT43798,24099.0,0.0,INR
8610,8610,2026-08-07 05:48:46,Debit Card,Paid,TPPAY84CFG1D736,38715.0,0.0,INR
8611,8611,2025-05-13 18:56:46,UPI,Paid,TPPAY1N0ZBJQBLE,57245.1,0.0,INR
8612,8612,2026-06-15 02:15:32,Wallet,Paid,TPPAYG2M018UNXR,80344.0,0.0,INR
8613,8613,2026-02-02 12:18:48,UPI,Paid,TPPAYRVL43MQRGY,23706.0,0.0,INR
8614,8614,2026-02-03 21:13:45,UPI,Paid,TPPAYQKFVDUHTPO,87690.0,0.0,INR
8615,8615,2023-12-31 22:19:18,UPI,Paid,TPPAY0LBY9KYUO2,32254.4,0.0,INR
8616,8616,2026-08-19 06:12:40,Credit Card,Paid,TPPAYAI98HT1M1I,97659.0,0.0,INR
8617,8617,2026-08-21 09:37:49,UPI,Refunded,TPPAY04ZBGGX9OE,64772.0,64772.0,INR
8618,8618,2026-07-23 02:36:19,UPI,Paid,TPPAYG5HMVDG23O,155010.0,0.0,INR
8619,8619,2023-12-26 01:34:11,Debit Card,Paid,TPPAYZJ1UKX1QXE,27336.0,0.0,INR
8620,8620,2026-07-30 22:35:42,Debit Card,Paid,TPPAY74WMGJ3NXT,73210.0,0.0,INR
8621,8621,2026-07-26 12:12:54,Debit Card,Paid,TPPAY7O0I9Q4CU3,48644.0,0.0,INR
8622,8622,2026-04-15 14:15:41,Debit Card,Paid,TPPAYHNPDM76DQY,16729.0,0.0,INR
8623,8623,2026-06-20 15:13:03,Credit Card,Refunded,TPPAYZV29WO83EL,22452.0,22452.0,INR
8624,8624,2026-08-02 02:04:14,UPI,Refunded,TPPAY7Z42CLT4V1,32118.55,32118.55,INR
8625,8625,2026-06-18 16:14:49,Credit Card,Paid,TPPAYIQPZ86QGDM,154868.0,0.0,INR
8626,8626,2024-02-26 04:04:15,UPI,Paid,TPPAY78WJKQZNXR,57841.7,0.0,INR
8627,8627,2026-08-02 21:58:49,Debit Card,Paid,TPPAYHFJA0N9LPR,72409.0,0.0,INR
8628,8628,2024-09-15 22:37:42,UPI,Paid,TPPAYLM65JCMPN9,140046.0,0.0,INR
8629,8629,2026-06-18 17:26:25,Net Banking,Pending,TPPAYD1VLBA349O,0.0,0.0,INR
8630,8630,2026-02-18 08:42:08,UPI,Paid,TPPAY0N7ZT44DXC,124043.4,0.0,INR
8631,8631,2026-08-25 10:16:17,Credit Card,Paid,TPPAY92TB2XUXYT,39384.0,0.0,INR
8632,8632,2024-03-17 15:39:28,UPI,Paid,TPPAY6JFDS4FNZR,27276.4,0.0,INR
8633,8633,2024-12-17 20:56:41,Credit Card,Paid,TPPAYB25JZAX3UT,100870.0,0.0,INR
8634,8634,2026-06-30 21:27:49,UPI,Paid,TPPAYUQN3TGJL7L,93438.0,0.0,INR
8635,8635,2026-08-27 02:42:02,Credit Card,Paid,TPPAYH86YBDEE2Z,121044.0,0.0,INR
8636,8636,2026-08-23 17:24:00,UPI,Paid,TPPAYQ4ZM506Q25,72309.6,0.0,INR
8637,8637,2026-06-11 12:58:47,Debit Card,Paid,TPPAYJ1MZKEQ31H,93364.0,0.0,INR
8638,8638,2026-02-24 01:55:11,UPI,Paid,TPPAY2IBLTMYSG8,71502.0,0.0,INR
8639,8639,2026-07-24 09:56:29,UPI,Refunded,TPPAYMQ6KZ06RBO,60660.0,60660.0,INR
8640,8640,2026-06-26 02:51:10,UPI,Refunded,TPPAYKF1UMXS57E,16080.0,16080.0,INR
8641,8641,2023-10-13 07:10:11,UPI,Refunded,TPPAYG87STCZO3L,33232.0,33232.0,INR
8642,8642,2023-11-09 23:34:51,Net Banking,Paid,TPPAYSUUX52QGWR,76220.0,0.0,INR
8643,8643,2026-08-08 12:30:16,Debit Card,Paid,TPPAYK5ZL8S96S4,124424.0,0.0,INR
8644,8644,2026-05-17 05:44:55,UPI,Paid,TPPAYWWIKNSIGCR,23605.6,0.0,INR
8645,8645,2026-07-05 20:50:45,Debit Card,Refunded,TPPAYJFHYPFC0J7,12595.3,12595.3,INR
8646,8646,2025-03-12 21:05:19,Debit Card,Paid,TPPAYAZE7VS6P6L,20072.0,0.0,INR
8647,8647,2026-07-19 13:17:30,UPI,Paid,TPPAYQPGH4KQCCG,20833.5,0.0,INR
8648,8648,2025-04-04 04:52:06,Credit Card,Paid,TPPAY3FFJWIV7X9,139032.0,0.0,INR
8649,8649,2026-01-24 11:09:33,UPI,Paid,TPPAYC6UUUNI4YW,15321.6,0.0,INR
8650,8650,2024-01-19 14:15:40,Credit Card,Paid,TPPAYUCJSU6J4AB,13380.0,0.0,INR
8651,8651,2024-11-08 20:22:21,Net Banking,Paid,TPPAYV1496GBCEW,132252.0,0.0,INR
8652,8652,2026-08-02 21:29:31,UPI,Paid,TPPAY8OZZ32U9B5,100870.0,0.0,INR
8653,8653,2024-06-01 00:59:22,Credit Card,Refunded,TPPAYC27EOTTNHR,60333.0,60333.0,INR
8654,8654,2026-02-19 22:14:14,UPI,Paid,TPPAY6SB0Z9R0WZ,16070.4,0.0,INR
8655,8655,2023-11-21 22:44:45,UPI,Paid,TPPAYQT1SSYKOQY,9696.6,0.0,INR
8656,8656,2026-09-07 14:04:12,UPI,Paid,TPPAYZIYPVW9ICG,10379.7,0.0,INR
8657,8657,2024-03-13 19:19:20,Credit Card,Paid,TPPAYXTK7GDMZH1,51753.1,0.0,INR
8658,8658,2026-08-06 22:21:34,UPI,Paid,TPPAY3LDKWKCEC4,62369.6,0.0,INR
8659,8659,2026-08-02 08:48:03,UPI,Paid,TPPAYDZW16B7N1F,27097.2,0.0,INR
8660,8660,2026-06-29 11:17:40,Credit Card,Paid,TPPAYFUSILJRX6S,87244.0,0.0,INR
8661,8661,2026-08-28 05:39:31,Wallet,Paid,TPPAYR2THYI3F0Q,38448.0,0.0,INR
8662,8662,2024-09-16 12:50:00,UPI,Paid,TPPAY0TW3TJLY07,23432.0,0.0,INR
8663,8663,2025-02-28 15:01:34,Credit Card,Refunded,TPPAYTKFCWU57ZU,19786.0,19786.0,INR
8664,8664,2023-10-23 22:56:00,UPI,Paid,TPPAY0HFWX8JV3Z,21852.0,0.0,INR
8665,8665,2026-07-01 14:02:54,UPI,Paid,TPPAYRVU5AOYMQC,86226.0,0.0,INR
8666,8666,2026-02-18 07:29:43,Debit Card,Paid,TPPAY5OVUUS20KZ,81124.0,0.0,INR
8667,8667,2025-09-30 05:24:00,Debit Card,Paid,TPPAYX0AXPFUWG9,45334.4,0.0,INR
8668,8668,2026-07-28 06:21:16,UPI,Paid,TPPAYQNT1H67P3R,18126.0,0.0,INR
8669,8669,2024-03-05 16:37:09,Debit Card,Paid,TPPAYPDPW8YO24J,72950.5,0.0,INR
8670,8670,2026-07-05 04:02:42,Credit Card,Paid,TPPAY9MF3D448I2,48579.0,0.0,INR
8671,8671,2026-07-27 17:34:37,Net Banking,Paid,TPPAY2APKXYRUKS,76406.0,0.0,INR
8672,8672,2026-03-26 04:49:37,UPI,Refunded,TPPAYWJF98GM59R,33580.6,33580.6,INR
8673,8673,2024-03-13 19:11:00,UPI,Paid,TPPAYFMDKZUC5D7,18126.0,0.0,INR
8674,8674,2026-08-08 16:39:53,UPI,Paid,TPPAYBF34OHRTYT,18569.6,0.0,INR
8675,8675,2026-06-17 00:37:08,UPI,Paid,TPPAYFHE2OU07NB,17646.0,0.0,INR
8676,8676,2024-06-19 01:19:06,Credit Card,Paid,TPPAYLIIPXGYAWJ,33476.4,0.0,INR
8677,8677,2024-03-19 11:39:06,Net Banking,Paid,TPPAYU9Q1K55MFA,33232.0,0.0,INR
8678,8678,2026-08-30 09:19:56,UPI,Pending,TPPAYAKFI12N6FD,0.0,0.0,INR
8679,8679,2026-02-06 17:31:04,Net Banking,Paid,TPPAY3DO8SNVCEQ,32322.0,0.0,INR
8680,8680,2026-07-12 22:50:34,Debit Card,Paid,TPPAYRCN5I49SVD,46424.0,0.0,INR
8681,8681,2024-03-05 10:08:21,Debit Card,Paid,TPPAY1MULVGAF7K,62006.0,0.0,INR
8682,8682,2025-09-07 06:37:20,Debit Card,Paid,TPPAYEFQ6OLB3YP,50928.0,0.0,INR
8683,8683,2026-01-08 13:29:34,Net Banking,Paid,TPPAY5T073R46ZL,26084.0,0.0,INR
8684,8684,2026-06-12 22:55:19,Credit Card,Pending,TPPAY7WB28QZ567,0.0,0.0,INR
8685,8685,2026-03-11 09:41:12,Credit Card,Paid,TPPAYQVJ8O8F9ZN,28915.2,0.0,INR
8686,8686,2026-07-17 14:33:29,UPI,Paid,TPPAYIY0IMI94KG,20451.0,0.0,INR
8687,8687,2025-12-22 11:36:12,Credit Card,Paid,TPPAYHDNOC6W35K,46864.0,0.0,INR
8688,8688,2026-09-07 11:54:49,Credit Card,Paid,TPPAYWPYQQW7MWF,32121.4,0.0,INR
8689,8689,2024-11-01 15:31:01,UPI,Paid,TPPAYAN8L54M2WW,8887.25,0.0,INR
8690,8690,2026-08-08 02:13:59,Debit Card,Pending,TPPAYNJNCEV4IMT,0.0,0.0,INR
8691,8691,2026-07-07 18:52:27,UPI,Paid,TPPAYHVMO2OCTS3,138840.0,0.0,INR
8692,8692,2023-12-28 23:02:36,Net Banking,Paid,TPPAYDZHSGYPE71,115700.0,0.0,INR
8693,8693,2026-09-05 06:38:37,Net Banking,Refunded,TPPAYKP83DJ4D0I,39207.0,39207.0,INR
8694,8694,2024-07-10 18:53:54,Debit Card,Refunded,TPPAYPB90TQ9IK9,86808.0,39207.0,INR
8695,8695,2024-01-28 18:58:17,Debit Card,Paid,TPPAY2EUIPSM1LB,38304.0,0.0,INR
8696,8696,2026-06-19 18:19:43,UPI,Paid,TPPAYGWDHFDA679,11762.1,0.0,INR
8697,8697,2026-08-19 18:05:56,Debit Card,Paid,TPPAYA00MY163BJ,43840.6,0.0,INR
8698,8698,2024-04-22 08:40:41,Debit Card,Paid,TPPAYRJ7E28G49D,54094.4,0.0,INR
8699,8699,2026-08-17 00:51:44,UPI,Pending,TPPAYDI7NDSKWZT,0.0,0.0,INR
8700,8700,2026-07-02 07:04:24,Credit Card,Paid,TPPAYL7OV4OM3J1,155010.0,0.0,INR
8701,8701,2023-12-24 08:26:04,Debit Card,Paid,TPPAYYMCH2KDDTN,100430.0,0.0,INR
8702,8702,2025-04-12 05:05:33,UPI,Paid,TPPAYWEX2NAA7MQ,44848.8,0.0,INR
8703,8703,2026-06-25 22:49:13,UPI,Paid,TPPAY1BA8HNK7QN,19786.0,0.0,INR
8704,8704,2024-03-07 08:05:54,Debit Card,Paid,TPPAYLZUG9ZHPU1,80344.0,0.0,INR
8705,8705,2026-07-23 16:24:08,UPI,Paid,TPPAYTQVNPXNAT1,120516.0,0.0,INR
8706,8706,2023-11-23 05:56:35,UPI,Paid,TPPAY3O510U8TRK,111981.6,0.0,INR
8707,8707,2026-08-16 05:20:09,Credit Card,Paid,TPPAYWXU5BEUVB9,103340.0,0.0,INR
8708,8708,2024-11-20 23:44:29,Credit Card,Paid,TPPAYGTZF6KODA3,12905.0,0.0,INR
8709,8709,2024-03-12 13:37:33,Wallet,Paid,TPPAY7VPTM52190,23432.0,0.0,INR
8710,8710,2026-06-22 05:56:04,UPI,Paid,TPPAYRDA7Z3P0LJ,17674.0,0.0,INR
8711,8711,2024-03-07 17:15:09,UPI,Paid,TPPAYWHSCX2PDKQ,17752.65,0.0,INR
8712,8712,2026-08-04 20:52:54,Debit Card,Pending,TPPAY625WO2RJ7N,0.0,0.0,INR
8713,8713,2026-06-27 06:26:20,Credit Card,Paid,TPPAY0CE4TE7U56,132535.4,0.0,INR
8714,8714,2026-06-21 19:10:43,Credit Card,Refunded,TPPAYNYIM8Y3KRO,51916.5,51916.5,INR
8715,8715,2026-03-18 16:16:55,UPI,Paid,TPPAYAZGIR0D2IA,22234.0,0.0,INR
8716,8716,2023-10-30 00:33:02,UPI,Paid,TPPAYVDN3AMYH44,25908.0,0.0,INR
8717,8717,2026-04-26 04:24:14,UPI,Paid,TPPAYPC9JG7C755,21548.0,0.0,INR
8718,8718,2024-06-21 01:06:50,UPI,Paid,TPPAYFIWSID16US,35445.6,0.0,INR
8719,8719,2026-03-26 00:08:26,Credit Card,Refunded,TPPAY5L1IROO8T4,35148.0,35148.0,INR
8720,8720,2024-08-10 06:32:39,UPI,Paid,TPPAYAJO1V5I36X,30525.4,0.0,INR
8721,8721,2024-11-24 09:42:36,UPI,Refunded,TPPAY6GMSW7P8MY,32386.0,32386.0,INR
8722,8722,2026-06-17 16:06:53,Credit Card,Paid,TPPAY8UMO1B5YNJ,41396.0,0.0,INR
8723,8723,2026-07-18 20:02:30,Credit Card,Paid,TPPAYGBYY318YUS,111095.85,0.0,INR
8724,8724,2024-01-06 00:26:02,Debit Card,Paid,TPPAYYDD34ZQ24W,33077.1,0.0,INR
8725,8725,2026-09-04 09:00:42,UPI,Pending,TPPAYULEIUM2TM5,0.0,0.0,INR
8726,8726,2024-07-25 11:09:25,Credit Card,Paid,TPPAY81CPI7C3HE,14219.65,0.0,INR
8727,8727,2024-08-13 00:20:12,Credit Card,Paid,TPPAY5QQLU5IMFJ,24091.05,0.0,INR
8728,8728,2025-01-25 01:44:34,UPI,Paid,TPPAYXRWRIEX7PE,114330.0,0.0,INR
8729,8729,2025-01-22 03:09:37,Debit Card,Paid,TPPAYPSUVPTSBBG,13042.0,0.0,INR
8730,8730,2026-05-31 20:44:05,Debit Card,Paid,TPPAYS8F9UY4B0L,33266.7,0.0,INR
8731,8731,2025-06-24 09:20:44,Net Banking,Paid,TPPAYTPEQL28DP5,18315.8,0.0,INR
8732,8732,2026-07-29 06:16:30,UPI,Paid,TPPAYEP29V3NMS7,26511.0,0.0,INR
8733,8733,2026-07-30 11:42:28,UPI,Paid,TPPAYNRPVQBN8LX,58889.7,0.0,INR
8734,8734,2026-09-01 09:50:55,UPI,Refunded,TPPAY8H4BXT39ZA,47412.0,47412.0,INR
8735,8735,2026-07-21 02:11:48,Wallet,Refunded,TPPAYY9UJMS9RVJ,24333.0,24333.0,INR
8736,8736,2026-07-17 08:30:15,UPI,Paid,TPPAY0F85R3AAUQ,83056.0,0.0,INR
8737,8737,2026-06-24 20:27:36,Net Banking,Paid,TPPAYBFZHZBLWDH,69690.6,0.0,INR
8738,8738,2026-08-18 03:20:53,Debit Card,Pending,TPPAYTNGC7WXHT3,0.0,0.0,INR
8739,8739,2026-02-22 08:10:34,Credit Card,Paid,TPPAYUHAZ92I9GS,39463.0,0.0,INR
8740,8740,2026-07-01 21:03:42,Debit Card,Pending,TPPAY0K7WHA73GZ,0.0,0.0,INR
8741,8741,2023-09-19 06:20:02,UPI,Refunded,TPPAYFYSA1BDEOC,18414.8,18414.8,INR
8742,8742,2026-07-31 09:24:57,Debit Card,Paid,TPPAYO50C29454U,35292.0,0.0,INR
8743,8743,2026-06-26 00:48:31,Debit Card,Paid,TPPAYWD7WRZQDQ7,94640.0,0.0,INR
8744,8744,2026-06-13 20:54:16,Debit Card,Refunded,TPPAY6T93BN4F5A,47247.25,47247.25,INR
8745,8745,2026-07-29 16:42:22,Net Banking,Paid,TPPAYFL47A4FCZG,115254.0,0.0,INR
8746,8746,2025-08-31 19:03:29,Debit Card,Paid,TPPAYW5I3ZF9A6N,57764.75,0.0,INR
8747,8747,2025-12-11 04:30:26,Net Banking,Paid,TPPAYJ6A4M4RRUG,147124.6,0.0,INR
8748,8748,2025-04-14 16:33:24,Net Banking,Refunded,TPPAYRNRWJHPW41,110869.75,110869.75,INR
8749,8749,2024-08-17 01:46:33,Credit Card,Paid,TPPAYR3EDJ0AI35,15338.25,0.0,INR
8750,8750,2025-05-25 22:05:08,UPI,Paid,TPPAYNDA9K3VP0R,66298.0,0.0,INR
8751,8751,2023-09-30 17:47:52,UPI,Paid,TPPAYFIMWIRVWUZ,36252.0,0.0,INR
8752,8752,2026-01-29 13:08:18,Net Banking,Refunded,TPPAYXJUFI18LZJ,24831.1,24831.1,INR
8753,8753,2024-08-15 14:07:10,Debit Card,Paid,TPPAYA38RZS4MY0,11853.0,0.0,INR
8754,8754,2023-12-13 20:18:59,Credit Card,Paid,TPPAY4N5CVD5V6Y,16824.0,0.0,INR
8755,8755,2026-08-15 19:06:26,Net Banking,Paid,TPPAYD4KO44S5H6,162620.0,0.0,INR
8756,8756,2026-09-05 22:38:14,Debit Card,Paid,TPPAYSCWHZ8BE9V,89900.0,0.0,INR
8757,8757,2026-06-29 08:58:48,UPI,Paid,TPPAYKABVDHSC2Y,37420.0,0.0,INR
8758,8758,2026-08-24 04:59:52,Credit Card,Paid,TPPAYJZB56D0ZQU,12834.0,0.0,INR
8759,8759,2024-12-16 19:31:02,UPI,Paid,TPPAYRH8IERS8SI,20673.7,0.0,INR
8760,8760,2026-07-29 19:47:29,Debit Card,Paid,TPPAY3SPFG977T3,70152.0,0.0,INR
8761,8761,2023-10-13 19:37:51,Credit Card,Paid,TPPAYKMSC8J49FU,114609.0,0.0,INR
8762,8762,2025-04-19 11:47:53,UPI,Paid,TPPAY2V0HR3KV6Y,67296.0,0.0,INR
8763,8763,2024-12-29 19:32:24,UPI,Paid,TPPAYGDJK8DP610,108510.0,0.0,INR
8764,8764,2026-01-24 00:45:40,Debit Card,Paid,TPPAYNQLOTXF6E3,44355.6,0.0,INR
8765,8765,2026-01-19 11:50:43,UPI,Paid,TPPAYWNY3EOM1VQ,92696.75,0.0,INR
8766,8766,2026-09-06 16:29:36,Wallet,Pending,TPPAYKJ1W92T8HV,0.0,0.0,INR
8767,8767,2026-06-16 18:59:05,Debit Card,Paid,TPPAY2K0QUY6WTA,33812.0,0.0,INR
8768,8768,2026-06-17 21:19:35,UPI,Paid,TPPAYMGAAUBMPZH,132080.4,0.0,INR
8769,8769,2026-07-06 09:59:41,UPI,Pending,TPPAYP9HWAYB311,0.0,0.0,INR
8770,8770,2026-04-09 09:15:30,Credit Card,Paid,TPPAYZWKAH1YNRY,18126.0,0.0,INR
8771,8771,2026-09-06 08:31:55,UPI,Paid,TPPAYDQR46Q0FCE,65286.0,0.0,INR
8772,8772,2024-06-07 22:50:34,Credit Card,Paid,TPPAYNN70FV78UR,36550.0,0.0,INR
8773,8773,2024-03-11 10:06:07,Credit Card,Paid,TPPAY6PEW1ZVHEX,51620.0,0.0,INR
8774,8774,2026-06-18 18:16:23,Debit Card,Pending,TPPAY19A88VDAVS,0.0,0.0,INR
8775,8775,2026-09-01 05:45:47,UPI,Paid,TPPAY92WU27RGFF,22260.4,0.0,INR
8776,8776,2026-07-11 11:47:45,Debit Card,Paid,TPPAYJ4CFWPWM87,64508.8,0.0,INR
8777,8777,2024-03-05 20:19:58,Debit Card,Paid,TPPAY83BKYRLMH4,16222.0,0.0,INR
8778,8778,2026-07-17 15:25:51,Credit Card,Pending,TPPAY5C1LUH4RCO,0.0,0.0,INR
8779,8779,2025-12-11 07:43:17,UPI,Refunded,TPPAYAC7ZHJCJ3O,10926.0,10926.0,INR
8780,8780,2024-10-17 07:22:23,UPI,Paid,TPPAY9S7W60M2D1,8609.85,0.0,INR
8781,8781,2026-06-26 16:43:40,Debit Card,Paid,TPPAYPJ57KKD92E,76220.0,0.0,INR
8782,8782,2026-06-29 17:37:03,Debit Card,Paid,TPPAY314JQDHM0Y,90511.25,0.0,INR
8783,8783,2026-08-14 11:00:15,Wallet,Paid,TPPAY0ZFNJ8VYVP,36963.0,0.0,INR
8784,8784,2026-06-23 20:38:43,Credit Card,Paid,TPPAY3JWXA1Y3IX,22227.0,0.0,INR
8785,8785,2026-07-23 23:44:06,Debit Card,Paid,TPPAYSWR143L9UH,21534.0,0.0,INR
8786,8786,2025-11-03 07:07:00,UPI,Paid,TPPAYCCMPW1XN22,35890.0,0.0,INR
8787,8787,2026-07-24 13:36:35,UPI,Paid,TPPAYYGXEWQ8ZNX,25359.0,0.0,INR
8788,8788,2025-12-17 17:19:43,UPI,Refunded,TPPAYRWPQ1JQ2RD,44518.5,44518.5,INR
8789,8789,2023-11-10 16:18:49,Credit Card,Paid,TPPAYFXKKIUNPAU,38862.0,0.0,INR
8790,8790,2023-11-05 02:42:23,Debit Card,Paid,TPPAYSJEHD2XZLF,108850.0,0.0,INR
8791,8791,2024-05-26 11:00:39,Debit Card,Paid,TPPAYW51XK0XDXK,64772.0,0.0,INR
8792,8792,2025-07-29 04:24:16,UPI,Refunded,TPPAYZ3OKUC5TF8,109517.4,109517.4,INR
8793,8793,2026-08-21 01:35:02,UPI,Paid,TPPAYYEOMWEUE2X,30624.0,0.0,INR
8794,8794,2024-07-21 01:39:37,Debit Card,Paid,TPPAYNY1MZTOLMH,84120.0,0.0,INR
8795,8795,2025-11-20 23:10:27,UPI,Paid,TPPAYAFPLNW9DQW,24333.0,0.0,INR
8796,8796,2026-08-08 03:10:31,Debit Card,Paid,TPPAYGT7OE1WLHW,12259.75,0.0,INR
8797,8797,2024-12-16 20:59:06,UPI,Paid,TPPAYFAVBN3TR4N,80636.0,0.0,INR
8798,8798,2025-11-29 10:55:00,UPI,Paid,TPPAYHX6WXSQSXD,49284.0,0.0,INR
8799,8799,2026-06-26 05:54:36,UPI,Paid,TPPAYPDV4KE72F4,108850.0,0.0,INR
8800,8800,2026-08-05 04:55:45,Debit Card,Paid,TPPAYTVIO8N3WT5,68955.4,0.0,INR
8801,8801,2024-04-15 16:22:01,Credit Card,Paid,TPPAY3XOL076L7W,32132.0,0.0,INR
8802,8802,2026-07-12 22:43:26,Credit Card,Pending,TPPAYS73PDDGX0U,0.0,0.0,INR
8803,8803,2026-08-10 19:51:50,Credit Card,Paid,TPPAYSMIH1Y72KQ,44292.0,0.0,INR
8804,8804,2026-08-08 17:05:56,UPI,Paid,TPPAYNVZQO4OOVT,26469.0,0.0,INR
8805,8805,2023-10-12 08:19:26,Credit Card,Paid,TPPAYWLEHIO4FEX,27108.0,0.0,INR
8806,8806,2026-08-12 04:56:30,Net Banking,Pending,TPPAYFWNTB31CUN,0.0,0.0,INR
8807,8807,2026-08-29 10:58:04,Wallet,Paid,TPPAYICH6NJPTUU,8453.0,0.0,INR
8808,8808,2025-09-01 01:22:36,Credit Card,Paid,TPPAYB5I46LZ11N,33809.0,0.0,INR
8809,8809,2024-03-25 02:03:15,UPI,Paid,TPPAYYM2GQTBOXS,76220.0,0.0,INR
8810,8810,2026-08-06 11:48:57,Net Banking,Paid,TPPAYIP1S1EU2V3,20004.3,0.0,INR
8811,8811,2023-10-29 18:39:00,Wallet,Paid,TPPAYSIQRKQTX9X,22918.75,0.0,INR
8812,8812,2025-11-23 18:14:08,UPI,Paid,TPPAYITRG28P7VM,34099.2,0.0,INR
8813,8813,2026-07-04 23:16:10,Credit Card,Pending,TPPAY488SA9J0VH,0.0,0.0,INR
8814,8814,2026-06-29 11:37:42,UPI,Paid,TPPAYPP4R2NJXHR,107669.2,0.0,INR
8815,8815,2026-07-17 12:34:37,Credit Card,Paid,TPPAYY7Q8FLT4K7,16839.0,0.0,INR
8816,8816,2026-08-21 14:58:40,Credit Card,Paid,TPPAYTBT11A1MKE,43840.6,0.0,INR
8817,8817,2026-07-13 07:34:33,Wallet,Pending,TPPAY77SNYGLE7T,0.0,0.0,INR
8818,8818,2023-11-23 06:43:14,UPI,Paid,TPPAYXXD1G3KLHE,99189.0,0.0,INR
8819,8819,2026-06-24 03:16:44,UPI,Paid,TPPAYNR08LH498C,19692.0,0.0,INR
8820,8820,2025-04-09 10:32:03,Credit Card,Refunded,TPPAYQ4VZZO2AQ4,24612.6,24612.6,INR
8821,8821,2026-09-01 06:56:48,Debit Card,Paid,TPPAYKUFATT1A23,110680.2,0.0,INR
8822,8822,2026-06-02 20:28:55,Credit Card,Paid,TPPAYF4RC34EVLF,21974.0,0.0,INR
8823,8823,2026-06-16 04:54:32,Credit Card,Paid,TPPAY5RTLEPMPOB,38280.0,0.0,INR
8824,8824,2026-01-04 21:10:05,UPI,Paid,TPPAY626Z2DCGJ1,32222.1,0.0,INR
8825,8825,2026-07-24 01:39:50,Net Banking,Pending,TPPAY6HX56N7W1Z,0.0,0.0,INR
8826,8826,2026-09-02 12:16:42,Credit Card,Paid,TPPAYFGCZFYDGFR,109815.0,0.0,INR
8827,8827,2026-08-16 11:12:06,UPI,Paid,TPPAYB0U2QFYA9G,48460.0,0.0,INR
8828,8828,2026-07-10 17:01:59,UPI,Paid,TPPAYNM7BR8CFR7,49230.0,0.0,INR
8829,8829,2023-11-23 21:29:39,UPI,Paid,TPPAYWCN0GB05IN,121104.0,0.0,INR
8830,8830,2024-03-16 16:02:04,Debit Card,Refunded,TPPAYRBOGHPEUM8,13069.0,13069.0,INR
8831,8831,2026-07-17 14:48:05,Credit Card,Paid,TPPAYZJSOJQ6N8D,8837.0,0.0,INR
8832,8832,2026-05-01 19:51:26,Credit Card,Paid,TPPAYDJVEHCISJP,72409.0,0.0,INR
8833,8833,2026-07-18 23:34:35,Credit Card,Pending,TPPAYEGA3SKQOID,0.0,0.0,INR
8834,8834,2026-05-21 14:41:33,Credit Card,Paid,TPPAYXST38GY954,22260.4,0.0,INR
8835,8835,2024-01-30 00:46:02,Wallet,Paid,TPPAY3EQ320LI0Q,25359.0,0.0,INR
8836,8836,2024-02-28 12:25:18,UPI,Paid,TPPAYEQA1KP2ZV9,84880.0,0.0,INR
8837,8837,2024-11-27 16:09:17,UPI,Paid,TPPAYZMTRDTZFKV,17646.0,0.0,INR
8838,8838,2026-07-13 05:43:32,UPI,Paid,TPPAY7V9PPHYKZR,29538.0,0.0,INR
8839,8839,2026-08-19 10:59:19,UPI,Paid,TPPAY7NORB2BOPD,16060.7,0.0,INR
8840,8840,2025-08-27 18:53:54,UPI,Paid,TPPAYL1VCOWXYYY,28061.1,0.0,INR
8841,8841,2026-08-05 01:07:17,Credit Card,Refunded,TPPAYLS737PRJSX,76220.0,76220.0,INR
8842,8842,2026-08-21 16:13:35,Credit Card,Pending,TPPAYPOEKYZLALY,0.0,0.0,INR
8843,8843,2026-07-08 00:27:42,Credit Card,Paid,TPPAYXG82JJF5W1,49230.0,0.0,INR
8844,8844,2026-07-11 20:49:38,UPI,Paid,TPPAY00REQ0ZD7D,48460.0,0.0,INR
8845,8845,2025-09-06 13:58:42,UPI,Paid,TPPAY608811PSWF,32444.0,0.0,INR
8846,8846,2025-05-23 12:41:34,UPI,Paid,TPPAYH9EWYRSSRN,20934.0,0.0,INR
8847,8847,2026-08-12 13:42:50,Debit Card,Paid,TPPAYATDT5W05T2,20004.3,0.0,INR
8848,8848,2024-12-11 17:11:49,UPI,Paid,TPPAYFXWXLE3AUW,33219.0,0.0,INR
8849,8849,2026-01-24 17:12:56,Debit Card,Refunded,TPPAYG2UL9X3Y67,54306.75,54306.75,INR
8850,8850,2026-08-07 07:04:10,Credit Card,Paid,TPPAYPTP44FVC75,76220.0,0.0,INR
8851,8851,2026-05-04 21:21:40,Net Banking,Refunded,TPPAY4ZLB481OII,65106.0,65106.0,INR
8852,8852,2026-07-08 10:40:06,Debit Card,Paid,TPPAYG5D9T1YDTJ,103340.0,0.0,INR
8853,8853,2026-06-15 21:40:26,Wallet,Paid,TPPAY465DHSLKGQ,14356.0,0.0,INR
8854,8854,2025-02-03 02:20:53,Credit Card,Paid,TPPAY0RIP4CUWAR,46864.0,0.0,INR
8855,8855,2026-09-05 10:11:43,UPI,Paid,TPPAYFQA53QANM1,51816.0,0.0,INR
8856,8856,2026-08-08 03:59:27,UPI,Refunded,TPPAY0PBYA6JTTS,66190.35,66190.35,INR
8857,8857,2026-08-18 13:51:20,Credit Card,Paid,TPPAYN4YNCDY1TU,60660.0,0.0,INR
8858,8858,2026-07-12 02:18:31,UPI,Paid,TPPAYEA30KQ5AKY,68247.9,0.0,INR
8859,8859,2026-08-29 21:54:01,UPI,Paid,TPPAYWVAIQBM85L,67296.0,0.0,INR
8860,8860,2026-08-27 15:51:32,Net Banking,Refunded,TPPAYZBN7LLERMC,36252.0,36252.0,INR
8861,8861,2024-10-30 17:42:01,UPI,Paid,TPPAYPSL053RWW6,8524.8,0.0,INR
8862,8862,2023-11-21 04:46:57,Debit Card,Paid,TPPAY8Q0Y3RQHG2,38768.0,0.0,INR
8863,8863,2023-12-24 08:14:49,Credit Card,Paid,TPPAYLPYAPQYBH7,20457.3,0.0,INR
8864,8864,2025-07-01 11:29:43,Credit Card,Paid,TPPAYYABVRXSH97,29664.9,0.0,INR
8865,8865,2026-08-21 10:11:39,Credit Card,Paid,TPPAY4NNBHLJ990,30506.5,0.0,INR
8866,8866,2024-06-02 16:24:44,Credit Card,Paid,TPPAYNQOIPK0IVV,51816.0,0.0,INR
8867,8867,2026-07-04 03:28:12,UPI,Refunded,TPPAYTCZR6FUYEN,9355.0,9355.0,INR
8868,8868,2026-06-19 18:47:05,UPI,Paid,TPPAYQ0TGE7DWGD,56061.0,0.0,INR
8869,8869,2026-08-07 19:23:07,Debit Card,Paid,TPPAYXMCXPFCN1J,40662.0,0.0,INR
8870,8870,2026-07-03 01:42:37,Credit Card,Pending,TPPAYDEUF8EMLBA,0.0,0.0,INR
8871,8871,2026-06-21 23:20:35,Debit Card,Paid,TPPAYF674HYDEN6,16906.0,0.0,INR
8872,8872,2025-07-29 06:29:37,UPI,Paid,TPPAYUZUUBKN1FI,32444.0,0.0,INR
8873,8873,2024-04-24 05:34:20,Debit Card,Paid,TPPAYKSB7RL7P95,56353.3,0.0,INR
8874,8874,2026-09-04 15:17:30,UPI,Pending,TPPAYZGFB0BQ7L8,0.0,0.0,INR
8875,8875,2025-03-07 04:54:59,Wallet,Paid,TPPAYCKXBO6GQ8L,99189.0,0.0,INR
8876,8876,2026-07-30 22:22:13,Net Banking,Paid,TPPAYGKFLSXIMTL,34818.0,0.0,INR
8877,8877,2026-08-27 16:52:54,UPI,Paid,TPPAYJPNTML9KZ5,36963.0,0.0,INR
8878,8878,2026-07-04 02:53:36,Wallet,Paid,TPPAY02817M2EEH,16818.3,0.0,INR
8879,8879,2026-08-18 15:29:22,Credit Card,Paid,TPPAYKEGNRF8RU7,20766.6,0.0,INR
8880,8880,2025-08-08 15:26:08,Wallet,Paid,TPPAY3WFRKW4FW8,64508.8,0.0,INR
8881,8881,2026-05-13 07:46:15,UPI,Refunded,TPPAYDWI7AX4OOZ,155530.0,155530.0,INR
8882,8882,2026-08-03 22:23:57,Debit Card,Paid,TPPAYHLJSZ6DNSJ,18636.0,0.0,INR
8883,8883,2026-08-21 03:14:33,UPI,Paid,TPPAYW3V8V2BB4N,121965.0,0.0,INR
8884,8884,2024-05-20 10:15:55,UPI,Paid,TPPAYE2FZ3M5JAN,121965.0,0.0,INR
8885,8885,2026-07-27 12:10:48,Net Banking,Paid,TPPAYDCQ3UZZVNU,95826.5,0.0,INR
8886,8886,2025-12-20 21:24:33,Credit Card,Paid,TPPAY7ABW2W3CIP,140046.0,0.0,INR
8887,8887,2026-09-02 20:36:29,UPI,Paid,TPPAY91DO91FBBS,24060.0,0.0,INR
8888,8888,2024-11-12 02:45:00,Credit Card,Refunded,TPPAY8O9ETH461V,23212.0,23212.0,INR
8889,8889,2025-08-06 11:45:35,UPI,Refunded,TPPAYRF18BK80Q0,37593.4,37593.4,INR
8890,8890,2026-07-11 03:43:08,UPI,Paid,TPPAYWEFRAMQVQJ,49465.0,0.0,INR
8891,8891,2026-09-07 06:18:30,Wallet,Paid,TPPAYKK7RKPQ40R,117190.8,0.0,INR
8892,8892,2025-07-22 12:52:51,Credit Card,Paid,TPPAYNXYQJ6GX9S,13380.0,0.0,INR
8893,8893,2025-06-25 11:18:55,UPI,Paid,TPPAY340B4CCI98,25632.0,0.0,INR
8894,8894,2025-02-14 10:55:54,UPI,Paid,TPPAYDNJA89RIZ6,30075.0,0.0,INR
8895,8895,2026-06-18 08:34:29,UPI,Paid,TPPAYUK92GGL8YP,29199.6,0.0,INR
8896,8896,2026-08-26 01:31:20,Net Banking,Paid,TPPAYG286V0E85K,43364.0,0.0,INR
8897,8897,2025-12-03 17:38:55,Credit Card,Paid,TPPAY2VCS2PGIRF,32444.0,0.0,INR
8898,8898,2025-05-30 01:35:26,UPI,Refunded,TPPAY24W05WC4G4,61531.5,61531.5,INR
8899,8899,2024-09-18 23:29:10,Net Banking,Paid,TPPAY4DIJW3120V,10005.3,0.0,INR
8900,8900,2024-06-13 06:18:56,UPI,Paid,TPPAY51FMPSWXJE,30886.0,0.0,INR
8901,8901,2026-07-08 15:29:21,Credit Card,Refunded,TPPAYYB22WT2NC1,22234.0,22234.0,INR
8902,8902,2026-08-08 01:02:41,Credit Card,Paid,TPPAYJA47TCRT96,9063.0,0.0,INR
8903,8903,2025-02-04 02:23:22,UPI,Paid,TPPAYU8DWCS8IH0,20088.0,0.0,INR
8904,8904,2026-06-29 03:23:09,UPI,Paid,TPPAY0KQMFUB6PN,86808.0,0.0,INR
8905,8905,2026-07-10 14:01:48,UPI,Refunded,TPPAYCG8C9KBKHH,59823.0,59823.0,INR
8906,8906,2024-06-21 05:11:57,Credit Card,Paid,TPPAYDP1YBSMWW8,79764.0,0.0,INR
8907,8907,2024-12-25 16:13:30,Net Banking,Paid,TPPAYL78CP332RU,25190.6,0.0,INR
8908,8908,2026-07-08 04:39:59,UPI,Paid,TPPAYW04CU0DZVP,19786.0,0.0,INR
8909,8909,2024-02-09 04:49:33,Debit Card,Paid,TPPAY2VEBQZJ9VK,98345.0,0.0,INR
8910,8910,2026-08-28 14:26:47,Credit Card,Refunded,TPPAY44LNVKQO8S,101900.7,101900.7,INR
8911,8911,2026-03-26 16:03:34,Wallet,Paid,TPPAYRE9YDOYZMM,52188.3,0.0,INR
8912,8912,2026-07-12 19:42:13,Net Banking,Paid,TPPAY9EGIXWM7UV,49284.0,0.0,INR
8913,8913,2026-02-09 09:57:05,Debit Card,Paid,TPPAY5LDGGFKV0S,34818.0,0.0,INR
8914,8914,2026-06-10 20:20:49,UPI,Paid,TPPAYOL0FSWW86S,114991.8,0.0,INR
8915,8915,2025-09-06 03:03:40,UPI,Paid,TPPAYXFI22F1YVM,150964.0,0.0,INR
8916,8916,2026-06-24 10:27:36,Wallet,Paid,TPPAYOUQYGB6W9D,16616.0,0.0,INR
8917,8917,2024-11-18 10:24:18,UPI,Paid,TPPAY3F9FEINUBC,34176.0,0.0,INR
8918,8918,2026-08-01 16:07:11,UPI,Paid,TPPAY5JOFY90WQ5,16738.2,0.0,INR
8919,8919,2024-10-26 03:08:00,Debit Card,Paid,TPPAY0VX3LYX5SD,39834.4,0.0,INR
8920,8920,2025-02-11 10:09:17,UPI,Paid,TPPAYWY1HS9QW7K,26760.0,0.0,INR
8921,8921,2024-12-23 21:21:53,Debit Card,Paid,TPPAYYWEAH94JLG,25359.0,0.0,INR
8922,8922,2025-07-16 23:37:59,Debit Card,Paid,TPPAYZ47DDZOFSR,118300.0,0.0,INR
8923,8923,2026-08-31 06:41:36,UPI,Paid,TPPAYV3BAYC1OLW,113223.0,0.0,INR
8924,8924,2026-08-16 00:56:42,UPI,Paid,TPPAYBAADPA7Y01,69493.5,0.0,INR
8925,8925,2026-07-22 03:25:41,Net Banking,Pending,TPPAYZWRLXVXB3D,0.0,0.0,INR
8926,8926,2026-03-15 07:46:01,UPI,Paid,TPPAYQWLFCAFJBH,21974.0,0.0,INR
8927,8927,2025-10-22 17:03:35,UPI,Paid,TPPAY6JJG6K59SV,11117.0,0.0,INR
8928,8928,2026-06-29 07:41:13,UPI,Paid,TPPAYVETVNQAJFR,12834.0,0.0,INR
8929,8929,2025-10-13 01:32:57,Credit Card,Paid,TPPAYN0IYH5X9T4,33952.0,0.0,INR
8930,8930,2025-08-21 10:31:24,Credit Card,Refunded,TPPAYQJB8JCFUD1,67296.0,67296.0,INR
8931,8931,2025-12-19 22:56:20,UPI,Paid,TPPAYYTPE8YLWBB,49662.2,0.0,INR
8932,8932,2026-07-02 11:57:36,UPI,Paid,TPPAYS39EHVRTFJ,130212.0,0.0,INR
8933,8933,2024-10-21 23:04:21,Net Banking,Paid,TPPAYPBV01MLIQS,43364.0,0.0,INR
8934,8934,2025-07-05 09:00:01,UPI,Refunded,TPPAY0H2P62GK3A,37888.0,37888.0,INR
8935,8935,2025-03-26 17:14:03,Credit Card,Paid,TPPAYZOGATV3PY9,29092.8,0.0,INR
8936,8936,2025-01-17 16:52:48,UPI,Paid,TPPAY5IR1SZAV3V,33149.0,0.0,INR
8937,8937,2026-07-05 16:58:12,Debit Card,Paid,TPPAY3RNBEHSR81,49325.5,0.0,INR
8938,8938,2025-08-28 23:14:42,Credit Card,Paid,TPPAYCE7PUYYU9H,25908.0,0.0,INR
8939,8939,2026-08-16 16:41:03,UPI,Paid,TPPAYG8KRGBGEQI,47948.4,0.0,INR
8940,8940,2024-02-11 11:09:35,Credit Card,Paid,TPPAYIAI0W823K8,45849.0,0.0,INR
8941,8941,2026-05-01 09:28:08,UPI,Paid,TPPAY2R6YX55F8N,33809.0,0.0,INR
8942,8942,2025-06-19 20:54:11,Debit Card,Paid,TPPAYG2R7VM8PXI,40200.0,0.0,INR
8943,8943,2026-09-06 13:23:01,UPI,Pending,TPPAYYGDEMD2R03,0.0,0.0,INR
8944,8944,2026-06-12 07:12:56,UPI,Paid,TPPAYUVUZZLVVR0,38356.0,0.0,INR
8945,8945,2025-06-21 13:22:03,UPI,Paid,TPPAYIV99TYXXZW,37045.0,0.0,INR
8946,8946,2026-06-21 16:44:30,Credit Card,Paid,TPPAYZCJYYBWAVN,14620.0,0.0,INR
8947,8947,2026-07-12 10:23:41,Wallet,Refunded,TPPAYXNTGXGOTKZ,72039.45,72039.45,INR
8948,8948,2025-10-18 01:31:43,UPI,Refunded,TPPAY4L3FXRXUAA,51926.0,51926.0,INR
8949,8949,2026-06-14 14:07:14,Debit Card,Refunded,TPPAY5GYG62U20G,23105.9,51926.0,INR
8950,8950,2025-09-15 10:43:22,UPI,Paid,TPPAYA59O8TVJ06,97660.0,0.0,INR
8951,8951,2026-07-29 08:12:31,Debit Card,Paid,TPPAYOPXVSADRYM,90828.0,0.0,INR
8952,8952,2026-07-12 14:28:53,UPI,Paid,TPPAYULGB7NUIMJ,38674.8,0.0,INR
8953,8953,2026-08-28 10:07:48,Wallet,Paid,TPPAYRZSEVTPKV7,19786.0,0.0,INR
8954,8954,2026-08-09 02:40:32,Debit Card,Paid,TPPAYURRLA3QCGT,85002.0,0.0,INR
8955,8955,2026-06-21 04:50:53,UPI,Refunded,TPPAYGIXWPTTQF0,30716.0,30716.0,INR
8956,8956,2026-06-27 03:04:05,UPI,Paid,TPPAYVID7KJLJ9A,73990.8,0.0,INR
8957,8957,2025-09-04 10:59:48,Debit Card,Paid,TPPAYPULNMREOKG,83645.0,0.0,INR
8958,8958,2025-02-06 13:38:24,UPI,Paid,TPPAY3CGR3YIX35,114609.0,0.0,INR
8959,8959,2026-02-03 14:56:36,UPI,Paid,TPPAYP7WQ2EL8R7,18126.0,0.0,INR
8960,8960,2025-09-02 14:18:49,UPI,Paid,TPPAY2CEXJ2XIR0,37420.0,0.0,INR
8961,8961,2026-08-04 08:38:12,Debit Card,Paid,TPPAY1J7W1S643L,27336.0,0.0,INR
8962,8962,2025-11-10 02:25:17,UPI,Paid,TPPAYAI533QJKMN,32605.0,0.0,INR
8963,8963,2026-06-09 12:40:22,Credit Card,Paid,TPPAYARW7E5BIRT,29147.4,0.0,INR
8964,8964,2026-07-14 17:03:49,UPI,Paid,TPPAYT0L98E4M4M,88763.25,0.0,INR
8965,8965,2026-08-25 13:53:16,Credit Card,Refunded,TPPAYC7J89ILBHO,57296.0,57296.0,INR
8966,8966,2026-04-29 23:04:30,UPI,Paid,TPPAYK4GBOIY6EL,39207.0,0.0,INR
8967,8967,2026-07-15 18:09:39,Debit Card,Paid,TPPAY0EP71Y5MS0,49284.0,0.0,INR
8968,8968,2026-08-31 12:02:59,Credit Card,Pending,TPPAYU5SRELK845,0.0,0.0,INR
8969,8969,2025-02-16 19:03:30,Debit Card,Paid,TPPAYDNIEUYDF8X,37888.0,0.0,INR
8970,8970,2026-06-18 18:10:35,Net Banking,Paid,TPPAY0BQTTXRZGV,151662.0,0.0,INR
8971,8971,2025-01-01 23:55:39,Credit Card,Paid,TPPAY44SDRGCLZ9,46074.0,0.0,INR
8972,8972,2026-06-27 21:15:48,Net Banking,Paid,TPPAYHV9YJLIZYM,60805.0,0.0,INR
8973,8973,2026-08-15 05:33:00,UPI,Paid,TPPAYAN0ISF6S8J,32386.0,0.0,INR
8974,8974,2023-09-22 10:48:56,Credit Card,Paid,TPPAY276W0KZUFH,26084.0,0.0,INR
8975,8975,2026-08-09 08:00:03,Credit Card,Paid,TPPAYLG2YGCX6YU,144078.9,0.0,INR
8976,8976,2026-06-26 17:49:41,Net Banking,Paid,TPPAY4WLHR4B0F7,33812.0,0.0,INR
8977,8977,2026-06-26 17:49:09,UPI,Paid,TPPAYWYGM2KNNB2,78128.0,0.0,INR
8978,8978,2026-08-08 20:50:39,Credit Card,Paid,TPPAYMAU59QCEWV,85405.0,0.0,INR
8979,8979,2024-05-06 19:50:52,Wallet,Paid,TPPAYWR0T1F3LMV,121104.0,0.0,INR
8980,8980,2026-07-01 13:29:29,Debit Card,Paid,TPPAYRPYLM9NZQ7,80965.0,0.0,INR
8981,8981,2024-02-22 08:53:30,UPI,Paid,TPPAYRC1WZIZL1G,33178.9,0.0,INR
8982,8982,2026-07-23 19:18:45,Debit Card,Paid,TPPAYZ4AX58QZ6C,33450.0,0.0,INR
8983,8983,2024-11-29 02:00:43,Credit Card,Paid,TPPAY9S2RLQE5RV,26760.0,0.0,INR
8984,8984,2026-07-10 20:54:39,Credit Card,Paid,TPPAYKILKAFXN2F,65106.0,0.0,INR
8985,8985,2026-06-24 22:55:29,UPI,Paid,TPPAYMC2ORTZQ68,37035.0,0.0,INR
8986,8986,2024-11-04 09:57:16,Debit Card,Paid,TPPAYOBN8R9Y5KK,10774.0,0.0,INR
8987,8987,2026-07-27 16:07:54,Wallet,Paid,TPPAYJUIB8M5IUU,11762.1,0.0,INR
8988,8988,2026-07-07 06:42:47,Credit Card,Paid,TPPAY8YQHHCZJQF,25359.0,0.0,INR
8989,8989,2026-06-23 22:29:22,Debit Card,Pending,TPPAYK2NNSXDGTZ,0.0,0.0,INR
8990,8990,2025-06-16 14:31:30,Net Banking,Paid,TPPAYC03XUVBEIM,44102.8,0.0,INR
8991,8991,2026-06-19 18:00:29,UPI,Pending,TPPAYP2ELRWPQE1,0.0,0.0,INR
8992,8992,2026-08-23 04:37:45,UPI,Paid,TPPAY6ZQNCKRXSS,24831.1,0.0,INR
8993,8993,2025-10-07 18:19:42,Debit Card,Paid,TPPAYGAIEE8HX15,103340.0,0.0,INR
8994,8994,2024-01-18 12:07:09,UPI,Paid,TPPAY81A88XHDLR,17219.7,0.0,INR
8995,8995,2026-06-18 16:55:01,Credit Card,Paid,TPPAYIXC1DYOCRB,47412.0,0.0,INR
8996,8996,2026-06-25 04:26:57,Debit Card,Paid,TPPAYH7NWXRJC67,65433.0,0.0,INR
8997,8997,2026-06-17 12:05:50,Debit Card,Paid,TPPAYON5FNHDK2H,10774.0,0.0,INR
8998,8998,2026-08-09 09:25:41,UPI,Paid,TPPAYMGAZOZ7EXV,15784.2,0.0,INR
8999,8999,2025-08-14 17:42:52,UPI,Paid,TPPAY2LAD0QFNMG,154868.0,0.0,INR
9000,9000,2026-07-16 02:20:27,Debit Card,Paid,TPPAYFYBUKKUZBI,60886.0,0.0,INR
9001,9001,2026-07-17 03:58:18,Credit Card,Paid,TPPAYZ8X25YEC7B,113746.5,0.0,INR
9002,9002,2026-08-09 07:43:50,UPI,Refunded,TPPAY17AW8XYLB3,50187.0,50187.0,INR
9003,9003,2026-06-07 19:58:49,Debit Card,Paid,TPPAY6D8SH5X3FM,19563.0,0.0,INR
9004,9004,2026-08-23 14:36:03,Credit Card,Paid,TPPAY6O35DNARD2,20766.6,0.0,INR
9005,9005,2026-07-21 19:25:08,Credit Card,Paid,TPPAYC7URFCETVR,107880.0,0.0,INR
9006,9006,2024-05-31 13:40:53,Credit Card,Paid,TPPAYQZ3JWZ12M3,138840.0,0.0,INR
9007,9007,2025-05-13 05:53:16,Debit Card,Refunded,TPPAY9YZTP6Q17S,115700.0,115700.0,INR
9008,9008,2026-08-09 21:00:35,Debit Card,Paid,TPPAYRJ34CC2ZT7,76326.8,0.0,INR
9009,9009,2026-09-07 03:20:49,Net Banking,Paid,TPPAYJXL195B0V1,92560.0,0.0,INR
9010,9010,2026-02-08 04:12:27,UPI,Paid,TPPAY8TRV7PW8H0,46733.4,0.0,INR
9011,9011,2026-07-12 01:20:34,UPI,Paid,TPPAYOVJK9JGOZH,32386.0,0.0,INR
9012,9012,2024-08-16 10:54:06,Wallet,Paid,TPPAYLFUU2AD7ON,28065.0,0.0,INR
9013,9013,2026-06-27 20:28:11,Debit Card,Paid,TPPAYOED7LOZVA4,35559.0,0.0,INR
9014,9014,2026-08-15 02:25:58,Debit Card,Paid,TPPAY7OUAHKIE22,11260.35,0.0,INR
9015,9015,2026-07-21 02:45:21,UPI,Pending,TPPAYP4DL32QGP8,0.0,0.0,INR
9016,9016,2025-10-07 15:25:19,Credit Card,Paid,TPPAY8FXC9YWXG3,13069.0,0.0,INR
9017,9017,2026-07-06 04:08:59,UPI,Paid,TPPAYRAPJBHPU9A,75775.8,0.0,INR
9018,9018,2026-08-18 11:55:40,UPI,Paid,TPPAYFPXWFYGV8M,51926.0,0.0,INR
9019,9019,2026-08-05 11:39:39,Debit Card,Paid,TPPAYNS6RPFAXLK,8453.0,0.0,INR
9020,9020,2026-07-08 16:21:14,Debit Card,Paid,TPPAY6U0RHA0F2Q,24120.0,0.0,INR
9021,9021,2026-06-26 01:32:36,UPI,Paid,TPPAYFF8W0RTWN8,32254.4,0.0,INR
9022,9022,2026-08-14 13:37:29,UPI,Paid,TPPAYUTMRDSNIGQ,71620.0,0.0,INR
9023,9023,2026-07-27 15:25:23,Debit Card,Paid,TPPAYA7RS78D91V,115700.0,0.0,INR
9024,9024,2026-08-10 12:11:00,Wallet,Paid,TPPAYO4LY4ZQYLC,51914.0,0.0,INR
9025,9025,2024-04-20 21:25:09,UPI,Paid,TPPAYYTS2TGUKG9,18677.9,0.0,INR
9026,9026,2026-07-14 23:24:53,UPI,Paid,TPPAYRLONAQDGFY,34897.6,0.0,INR
9027,9027,2026-08-02 09:31:52,UPI,Paid,TPPAY8TWRWZRMKI,72446.4,0.0,INR
9028,9028,2025-11-06 17:53:06,UPI,Paid,TPPAY4IGLR90IED,121044.0,0.0,INR
9029,9029,2026-07-04 00:21:45,UPI,Pending,TPPAYI60KNPCQ4S,0.0,0.0,INR
9030,9030,2026-08-13 18:13:53,UPI,Paid,TPPAYZLP9H1FZX8,140331.6,0.0,INR
9031,9031,2026-06-14 06:29:03,UPI,Paid,TPPAY6GFD967LXM,24848.0,0.0,INR
9032,9032,2026-04-04 03:05:15,UPI,Paid,TPPAY336Y43EQTN,12722.4,0.0,INR
9033,9033,2026-06-24 10:32:55,Debit Card,Paid,TPPAY3X9Q205LW2,43704.0,0.0,INR
9034,9034,2026-08-26 12:48:47,UPI,Paid,TPPAYSU2LW3YJUE,64396.8,0.0,INR
9035,9035,2025-03-16 18:26:56,Net Banking,Paid,TPPAYEBUKOHHVPU,146420.0,0.0,INR
9036,9036,2026-08-29 06:12:48,Wallet,Paid,TPPAYFSLX54G1SM,97660.0,0.0,INR
9037,9037,2026-09-01 20:54:59,UPI,Paid,TPPAY4IP9BZ8NMX,34818.0,0.0,INR
9038,9038,2026-04-16 14:33:28,Credit Card,Paid,TPPAY4UP8T392KR,14356.0,0.0,INR
9039,9039,2026-08-02 15:27:07,UPI,Paid,TPPAYOPI87ZQ8TK,27189.0,0.0,INR
9040,9040,2024-11-15 00:26:51,UPI,Paid,TPPAYW7GDLGQCW8,27067.5,0.0,INR
9041,9041,2026-08-31 19:28:09,Credit Card,Paid,TPPAYT4WDECV8J1,113223.0,0.0,INR
9042,9042,2024-08-20 05:56:51,Credit Card,Paid,TPPAYXVKVSA0WJF,24120.0,0.0,INR
9043,9043,2026-09-07 08:34:35,UPI,Paid,TPPAYU6SEBMAU5U,103369.5,0.0,INR
9044,9044,2025-07-07 21:32:32,UPI,Refunded,TPPAYBJK173451Y,108850.0,108850.0,INR
9045,9045,2026-06-09 00:08:00,UPI,Paid,TPPAYGZC22AGA5K,43721.1,0.0,INR
9046,9046,2026-08-21 12:54:38,UPI,Paid,TPPAYBG571ZBFPX,30480.75,0.0,INR
9047,9047,2026-08-07 16:00:39,Credit Card,Paid,TPPAYL1LFY44VC6,31401.0,0.0,INR
9048,9048,2026-04-05 08:16:40,Wallet,Paid,TPPAYF4R3YVL5AO,80965.0,0.0,INR
9049,9049,2026-07-18 15:25:56,Debit Card,Pending,TPPAYTH62SGGW5T,0.0,0.0,INR
9050,9050,2024-12-14 10:13:14,UPI,Paid,TPPAY99QHI2TB98,20088.0,0.0,INR
9051,9051,2023-09-14 14:50:02,UPI,Paid,TPPAYZSQF7E47OF,55945.0,0.0,INR
9052,9052,2026-08-21 08:35:48,Credit Card,Paid,TPPAYFUM52RJEOY,103820.0,0.0,INR
9053,9053,2025-02-07 15:18:26,Credit Card,Paid,TPPAYXPEIFPS35H,126041.4,0.0,INR
9054,9054,2026-08-08 15:24:17,Credit Card,Pending,TPPAYPHV9NZLN7B,0.0,0.0,INR
9055,9055,2026-08-27 09:07:12,Net Banking,Paid,TPPAYC1CX2OCXWL,81124.0,0.0,INR
9056,9056,2026-03-10 02:58:27,UPI,Paid,TPPAYGG3MKNI3BO,51001.2,0.0,INR
9057,9057,2026-03-24 09:29:34,UPI,Paid,TPPAYPFIAYDVQ9E,52227.0,0.0,INR
9058,9058,2025-04-15 00:52:44,Credit Card,Paid,TPPAY1673EUN0VT,19384.0,0.0,INR
9059,9059,2026-01-28 05:55:56,UPI,Paid,TPPAY5M8S369OJ2,8837.0,0.0,INR
9060,9060,2026-05-07 07:34:22,UPI,Paid,TPPAY6UTPFY6VAQ,18710.0,0.0,INR
9061,9061,2026-07-05 05:00:33,Debit Card,Paid,TPPAY1VV8D7NOXL,51816.0,0.0,INR
9062,9062,2026-08-25 04:47:25,Credit Card,Paid,TPPAY5HMBTGWLXL,109055.0,0.0,INR
9063,9063,2026-08-14 00:57:38,Credit Card,Pending,TPPAY0N6BZJ8NH0,0.0,0.0,INR
9064,9064,2026-08-16 13:22:01,Debit Card,Paid,TPPAYKG371AG1UB,23432.0,0.0,INR
9065,9065,2026-07-14 08:32:34,Credit Card,Paid,TPPAYHXQMFM0KAS,9472.0,0.0,INR
9066,9066,2025-05-28 22:57:51,Credit Card,Paid,TPPAY21AW4ZD05U,49465.0,0.0,INR
9067,9067,2025-09-05 00:49:58,UPI,Paid,TPPAYLV7M3WSUEQ,46329.0,0.0,INR
9068,9068,2025-03-28 17:04:39,Debit Card,Paid,TPPAYBXNTUYYNIB,34099.2,0.0,INR
9069,9069,2023-10-19 21:16:33,Net Banking,Refunded,TPPAY8AR21XB9BF,51745.0,51745.0,INR
9070,9070,2024-01-18 01:03:59,UPI,Paid,TPPAY1HSSXGCILJ,18636.0,0.0,INR
9071,9071,2024-05-18 22:27:31,Credit Card,Paid,TPPAYXJB6GEZKKV,36252.0,0.0,INR
9072,9072,2025-02-09 16:57:32,Debit Card,Paid,TPPAYQCPNPFREHJ,32961.0,0.0,INR
9073,9073,2026-06-23 09:15:44,Debit Card,Paid,TPPAYI9W41ZUF2A,15141.6,0.0,INR
9074,9074,2026-07-27 01:03:55,Net Banking,Pending,TPPAYUKTU5IABB1,0.0,0.0,INR
9075,9075,2025-09-09 06:45:52,Wallet,Paid,TPPAYLS7WOD57NF,100870.0,0.0,INR
9076,9076,2026-07-02 01:57:58,UPI,Paid,TPPAYJ7JRO3SGEY,141960.0,0.0,INR
9077,9077,2023-10-19 06:44:32,UPI,Paid,TPPAYJO83RUV9IX,88253.8,0.0,INR
9078,9078,2026-07-09 04:51:17,Credit Card,Pending,TPPAYNLV48I19PU,0.0,0.0,INR
9079,9079,2026-09-04 15:27:14,UPI,Pending,TPPAY7KZEZPKA3O,0.0,0.0,INR
9080,9080,2026-07-01 03:06:56,Debit Card,Paid,TPPAY73LLV8BSWL,45180.0,0.0,INR
9081,9081,2024-03-29 00:17:00,Credit Card,Paid,TPPAYKMLUA2XHJ4,46037.0,0.0,INR
9082,9082,2026-06-08 18:56:24,Credit Card,Paid,TPPAY51K851KSGA,32605.0,0.0,INR
9083,9083,2024-01-10 21:20:41,UPI,Paid,TPPAY4R364UUWF0,24642.0,0.0,INR
9084,9084,2026-06-27 19:00:21,Debit Card,Paid,TPPAYA1B49QN7RH,32222.1,0.0,INR
9085,9085,2026-07-20 09:22:41,UPI,Paid,TPPAYFIA24RDZM4,8672.8,0.0,INR
9086,9086,2024-08-30 04:38:26,UPI,Paid,TPPAY4FNYSWFW7T,31003.0,0.0,INR
9087,9087,2025-04-19 18:08:11,UPI,Paid,TPPAYPKVTTZ5TWU,20698.0,0.0,INR
9088,9088,2025-11-02 03:17:11,Net Banking,Paid,TPPAY11XZKYSAJB,12389.9,0.0,INR
9089,9089,2026-06-28 21:24:13,UPI,Refunded,TPPAYC9HCX0AFQD,77505.0,77505.0,INR
9090,9090,2025-03-28 04:19:18,Debit Card,Paid,TPPAYJ05PY4XDRI,55365.0,0.0,INR
9091,9091,2024-05-14 18:27:06,UPI,Paid,TPPAY8MWHEG3FUY,69516.0,0.0,INR
9092,9092,2024-04-06 09:28:25,UPI,Refunded,TPPAY7IPOSLILMR,39384.0,39384.0,INR
9093,9093,2024-03-05 18:56:16,Wallet,Paid,TPPAYLV54X2G7JH,48460.0,0.0,INR
9094,9094,2026-08-11 00:35:24,Wallet,Paid,TPPAYF31ZOU4A2Q,76790.0,0.0,INR
9095,9095,2024-12-15 14:23:01,UPI,Paid,TPPAY8EOR4QIXN0,93318.0,0.0,INR
9096,9096,2025-06-26 18:39:18,Credit Card,Paid,TPPAYX5YF81TR3I,103340.0,0.0,INR
9097,9097,2024-10-14 10:59:33,Credit Card,Paid,TPPAYVZH8DWMCA4,26084.0,0.0,INR
9098,9098,2026-06-11 09:46:00,Wallet,Pending,TPPAY9XL59P3X4A,0.0,0.0,INR
9099,9099,2026-07-10 13:48:27,Wallet,Paid,TPPAYDOJBEH4X8P,32160.0,0.0,INR
9100,9100,2024-08-10 22:29:58,Debit Card,Paid,TPPAY8JEZHTWAKJ,90990.0,0.0,INR
9101,9101,2026-08-02 15:33:50,Net Banking,Paid,TPPAYQE532B0TGC,64772.0,0.0,INR
9102,9102,2026-08-23 18:58:55,Credit Card,Paid,TPPAY8YRM7W4CDU,15312.0,0.0,INR
9103,9103,2026-04-27 07:29:38,Credit Card,Paid,TPPAYJPZIG3FD2N,80965.0,0.0,INR
9104,9104,2026-07-17 13:08:20,Wallet,Paid,TPPAYGW4G7LIJFW,33952.0,0.0,INR
9105,9105,2026-07-26 08:04:50,Credit Card,Pending,TPPAY0VDITCZFXS,0.0,0.0,INR
9106,9106,2026-08-05 17:46:53,UPI,Paid,TPPAYHKMTRN62KN,38862.0,0.0,INR
9107,9107,2026-08-05 04:21:46,UPI,Paid,TPPAYM21WOUXDV6,47880.0,0.0,INR
9108,9108,2023-12-14 14:06:20,UPI,Paid,TPPAYJDJAS9WTY8,21930.0,0.0,INR
9109,9109,2026-08-31 05:54:45,Credit Card,Paid,TPPAYPUMW28E9AQ,29679.0,0.0,INR
9110,9110,2026-07-28 08:23:36,UPI,Pending,TPPAYCJA5N24F0K,0.0,0.0,INR
9111,9111,2024-02-21 22:03:48,Credit Card,Paid,TPPAY9SI0BSHAN3,19152.0,0.0,INR
9112,9112,2026-08-27 14:55:28,UPI,Paid,TPPAYERJC8IIAEJ,64508.8,0.0,INR
9113,9113,2026-06-13 16:30:56,Wallet,Paid,TPPAYK72KD2SXO8,29240.0,0.0,INR
9114,9114,2026-07-17 03:14:24,Wallet,Paid,TPPAYOWRXBUAMBA,17646.0,0.0,INR
9115,9115,2025-01-14 13:15:38,Net Banking,Paid,TPPAY51BJTCZHH6,73977.45,0.0,INR
9116,9116,2025-01-08 07:57:06,Wallet,Refunded,TPPAYJPPAXS0F9X,60258.0,60258.0,INR
9117,9117,2026-06-29 19:46:38,Net Banking,Paid,TPPAYS26CXO0H0Y,33812.0,0.0,INR
9118,9118,2025-12-09 03:37:35,Wallet,Paid,TPPAY54UAIEB3P2,28065.0,0.0,INR
9119,9119,2025-12-18 12:07:54,Debit Card,Paid,TPPAYI1EWV6A2W6,25668.0,0.0,INR
9120,9120,2026-07-31 06:30:06,UPI,Paid,TPPAYBF8MLQ8169,24714.6,0.0,INR
9121,9121,2026-06-28 04:32:13,Net Banking,Paid,TPPAYFIF1P5BL3N,83056.0,0.0,INR
9122,9122,2024-02-03 18:47:46,UPI,Paid,TPPAY5ATWVM5S40,32961.0,0.0,INR
9123,9123,2026-06-15 20:08:45,UPI,Refunded,TPPAYYIISTWXAFV,32322.0,32322.0,INR
9124,9124,2024-10-25 16:00:42,UPI,Paid,TPPAYCBGXJRP8EJ,47677.65,0.0,INR
9125,9125,2023-11-04 23:10:30,Debit Card,Paid,TPPAYAFX38FGVHW,57296.0,0.0,INR
9126,9126,2024-01-22 07:34:21,UPI,Paid,TPPAYAQ5TG0B6G5,12192.3,0.0,INR
9127,9127,2025-05-31 12:39:49,Debit Card,Paid,TPPAYZHRRM9G1RQ,45041.4,0.0,INR
9128,9128,2024-09-10 04:23:37,UPI,Paid,TPPAY9MK7JJ2TPK,48644.0,0.0,INR
9129,9129,2026-06-16 23:58:43,Debit Card,Pending,TPPAYW6UG6IP8PN,0.0,0.0,INR
9130,9130,2026-08-16 21:41:58,Credit Card,Refunded,TPPAYODJA9XOGMF,14356.0,14356.0,INR
9131,9131,2026-06-29 18:40:15,Debit Card,Paid,TPPAY2BHLL813RN,33232.0,0.0,INR
9132,9132,2026-08-14 17:24:21,Debit Card,Paid,TPPAYOE2IIGMOCD,107880.0,0.0,INR
9133,9133,2026-08-10 20:31:29,Debit Card,Paid,TPPAYGT6Z8CZVJR,62006.0,0.0,INR
9134,9134,2025-09-12 09:59:44,Wallet,Paid,TPPAY8C9VR25VZ6,90828.0,0.0,INR
9135,9135,2026-06-23 12:43:06,Debit Card,Paid,TPPAY7XJF5NEPZ3,49465.0,0.0,INR
9136,9136,2025-12-23 10:20:14,Debit Card,Paid,TPPAY2F8L8VBSP2,24848.0,0.0,INR
9137,9137,2026-06-20 19:50:13,Wallet,Paid,TPPAY2WAR7VUFPX,21852.0,0.0,INR
9138,9138,2026-06-26 22:16:59,Net Banking,Paid,TPPAYHZN4XIMKUF,16222.0,0.0,INR
9139,9139,2026-02-18 08:21:29,Wallet,Paid,TPPAYQOCJCNNH6O,94640.0,0.0,INR
9140,9140,2026-09-06 18:38:56,UPI,Paid,TPPAYQSCBMVTOD3,66126.0,0.0,INR
9141,9141,2026-08-19 03:32:49,UPI,Pending,TPPAYJ6XCS7CZFQ,0.0,0.0,INR
9142,9142,2026-08-18 02:13:56,Credit Card,Paid,TPPAYI1Z9079FBI,28416.0,0.0,INR
9143,9143,2026-07-11 05:31:11,Credit Card,Paid,TPPAYKVZ80CMLW6,43096.0,0.0,INR
9144,9144,2025-05-05 06:53:53,Wallet,Paid,TPPAYJMTKFB08HL,49230.0,0.0,INR
9145,9145,2026-07-31 16:48:25,Credit Card,Paid,TPPAYPHWRH7VGI1,63882.0,0.0,INR
9146,9146,2024-02-09 12:04:44,UPI,Paid,TPPAYZ267TFAIOR,14219.65,0.0,INR
9147,9147,2023-12-06 16:37:50,Net Banking,Paid,TPPAY2398P6KJLY,60886.0,0.0,INR
9148,9148,2024-06-30 23:26:51,Debit Card,Paid,TPPAYNQZ62CTM78,80696.0,0.0,INR
9149,9149,2026-06-27 02:39:34,UPI,Paid,TPPAY0JEWZZM3BB,16661.1,0.0,INR
9150,9150,2023-12-13 14:53:43,Credit Card,Paid,TPPAYZ0FMD03LSI,60566.4,0.0,INR
9151,9151,2026-08-09 03:24:13,UPI,Paid,TPPAYM0LG4DIJ1J,22378.0,0.0,INR
9152,9152,2023-10-30 15:41:46,Credit Card,Paid,TPPAY9WAC5MTWHN,10841.0,0.0,INR
9153,9153,2024-04-25 03:32:47,UPI,Paid,TPPAYHW47LU1JEB,146420.0,0.0,INR
9154,9154,2025-11-25 21:06:32,Debit Card,Paid,TPPAYRZ241FK7LA,69754.5,0.0,INR
9155,9155,2026-07-10 11:56:43,Credit Card,Paid,TPPAYIRN74D8XHC,89734.5,0.0,INR
9156,9156,2026-06-13 22:55:13,UPI,Paid,TPPAY26Y304L5A6,11428.5,0.0,INR
9157,9157,2026-09-06 18:50:18,Net Banking,Paid,TPPAYY3YRXR7OBP,33351.0,0.0,INR
9158,9158,2026-07-07 06:56:28,Debit Card,Refunded,TPPAYBKZR37D15D,24125.0,24125.0,INR
9159,9159,2024-12-20 09:29:47,Net Banking,Paid,TPPAYZ9Y4IKH038,129175.0,0.0,INR
9160,9160,2024-04-04 01:16:03,UPI,Paid,TPPAYGHLNUZXAGE,35130.6,0.0,INR
9161,9161,2023-12-31 02:22:27,UPI,Paid,TPPAY7MYIIUYSBS,86226.0,0.0,INR
9162,9162,2026-08-22 23:52:03,Credit Card,Paid,TPPAY9ELYBK2NP9,121104.0,0.0,INR
9163,9163,2026-07-18 05:16:31,Credit Card,Paid,TPPAYXRFON3AWGO,14356.0,0.0,INR
9164,9164,2026-08-17 15:15:37,Debit Card,Pending,TPPAY6C4WZ262VL,0.0,0.0,INR
9165,9165,2024-05-01 23:05:21,UPI,Pending,TPPAYWIEUGDZBY2,33952.0,0.0,INR
9166,9166,2026-02-18 20:28:46,Debit Card,Paid,TPPAYRJQKXWTH0C,27047.2,0.0,INR
9167,9167,2026-04-26 05:46:23,Debit Card,Paid,TPPAYL0OWPN9ADN,22378.0,0.0,INR
9168,9168,2026-06-09 20:30:47,UPI,Paid,TPPAYUP3Y5B9WW2,57660.6,0.0,INR
9169,9169,2026-02-02 11:27:50,UPI,Paid,TPPAYL62EZQW3YL,45168.3,0.0,INR
9170,9170,2026-07-21 01:02:45,UPI,Paid,TPPAYJR1HQR9GQZ,16729.0,0.0,INR
9171,9171,2023-11-17 04:07:10,Net Banking,Paid,TPPAYYIBREDIE3T,68039.0,0.0,INR
9172,9172,2026-02-11 01:20:08,Credit Card,Paid,TPPAYPTQDNB51A1,55444.5,0.0,INR
9173,9173,2025-10-23 05:19:25,UPI,Paid,TPPAY8V3QVZX59Y,10774.0,0.0,INR
9174,9174,2026-09-06 22:57:01,UPI,Paid,TPPAY0CPY3SLVRD,42972.0,0.0,INR
9175,9175,2025-05-14 04:19:42,UPI,Paid,TPPAYSDXA7QR59K,21811.0,0.0,INR
9176,9176,2026-07-11 18:37:05,Debit Card,Paid,TPPAYC6HBRCMJMR,107669.2,0.0,INR
9177,9177,2026-03-31 05:45:57,Credit Card,Paid,TPPAY0BI1W7X79P,77962.0,0.0,INR
9178,9178,2026-09-04 21:09:06,Debit Card,Paid,TPPAYNW09AXU2ET,33648.0,0.0,INR
9179,9179,2026-09-02 01:26:55,Credit Card,Pending,TPPAYQ4IOOR78TW,0.0,0.0,INR
9180,9180,2026-02-12 10:37:16,Credit Card,Refunded,TPPAY31GJNES88N,20945.7,20945.7,INR
9181,9181,2025-04-07 11:42:56,UPI,Paid,TPPAYITH58FC2LF,32626.8,0.0,INR
9182,9182,2026-07-26 03:30:16,Credit Card,Paid,TPPAYOJXP3XHTTX,32132.0,0.0,INR
9183,9183,2026-06-24 00:01:49,Credit Card,Paid,TPPAY1N7QUBHNJF,30758.4,0.0,INR
9184,9184,2023-10-19 14:37:49,UPI,Paid,TPPAYOSY017SPH7,28648.0,0.0,INR
9185,9185,2026-01-14 19:38:58,Credit Card,Paid,TPPAYBYWEOGP5UR,20457.3,0.0,INR
9186,9186,2026-06-16 22:21:37,UPI,Pending,TPPAY8QTBTXBPFY,0.0,0.0,INR
9187,9187,2026-07-04 19:26:45,UPI,Paid,TPPAY9LOBPDA4CN,21534.0,0.0,INR
9188,9188,2026-03-18 05:47:20,Credit Card,Refunded,TPPAYM26ZTO2YEH,35348.0,35348.0,INR
9189,9189,2026-09-01 03:35:21,UPI,Paid,TPPAYSHVZKKXW7G,35890.0,0.0,INR
9190,9190,2024-01-04 07:56:55,Debit Card,Paid,TPPAY22U1SOITV9,13392.0,0.0,INR
9191,9191,2026-09-04 17:54:38,UPI,Paid,TPPAYO8ZAV0S14R,17646.0,0.0,INR
9192,9192,2026-02-05 06:43:03,UPI,Paid,TPPAYY17RXCIQAC,84880.0,0.0,INR
9193,9193,2026-07-30 16:29:50,UPI,Paid,TPPAYKKGT10RAO3,32254.4,0.0,INR
9194,9194,2026-08-06 19:48:52,UPI,Pending,TPPAYU1OTYVQEBR,0.0,0.0,INR
9195,9195,2026-08-05 15:44:42,UPI,Paid,TPPAY2OMCFFQO2M,38448.0,0.0,INR
9196,9196,2026-06-17 19:40:38,UPI,Paid,TPPAYVVLTFYJAZS,82467.6,0.0,INR
9197,9197,2026-08-24 03:12:27,Debit Card,Pending,TPPAYF5ZUHWYD29,0.0,0.0,INR
9198,9198,2023-09-26 18:17:43,Net Banking,Paid,TPPAYMOG5C460ZA,11853.0,0.0,INR
9199,9199,2025-08-31 15:28:43,UPI,Paid,TPPAYF5K6FW71AH,41891.4,0.0,INR
9200,9200,2026-08-02 13:50:27,Credit Card,Paid,TPPAY9NAUS8CGCU,86808.0,0.0,INR
9201,9201,2023-11-27 09:21:03,UPI,Paid,TPPAYHGR3V1UNE1,108510.0,0.0,INR
9202,9202,2026-08-29 08:50:35,UPI,Paid,TPPAYEJ84APEGP4,8453.0,0.0,INR
9203,9203,2024-11-25 18:42:19,Credit Card,Paid,TPPAY86IIV7O6WU,21817.8,0.0,INR
9204,9204,2026-07-13 20:17:37,Debit Card,Paid,TPPAYKX831R2J2R,29628.0,0.0,INR
9205,9205,2025-12-28 15:28:08,Credit Card,Paid,TPPAYV9QALF69LO,42972.0,0.0,INR
9206,9206,2024-06-30 10:35:59,UPI,Paid,TPPAYENJ1PQAZHL,36252.0,0.0,INR
9207,9207,2026-01-19 03:11:28,Net Banking,Paid,TPPAYZ7O0RUWTHD,49718.25,0.0,INR
9208,9208,2023-10-03 19:19:23,Debit Card,Refunded,TPPAYJF09XN0SFK,26469.0,26469.0,INR
9209,9209,2026-07-24 01:34:17,Credit Card,Paid,TPPAYQMNWS5EZVE,33480.0,0.0,INR
9210,9210,2025-08-22 11:24:47,Credit Card,Paid,TPPAYMIRFCZIBSJ,51745.0,0.0,INR
9211,9211,2025-05-24 08:51:51,Debit Card,Paid,TPPAYA6X0POZLUJ,107880.0,0.0,INR
9212,9212,2025-04-18 09:25:13,Debit Card,Paid,TPPAYGUP8VQSAYR,104274.0,0.0,INR
9213,9213,2025-09-28 11:21:28,Debit Card,Paid,TPPAYRSXQA5AZZB,114609.0,0.0,INR
9214,9214,2026-08-26 08:42:28,UPI,Refunded,TPPAYA9455EA4BW,87048.0,87048.0,INR
9215,9215,2026-07-19 01:31:16,Debit Card,Paid,TPPAYJG0Q6YPOJ7,90990.0,0.0,INR
9216,9216,2026-06-20 02:32:33,UPI,Paid,TPPAYKKPIC7TZ7X,68039.0,0.0,INR
9217,9217,2026-07-19 02:10:22,Credit Card,Paid,TPPAYORMF3LQNUL,36252.0,0.0,INR
9218,9218,2026-09-06 07:15:42,UPI,Pending,TPPAYAEXC1EDTLB,0.0,0.0,INR
9219,9219,2024-05-29 23:17:29,Debit Card,Paid,TPPAYIOJ7RZZ0D5,155924.0,0.0,INR
9220,9220,2026-08-15 19:59:26,Net Banking,Refunded,TPPAYN2DYGAVFPQ,57524.4,57524.4,INR
9221,9221,2026-07-10 14:11:19,UPI,Paid,TPPAYTDNK65XDAQ,56878.6,0.0,INR
9222,9222,2023-10-24 09:14:28,UPI,Paid,TPPAYX19VY9NGO5,54205.0,0.0,INR
9223,9223,2026-08-07 10:06:07,Credit Card,Paid,TPPAYUL7KRH88MR,56018.4,0.0,INR
9224,9224,2026-07-26 00:47:48,UPI,Paid,TPPAYMNJD0JYYQN,36252.0,0.0,INR
9225,9225,2024-03-04 01:01:13,Debit Card,Paid,TPPAY31AR5IKUHN,8395.15,0.0,INR
9226,9226,2024-11-29 05:07:11,Wallet,Paid,TPPAY0U4V5CS86P,21930.0,0.0,INR
9227,9227,2026-02-16 05:50:08,Wallet,Paid,TPPAYX55ERF93DA,75831.0,0.0,INR
9228,9228,2026-07-13 03:59:47,Credit Card,Paid,TPPAYIJYO98GKS5,33812.0,0.0,INR
9229,9229,2025-01-29 17:51:04,Wallet,Paid,TPPAYBKJ7BDRE52,103828.0,0.0,INR
9230,9230,2026-06-29 13:11:51,Debit Card,Paid,TPPAYYCX5HJMKTE,12722.4,0.0,INR
9231,9231,2026-07-11 08:40:20,Credit Card,Paid,TPPAYJ3IAY7V5S9,47880.0,0.0,INR
9232,9232,2026-07-26 09:47:38,UPI,Pending,TPPAYY4G6B32KB0,0.0,0.0,INR
9233,9233,2024-11-26 12:38:17,UPI,Paid,TPPAY59ZTZ1SKQB,13336.2,0.0,INR
9234,9234,2025-04-13 17:49:46,UPI,Paid,TPPAYMTRKFGAPQP,17088.0,0.0,INR
9235,9235,2023-09-24 01:51:59,Debit Card,Paid,TPPAYU20LKBOPL0,39384.0,0.0,INR
9236,9236,2026-07-06 06:37:04,Debit Card,Paid,TPPAYPB14RD3S8N,23212.0,0.0,INR
9237,9237,2024-06-17 16:11:26,UPI,Paid,TPPAY1WV9TSGP34,74748.0,0.0,INR
9238,9238,2024-02-25 16:33:49,Credit Card,Paid,TPPAYX3EMG92MKP,90828.0,0.0,INR
9239,9239,2026-06-30 09:44:35,Credit Card,Paid,TPPAYXHV0MYKSHK,16233.6,0.0,INR
9240,9240,2026-07-01 05:31:23,Credit Card,Paid,TPPAYUDILRUYAMY,10774.0,0.0,INR
9241,9241,2026-08-16 01:06:03,Net Banking,Paid,TPPAYLJP53RVPX7,33567.0,0.0,INR
9242,9242,2026-08-28 18:47:46,UPI,Pending,TPPAYMIMSF6ZP9H,0.0,0.0,INR
9243,9243,2026-08-13 06:57:38,Wallet,Paid,TPPAYIW7PI94P4E,80344.0,0.0,INR
9244,9244,2026-07-14 11:35:24,UPI,Paid,TPPAYLK2C3EHEMO,19384.0,0.0,INR
9245,9245,2026-08-02 23:56:02,Net Banking,Paid,TPPAYP2PGWUL65B,87244.0,0.0,INR
9246,9246,2026-06-10 07:35:44,Credit Card,Paid,TPPAYIH7NU3XRLK,23432.0,0.0,INR
9247,9247,2024-01-21 13:17:54,Credit Card,Paid,TPPAYYTJCGSH6PD,26511.0,0.0,INR
9248,9248,2026-08-17 23:07:22,Credit Card,Pending,TPPAY6E6FND1ZX3,0.0,0.0,INR
9249,9249,2026-07-20 10:24:04,Debit Card,Paid,TPPAYL78XDKJNM6,27688.8,0.0,INR
9250,9250,2025-12-09 14:01:11,UPI,Paid,TPPAYP3JCXEMGG1,111981.6,0.0,INR
9251,9251,2026-07-01 04:29:14,UPI,Paid,TPPAY9I160H6FZD,19178.0,0.0,INR
9252,9252,2024-06-14 18:24:27,Net Banking,Paid,TPPAYLTPWH55LP8,16839.0,0.0,INR
9253,9253,2025-06-10 04:03:37,Wallet,Refunded,TPPAYEZVS2NR9M0,20890.8,20890.8,INR
9254,9254,2024-10-09 17:42:07,UPI,Paid,TPPAYR8KW2VOJ6V,32778.0,0.0,INR
9255,9255,2026-06-12 18:44:14,Credit Card,Paid,TPPAYG3X9A9TVOO,24333.0,0.0,INR
9256,9256,2024-01-03 18:10:23,Credit Card,Paid,TPPAYRGTLO9RFLG,11373.0,0.0,INR
9257,9257,2026-08-29 20:52:46,UPI,Paid,TPPAYAMOOAVC2RA,21548.0,0.0,INR
9258,9258,2026-07-07 04:07:16,Credit Card,Paid,TPPAYJQRPQT5BPC,28065.0,0.0,INR
9259,9259,2026-08-05 16:14:13,UPI,Paid,TPPAYK1FFFDK42J,29089.8,0.0,INR
9260,9260,2026-07-28 05:29:02,Debit Card,Paid,TPPAYFTG1NMFJG6,81310.0,0.0,INR
9261,9261,2024-10-31 03:11:37,Credit Card,Paid,TPPAY4JY6YQ2IZK,162620.0,0.0,INR
9262,9262,2026-07-18 10:58:36,UPI,Paid,TPPAY4FRLXMWNFE,57165.0,0.0,INR
9263,9263,2026-07-18 09:24:42,Net Banking,Paid,TPPAYPPXXLQ36IP,99705.0,0.0,INR
9264,9264,2026-09-01 09:03:01,Credit Card,Paid,TPPAYGJWTNJ73AJ,118202.8,0.0,INR
9265,9265,2026-07-10 23:41:49,Debit Card,Paid,TPPAY4YZNRD3DWF,46148.0,0.0,INR
9266,9266,2026-07-26 04:36:24,Net Banking,Paid,TPPAY27BM77WSP4,99705.0,0.0,INR
9267,9267,2026-07-17 04:06:12,Credit Card,Paid,TPPAYVJ5NRFCOIL,138840.0,0.0,INR
9268,9268,2026-08-20 15:35:15,Credit Card,Pending,TPPAYRJ9957R3VD,0.0,0.0,INR
9269,9269,2025-05-02 10:52:06,Debit Card,Pending,TPPAYWE6LIQNU0D,79764.0,0.0,INR
9270,9270,2023-10-14 12:27:29,Net Banking,Paid,TPPAYIP5792KCQR,92560.0,0.0,INR
9271,9271,2025-11-25 03:33:19,Debit Card,Paid,TPPAYE16ZENN4N1,129175.0,0.0,INR
9272,9272,2026-06-30 00:10:14,Net Banking,Paid,TPPAYLM0KCY6GOP,79764.0,0.0,INR
9273,9273,2026-06-15 18:59:24,Debit Card,Paid,TPPAYRQY91J8QBR,47858.4,0.0,INR
9274,9274,2026-09-06 01:19:42,Credit Card,Paid,TPPAY95S0W9WQKP,114330.0,0.0,INR
9275,9275,2026-07-09 04:57:32,Credit Card,Paid,TPPAY7WLTXKJ8HA,27276.4,0.0,INR
9276,9276,2026-04-09 02:17:24,UPI,Paid,TPPAY2CAMT1BCK5,126385.0,0.0,INR
9277,9277,2026-06-30 23:28:42,Credit Card,Paid,TPPAYYLR1Y0OEUX,100870.0,0.0,INR
9278,9278,2026-06-17 02:52:49,UPI,Refunded,TPPAYW5TL5M9K2V,88632.9,88632.9,INR
9279,9279,2026-06-13 09:56:51,Net Banking,Paid,TPPAYYWCCCRDT6S,49230.0,0.0,INR
9280,9280,2026-08-16 15:06:04,Credit Card,Refunded,TPPAYU9Q1NV0VLG,21974.0,21974.0,INR
9281,9281,2026-06-24 08:55:02,UPI,Paid,TPPAYEJMCX4JCLS,56062.8,0.0,INR
9282,9282,2024-07-14 06:55:07,UPI,Paid,TPPAYML9NLW7PIV,60805.0,0.0,INR
9283,9283,2024-07-04 02:49:01,UPI,Paid,TPPAYIX0US1NW2B,13380.0,0.0,INR
9284,9284,2026-06-11 13:28:35,UPI,Paid,TPPAYSI8QPTFLCL,72626.4,0.0,INR
9285,9285,2026-08-04 11:47:24,UPI,Pending,TPPAYGIU8HF2TJB,0.0,0.0,INR
9286,9286,2026-06-23 19:00:17,UPI,Paid,TPPAY8ZW3WBEKMO,32778.0,0.0,INR
9287,9287,2026-09-05 10:17:04,Net Banking,Paid,TPPAY00U85U43TH,12052.8,0.0,INR
9288,9288,2026-07-13 15:31:54,Credit Card,Pending,TPPAYQYFZEE0GGP,0.0,0.0,INR
9289,9289,2025-07-17 13:14:27,UPI,Refunded,TPPAYD0S7IF262T,17674.0,17674.0,INR
9290,9290,2025-12-17 21:15:42,UPI,Paid,TPPAY7I0PA2ETIQ,9063.0,0.0,INR
9291,9291,2026-07-04 17:33:59,UPI,Paid,TPPAYYKZ3W1U318,90828.0,0.0,INR
9292,9292,2024-06-03 05:51:48,UPI,Paid,TPPAY4GY3YZ7A18,65433.0,0.0,INR
9293,9293,2024-01-21 17:57:22,Debit Card,Refunded,TPPAYII53AXA9HR,44518.5,44518.5,INR
9294,9294,2026-08-04 07:03:58,Net Banking,Paid,TPPAY2NPYYAXG7O,30108.0,0.0,INR
9295,9295,2026-08-04 20:55:57,Credit Card,Paid,TPPAYOQQYMH6ZZ9,8837.0,0.0,INR
9296,9296,2026-06-19 21:25:29,UPI,Paid,TPPAYVRSND66QZX,24153.6,0.0,INR
9297,9297,2024-07-28 09:15:42,UPI,Paid,TPPAYWQFG7S6DCY,29636.0,0.0,INR
9298,9298,2026-03-07 03:28:21,Credit Card,Paid,TPPAY3BO65D4LRQ,90990.0,0.0,INR
9299,9299,2026-08-09 00:03:02,Credit Card,Refunded,TPPAYX4KW41NU2Z,29897.1,29897.1,INR
9300,9300,2026-09-08 09:23:01,Debit Card,Paid,TPPAYNWJJDHWM1J,18045.0,0.0,INR
9301,9301,2026-06-11 21:53:24,Credit Card,Paid,TPPAYZPU06HE8Q2,155530.0,0.0,INR
9302,9302,2026-03-31 02:59:17,UPI,Paid,TPPAYH9TUQ8RBNJ,20088.0,0.0,INR
9303,9303,2024-09-28 03:14:06,Credit Card,Paid,TPPAYI6TPY1WC2S,48579.0,0.0,INR
9304,9304,2026-02-15 20:39:20,UPI,Paid,TPPAYDUM4M72OIZ,22823.1,0.0,INR
9305,9305,2026-07-30 14:53:02,Debit Card,Paid,TPPAYRO47PTANUW,23212.0,0.0,INR
9306,9306,2025-09-18 15:58:47,Debit Card,Paid,TPPAY491XATYFV8,30525.4,0.0,INR
9307,9307,2026-07-24 23:42:56,UPI,Paid,TPPAY6REMKH01LT,49284.0,0.0,INR
9308,9308,2026-07-28 12:55:02,UPI,Paid,TPPAYOW4AEJY4PK,12415.55,0.0,INR
9309,9309,2026-08-12 08:50:29,UPI,Refunded,TPPAYE107CV861O,32961.0,32961.0,INR
9310,9310,2026-02-22 09:18:21,Net Banking,Paid,TPPAYFYNUTUCH1F,35292.0,0.0,INR
9311,9311,2026-06-17 04:07:38,UPI,Pending,TPPAYYR4UK946RA,0.0,0.0,INR
9312,9312,2026-07-19 19:02:57,UPI,Paid,TPPAYD6EBBB0MFX,38304.0,0.0,INR
9313,9313,2025-07-20 19:18:01,Credit Card,Paid,TPPAY1HEQ2L1VV9,109055.0,0.0,INR
9314,9314,2025-07-13 04:39:45,Debit Card,Paid,TPPAYVO7PEHLWPD,41195.8,0.0,INR
9315,9315,2026-06-24 22:08:39,UPI,Pending,TPPAY18FV56DFEI,0.0,0.0,INR
9316,9316,2025-05-20 19:47:37,Credit Card,Paid,TPPAYD2X1JC5FVW,9355.0,0.0,INR
9317,9317,2024-10-06 15:49:28,Wallet,Paid,TPPAYXS6NLS3WOM,32160.0,0.0,INR
9318,9318,2026-04-28 13:11:48,Debit Card,Paid,TPPAY14TX78WDQB,114991.8,0.0,INR
9319,9319,2026-08-18 12:38:11,Debit Card,Paid,TPPAYKATOSN93NF,93364.0,0.0,INR
9320,9320,2026-08-10 00:52:37,Debit Card,Pending,TPPAYZHX8E48FR3,0.0,0.0,INR
9321,9321,2025-02-14 18:00:05,UPI,Refunded,TPPAYGL0WDDQNOG,20934.0,20934.0,INR
9322,9322,2026-07-03 14:01:16,Credit Card,Pending,TPPAYB58AO6WAA0,0.0,0.0,INR
9323,9323,2026-08-04 17:34:13,Credit Card,Pending,TPPAYT2IV9O1CP7,0.0,0.0,INR
9324,9324,2026-09-07 04:03:50,Debit Card,Paid,TPPAYJ3P9YPENUG,32386.0,0.0,INR
9325,9325,2026-07-26 11:50:21,Credit Card,Paid,TPPAYWGNF1FUHCV,23116.35,0.0,INR
9326,9326,2024-02-01 06:44:27,Credit Card,Refunded,TPPAY44VZ0D1RMT,76220.0,76220.0,INR
9327,9327,2026-07-10 19:57:15,UPI,Refunded,TPPAYZ2LILCAWJC,21930.0,21930.0,INR
9328,9328,2025-12-03 11:00:59,Net Banking,Paid,TPPAYQNE9YRK14T,76790.0,0.0,INR
9329,9329,2025-05-11 22:39:48,UPI,Paid,TPPAYQM1ZC17H0L,70165.8,0.0,INR
9330,9330,2025-04-25 12:26:19,Net Banking,Paid,TPPAYR139S8TJGJ,37045.0,0.0,INR
9331,9331,2023-12-26 15:52:12,Net Banking,Paid,TPPAYDHAW1E15UM,52335.0,0.0,INR
9332,9332,2026-06-23 23:01:37,UPI,Paid,TPPAYK1HI02QI8Y,30716.0,0.0,INR
9333,9333,2026-06-16 06:41:13,Credit Card,Paid,TPPAY3KMV9MDGJU,62292.0,0.0,INR
9334,9334,2026-06-14 17:35:26,UPI,Paid,TPPAYC0U3G20LEG,139032.0,0.0,INR
9335,9335,2025-07-22 01:56:28,Credit Card,Paid,TPPAYV59T5871L8,126385.0,0.0,INR
9336,9336,2026-08-22 03:27:11,UPI,Paid,TPPAYQ787YZI96S,40555.0,0.0,INR
9337,9337,2026-08-18 13:32:07,Net Banking,Paid,TPPAYW1WEVSDB7E,17807.4,0.0,INR
9338,9338,2026-06-22 07:18:23,Credit Card,Paid,TPPAYAD0LC378LI,103852.0,0.0,INR
9339,9339,2026-07-17 02:27:42,Credit Card,Paid,TPPAYZYP3ACEM6O,116151.0,0.0,INR
9340,9340,2024-04-06 20:06:40,Debit Card,Refunded,TPPAYZDKKTI4HVF,49465.0,49465.0,INR
9341,9341,2026-06-16 10:49:32,Wallet,Paid,TPPAYYAY8WF0SIL,77505.0,0.0,INR
9342,9342,2026-08-02 01:24:06,Credit Card,Pending,TPPAYSWCKIJEQ8P,0.0,0.0,INR
9343,9343,2026-06-28 10:25:04,UPI,Paid,TPPAYIMILQRRM6Z,131778.0,0.0,INR
9344,9344,2026-08-29 03:25:05,UPI,Paid,TPPAYAVE28CYUVZ,25359.0,0.0,INR
9345,9345,2026-06-28 22:45:42,UPI,Paid,TPPAYVJ3OWUOVYG,16080.0,0.0,INR
9346,9346,2023-09-19 05:24:49,Credit Card,Paid,TPPAYQY4WS5UCLB,29452.85,0.0,INR
9347,9347,2023-10-31 02:31:02,Net Banking,Refunded,TPPAYYWDV579YDE,22221.0,22221.0,INR
9348,9348,2025-09-09 22:43:29,Debit Card,Paid,TPPAYN7YQFAVDOQ,20698.0,0.0,INR
9349,9349,2025-07-23 22:03:01,UPI,Paid,TPPAY3GYT006ORH,27108.0,0.0,INR
9350,9350,2026-06-19 09:15:46,Net Banking,Paid,TPPAY4F1YRR88TR,118354.8,0.0,INR
9351,9351,2026-01-13 13:19:44,UPI,Paid,TPPAYIHPSIFL7KA,89900.0,0.0,INR
9352,9352,2026-08-14 09:03:32,Debit Card,Paid,TPPAY27B65C8KS9,77962.0,0.0,INR
9353,9353,2026-09-03 15:55:36,Credit Card,Pending,TPPAYOAVV2BI283,0.0,0.0,INR
9354,9354,2025-12-15 10:04:19,Net Banking,Refunded,TPPAYSTABWAEXLH,46424.0,46424.0,INR
9355,9355,2024-12-29 19:12:29,UPI,Paid,TPPAYZPWWL536OZ,34891.2,0.0,INR
9356,9356,2026-07-28 23:13:44,Wallet,Paid,TPPAYAJ76EXX5RC,64458.0,0.0,INR
9357,9357,2026-08-13 22:07:33,UPI,Paid,TPPAY9QFR57ECWU,18944.0,0.0,INR
9358,9358,2026-07-07 06:43:01,Credit Card,Paid,TPPAYO9WB6H4TI5,33450.0,0.0,INR
9359,9359,2026-07-25 07:08:25,Net Banking,Pending,TPPAYCNP5HY0M3X,0.0,0.0,INR
9360,9360,2026-06-28 23:33:53,UPI,Paid,TPPAYD1DIQEXUYK,56061.0,0.0,INR
9361,9361,2026-07-03 11:35:16,Net Banking,Refunded,TPPAYF1K57XPLQT,14356.0,14356.0,INR
9362,9362,2026-08-24 12:09:12,Credit Card,Pending,TPPAYNXXSVFCAR2,0.0,0.0,INR
9363,9363,2025-10-21 17:32:56,Credit Card,Paid,TPPAYRFC8XTBPU6,9472.0,0.0,INR
9364,9364,2026-06-23 00:28:39,Credit Card,Paid,TPPAYM044HA7EVX,33567.0,0.0,INR
9365,9365,2026-05-20 06:09:15,UPI,Paid,TPPAYBW2UJHN52T,162620.0,0.0,INR
9366,9366,2026-08-23 15:51:23,UPI,Paid,TPPAYYMXL3G0XY3,15903.5,0.0,INR
9367,9367,2026-07-30 04:27:23,Credit Card,Paid,TPPAYAZRSL21FZ0,25632.0,0.0,INR
9368,9368,2026-09-08 15:57:31,Debit Card,Paid,TPPAY3ACHCT4263,48579.0,0.0,INR
9369,9369,2025-03-26 10:09:16,UPI,Paid,TPPAY4IMSY2VYX3,61533.4,0.0,INR
9370,9370,2026-06-24 14:28:01,UPI,Paid,TPPAYXKH6VOBFZO,33952.0,0.0,INR
9371,9371,2026-07-20 11:09:22,Net Banking,Paid,TPPAYMO86DB4ZG8,147124.6,0.0,INR
9372,9372,2025-11-20 01:31:04,Debit Card,Paid,TPPAYR8N8PG3N1U,137530.8,0.0,INR
9373,9373,2026-05-19 07:33:58,Credit Card,Paid,TPPAYX0AOQ2A3UO,82887.3,0.0,INR
9374,9374,2024-09-27 03:55:39,Net Banking,Paid,TPPAY0I3HXXAIPB,139099.0,0.0,INR
9375,9375,2026-07-07 06:52:51,UPI,Paid,TPPAYUWLCU83ND5,19296.0,0.0,INR
9376,9376,2025-02-10 02:33:52,UPI,Paid,TPPAYCN3383E0TI,36963.0,0.0,INR
9377,9377,2026-07-13 13:10:37,Debit Card,Paid,TPPAY3EDQT1YO0E,154868.0,0.0,INR
9378,9378,2026-06-17 08:13:49,Debit Card,Paid,TPPAYAVGBCTAQCX,67836.0,0.0,INR
9379,9379,2024-11-05 04:33:58,UPI,Paid,TPPAY7LL235VRD5,10437.65,0.0,INR
9380,9380,2024-12-01 04:11:35,Debit Card,Paid,TPPAYKYD2QS0DVC,40555.0,0.0,INR
9381,9381,2026-08-09 05:22:39,Credit Card,Paid,TPPAYJDWLKRY09W,45180.0,0.0,INR
9382,9382,2026-04-17 11:20:44,UPI,Paid,TPPAYQRGICXB59A,100870.0,0.0,INR
9383,9383,2026-08-26 13:39:09,Net Banking,Paid,TPPAYABQBFR36HS,73474.0,0.0,INR
9384,9384,2024-10-31 03:11:42,Credit Card,Paid,TPPAYBTA7XDMC3X,42972.0,0.0,INR
9385,9385,2026-07-07 18:17:39,Wallet,Paid,TPPAYEYOVMHFC44,42720.0,0.0,INR
9386,9386,2026-03-07 04:02:45,Net Banking,Paid,TPPAY2DXHKEELEE,50877.0,0.0,INR
9387,9387,2026-08-20 09:51:00,Credit Card,Paid,TPPAY1KZCY341F0,28728.0,0.0,INR
9388,9388,2026-07-18 05:12:59,UPI,Paid,TPPAYKU6M0FPKQT,109815.0,0.0,INR
9389,9389,2026-07-12 07:30:01,UPI,Paid,TPPAYYNBWNB9752,75482.0,0.0,INR
9390,9390,2026-07-17 13:35:50,Debit Card,Paid,TPPAY1P8OUTSNKM,43622.0,0.0,INR
9391,9391,2025-05-27 13:55:48,UPI,Paid,TPPAYQCC05BF032,15022.9,0.0,INR
9392,9392,2026-06-24 16:51:23,UPI,Paid,TPPAY3X4UHPFS6L,28447.2,0.0,INR
9393,9393,2023-11-25 22:55:52,UPI,Paid,TPPAY1YE2AFV7A5,39384.0,0.0,INR
9394,9394,2026-06-17 13:41:45,UPI,Paid,TPPAYO8RC49M3LE,87244.0,0.0,INR
9395,9395,2026-07-31 20:50:02,Debit Card,Paid,TPPAY6U4812NQNH,36366.0,0.0,INR
9396,9396,2026-07-14 08:29:43,UPI,Paid,TPPAYPOOCY7V5QN,35890.0,0.0,INR
9397,9397,2026-08-14 01:15:47,Credit Card,Paid,TPPAYXJHLACN6DM,19998.9,0.0,INR
9398,9398,2025-09-20 00:12:48,UPI,Paid,TPPAYK0I7OUDV8Q,55585.0,0.0,INR
9399,9399,2026-09-01 11:24:25,UPI,Paid,TPPAYZ2V9TG4JG0,43622.0,0.0,INR
9400,9400,2025-07-31 06:08:17,Credit Card,Paid,TPPAYC40IN461S5,18687.0,0.0,INR
9401,9401,2026-06-30 08:07:49,UPI,Paid,TPPAY6YBJNE1W6T,16772.4,0.0,INR
9402,9402,2025-09-22 10:15:07,UPI,Paid,TPPAYPBRMNBLGZS,24322.0,0.0,INR
9403,9403,2026-07-01 23:20:00,Net Banking,Refunded,TPPAY4GD362G9RB,21208.8,21208.8,INR
9404,9404,2026-08-10 12:25:21,UPI,Paid,TPPAYYUUT4Q735C,25908.0,0.0,INR
9405,9405,2025-11-07 19:11:49,UPI,Refunded,TPPAYGYWFDVGSMH,35292.0,35292.0,INR
9406,9406,2025-09-21 09:32:40,Credit Card,Paid,TPPAY1AY2GRMXAB,11428.5,0.0,INR
9407,9407,2026-07-19 10:57:19,Credit Card,Paid,TPPAYERZZA9PWME,32961.0,0.0,INR
9408,9408,2024-09-02 19:27:21,Wallet,Paid,TPPAYDQ35RPV1DT,64770.0,0.0,INR
9409,9409,2026-08-23 04:22:59,UPI,Paid,TPPAY2SH05CP8K9,37374.0,0.0,INR
9410,9410,2023-11-23 15:44:35,UPI,Paid,TPPAY2XYVQY5PKR,19692.0,0.0,INR
9411,9411,2026-03-28 00:13:50,Credit Card,Refunded,TPPAYKFUBR715ZO,80496.0,80496.0,INR
9412,9412,2026-08-13 20:25:04,Debit Card,Paid,TPPAYRKM2MB6NLV,29507.0,0.0,INR
9413,9413,2023-12-07 21:12:39,UPI,Paid,TPPAYQPCPFBLN4C,14818.0,0.0,INR
9414,9414,2026-07-07 08:28:11,UPI,Paid,TPPAYZAZVM7EW0M,99705.0,0.0,INR
9415,9415,2023-12-17 04:59:54,UPI,Paid,TPPAYA42D90H1QQ,138840.0,0.0,INR
9416,9416,2026-07-08 02:44:12,UPI,Pending,TPPAYPTF9EO5P3O,0.0,0.0,INR
9417,9417,2026-08-14 13:04:50,Credit Card,Paid,TPPAYN413HD4F6L,16080.0,0.0,INR
9418,9418,2026-07-25 12:15:41,Credit Card,Paid,TPPAYDFCD1QMSL2,42901.2,0.0,INR
9419,9419,2026-08-14 21:32:25,Credit Card,Paid,TPPAYC124NGW2U0,38304.0,0.0,INR
9420,9420,2025-03-14 05:28:02,UPI,Paid,TPPAYTMS6L0B4BF,80496.0,0.0,INR
9421,9421,2026-08-23 15:31:19,UPI,Paid,TPPAYACGGJSNW1O,28648.0,0.0,INR
9422,9422,2026-07-18 20:25:32,UPI,Paid,TPPAY22MKYEOFGO,29679.0,0.0,INR
9423,9423,2026-07-26 16:26:40,Debit Card,Paid,TPPAYWKEJKRKKTS,26584.2,0.0,INR
9424,9424,2026-09-04 22:36:41,Credit Card,Paid,TPPAYUQ21QR025E,35890.0,0.0,INR
9425,9425,2025-10-12 05:10:26,Net Banking,Paid,TPPAYCWMW124SCW,33678.0,0.0,INR
9426,9426,2026-08-30 18:44:05,Wallet,Paid,TPPAYEAM0XYDY85,75831.0,0.0,INR
9427,9427,2025-02-27 12:24:46,Credit Card,Paid,TPPAYK2RTFLA6S5,49039.0,0.0,INR
9428,9428,2026-06-22 09:32:24,Net Banking,Paid,TPPAYC8BBKZZA6V,28648.0,0.0,INR
9429,9429,2026-08-05 12:09:47,Net Banking,Paid,TPPAY0Z65GKENJQ,46768.5,0.0,INR
9430,9430,2024-04-25 21:52:02,Debit Card,Paid,TPPAY55L17H9P5B,59823.0,0.0,INR
9431,9431,2026-07-15 05:44:16,UPI,Paid,TPPAYVHRXA59F1D,108510.0,0.0,INR
9432,9432,2026-08-29 01:22:31,UPI,Paid,TPPAYDE0A2FK6HS,19178.0,0.0,INR
9433,9433,2026-01-25 06:24:26,Debit Card,Paid,TPPAYOYMTOEFUNR,32132.0,0.0,INR
9434,9434,2025-10-03 06:09:44,Debit Card,Paid,TPPAYA10Q3PU744,29679.0,0.0,INR
9435,9435,2026-07-21 02:29:19,Credit Card,Paid,TPPAYLCE52O48W0,38768.0,0.0,INR
9436,9436,2025-10-06 10:40:31,UPI,Paid,TPPAYI6BMZN36FX,74748.0,0.0,INR
9437,9437,2026-06-25 17:58:16,Net Banking,Paid,TPPAY2TIAV6QPC4,43948.0,0.0,INR
9438,9438,2026-07-30 06:27:58,Debit Card,Paid,TPPAY7W15YQD453,51914.0,0.0,INR
9439,9439,2024-05-17 08:45:24,Debit Card,Paid,TPPAYYMLPA2UTJR,79764.0,0.0,INR
9440,9440,2025-02-16 08:19:12,Debit Card,Paid,TPPAY8WFSFUEJMF,93364.0,0.0,INR
9441,9441,2026-09-04 12:46:42,Credit Card,Paid,TPPAYMM2G9IG0V3,68421.6,0.0,INR
9442,9442,2026-07-01 13:39:24,UPI,Paid,TPPAY4WVCU3K9M2,41868.0,0.0,INR
9443,9443,2026-08-08 15:48:19,UPI,Paid,TPPAYBZERVH42VJ,51620.0,0.0,INR
9444,9444,2026-06-26 05:54:40,Credit Card,Paid,TPPAY3K05RYBIPS,12905.0,0.0,INR
9445,9445,2026-08-23 18:43:52,Net Banking,Paid,TPPAYYKIWTNIJKF,58294.8,0.0,INR
9446,9446,2026-07-29 21:10:12,Wallet,Paid,TPPAYT3PHXZYJLR,99189.0,0.0,INR
9447,9447,2025-02-27 20:18:46,UPI,Paid,TPPAY5UKY1EQ3NQ,65949.0,0.0,INR
9448,9448,2025-04-18 10:02:11,UPI,Paid,TPPAY016NY75ZN1,74063.9,0.0,INR
9449,9449,2024-06-08 06:57:45,Credit Card,Paid,TPPAYHCAESNFUUL,121686.0,0.0,INR
9450,9450,2026-08-15 09:20:00,UPI,Pending,TPPAYCJ4AWZDJ9H,0.0,0.0,INR
9451,9451,2024-01-27 00:15:43,UPI,Pending,TPPAYII7SHPHNXK,60552.0,0.0,INR
