review_id,booking_id,rating,review_title,review_comment,review_date
1,3,4,Memorable Journey,The trip was very well organized.,2023-11-23
2,4,3,Memorable Journey,Enjoyed every moment of the journey.,2025-04-11
3,6,5,Highly Recommended,Food and accommodation exceeded expectations.,2024-01-17
4,7,5,Excellent Service,Everything was professionally managed.,2026-09-10
5,10,3,Worth Every Penny,Hotels and transportation were excellent.,2026-08-14
6,11,5,Excellent Service,Great itinerary and good value for money.,2026-03-28
7,12,5,Could Be Better,Will definitely travel again with TripPulse.,2026-09-05
8,14,4,Fantastic Trip,Overall a fantastic experience.,2026-09-02
9,16,4,Highly Recommended,The trip was very well organized.,2025-10-18
10,20,4,Fantastic Trip,Trip leader was extremely helpful.,2025-05-13
11,24,3,Excellent Service,Food and accommodation exceeded expectations.,2024-09-04
12,25,4,Worth Every Penny,Will definitely travel again with TripPulse.,2023-12-18
13,29,4,Wonderful Trip,The trip was very well organized.,2025-12-25
14,30,5,Good Experience,Overall a fantastic experience.,2025-09-09
15,34,3,Worth Every Penny,Food and accommodation exceeded expectations.,2026-08-06
16,35,5,Worth Every Penny,Beautiful destination and smooth experience.,2026-05-09
17,36,5,Amazing Experience,Hotels and transportation were excellent.,2025-11-13
18,38,5,Amazing Experience,Hotels and transportation were excellent.,2024-06-18
19,40,2,Could Be Better,Will definitely travel again with TripPulse.,2026-01-11
20,41,5,Amazing Experience,Great itinerary and good value for money.,2026-09-16
21,43,5,Could Be Better,Food and accommodation exceeded expectations.,2024-09-07
22,44,4,Fantastic Trip,Food and accommodation exceeded expectations.,2026-08-25
23,45,3,Wonderful Trip,Trip leader was extremely helpful.,2024-12-02
24,47,5,Highly Recommended,The trip was very well organized.,2025-12-05
25,48,5,Worth Every Penny,Beautiful destination and smooth experience.,2024-08-29
26,50,4,Highly Recommended,Everything was professionally managed.,2024-08-08
27,51,5,Highly Recommended,Will definitely travel again with TripPulse.,2024-06-11
28,54,3,Fantastic Trip,Trip leader was extremely helpful.,2026-04-04
29,55,5,Amazing Experience,Will definitely travel again with TripPulse.,2025-09-04
30,58,4,Good Experience,Will definitely travel again with TripPulse.,2026-06-01
31,59,4,Great Value,Beautiful destination and smooth experience.,2024-01-01
32,60,4,Excellent Service,Enjoyed every moment of the journey.,2025-01-01
33,63,5,Excellent Service,Will definitely travel again with TripPulse.,2025-06-14
34,64,5,Could Be Better,Trip leader was extremely helpful.,2026-01-06
35,65,4,Worth Every Penny,Food and accommodation exceeded expectations.,2023-11-09
36,66,5,Highly Recommended,Will definitely travel again with TripPulse.,2025-01-31
37,68,5,Good Experience,Enjoyed every moment of the journey.,2026-09-04
38,70,5,Worth Every Penny,Overall a fantastic experience.,2023-12-22
39,71,5,Highly Recommended,Beautiful destination and smooth experience.,2026-07-07
40,72,4,Highly Recommended,The trip was very well organized.,2024-01-22
41,74,5,Fantastic Trip,Beautiful destination and smooth experience.,2025-07-17
42,75,5,Wonderful Trip,Hotels and transportation were excellent.,2025-04-04
43,80,3,Memorable Journey,Will definitely travel again with TripPulse.,2024-03-03
44,81,3,Highly Recommended,Beautiful destination and smooth experience.,2024-04-02
45,82,3,Highly Recommended,Trip leader was extremely helpful.,2025-02-14
46,83,5,Amazing Experience,Beautiful destination and smooth experience.,2026-08-27
47,86,5,Highly Recommended,Will definitely travel again with TripPulse.,2024-11-29
48,87,4,Excellent Service,The trip was very well organized.,2026-07-26
49,88,5,Highly Recommended,Enjoyed every moment of the journey.,2024-09-12
50,94,5,Highly Recommended,Will definitely travel again with TripPulse.,2026-01-16
51,95,3,Memorable Journey,Enjoyed every moment of the journey.,2026-08-08
52,98,4,Could Be Better,Enjoyed every moment of the journey.,2025-05-07
53,102,4,Memorable Journey,Everything was professionally managed.,2026-09-08
54,103,2,Good Experience,The trip was very well organized.,2025-08-09
55,109,3,Good Experience,Food and accommodation exceeded expectations.,2026-03-04
56,110,3,Worth Every Penny,Food and accommodation exceeded expectations.,2026-09-08
57,116,5,Fantastic Trip,Enjoyed every moment of the journey.,2024-02-06
58,119,5,Memorable Journey,Trip leader was extremely helpful.,2026-07-08
59,122,5,Could Be Better,Hotels and transportation were excellent.,2026-09-09
60,123,3,Amazing Experience,Overall a fantastic experience.,2025-04-15
61,124,5,Wonderful Trip,Overall a fantastic experience.,2025-01-02
62,128,3,Wonderful Trip,Trip leader was extremely helpful.,2025-11-06
63,129,4,Excellent Service,Everything was professionally managed.,2026-01-30
64,130,5,Could Be Better,Enjoyed every moment of the journey.,2023-12-13
65,131,5,Memorable Journey,Great itinerary and good value for money.,2025-01-14
66,136,3,Fantastic Trip,Trip leader was extremely helpful.,2024-03-27
67,137,4,Could Be Better,The trip was very well organized.,2026-07-22
68,138,3,Good Experience,Everything was professionally managed.,2026-08-11
69,140,4,Good Experience,Will definitely travel again with TripPulse.,2026-08-31
70,142,4,Good Experience,Everything was professionally managed.,2024-06-30
71,145,3,Amazing Experience,Great itinerary and good value for money.,2024-08-15
72,146,5,Great Value,Enjoyed every moment of the journey.,2025-10-10
73,147,5,Highly Recommended,Beautiful destination and smooth experience.,2026-08-27
74,148,5,Worth Every Penny,The trip was very well organized.,2026-02-27
75,149,5,Highly Recommended,Food and accommodation exceeded expectations.,2025-06-02
76,153,5,Highly Recommended,Food and accommodation exceeded expectations.,2025-03-18
77,158,5,Amazing Experience,Beautiful destination and smooth experience.,2025-05-01
78,160,5,Great Value,Beautiful destination and smooth experience.,2026-07-03
79,161,1,Amazing Experience,Trip leader was extremely helpful.,2026-08-10
80,162,4,Fantastic Trip,Overall a fantastic experience.,2023-09-26
81,165,5,Amazing Experience,Trip leader was extremely helpful.,2025-11-30
82,166,5,Amazing Experience,Trip leader was extremely helpful.,2025-01-05
83,167,5,Excellent Service,The trip was very well organized.,2025-10-10
84,168,5,Memorable Journey,Will definitely travel again with TripPulse.,2024-09-30
85,169,4,Good Experience,Enjoyed every moment of the journey.,2023-11-22
86,171,4,Great Value,Enjoyed every moment of the journey.,2026-06-12
87,174,5,Amazing Experience,Beautiful destination and smooth experience.,2024-08-03
88,176,3,Fantastic Trip,Overall a fantastic experience.,2025-10-07
89,177,1,Could Be Better,The trip was very well organized.,2026-03-20
90,178,4,Wonderful Trip,Will definitely travel again with TripPulse.,2026-09-03
91,182,5,Memorable Journey,Great itinerary and good value for money.,2024-04-11
92,184,5,Wonderful Trip,Enjoyed every moment of the journey.,2025-10-03
93,192,5,Good Experience,Great itinerary and good value for money.,2023-11-30
94,193,5,Great Value,The trip was very well organized.,2024-06-14
95,194,5,Wonderful Trip,Everything was professionally managed.,2026-09-06
96,197,3,Could Be Better,Food and accommodation exceeded expectations.,2023-11-08
97,198,2,Excellent Service,Everything was professionally managed.,2026-04-03
98,200,4,Good Experience,Enjoyed every moment of the journey.,2025-12-08
99,203,4,Good Experience,The trip was very well organized.,2026-08-18
100,204,5,Fantastic Trip,The trip was very well organized.,2026-08-17
101,205,3,Worth Every Penny,Everything was professionally managed.,2023-12-27
102,206,3,Worth Every Penny,Hotels and transportation were excellent.,2026-01-21
103,207,5,Wonderful Trip,Great itinerary and good value for money.,2025-12-19
104,209,1,Wonderful Trip,Beautiful destination and smooth experience.,2026-08-23
105,211,5,Excellent Service,Overall a fantastic experience.,2026-08-03
106,215,3,Amazing Experience,Hotels and transportation were excellent.,2024-09-06
107,216,5,Amazing Experience,Hotels and transportation were excellent.,2026-08-23
108,218,5,Wonderful Trip,Hotels and transportation were excellent.,2025-06-22
109,220,2,Amazing Experience,The trip was very well organized.,2023-12-04
110,221,4,Good Experience,Great itinerary and good value for money.,2025-10-14
111,223,4,Good Experience,Food and accommodation exceeded expectations.,2026-08-23
112,224,5,Highly Recommended,Trip leader was extremely helpful.,2026-07-09
113,234,4,Highly Recommended,Overall a fantastic experience.,2025-07-17
114,235,4,Good Experience,Trip leader was extremely helpful.,2026-08-28
115,236,4,Could Be Better,Trip leader was extremely helpful.,2024-02-16
116,239,5,Wonderful Trip,The trip was very well organized.,2025-09-06
117,240,5,Could Be Better,Food and accommodation exceeded expectations.,2024-05-29
118,241,5,Fantastic Trip,Overall a fantastic experience.,2026-07-21
119,242,4,Amazing Experience,The trip was very well organized.,2026-09-12
120,246,1,Amazing Experience,Everything was professionally managed.,2023-11-17
121,247,5,Good Experience,Great itinerary and good value for money.,2026-05-21
122,248,4,Fantastic Trip,Will definitely travel again with TripPulse.,2026-03-09
123,250,4,Could Be Better,Will definitely travel again with TripPulse.,2024-05-20
124,252,4,Fantastic Trip,Food and accommodation exceeded expectations.,2026-07-11
125,253,5,Worth Every Penny,Hotels and transportation were excellent.,2026-08-25
126,255,5,Wonderful Trip,The trip was very well organized.,2024-02-16
127,257,4,Excellent Service,Beautiful destination and smooth experience.,2026-05-19
128,258,4,Great Value,Great itinerary and good value for money.,2025-07-27
129,260,4,Fantastic Trip,Food and accommodation exceeded expectations.,2024-08-16
130,261,5,Good Experience,Great itinerary and good value for money.,2025-09-26
131,263,5,Could Be Better,Great itinerary and good value for money.,2026-04-25
132,266,4,Great Value,Will definitely travel again with TripPulse.,2026-01-11
133,267,4,Amazing Experience,Enjoyed every moment of the journey.,2026-08-26
134,271,4,Good Experience,Trip leader was extremely helpful.,2024-07-23
135,272,5,Highly Recommended,Great itinerary and good value for money.,2026-09-10
136,273,2,Highly Recommended,Enjoyed every moment of the journey.,2026-01-28
137,275,4,Wonderful Trip,Enjoyed every moment of the journey.,2025-01-22
138,280,5,Memorable Journey,Trip leader was extremely helpful.,2026-05-18
139,284,5,Amazing Experience,Everything was professionally managed.,2024-10-27
140,286,5,Good Experience,Everything was professionally managed.,2025-12-18
141,287,3,Wonderful Trip,Enjoyed every moment of the journey.,2024-04-08
142,289,5,Could Be Better,Food and accommodation exceeded expectations.,2026-08-26
143,290,3,Memorable Journey,Trip leader was extremely helpful.,2024-06-01
144,291,5,Excellent Service,Enjoyed every moment of the journey.,2025-08-31
145,292,5,Amazing Experience,Enjoyed every moment of the journey.,2026-08-03
146,293,5,Fantastic Trip,The trip was very well organized.,2023-12-09
147,295,5,Excellent Service,The trip was very well organized.,2026-05-02
148,299,5,Fantastic Trip,Everything was professionally managed.,2025-05-25
149,301,5,Fantastic Trip,The trip was very well organized.,2025-02-27
150,302,5,Great Value,Trip leader was extremely helpful.,2025-11-27
151,303,4,Great Value,Overall a fantastic experience.,2026-08-06
152,307,3,Could Be Better,Food and accommodation exceeded expectations.,2024-03-08
153,308,5,Fantastic Trip,Food and accommodation exceeded expectations.,2026-07-19
154,312,3,Excellent Service,Hotels and transportation were excellent.,2026-04-20
155,319,5,Worth Every Penny,Food and accommodation exceeded expectations.,2025-08-26
156,323,5,Could Be Better,Food and accommodation exceeded expectations.,2025-10-22
157,324,5,Great Value,Beautiful destination and smooth experience.,2024-04-09
158,326,2,Good Experience,Overall a fantastic experience.,2026-08-26
159,328,5,Good Experience,Great itinerary and good value for money.,2024-09-28
160,329,3,Could Be Better,Enjoyed every moment of the journey.,2026-08-22
161,330,4,Fantastic Trip,Overall a fantastic experience.,2024-10-05
162,333,5,Memorable Journey,Enjoyed every moment of the journey.,2026-04-22
163,335,2,Wonderful Trip,Everything was professionally managed.,2025-08-18
164,337,4,Could Be Better,Beautiful destination and smooth experience.,2024-10-04
165,339,4,Wonderful Trip,Trip leader was extremely helpful.,2026-08-22
166,341,5,Highly Recommended,Beautiful destination and smooth experience.,2026-07-31
167,344,1,Amazing Experience,Hotels and transportation were excellent.,2025-02-03
168,347,4,Excellent Service,Overall a fantastic experience.,2025-06-26
169,349,4,Memorable Journey,Will definitely travel again with TripPulse.,2026-09-12
170,350,4,Fantastic Trip,Enjoyed every moment of the journey.,2024-02-25
171,351,5,Amazing Experience,Beautiful destination and smooth experience.,2026-07-26
172,352,3,Memorable Journey,The trip was very well organized.,2026-04-16
173,355,5,Could Be Better,Great itinerary and good value for money.,2024-03-29
174,356,4,Fantastic Trip,The trip was very well organized.,2024-04-15
175,357,4,Wonderful Trip,Food and accommodation exceeded expectations.,2026-08-06
176,358,4,Fantastic Trip,Trip leader was extremely helpful.,2025-05-27
177,359,3,Amazing Experience,Enjoyed every moment of the journey.,2026-05-05
178,363,2,Fantastic Trip,Will definitely travel again with TripPulse.,2024-04-12
179,365,2,Worth Every Penny,Food and accommodation exceeded expectations.,2024-03-05
180,370,3,Wonderful Trip,The trip was very well organized.,2026-09-01
181,371,4,Memorable Journey,Enjoyed every moment of the journey.,2026-08-26
182,376,5,Wonderful Trip,Hotels and transportation were excellent.,2025-07-31
183,378,5,Fantastic Trip,Everything was professionally managed.,2026-02-25
184,382,4,Could Be Better,Great itinerary and good value for money.,2026-09-04
185,386,3,Good Experience,Will definitely travel again with TripPulse.,2026-03-04
186,388,5,Highly Recommended,Beautiful destination and smooth experience.,2024-07-04
187,391,4,Good Experience,Trip leader was extremely helpful.,2026-05-12
188,394,2,Excellent Service,Food and accommodation exceeded expectations.,2026-02-26
189,395,3,Amazing Experience,Great itinerary and good value for money.,2026-08-03
190,397,4,Could Be Better,Overall a fantastic experience.,2026-07-23
191,400,4,Fantastic Trip,Will definitely travel again with TripPulse.,2026-09-04
192,405,5,Amazing Experience,Great itinerary and good value for money.,2025-04-21
193,406,5,Amazing Experience,Hotels and transportation were excellent.,2025-09-17
194,409,3,Could Be Better,Great itinerary and good value for money.,2026-05-11
195,411,3,Fantastic Trip,Will definitely travel again with TripPulse.,2026-09-08
196,412,5,Amazing Experience,Enjoyed every moment of the journey.,2025-04-27
197,414,5,Amazing Experience,Beautiful destination and smooth experience.,2023-12-18
198,416,5,Highly Recommended,Hotels and transportation were excellent.,2025-08-01
199,419,4,Memorable Journey,Will definitely travel again with TripPulse.,2026-08-02
200,420,2,Excellent Service,Overall a fantastic experience.,2024-05-23
201,423,4,Worth Every Penny,Beautiful destination and smooth experience.,2025-08-03
202,426,3,Highly Recommended,The trip was very well organized.,2024-06-15
203,428,4,Good Experience,Overall a fantastic experience.,2026-08-05
204,429,5,Excellent Service,The trip was very well organized.,2025-03-14
205,431,3,Excellent Service,Beautiful destination and smooth experience.,2024-04-03
206,433,5,Memorable Journey,Enjoyed every moment of the journey.,2026-08-21
207,434,5,Worth Every Penny,Enjoyed every moment of the journey.,2025-05-01
208,435,5,Fantastic Trip,Hotels and transportation were excellent.,2026-05-15
209,436,2,Memorable Journey,Food and accommodation exceeded expectations.,2024-06-12
210,437,5,Amazing Experience,Great itinerary and good value for money.,2023-11-04
211,438,5,Memorable Journey,Beautiful destination and smooth experience.,2025-02-20
212,441,4,Good Experience,Beautiful destination and smooth experience.,2025-01-30
213,442,4,Wonderful Trip,Great itinerary and good value for money.,2024-03-03
214,443,3,Amazing Experience,Trip leader was extremely helpful.,2024-03-07
215,446,5,Highly Recommended,Everything was professionally managed.,2024-11-02
216,447,1,Fantastic Trip,The trip was very well organized.,2026-04-27
217,448,4,Could Be Better,Trip leader was extremely helpful.,2025-01-05
218,450,4,Amazing Experience,Great itinerary and good value for money.,2024-05-07
219,451,5,Great Value,Beautiful destination and smooth experience.,2024-02-10
220,452,3,Memorable Journey,Hotels and transportation were excellent.,2025-08-09
221,454,4,Fantastic Trip,The trip was very well organized.,2025-10-17
222,459,5,Excellent Service,The trip was very well organized.,2024-05-07
223,463,5,Good Experience,Beautiful destination and smooth experience.,2026-08-03
224,464,5,Highly Recommended,Hotels and transportation were excellent.,2024-05-29
225,465,5,Good Experience,Hotels and transportation were excellent.,2026-02-24
226,466,5,Excellent Service,Beautiful destination and smooth experience.,2023-11-17
227,470,5,Worth Every Penny,Enjoyed every moment of the journey.,2025-10-19
228,473,4,Could Be Better,Will definitely travel again with TripPulse.,2024-10-24
229,475,4,Worth Every Penny,Will definitely travel again with TripPulse.,2026-04-10
230,476,5,Memorable Journey,Beautiful destination and smooth experience.,2025-02-06
231,480,4,Wonderful Trip,Overall a fantastic experience.,2026-05-04
232,482,5,Memorable Journey,Will definitely travel again with TripPulse.,2026-08-20
233,483,5,Fantastic Trip,Food and accommodation exceeded expectations.,2023-12-06
234,485,2,Fantastic Trip,Food and accommodation exceeded expectations.,2026-07-08
235,486,5,Memorable Journey,Overall a fantastic experience.,2026-06-13
236,487,5,Highly Recommended,Beautiful destination and smooth experience.,2024-10-19
237,488,4,Memorable Journey,Hotels and transportation were excellent.,2026-06-17
238,491,3,Fantastic Trip,Food and accommodation exceeded expectations.,2024-06-28
239,492,3,Memorable Journey,Overall a fantastic experience.,2026-02-09
240,494,4,Amazing Experience,Hotels and transportation were excellent.,2026-09-18
241,496,5,Could Be Better,Hotels and transportation were excellent.,2025-06-22
242,499,4,Great Value,Great itinerary and good value for money.,2024-06-22
243,502,5,Excellent Service,Overall a fantastic experience.,2025-12-26
244,504,1,Memorable Journey,Hotels and transportation were excellent.,2026-09-06
245,505,2,Worth Every Penny,The trip was very well organized.,2026-08-31
246,508,1,Fantastic Trip,Beautiful destination and smooth experience.,2024-05-10
247,509,5,Could Be Better,Food and accommodation exceeded expectations.,2025-02-02
248,510,5,Good Experience,Everything was professionally managed.,2024-02-19
249,524,5,Good Experience,Enjoyed every moment of the journey.,2024-11-01
250,526,4,Wonderful Trip,Overall a fantastic experience.,2023-12-28
251,528,5,Highly Recommended,Everything was professionally managed.,2025-01-27
252,530,3,Highly Recommended,Enjoyed every moment of the journey.,2024-06-07
253,533,4,Amazing Experience,Beautiful destination and smooth experience.,2024-02-02
254,535,5,Amazing Experience,Overall a fantastic experience.,2025-12-17
255,537,4,Could Be Better,Great itinerary and good value for money.,2026-08-30
256,540,5,Excellent Service,Everything was professionally managed.,2024-12-07
257,541,4,Highly Recommended,Enjoyed every moment of the journey.,2024-02-27
258,544,4,Good Experience,Beautiful destination and smooth experience.,2023-12-11
259,546,5,Memorable Journey,Will definitely travel again with TripPulse.,2024-06-22
260,547,5,Fantastic Trip,Beautiful destination and smooth experience.,2024-05-22
261,550,5,Worth Every Penny,Trip leader was extremely helpful.,2026-08-13
262,555,4,Memorable Journey,Will definitely travel again with TripPulse.,2025-02-02
263,557,5,Could Be Better,Will definitely travel again with TripPulse.,2024-09-02
264,560,5,Memorable Journey,Great itinerary and good value for money.,2025-01-19
265,563,5,Worth Every Penny,Trip leader was extremely helpful.,2024-02-28
266,565,4,Could Be Better,Everything was professionally managed.,2023-10-11
267,567,2,Great Value,Hotels and transportation were excellent.,2024-02-13
268,569,5,Highly Recommended,Overall a fantastic experience.,2024-08-02
269,571,4,Amazing Experience,Everything was professionally managed.,2026-08-12
270,573,4,Worth Every Penny,Great itinerary and good value for money.,2025-09-30
271,575,3,Wonderful Trip,Trip leader was extremely helpful.,2025-07-17
272,577,5,Great Value,Hotels and transportation were excellent.,2023-11-13
273,579,5,Memorable Journey,Hotels and transportation were excellent.,2026-08-30
274,583,5,Memorable Journey,Will definitely travel again with TripPulse.,2026-04-09
275,586,4,Great Value,Enjoyed every moment of the journey.,2026-01-02
276,587,5,Wonderful Trip,Will definitely travel again with TripPulse.,2024-09-26
277,590,2,Memorable Journey,Overall a fantastic experience.,2025-08-02
278,591,5,Could Be Better,Food and accommodation exceeded expectations.,2024-09-30
279,593,5,Amazing Experience,Everything was professionally managed.,2026-08-16
280,594,3,Memorable Journey,Trip leader was extremely helpful.,2026-07-19
281,595,2,Good Experience,Will definitely travel again with TripPulse.,2025-07-31
282,596,4,Memorable Journey,The trip was very well organized.,2025-04-09
283,599,4,Great Value,Everything was professionally managed.,2024-10-01
284,600,5,Fantastic Trip,The trip was very well organized.,2025-09-16
285,601,5,Memorable Journey,Great itinerary and good value for money.,2024-06-29
286,602,5,Amazing Experience,Hotels and transportation were excellent.,2026-07-29
287,604,5,Good Experience,Beautiful destination and smooth experience.,2024-11-17
288,606,5,Great Value,Great itinerary and good value for money.,2025-09-29
289,608,5,Highly Recommended,Trip leader was extremely helpful.,2025-08-06
290,612,4,Fantastic Trip,Will definitely travel again with TripPulse.,2025-05-09
291,614,4,Could Be Better,Overall a fantastic experience.,2026-09-07
292,616,5,Excellent Service,Great itinerary and good value for money.,2025-10-05
293,617,5,Worth Every Penny,Will definitely travel again with TripPulse.,2026-02-10
294,619,4,Excellent Service,Everything was professionally managed.,2024-11-05
295,620,2,Fantastic Trip,Trip leader was extremely helpful.,2025-05-22
296,621,5,Excellent Service,The trip was very well organized.,2026-07-19
297,623,3,Fantastic Trip,Beautiful destination and smooth experience.,2024-11-17
298,626,5,Highly Recommended,Great itinerary and good value for money.,2025-05-21
299,628,2,Worth Every Penny,Food and accommodation exceeded expectations.,2025-02-21
300,630,4,Wonderful Trip,Hotels and transportation were excellent.,2024-03-17
301,633,3,Amazing Experience,Hotels and transportation were excellent.,2026-05-11
302,634,4,Great Value,Great itinerary and good value for money.,2025-04-15
303,635,3,Worth Every Penny,The trip was very well organized.,2025-04-07
304,636,4,Great Value,Trip leader was extremely helpful.,2023-12-14
305,637,5,Good Experience,Will definitely travel again with TripPulse.,2024-05-09
306,638,5,Highly Recommended,Enjoyed every moment of the journey.,2025-04-12
307,641,3,Wonderful Trip,Beautiful destination and smooth experience.,2025-10-25
308,652,4,Highly Recommended,The trip was very well organized.,2023-10-18
309,653,4,Amazing Experience,Hotels and transportation were excellent.,2025-07-03
310,658,5,Memorable Journey,Food and accommodation exceeded expectations.,2026-08-03
311,659,3,Good Experience,Enjoyed every moment of the journey.,2026-07-16
312,661,5,Great Value,Overall a fantastic experience.,2025-08-08
313,662,4,Worth Every Penny,Will definitely travel again with TripPulse.,2026-07-14
314,665,4,Amazing Experience,Hotels and transportation were excellent.,2026-08-12
315,666,3,Good Experience,Trip leader was extremely helpful.,2024-07-29
316,668,5,Memorable Journey,Great itinerary and good value for money.,2025-04-25
317,669,4,Great Value,Enjoyed every moment of the journey.,2025-06-21
318,670,5,Fantastic Trip,Hotels and transportation were excellent.,2025-12-03
319,671,5,Excellent Service,Overall a fantastic experience.,2024-09-08
320,674,1,Great Value,Enjoyed every moment of the journey.,2024-01-22
321,675,3,Could Be Better,Food and accommodation exceeded expectations.,2023-11-17
322,676,4,Worth Every Penny,Beautiful destination and smooth experience.,2025-12-20
323,683,4,Highly Recommended,Will definitely travel again with TripPulse.,2026-03-25
324,684,5,Amazing Experience,Enjoyed every moment of the journey.,2025-11-20
325,686,4,Memorable Journey,Everything was professionally managed.,2026-01-09
326,689,4,Worth Every Penny,Will definitely travel again with TripPulse.,2025-11-02
327,691,5,Highly Recommended,Great itinerary and good value for money.,2024-01-07
328,692,5,Memorable Journey,Will definitely travel again with TripPulse.,2026-02-19
329,694,5,Fantastic Trip,Will definitely travel again with TripPulse.,2025-04-27
330,696,5,Memorable Journey,Everything was professionally managed.,2026-06-01
331,698,4,Amazing Experience,The trip was very well organized.,2025-01-21
332,700,5,Great Value,The trip was very well organized.,2026-09-19
333,701,5,Amazing Experience,Enjoyed every moment of the journey.,2025-07-10
334,703,4,Highly Recommended,Hotels and transportation were excellent.,2024-05-22
335,704,4,Wonderful Trip,Hotels and transportation were excellent.,2025-06-05
336,708,3,Wonderful Trip,Food and accommodation exceeded expectations.,2025-12-08
337,709,5,Excellent Service,Great itinerary and good value for money.,2025-03-20
338,711,3,Wonderful Trip,Food and accommodation exceeded expectations.,2026-05-04
339,712,4,Good Experience,Trip leader was extremely helpful.,2024-05-10
340,713,4,Great Value,Trip leader was extremely helpful.,2026-07-29
341,714,3,Highly Recommended,Everything was professionally managed.,2026-05-28
342,715,5,Amazing Experience,Hotels and transportation were excellent.,2026-09-02
343,720,3,Excellent Service,Beautiful destination and smooth experience.,2024-01-18
344,722,3,Great Value,Everything was professionally managed.,2024-12-12
345,723,5,Great Value,Everything was professionally managed.,2024-02-17
346,728,5,Great Value,Great itinerary and good value for money.,2026-09-14
347,729,4,Worth Every Penny,Will definitely travel again with TripPulse.,2026-01-09
348,731,4,Highly Recommended,The trip was very well organized.,2023-12-21
349,732,4,Fantastic Trip,Everything was professionally managed.,2026-09-07
350,738,3,Highly Recommended,The trip was very well organized.,2026-06-23
351,739,4,Wonderful Trip,The trip was very well organized.,2026-08-10
352,744,5,Great Value,Trip leader was extremely helpful.,2026-08-30
353,748,5,Wonderful Trip,Everything was professionally managed.,2026-01-21
354,749,5,Great Value,The trip was very well organized.,2026-08-27
355,750,3,Highly Recommended,Enjoyed every moment of the journey.,2025-04-09
356,751,4,Wonderful Trip,Enjoyed every moment of the journey.,2024-11-06
357,752,3,Fantastic Trip,Trip leader was extremely helpful.,2025-05-05
358,753,3,Fantastic Trip,Trip leader was extremely helpful.,2025-03-19
359,754,1,Highly Recommended,Overall a fantastic experience.,2024-12-17
360,755,5,Wonderful Trip,Will definitely travel again with TripPulse.,2024-11-21
361,757,5,Good Experience,Beautiful destination and smooth experience.,2026-05-03
362,758,5,Fantastic Trip,Beautiful destination and smooth experience.,2026-08-31
363,764,5,Worth Every Penny,The trip was very well organized.,2025-04-02
364,765,2,Wonderful Trip,The trip was very well organized.,2025-11-25
365,767,3,Could Be Better,The trip was very well organized.,2023-11-06
366,772,5,Highly Recommended,The trip was very well organized.,2026-08-22
367,773,4,Fantastic Trip,The trip was very well organized.,2024-06-02
368,775,4,Great Value,Great itinerary and good value for money.,2026-07-08
369,776,5,Good Experience,Food and accommodation exceeded expectations.,2024-05-17
370,779,5,Could Be Better,Enjoyed every moment of the journey.,2026-05-02
371,780,5,Amazing Experience,Hotels and transportation were excellent.,2026-08-24
372,781,4,Amazing Experience,Great itinerary and good value for money.,2024-04-10
373,783,4,Fantastic Trip,Everything was professionally managed.,2026-05-13
374,784,5,Memorable Journey,Overall a fantastic experience.,2023-10-16
375,787,4,Excellent Service,Everything was professionally managed.,2025-09-10
376,789,3,Could Be Better,Great itinerary and good value for money.,2025-11-06
377,790,5,Memorable Journey,Great itinerary and good value for money.,2026-08-18
378,791,5,Worth Every Penny,Beautiful destination and smooth experience.,2026-06-15
379,793,3,Could Be Better,Enjoyed every moment of the journey.,2024-11-28
380,796,5,Wonderful Trip,Hotels and transportation were excellent.,2026-09-01
381,797,5,Great Value,Great itinerary and good value for money.,2026-07-27
382,798,3,Great Value,The trip was very well organized.,2026-09-11
383,799,3,Wonderful Trip,Everything was professionally managed.,2026-08-25
384,800,5,Good Experience,Beautiful destination and smooth experience.,2024-01-28
385,801,2,Great Value,Everything was professionally managed.,2026-08-25
386,803,5,Worth Every Penny,Enjoyed every moment of the journey.,2024-02-27
387,807,5,Amazing Experience,The trip was very well organized.,2026-01-16
388,808,4,Fantastic Trip,Beautiful destination and smooth experience.,2026-08-07
389,810,3,Great Value,Enjoyed every moment of the journey.,2025-01-30
390,812,5,Highly Recommended,Hotels and transportation were excellent.,2024-09-22
391,813,5,Good Experience,Hotels and transportation were excellent.,2024-01-26
392,814,4,Amazing Experience,Great itinerary and good value for money.,2024-09-25
393,818,2,Amazing Experience,Food and accommodation exceeded expectations.,2024-05-13
394,819,5,Great Value,Hotels and transportation were excellent.,2024-08-28
395,820,5,Great Value,Trip leader was extremely helpful.,2026-03-11
396,821,4,Highly Recommended,Great itinerary and good value for money.,2025-09-15
397,822,4,Good Experience,Beautiful destination and smooth experience.,2024-02-04
398,823,2,Good Experience,Enjoyed every moment of the journey.,2024-04-15
399,827,5,Could Be Better,Beautiful destination and smooth experience.,2024-10-20
400,829,3,Good Experience,Trip leader was extremely helpful.,2024-10-03
401,832,3,Could Be Better,Trip leader was extremely helpful.,2024-04-14
402,833,4,Highly Recommended,Food and accommodation exceeded expectations.,2025-07-31
403,834,4,Amazing Experience,Will definitely travel again with TripPulse.,2025-08-26
404,835,4,Highly Recommended,Everything was professionally managed.,2026-02-14
405,836,4,Fantastic Trip,Everything was professionally managed.,2024-03-21
406,837,4,Great Value,Enjoyed every moment of the journey.,2025-09-27
407,838,3,Worth Every Penny,Hotels and transportation were excellent.,2026-08-06
408,840,5,Worth Every Penny,Everything was professionally managed.,2024-07-24
409,841,5,Fantastic Trip,Everything was professionally managed.,2026-08-19
410,846,4,Amazing Experience,Overall a fantastic experience.,2024-05-05
411,848,5,Could Be Better,Enjoyed every moment of the journey.,2024-10-30
412,854,5,Wonderful Trip,Hotels and transportation were excellent.,2024-08-06
413,859,5,Good Experience,Trip leader was extremely helpful.,2026-09-21
414,861,4,Wonderful Trip,Beautiful destination and smooth experience.,2025-04-09
415,863,4,Highly Recommended,The trip was very well organized.,2025-02-28
416,865,5,Excellent Service,Trip leader was extremely helpful.,2026-02-01
417,868,5,Fantastic Trip,Hotels and transportation were excellent.,2024-09-10
418,869,5,Excellent Service,Hotels and transportation were excellent.,2023-12-19
419,870,1,Wonderful Trip,Will definitely travel again with TripPulse.,2026-02-16
420,871,5,Memorable Journey,Overall a fantastic experience.,2026-08-09
421,876,5,Could Be Better,Will definitely travel again with TripPulse.,2025-10-21
422,878,5,Worth Every Penny,Great itinerary and good value for money.,2026-09-06
423,879,3,Memorable Journey,Overall a fantastic experience.,2023-12-10
424,880,2,Excellent Service,Will definitely travel again with TripPulse.,2024-06-11
425,883,5,Excellent Service,Everything was professionally managed.,2026-02-23
426,884,5,Wonderful Trip,Overall a fantastic experience.,2025-09-02
427,887,5,Wonderful Trip,Enjoyed every moment of the journey.,2024-03-11
428,890,5,Amazing Experience,Food and accommodation exceeded expectations.,2025-12-15
429,892,4,Could Be Better,Enjoyed every moment of the journey.,2026-04-28
430,895,5,Could Be Better,Beautiful destination and smooth experience.,2025-08-31
431,896,5,Worth Every Penny,Food and accommodation exceeded expectations.,2024-11-13
432,897,3,Wonderful Trip,Food and accommodation exceeded expectations.,2024-08-16
433,898,4,Worth Every Penny,Trip leader was extremely helpful.,2024-05-28
434,899,3,Excellent Service,Hotels and transportation were excellent.,2024-08-20
435,903,5,Worth Every Penny,Trip leader was extremely helpful.,2024-03-17
436,906,5,Amazing Experience,The trip was very well organized.,2025-04-17
437,911,3,Worth Every Penny,Trip leader was extremely helpful.,2026-08-30
438,913,3,Amazing Experience,Food and accommodation exceeded expectations.,2025-10-01
439,914,4,Highly Recommended,Everything was professionally managed.,2024-07-17
440,918,5,Worth Every Penny,The trip was very well organized.,2026-09-12
441,921,5,Worth Every Penny,The trip was very well organized.,2024-05-07
442,923,5,Memorable Journey,Trip leader was extremely helpful.,2024-05-13
443,924,5,Fantastic Trip,Food and accommodation exceeded expectations.,2026-01-10
444,926,3,Wonderful Trip,Hotels and transportation were excellent.,2026-04-14
445,927,4,Worth Every Penny,Great itinerary and good value for money.,2025-06-05
446,928,4,Could Be Better,Enjoyed every moment of the journey.,2026-05-01
447,929,1,Could Be Better,Everything was professionally managed.,2025-05-09
448,930,5,Excellent Service,Beautiful destination and smooth experience.,2024-01-12
449,931,5,Could Be Better,Hotels and transportation were excellent.,2026-01-11
450,933,3,Great Value,Hotels and transportation were excellent.,2025-03-12
451,935,5,Good Experience,Will definitely travel again with TripPulse.,2026-08-17
452,936,2,Excellent Service,Overall a fantastic experience.,2024-02-25
453,938,5,Good Experience,Food and accommodation exceeded expectations.,2025-02-28
454,939,4,Worth Every Penny,Food and accommodation exceeded expectations.,2026-08-27
455,943,5,Great Value,Trip leader was extremely helpful.,2025-10-02
456,944,4,Memorable Journey,Food and accommodation exceeded expectations.,2024-01-19
457,949,5,Fantastic Trip,The trip was very well organized.,2025-09-14
458,950,4,Great Value,Everything was professionally managed.,2026-08-30
459,951,3,Amazing Experience,Great itinerary and good value for money.,2026-09-16
460,954,5,Highly Recommended,Enjoyed every moment of the journey.,2023-12-30
461,956,4,Memorable Journey,Enjoyed every moment of the journey.,2025-06-22
462,959,5,Highly Recommended,Great itinerary and good value for money.,2026-08-13
463,960,5,Excellent Service,Everything was professionally managed.,2026-07-31
464,964,5,Memorable Journey,Hotels and transportation were excellent.,2025-11-01
465,965,5,Fantastic Trip,Food and accommodation exceeded expectations.,2024-02-25
466,966,5,Could Be Better,Everything was professionally managed.,2026-06-27
467,967,5,Great Value,Trip leader was extremely helpful.,2025-06-29
468,970,3,Highly Recommended,The trip was very well organized.,2025-11-08
469,971,5,Excellent Service,Trip leader was extremely helpful.,2026-05-22
470,973,5,Excellent Service,Great itinerary and good value for money.,2025-12-19
471,974,4,Wonderful Trip,Trip leader was extremely helpful.,2025-10-31
472,977,5,Could Be Better,The trip was very well organized.,2024-03-14
473,979,2,Wonderful Trip,Great itinerary and good value for money.,2025-09-16
474,983,2,Memorable Journey,Will definitely travel again with TripPulse.,2025-09-18
475,984,4,Could Be Better,Enjoyed every moment of the journey.,2026-01-30
476,985,4,Great Value,Everything was professionally managed.,2024-07-23
477,986,4,Could Be Better,Enjoyed every moment of the journey.,2023-10-31
478,988,2,Excellent Service,Beautiful destination and smooth experience.,2024-08-26
479,993,3,Excellent Service,Hotels and transportation were excellent.,2024-02-14
480,994,5,Great Value,Beautiful destination and smooth experience.,2024-10-28
481,995,3,Fantastic Trip,Enjoyed every moment of the journey.,2025-02-11
482,998,5,Highly Recommended,Everything was professionally managed.,2026-07-15
483,999,5,Highly Recommended,Trip leader was extremely helpful.,2026-02-17
484,1003,5,Fantastic Trip,The trip was very well organized.,2026-07-15
485,1005,5,Good Experience,Hotels and transportation were excellent.,2026-08-18
486,1006,5,Good Experience,Enjoyed every moment of the journey.,2026-04-11
487,1007,3,Fantastic Trip,Enjoyed every moment of the journey.,2024-08-10
488,1010,5,Great Value,Great itinerary and good value for money.,2026-08-13
489,1015,4,Could Be Better,Trip leader was extremely helpful.,2023-10-14
490,1019,3,Excellent Service,Overall a fantastic experience.,2026-05-13
491,1020,2,Highly Recommended,Hotels and transportation were excellent.,2025-02-15
492,1021,2,Could Be Better,Overall a fantastic experience.,2024-12-24
493,1022,5,Excellent Service,Beautiful destination and smooth experience.,2026-07-29
494,1023,5,Good Experience,Food and accommodation exceeded expectations.,2024-11-23
495,1024,1,Good Experience,Great itinerary and good value for money.,2025-10-31
496,1025,3,Highly Recommended,Overall a fantastic experience.,2026-08-30
497,1027,5,Fantastic Trip,Great itinerary and good value for money.,2026-09-05
498,1028,5,Amazing Experience,Everything was professionally managed.,2025-01-27
499,1029,5,Excellent Service,Food and accommodation exceeded expectations.,2024-05-13
500,1031,4,Good Experience,Beautiful destination and smooth experience.,2025-12-24
501,1032,2,Great Value,Overall a fantastic experience.,2025-07-21
502,1033,4,Memorable Journey,Great itinerary and good value for money.,2025-08-26
503,1036,4,Memorable Journey,Great itinerary and good value for money.,2026-07-14
504,1040,5,Worth Every Penny,Hotels and transportation were excellent.,2026-08-03
505,1041,4,Wonderful Trip,Overall a fantastic experience.,2024-07-15
506,1043,5,Highly Recommended,Great itinerary and good value for money.,2025-05-06
507,1045,4,Could Be Better,Beautiful destination and smooth experience.,2026-02-19
508,1046,4,Great Value,Enjoyed every moment of the journey.,2024-01-14
509,1050,5,Worth Every Penny,The trip was very well organized.,2023-10-27
510,1051,4,Great Value,Trip leader was extremely helpful.,2026-04-23
511,1057,5,Could Be Better,Great itinerary and good value for money.,2026-05-06
512,1059,3,Highly Recommended,Overall a fantastic experience.,2026-09-14
513,1060,1,Fantastic Trip,Beautiful destination and smooth experience.,2025-12-16
514,1061,5,Could Be Better,Everything was professionally managed.,2026-05-16
515,1064,5,Could Be Better,Enjoyed every moment of the journey.,2024-05-10
516,1065,2,Fantastic Trip,Will definitely travel again with TripPulse.,2025-07-01
517,1069,2,Wonderful Trip,Food and accommodation exceeded expectations.,2026-08-24
518,1070,3,Good Experience,Overall a fantastic experience.,2026-01-16
519,1080,1,Memorable Journey,Trip leader was extremely helpful.,2024-05-05
520,1081,2,Great Value,Great itinerary and good value for money.,2026-07-18
521,1082,4,Could Be Better,Trip leader was extremely helpful.,2026-08-15
522,1083,3,Memorable Journey,Hotels and transportation were excellent.,2026-05-14
523,1084,4,Wonderful Trip,Everything was professionally managed.,2024-07-02
524,1085,5,Memorable Journey,Food and accommodation exceeded expectations.,2025-01-20
525,1087,5,Great Value,Will definitely travel again with TripPulse.,2025-11-30
526,1088,5,Excellent Service,Trip leader was extremely helpful.,2026-07-26
527,1091,4,Wonderful Trip,Food and accommodation exceeded expectations.,2026-08-18
528,1092,5,Wonderful Trip,Beautiful destination and smooth experience.,2024-03-12
529,1098,4,Fantastic Trip,Everything was professionally managed.,2024-04-22
530,1100,5,Fantastic Trip,Enjoyed every moment of the journey.,2024-01-14
531,1103,5,Could Be Better,Beautiful destination and smooth experience.,2026-08-21
532,1105,4,Could Be Better,The trip was very well organized.,2024-11-05
533,1107,5,Could Be Better,Beautiful destination and smooth experience.,2026-08-25
534,1108,3,Wonderful Trip,Food and accommodation exceeded expectations.,2025-05-31
535,1111,4,Great Value,Great itinerary and good value for money.,2026-05-07
536,1112,5,Worth Every Penny,Beautiful destination and smooth experience.,2025-04-29
537,1115,5,Fantastic Trip,Everything was professionally managed.,2025-08-20
538,1117,4,Worth Every Penny,Trip leader was extremely helpful.,2026-09-12
539,1118,1,Could Be Better,Great itinerary and good value for money.,2025-06-18
540,1123,1,Amazing Experience,The trip was very well organized.,2026-09-04
541,1125,5,Memorable Journey,Food and accommodation exceeded expectations.,2026-03-30
542,1127,4,Great Value,Enjoyed every moment of the journey.,2024-09-20
543,1129,4,Fantastic Trip,Food and accommodation exceeded expectations.,2024-10-22
544,1130,5,Fantastic Trip,Everything was professionally managed.,2026-07-26
545,1132,4,Worth Every Penny,Trip leader was extremely helpful.,2026-07-28
546,1133,5,Good Experience,Trip leader was extremely helpful.,2024-08-14
547,1134,5,Amazing Experience,Hotels and transportation were excellent.,2026-09-02
548,1137,4,Amazing Experience,Will definitely travel again with TripPulse.,2026-04-02
549,1139,2,Fantastic Trip,Overall a fantastic experience.,2026-05-21
550,1142,4,Fantastic Trip,Hotels and transportation were excellent.,2026-08-06
551,1146,5,Worth Every Penny,Overall a fantastic experience.,2026-08-30
552,1147,4,Good Experience,Enjoyed every moment of the journey.,2025-12-28
553,1149,3,Good Experience,Enjoyed every moment of the journey.,2024-02-06
554,1150,2,Memorable Journey,Enjoyed every moment of the journey.,2026-07-18
555,1153,5,Great Value,Food and accommodation exceeded expectations.,2026-07-30
556,1155,4,Great Value,Trip leader was extremely helpful.,2025-12-06
557,1156,1,Memorable Journey,Everything was professionally managed.,2025-12-15
558,1157,4,Amazing Experience,Overall a fantastic experience.,2026-02-09
559,1160,4,Good Experience,Overall a fantastic experience.,2026-02-15
560,1165,5,Worth Every Penny,Hotels and transportation were excellent.,2026-08-23
561,1166,3,Worth Every Penny,Overall a fantastic experience.,2026-09-06
562,1167,5,Fantastic Trip,Beautiful destination and smooth experience.,2026-08-04
563,1169,5,Memorable Journey,Food and accommodation exceeded expectations.,2024-07-12
564,1173,5,Amazing Experience,Hotels and transportation were excellent.,2025-09-25
565,1175,5,Amazing Experience,Everything was professionally managed.,2024-02-28
566,1177,5,Fantastic Trip,Beautiful destination and smooth experience.,2025-01-01
567,1178,5,Worth Every Penny,Hotels and transportation were excellent.,2025-11-15
568,1181,5,Wonderful Trip,Great itinerary and good value for money.,2026-09-07
569,1185,4,Memorable Journey,Everything was professionally managed.,2026-09-06
570,1186,5,Worth Every Penny,Everything was professionally managed.,2026-08-17
571,1187,3,Great Value,Overall a fantastic experience.,2024-10-30
572,1189,5,Wonderful Trip,Great itinerary and good value for money.,2025-05-06
573,1191,2,Amazing Experience,The trip was very well organized.,2026-08-15
574,1192,3,Wonderful Trip,Beautiful destination and smooth experience.,2026-08-17
575,1194,5,Amazing Experience,Food and accommodation exceeded expectations.,2024-08-15
576,1195,2,Wonderful Trip,Beautiful destination and smooth experience.,2026-09-08
577,1202,4,Could Be Better,Trip leader was extremely helpful.,2024-04-28
578,1205,4,Amazing Experience,Enjoyed every moment of the journey.,2026-03-28
579,1206,5,Wonderful Trip,Everything was professionally managed.,2025-05-02
580,1207,1,Wonderful Trip,Food and accommodation exceeded expectations.,2024-02-06
581,1208,3,Memorable Journey,Enjoyed every moment of the journey.,2025-01-07
582,1210,4,Worth Every Penny,Hotels and transportation were excellent.,2024-04-11
583,1214,4,Fantastic Trip,The trip was very well organized.,2026-05-29
584,1215,3,Highly Recommended,Food and accommodation exceeded expectations.,2026-09-10
585,1216,4,Wonderful Trip,Trip leader was extremely helpful.,2025-02-14
586,1217,4,Memorable Journey,Everything was professionally managed.,2026-07-10
587,1218,5,Excellent Service,Will definitely travel again with TripPulse.,2025-06-05
588,1219,5,Worth Every Penny,Beautiful destination and smooth experience.,2025-06-27
589,1223,4,Could Be Better,Beautiful destination and smooth experience.,2026-07-02
590,1225,4,Highly Recommended,Hotels and transportation were excellent.,2025-06-10
591,1227,4,Amazing Experience,Will definitely travel again with TripPulse.,2023-11-07
592,1228,3,Excellent Service,Overall a fantastic experience.,2026-06-24
593,1229,5,Memorable Journey,The trip was very well organized.,2026-09-12
594,1232,3,Great Value,Beautiful destination and smooth experience.,2024-10-31
595,1233,5,Great Value,Will definitely travel again with TripPulse.,2026-08-28
596,1238,3,Wonderful Trip,Beautiful destination and smooth experience.,2026-05-10
597,1240,4,Memorable Journey,Food and accommodation exceeded expectations.,2024-02-13
598,1243,4,Wonderful Trip,Overall a fantastic experience.,2025-06-03
599,1244,4,Worth Every Penny,Trip leader was extremely helpful.,2026-08-16
600,1247,5,Good Experience,Enjoyed every moment of the journey.,2025-05-22
601,1249,3,Memorable Journey,Overall a fantastic experience.,2026-07-26
602,1253,5,Could Be Better,Enjoyed every moment of the journey.,2026-07-04
603,1256,5,Amazing Experience,Everything was professionally managed.,2024-10-15
604,1257,5,Could Be Better,Food and accommodation exceeded expectations.,2024-10-31
605,1260,5,Worth Every Penny,Will definitely travel again with TripPulse.,2025-03-08
606,1262,5,Worth Every Penny,Beautiful destination and smooth experience.,2024-07-10
607,1263,4,Fantastic Trip,Overall a fantastic experience.,2026-08-25
608,1264,5,Excellent Service,Enjoyed every moment of the journey.,2026-07-15
609,1265,3,Great Value,Will definitely travel again with TripPulse.,2026-08-02
610,1266,5,Memorable Journey,Enjoyed every moment of the journey.,2023-10-26
611,1267,3,Memorable Journey,Hotels and transportation were excellent.,2025-08-24
612,1268,5,Amazing Experience,Great itinerary and good value for money.,2025-03-09
613,1269,2,Great Value,Everything was professionally managed.,2024-11-16
614,1271,5,Highly Recommended,Food and accommodation exceeded expectations.,2025-05-19
615,1272,5,Worth Every Penny,Enjoyed every moment of the journey.,2026-07-19
616,1278,4,Wonderful Trip,The trip was very well organized.,2024-04-30
617,1280,4,Highly Recommended,Great itinerary and good value for money.,2025-01-26
618,1281,2,Fantastic Trip,Hotels and transportation were excellent.,2024-10-14
619,1283,4,Fantastic Trip,Trip leader was extremely helpful.,2024-04-07
620,1285,2,Could Be Better,Food and accommodation exceeded expectations.,2024-09-29
621,1287,3,Excellent Service,Everything was professionally managed.,2024-08-14
622,1288,5,Memorable Journey,Will definitely travel again with TripPulse.,2026-08-01
623,1292,4,Worth Every Penny,Beautiful destination and smooth experience.,2023-11-08
624,1294,5,Wonderful Trip,Enjoyed every moment of the journey.,2025-05-16
625,1296,4,Excellent Service,The trip was very well organized.,2025-11-18
626,1298,2,Could Be Better,Will definitely travel again with TripPulse.,2025-04-30
627,1308,5,Wonderful Trip,Everything was professionally managed.,2026-07-14
628,1310,4,Excellent Service,Food and accommodation exceeded expectations.,2025-07-22
629,1311,1,Amazing Experience,Trip leader was extremely helpful.,2024-03-26
630,1315,3,Excellent Service,Trip leader was extremely helpful.,2026-08-25
631,1319,4,Fantastic Trip,Beautiful destination and smooth experience.,2026-08-01
632,1320,5,Could Be Better,Trip leader was extremely helpful.,2026-03-04
633,1321,4,Good Experience,Great itinerary and good value for money.,2023-11-28
634,1323,4,Great Value,Trip leader was extremely helpful.,2023-12-12
635,1325,5,Memorable Journey,The trip was very well organized.,2025-06-20
636,1330,2,Worth Every Penny,Enjoyed every moment of the journey.,2023-12-29
637,1331,5,Good Experience,Food and accommodation exceeded expectations.,2024-12-09
638,1333,2,Memorable Journey,Everything was professionally managed.,2025-04-13
639,1336,5,Great Value,Great itinerary and good value for money.,2023-10-23
640,1337,2,Excellent Service,Overall a fantastic experience.,2024-11-02
641,1340,5,Fantastic Trip,Great itinerary and good value for money.,2025-02-04
642,1341,5,Amazing Experience,Everything was professionally managed.,2026-05-09
643,1342,4,Great Value,Enjoyed every moment of the journey.,2026-04-18
644,1343,2,Memorable Journey,Trip leader was extremely helpful.,2025-10-22
645,1346,5,Could Be Better,Beautiful destination and smooth experience.,2025-09-07
646,1349,5,Highly Recommended,Beautiful destination and smooth experience.,2023-12-04
647,1351,4,Fantastic Trip,Will definitely travel again with TripPulse.,2024-08-13
648,1352,3,Memorable Journey,Beautiful destination and smooth experience.,2025-11-05
649,1354,2,Excellent Service,Great itinerary and good value for money.,2024-01-24
650,1358,5,Amazing Experience,Will definitely travel again with TripPulse.,2025-05-16
651,1359,5,Memorable Journey,Trip leader was extremely helpful.,2026-01-20
652,1360,4,Memorable Journey,Beautiful destination and smooth experience.,2025-09-20
653,1362,4,Great Value,Trip leader was extremely helpful.,2025-10-14
654,1364,4,Great Value,Everything was professionally managed.,2025-08-30
655,1365,5,Amazing Experience,Overall a fantastic experience.,2025-03-02
656,1367,5,Wonderful Trip,Trip leader was extremely helpful.,2024-08-23
657,1368,3,Amazing Experience,The trip was very well organized.,2026-08-15
658,1372,5,Memorable Journey,Overall a fantastic experience.,2025-05-09
659,1373,5,Great Value,The trip was very well organized.,2026-03-20
660,1374,4,Wonderful Trip,Overall a fantastic experience.,2026-09-07
661,1375,5,Fantastic Trip,Everything was professionally managed.,2026-07-11
662,1376,5,Great Value,The trip was very well organized.,2025-06-13
663,1377,4,Memorable Journey,Food and accommodation exceeded expectations.,2024-07-11
664,1379,5,Highly Recommended,Trip leader was extremely helpful.,2024-07-22
665,1380,5,Highly Recommended,Enjoyed every moment of the journey.,2023-09-19
666,1382,3,Great Value,Everything was professionally managed.,2025-12-03
667,1383,5,Could Be Better,Hotels and transportation were excellent.,2024-05-27
668,1387,4,Could Be Better,Beautiful destination and smooth experience.,2024-02-23
669,1388,4,Amazing Experience,Will definitely travel again with TripPulse.,2025-04-21
670,1391,4,Memorable Journey,Will definitely travel again with TripPulse.,2025-06-30
671,1392,5,Fantastic Trip,Food and accommodation exceeded expectations.,2026-05-07
672,1394,4,Good Experience,Will definitely travel again with TripPulse.,2025-07-17
673,1396,5,Memorable Journey,Trip leader was extremely helpful.,2024-06-21
674,1400,4,Amazing Experience,Enjoyed every moment of the journey.,2024-04-24
675,1405,4,Could Be Better,Trip leader was extremely helpful.,2024-09-22
676,1408,1,Memorable Journey,Everything was professionally managed.,2026-01-26
677,1410,1,Excellent Service,Beautiful destination and smooth experience.,2024-09-21
678,1412,3,Excellent Service,Hotels and transportation were excellent.,2025-07-05
679,1413,1,Highly Recommended,Beautiful destination and smooth experience.,2025-02-11
680,1414,4,Could Be Better,Great itinerary and good value for money.,2023-11-01
681,1416,5,Fantastic Trip,Hotels and transportation were excellent.,2025-11-26
682,1417,5,Memorable Journey,Will definitely travel again with TripPulse.,2025-10-11
683,1419,5,Memorable Journey,Will definitely travel again with TripPulse.,2026-09-08
684,1422,5,Highly Recommended,Trip leader was extremely helpful.,2026-08-30
685,1425,4,Good Experience,Everything was professionally managed.,2024-05-21
686,1428,5,Could Be Better,Overall a fantastic experience.,2026-08-26
687,1431,4,Good Experience,Beautiful destination and smooth experience.,2025-08-02
688,1432,4,Fantastic Trip,The trip was very well organized.,2025-08-20
689,1435,5,Could Be Better,Enjoyed every moment of the journey.,2026-07-25
690,1443,2,Good Experience,Great itinerary and good value for money.,2025-11-27
691,1447,4,Good Experience,Food and accommodation exceeded expectations.,2024-12-19
692,1450,5,Highly Recommended,Enjoyed every moment of the journey.,2026-08-26
693,1452,5,Memorable Journey,Enjoyed every moment of the journey.,2024-03-06
694,1453,5,Highly Recommended,Overall a fantastic experience.,2024-11-04
695,1454,5,Memorable Journey,Everything was professionally managed.,2026-08-13
696,1455,1,Could Be Better,Great itinerary and good value for money.,2023-10-05
697,1459,5,Excellent Service,Overall a fantastic experience.,2026-09-07
698,1463,5,Could Be Better,Great itinerary and good value for money.,2026-08-27
699,1464,5,Could Be Better,Will definitely travel again with TripPulse.,2026-08-04
700,1465,5,Wonderful Trip,Trip leader was extremely helpful.,2025-07-26
701,1468,3,Worth Every Penny,Trip leader was extremely helpful.,2024-12-02
702,1470,4,Wonderful Trip,Trip leader was extremely helpful.,2026-08-29
703,1471,5,Fantastic Trip,Everything was professionally managed.,2026-08-16
704,1476,3,Great Value,Beautiful destination and smooth experience.,2026-08-31
705,1478,4,Memorable Journey,Great itinerary and good value for money.,2023-11-20
706,1481,4,Fantastic Trip,The trip was very well organized.,2024-04-06
707,1486,5,Worth Every Penny,Will definitely travel again with TripPulse.,2024-02-25
708,1487,3,Memorable Journey,Overall a fantastic experience.,2024-03-18
709,1488,5,Worth Every Penny,Trip leader was extremely helpful.,2024-12-21
710,1489,3,Wonderful Trip,Beautiful destination and smooth experience.,2026-08-16
711,1490,4,Memorable Journey,Great itinerary and good value for money.,2026-08-15
712,1491,5,Worth Every Penny,Everything was professionally managed.,2026-07-09
713,1497,5,Good Experience,Will definitely travel again with TripPulse.,2026-08-27
714,1500,2,Great Value,The trip was very well organized.,2026-09-05
715,1502,5,Could Be Better,Everything was professionally managed.,2026-08-19
716,1504,5,Memorable Journey,Will definitely travel again with TripPulse.,2026-01-25
717,1507,2,Fantastic Trip,Overall a fantastic experience.,2024-07-07
718,1511,5,Memorable Journey,Food and accommodation exceeded expectations.,2025-09-11
719,1517,5,Memorable Journey,Everything was professionally managed.,2026-08-31
720,1518,4,Amazing Experience,Beautiful destination and smooth experience.,2026-03-26
721,1521,2,Amazing Experience,The trip was very well organized.,2024-10-23
722,1522,5,Good Experience,Beautiful destination and smooth experience.,2024-01-16
723,1527,4,Excellent Service,Beautiful destination and smooth experience.,2024-01-22
724,1529,2,Great Value,Will definitely travel again with TripPulse.,2026-07-26
725,1532,5,Great Value,Everything was professionally managed.,2025-11-04
726,1533,5,Amazing Experience,Will definitely travel again with TripPulse.,2026-07-31
727,1534,5,Fantastic Trip,Overall a fantastic experience.,2024-12-12
728,1535,5,Amazing Experience,The trip was very well organized.,2024-04-04
729,1536,3,Could Be Better,Everything was professionally managed.,2026-01-03
730,1537,1,Worth Every Penny,Enjoyed every moment of the journey.,2025-07-19
731,1540,4,Great Value,Overall a fantastic experience.,2026-03-14
732,1542,5,Great Value,Everything was professionally managed.,2025-03-30
733,1543,2,Memorable Journey,Will definitely travel again with TripPulse.,2025-09-19
734,1544,1,Fantastic Trip,Trip leader was extremely helpful.,2024-10-12
735,1546,5,Amazing Experience,Trip leader was extremely helpful.,2025-01-09
736,1550,5,Amazing Experience,Trip leader was extremely helpful.,2025-01-03
737,1554,3,Fantastic Trip,Will definitely travel again with TripPulse.,2023-11-26
738,1555,2,Worth Every Penny,Food and accommodation exceeded expectations.,2023-11-11
739,1556,2,Could Be Better,Beautiful destination and smooth experience.,2026-07-25
740,1559,4,Good Experience,Food and accommodation exceeded expectations.,2023-12-04
741,1562,4,Worth Every Penny,The trip was very well organized.,2026-08-28
742,1564,5,Highly Recommended,Beautiful destination and smooth experience.,2025-08-25
743,1569,4,Wonderful Trip,Food and accommodation exceeded expectations.,2025-02-10
744,1570,5,Excellent Service,Great itinerary and good value for money.,2026-07-31
745,1571,4,Highly Recommended,Trip leader was extremely helpful.,2024-01-10
746,1572,4,Great Value,The trip was very well organized.,2023-12-07
747,1576,2,Fantastic Trip,Great itinerary and good value for money.,2025-02-09
748,1581,5,Good Experience,Beautiful destination and smooth experience.,2026-05-09
749,1582,5,Great Value,Trip leader was extremely helpful.,2026-05-19
750,1583,5,Worth Every Penny,Enjoyed every moment of the journey.,2024-08-08
751,1584,5,Could Be Better,Food and accommodation exceeded expectations.,2025-12-20
752,1585,4,Highly Recommended,Beautiful destination and smooth experience.,2026-09-11
753,1586,4,Could Be Better,Enjoyed every moment of the journey.,2025-12-11
754,1587,5,Could Be Better,The trip was very well organized.,2024-05-18
755,1588,4,Amazing Experience,Great itinerary and good value for money.,2025-06-25
756,1589,4,Worth Every Penny,Trip leader was extremely helpful.,2025-06-16
757,1590,4,Wonderful Trip,Enjoyed every moment of the journey.,2025-01-28
758,1592,4,Fantastic Trip,Will definitely travel again with TripPulse.,2025-04-11
759,1593,1,Fantastic Trip,Beautiful destination and smooth experience.,2025-02-03
760,1594,4,Great Value,The trip was very well organized.,2024-03-27
761,1599,5,Great Value,Will definitely travel again with TripPulse.,2025-11-29
762,1601,5,Fantastic Trip,Hotels and transportation were excellent.,2025-10-05
763,1604,4,Excellent Service,Beautiful destination and smooth experience.,2025-09-15
764,1609,5,Worth Every Penny,Beautiful destination and smooth experience.,2026-09-01
765,1612,4,Amazing Experience,The trip was very well organized.,2026-02-06
766,1614,5,Could Be Better,Beautiful destination and smooth experience.,2025-03-09
767,1615,4,Excellent Service,Enjoyed every moment of the journey.,2026-09-12
768,1618,5,Amazing Experience,Food and accommodation exceeded expectations.,2024-01-16
769,1623,1,Worth Every Penny,The trip was very well organized.,2026-09-06
770,1625,3,Great Value,Overall a fantastic experience.,2026-08-01
771,1626,5,Great Value,Will definitely travel again with TripPulse.,2024-03-08
772,1628,5,Fantastic Trip,The trip was very well organized.,2026-09-05
773,1630,3,Great Value,Hotels and transportation were excellent.,2023-11-16
774,1631,4,Highly Recommended,Enjoyed every moment of the journey.,2024-04-29
775,1634,5,Excellent Service,Overall a fantastic experience.,2026-09-15
776,1635,3,Good Experience,Overall a fantastic experience.,2026-04-07
777,1636,5,Good Experience,Trip leader was extremely helpful.,2025-08-09
778,1638,5,Wonderful Trip,Everything was professionally managed.,2024-09-22
779,1639,3,Worth Every Penny,Overall a fantastic experience.,2024-07-02
780,1640,5,Excellent Service,Food and accommodation exceeded expectations.,2023-11-22
781,1646,3,Amazing Experience,Everything was professionally managed.,2026-08-10
782,1649,5,Wonderful Trip,Everything was professionally managed.,2026-09-03
783,1650,5,Worth Every Penny,Will definitely travel again with TripPulse.,2025-07-18
784,1652,5,Excellent Service,Great itinerary and good value for money.,2024-11-25
785,1657,5,Good Experience,Everything was professionally managed.,2024-11-10
786,1658,4,Highly Recommended,Overall a fantastic experience.,2026-03-12
787,1659,3,Excellent Service,Beautiful destination and smooth experience.,2026-01-15
788,1660,4,Highly Recommended,Food and accommodation exceeded expectations.,2023-12-07
789,1662,4,Wonderful Trip,Hotels and transportation were excellent.,2024-02-20
790,1663,5,Great Value,Will definitely travel again with TripPulse.,2025-04-06
791,1664,4,Excellent Service,Enjoyed every moment of the journey.,2025-01-20
792,1666,5,Amazing Experience,Enjoyed every moment of the journey.,2025-02-16
793,1669,5,Excellent Service,Food and accommodation exceeded expectations.,2026-05-27
794,1670,4,Wonderful Trip,Food and accommodation exceeded expectations.,2025-02-15
795,1671,4,Fantastic Trip,Food and accommodation exceeded expectations.,2025-01-08
796,1676,5,Memorable Journey,Hotels and transportation were excellent.,2026-09-08
797,1677,4,Excellent Service,Will definitely travel again with TripPulse.,2025-04-12
798,1679,5,Fantastic Trip,Enjoyed every moment of the journey.,2025-03-02
799,1680,5,Excellent Service,Hotels and transportation were excellent.,2026-02-25
800,1683,4,Good Experience,Food and accommodation exceeded expectations.,2026-02-04
801,1684,1,Worth Every Penny,The trip was very well organized.,2023-11-14
802,1685,3,Good Experience,Great itinerary and good value for money.,2025-04-27
803,1686,4,Memorable Journey,Everything was professionally managed.,2026-08-25
804,1687,5,Good Experience,Enjoyed every moment of the journey.,2025-04-26
805,1689,3,Good Experience,Trip leader was extremely helpful.,2026-07-27
806,1690,5,Excellent Service,Food and accommodation exceeded expectations.,2024-01-06
807,1691,2,Could Be Better,Everything was professionally managed.,2025-08-18
808,1692,2,Could Be Better,The trip was very well organized.,2025-03-16
809,1693,5,Wonderful Trip,Will definitely travel again with TripPulse.,2024-11-02
810,1695,3,Memorable Journey,Will definitely travel again with TripPulse.,2023-12-26
811,1696,5,Wonderful Trip,Enjoyed every moment of the journey.,2026-04-11
812,1698,5,Great Value,Overall a fantastic experience.,2026-08-04
813,1701,5,Great Value,Enjoyed every moment of the journey.,2025-06-02
814,1702,4,Wonderful Trip,Enjoyed every moment of the journey.,2025-04-08
815,1703,5,Excellent Service,Hotels and transportation were excellent.,2024-06-19
816,1704,4,Great Value,Everything was professionally managed.,2026-09-05
817,1705,5,Good Experience,Will definitely travel again with TripPulse.,2025-12-10
818,1706,5,Great Value,Food and accommodation exceeded expectations.,2024-05-03
819,1707,5,Worth Every Penny,Will definitely travel again with TripPulse.,2026-08-25
820,1709,3,Fantastic Trip,Everything was professionally managed.,2026-08-08
821,1711,3,Great Value,Overall a fantastic experience.,2026-08-07
822,1713,5,Amazing Experience,Food and accommodation exceeded expectations.,2026-03-19
823,1714,3,Worth Every Penny,Hotels and transportation were excellent.,2026-03-24
824,1715,4,Fantastic Trip,Trip leader was extremely helpful.,2024-10-28
825,1716,5,Great Value,Enjoyed every moment of the journey.,2026-03-02
826,1717,1,Memorable Journey,Trip leader was extremely helpful.,2024-01-11
827,1720,2,Excellent Service,Trip leader was extremely helpful.,2026-09-06
828,1723,5,Excellent Service,The trip was very well organized.,2024-01-31
829,1725,5,Excellent Service,Overall a fantastic experience.,2025-10-05
830,1728,5,Could Be Better,Overall a fantastic experience.,2025-10-29
831,1729,3,Good Experience,Overall a fantastic experience.,2024-07-03
832,1731,4,Highly Recommended,Beautiful destination and smooth experience.,2025-11-01
833,1732,5,Great Value,Food and accommodation exceeded expectations.,2026-09-11
834,1733,3,Great Value,Overall a fantastic experience.,2025-03-03
835,1736,5,Amazing Experience,Great itinerary and good value for money.,2025-08-28
836,1741,1,Amazing Experience,Overall a fantastic experience.,2023-12-12
837,1742,3,Excellent Service,Everything was professionally managed.,2023-12-14
838,1743,2,Fantastic Trip,Enjoyed every moment of the journey.,2024-11-30
839,1745,5,Wonderful Trip,Great itinerary and good value for money.,2025-07-12
840,1748,5,Worth Every Penny,Will definitely travel again with TripPulse.,2024-12-16
841,1752,3,Highly Recommended,The trip was very well organized.,2026-01-05
842,1756,4,Good Experience,Hotels and transportation were excellent.,2024-06-25
843,1757,1,Great Value,Trip leader was extremely helpful.,2025-07-02
844,1758,4,Fantastic Trip,Overall a fantastic experience.,2026-07-16
845,1760,4,Could Be Better,The trip was very well organized.,2026-08-15
846,1762,5,Fantastic Trip,The trip was very well organized.,2025-10-02
847,1768,5,Memorable Journey,Everything was professionally managed.,2024-05-26
848,1769,5,Excellent Service,Everything was professionally managed.,2025-12-08
849,1772,4,Wonderful Trip,Food and accommodation exceeded expectations.,2026-03-13
850,1776,5,Highly Recommended,Hotels and transportation were excellent.,2026-05-15
851,1777,4,Could Be Better,Trip leader was extremely helpful.,2026-08-07
852,1778,5,Worth Every Penny,Everything was professionally managed.,2024-08-17
853,1780,3,Could Be Better,Enjoyed every moment of the journey.,2024-05-15
854,1781,4,Could Be Better,Will definitely travel again with TripPulse.,2026-07-28
855,1787,3,Worth Every Penny,Hotels and transportation were excellent.,2024-07-19
856,1792,2,Amazing Experience,Will definitely travel again with TripPulse.,2024-03-31
857,1794,5,Fantastic Trip,Food and accommodation exceeded expectations.,2026-03-11
858,1796,4,Could Be Better,Hotels and transportation were excellent.,2025-09-17
859,1800,4,Fantastic Trip,Great itinerary and good value for money.,2026-05-10
860,1801,4,Amazing Experience,The trip was very well organized.,2026-07-28
861,1802,5,Great Value,Food and accommodation exceeded expectations.,2024-09-04
862,1803,1,Fantastic Trip,Overall a fantastic experience.,2025-02-03
863,1804,5,Wonderful Trip,Food and accommodation exceeded expectations.,2025-04-17
864,1806,3,Worth Every Penny,Everything was professionally managed.,2025-10-21
865,1807,5,Wonderful Trip,Enjoyed every moment of the journey.,2026-02-19
866,1808,5,Highly Recommended,Hotels and transportation were excellent.,2025-02-28
867,1809,5,Great Value,Enjoyed every moment of the journey.,2026-02-12
868,1810,4,Amazing Experience,Trip leader was extremely helpful.,2025-08-04
869,1811,5,Fantastic Trip,Hotels and transportation were excellent.,2024-10-06
870,1815,1,Excellent Service,Hotels and transportation were excellent.,2026-01-04
871,1818,5,Great Value,Everything was professionally managed.,2025-12-01
872,1819,4,Excellent Service,Everything was professionally managed.,2026-09-19
873,1820,5,Wonderful Trip,Hotels and transportation were excellent.,2026-08-11
874,1822,4,Good Experience,Enjoyed every moment of the journey.,2026-07-21
875,1826,2,Excellent Service,Great itinerary and good value for money.,2025-08-23
876,1827,4,Worth Every Penny,Enjoyed every moment of the journey.,2024-08-01
877,1828,2,Good Experience,Trip leader was extremely helpful.,2026-05-07
878,1830,5,Could Be Better,Everything was professionally managed.,2024-05-21
879,1834,4,Worth Every Penny,Food and accommodation exceeded expectations.,2025-06-14
880,1835,4,Fantastic Trip,The trip was very well organized.,2025-09-12
881,1837,5,Amazing Experience,Overall a fantastic experience.,2026-02-17
882,1838,3,Amazing Experience,Enjoyed every moment of the journey.,2024-04-20
883,1841,2,Good Experience,Trip leader was extremely helpful.,2025-12-02
884,1842,3,Fantastic Trip,Overall a fantastic experience.,2026-08-23
885,1844,3,Could Be Better,Hotels and transportation were excellent.,2024-11-29
886,1847,2,Could Be Better,Beautiful destination and smooth experience.,2026-07-10
887,1848,5,Memorable Journey,Overall a fantastic experience.,2026-08-14
888,1851,5,Wonderful Trip,Hotels and transportation were excellent.,2023-10-20
889,1857,2,Good Experience,Trip leader was extremely helpful.,2025-06-23
890,1859,4,Good Experience,The trip was very well organized.,2024-01-04
891,1861,4,Memorable Journey,Hotels and transportation were excellent.,2025-09-07
892,1866,2,Could Be Better,Great itinerary and good value for money.,2025-08-28
893,1867,5,Amazing Experience,Enjoyed every moment of the journey.,2025-01-10
894,1869,5,Highly Recommended,Beautiful destination and smooth experience.,2024-08-28
895,1874,5,Good Experience,Trip leader was extremely helpful.,2025-05-21
896,1875,5,Worth Every Penny,Enjoyed every moment of the journey.,2026-07-20
897,1876,3,Fantastic Trip,Will definitely travel again with TripPulse.,2026-02-11
898,1877,5,Highly Recommended,Great itinerary and good value for money.,2024-11-15
899,1879,4,Memorable Journey,The trip was very well organized.,2026-07-04
900,1881,3,Good Experience,Hotels and transportation were excellent.,2026-08-01
901,1882,4,Wonderful Trip,Everything was professionally managed.,2026-07-23
902,1886,5,Great Value,Everything was professionally managed.,2023-12-23
903,1888,4,Wonderful Trip,Overall a fantastic experience.,2024-08-04
904,1889,2,Wonderful Trip,Trip leader was extremely helpful.,2026-02-06
905,1890,5,Excellent Service,Enjoyed every moment of the journey.,2025-09-21
906,1893,4,Amazing Experience,Overall a fantastic experience.,2023-12-07
907,1895,5,Amazing Experience,Great itinerary and good value for money.,2025-07-19
908,1896,4,Great Value,Everything was professionally managed.,2024-02-29
909,1900,5,Fantastic Trip,Trip leader was extremely helpful.,2026-09-12
910,1901,3,Great Value,Everything was professionally managed.,2026-05-12
911,1903,5,Memorable Journey,Great itinerary and good value for money.,2026-08-27
912,1904,5,Memorable Journey,The trip was very well organized.,2024-06-07
913,1905,5,Memorable Journey,Hotels and transportation were excellent.,2024-10-18
914,1906,5,Great Value,Food and accommodation exceeded expectations.,2026-08-18
915,1907,5,Highly Recommended,The trip was very well organized.,2026-08-25
916,1911,5,Amazing Experience,Beautiful destination and smooth experience.,2025-12-30
917,1912,5,Excellent Service,Food and accommodation exceeded expectations.,2026-09-07
918,1914,5,Could Be Better,The trip was very well organized.,2023-12-12
919,1915,2,Highly Recommended,Enjoyed every moment of the journey.,2026-08-15
920,1919,5,Fantastic Trip,Trip leader was extremely helpful.,2024-05-25
921,1922,4,Amazing Experience,Enjoyed every moment of the journey.,2024-09-17
922,1925,3,Memorable Journey,Great itinerary and good value for money.,2025-11-13
923,1926,2,Could Be Better,Everything was professionally managed.,2026-01-02
924,1929,3,Memorable Journey,Overall a fantastic experience.,2026-09-01
925,1939,5,Worth Every Penny,Hotels and transportation were excellent.,2025-10-01
926,1940,4,Could Be Better,Beautiful destination and smooth experience.,2025-05-29
927,1941,5,Good Experience,Trip leader was extremely helpful.,2026-06-07
928,1942,5,Amazing Experience,Enjoyed every moment of the journey.,2025-03-21
929,1943,4,Could Be Better,Trip leader was extremely helpful.,2024-03-08
930,1944,5,Worth Every Penny,Will definitely travel again with TripPulse.,2025-03-09
931,1945,3,Amazing Experience,Beautiful destination and smooth experience.,2026-08-02
932,1947,4,Amazing Experience,Overall a fantastic experience.,2026-09-19
933,1950,5,Fantastic Trip,Enjoyed every moment of the journey.,2026-09-04
934,1953,2,Wonderful Trip,Great itinerary and good value for money.,2026-09-06
935,1954,3,Highly Recommended,Enjoyed every moment of the journey.,2024-11-12
936,1955,5,Memorable Journey,Overall a fantastic experience.,2024-11-15
937,1960,4,Amazing Experience,Will definitely travel again with TripPulse.,2026-08-22
938,1961,5,Good Experience,Overall a fantastic experience.,2025-10-06
939,1962,4,Worth Every Penny,Great itinerary and good value for money.,2026-08-10
940,1963,5,Great Value,Overall a fantastic experience.,2025-02-08
941,1965,5,Fantastic Trip,Beautiful destination and smooth experience.,2024-02-26
942,1966,2,Amazing Experience,Enjoyed every moment of the journey.,2025-01-25
943,1969,3,Great Value,Will definitely travel again with TripPulse.,2024-09-17
944,1970,5,Excellent Service,Will definitely travel again with TripPulse.,2025-01-08
945,1972,5,Excellent Service,Will definitely travel again with TripPulse.,2026-06-28
946,1974,4,Highly Recommended,Trip leader was extremely helpful.,2025-01-20
947,1978,5,Good Experience,Food and accommodation exceeded expectations.,2026-09-14
948,1981,5,Wonderful Trip,Great itinerary and good value for money.,2026-09-05
949,1982,5,Great Value,The trip was very well organized.,2025-12-13
950,1983,5,Worth Every Penny,Hotels and transportation were excellent.,2025-05-31
951,1984,5,Worth Every Penny,Great itinerary and good value for money.,2026-08-26
952,1987,5,Memorable Journey,Everything was professionally managed.,2026-01-28
953,1993,4,Worth Every Penny,The trip was very well organized.,2026-03-20
954,1997,5,Fantastic Trip,Great itinerary and good value for money.,2026-07-31
955,1999,5,Worth Every Penny,Will definitely travel again with TripPulse.,2024-03-24
956,2000,4,Wonderful Trip,Hotels and transportation were excellent.,2024-12-08
957,2001,4,Worth Every Penny,Enjoyed every moment of the journey.,2026-07-16
958,2002,1,Great Value,Food and accommodation exceeded expectations.,2026-08-04
959,2003,5,Wonderful Trip,Hotels and transportation were excellent.,2025-09-26
960,2004,4,Excellent Service,Great itinerary and good value for money.,2024-07-13
961,2005,4,Fantastic Trip,Trip leader was extremely helpful.,2026-08-01
962,2007,3,Good Experience,Food and accommodation exceeded expectations.,2024-11-13
963,2008,4,Highly Recommended,Will definitely travel again with TripPulse.,2025-05-18
964,2009,3,Could Be Better,Enjoyed every moment of the journey.,2025-11-21
965,2010,4,Good Experience,Enjoyed every moment of the journey.,2026-08-08
966,2011,4,Excellent Service,Trip leader was extremely helpful.,2026-07-22
967,2013,5,Excellent Service,Great itinerary and good value for money.,2024-08-20
968,2015,5,Amazing Experience,The trip was very well organized.,2025-07-16
969,2018,5,Excellent Service,Enjoyed every moment of the journey.,2024-05-17
970,2020,4,Great Value,Hotels and transportation were excellent.,2026-02-10
971,2023,5,Fantastic Trip,Trip leader was extremely helpful.,2026-04-30
972,2025,5,Worth Every Penny,Beautiful destination and smooth experience.,2025-09-16
973,2026,5,Amazing Experience,Trip leader was extremely helpful.,2024-04-01
974,2027,3,Could Be Better,Everything was professionally managed.,2024-04-15
975,2029,5,Highly Recommended,Everything was professionally managed.,2025-01-15
976,2031,4,Good Experience,Will definitely travel again with TripPulse.,2025-01-29
977,2032,4,Worth Every Penny,Enjoyed every moment of the journey.,2026-07-11
978,2034,5,Wonderful Trip,Trip leader was extremely helpful.,2025-03-07
979,2035,5,Excellent Service,Hotels and transportation were excellent.,2026-08-28
980,2037,5,Fantastic Trip,Overall a fantastic experience.,2026-08-31
981,2039,5,Amazing Experience,Overall a fantastic experience.,2024-03-25
982,2043,5,Worth Every Penny,Hotels and transportation were excellent.,2024-12-17
983,2044,4,Worth Every Penny,Trip leader was extremely helpful.,2025-02-07
984,2045,4,Memorable Journey,The trip was very well organized.,2026-07-20
985,2047,5,Fantastic Trip,Beautiful destination and smooth experience.,2026-04-15
986,2048,4,Amazing Experience,Great itinerary and good value for money.,2024-03-08
987,2051,5,Could Be Better,Trip leader was extremely helpful.,2024-03-23
988,2052,4,Could Be Better,Food and accommodation exceeded expectations.,2026-05-04
989,2053,5,Good Experience,Food and accommodation exceeded expectations.,2025-01-11
990,2054,5,Excellent Service,Everything was professionally managed.,2024-05-28
991,2055,5,Could Be Better,Beautiful destination and smooth experience.,2024-10-12
992,2057,2,Wonderful Trip,Enjoyed every moment of the journey.,2024-02-15
993,2059,4,Worth Every Penny,Food and accommodation exceeded expectations.,2024-06-01
994,2061,2,Wonderful Trip,Great itinerary and good value for money.,2026-08-05
995,2062,4,Worth Every Penny,Beautiful destination and smooth experience.,2024-09-09
996,2063,3,Amazing Experience,Overall a fantastic experience.,2025-11-25
997,2066,3,Memorable Journey,Overall a fantastic experience.,2026-09-09
998,2067,4,Wonderful Trip,Overall a fantastic experience.,2025-03-25
999,2068,5,Worth Every Penny,Food and accommodation exceeded expectations.,2024-03-29
1000,2069,5,Good Experience,Overall a fantastic experience.,2026-08-29
1001,2070,5,Great Value,Food and accommodation exceeded expectations.,2026-09-10
1002,2071,5,Great Value,Food and accommodation exceeded expectations.,2026-02-15
1003,2076,5,Fantastic Trip,The trip was very well organized.,2024-03-06
1004,2081,1,Worth Every Penny,Beautiful destination and smooth experience.,2023-10-27
1005,2084,4,Memorable Journey,Beautiful destination and smooth experience.,2024-06-05
1006,2087,5,Wonderful Trip,Everything was professionally managed.,2024-01-26
1007,2089,4,Excellent Service,Beautiful destination and smooth experience.,2025-02-23
1008,2090,4,Memorable Journey,Enjoyed every moment of the journey.,2023-11-07
1009,2092,4,Good Experience,Overall a fantastic experience.,2024-05-13
1010,2093,3,Wonderful Trip,Great itinerary and good value for money.,2024-08-22
1011,2094,5,Could Be Better,Enjoyed every moment of the journey.,2024-07-24
1012,2098,5,Amazing Experience,Everything was professionally managed.,2025-03-31
1013,2099,5,Great Value,Great itinerary and good value for money.,2024-12-02
1014,2103,4,Good Experience,Overall a fantastic experience.,2024-08-11
1015,2105,2,Great Value,Enjoyed every moment of the journey.,2025-09-16
1016,2109,4,Worth Every Penny,Food and accommodation exceeded expectations.,2025-09-18
1017,2111,2,Wonderful Trip,Beautiful destination and smooth experience.,2024-06-20
1018,2112,3,Highly Recommended,Trip leader was extremely helpful.,2024-04-23
1019,2117,4,Good Experience,Trip leader was extremely helpful.,2026-05-05
1020,2119,2,Highly Recommended,Hotels and transportation were excellent.,2026-08-24
1021,2121,5,Great Value,Hotels and transportation were excellent.,2023-12-21
1022,2123,5,Fantastic Trip,Everything was professionally managed.,2025-09-25
1023,2126,4,Memorable Journey,Overall a fantastic experience.,2026-03-10
1024,2127,5,Could Be Better,Everything was professionally managed.,2026-09-04
1025,2128,5,Memorable Journey,Will definitely travel again with TripPulse.,2025-02-04
1026,2129,5,Could Be Better,Great itinerary and good value for money.,2025-10-07
1027,2130,4,Good Experience,Overall a fantastic experience.,2026-02-22
1028,2131,5,Great Value,The trip was very well organized.,2026-05-25
1029,2134,5,Great Value,Overall a fantastic experience.,2026-08-18
1030,2136,3,Memorable Journey,Great itinerary and good value for money.,2026-09-06
1031,2137,5,Amazing Experience,Great itinerary and good value for money.,2023-11-06
1032,2138,4,Amazing Experience,Overall a fantastic experience.,2024-07-25
1033,2141,4,Amazing Experience,Trip leader was extremely helpful.,2025-05-06
1034,2149,4,Highly Recommended,Overall a fantastic experience.,2026-08-02
1035,2151,4,Good Experience,The trip was very well organized.,2026-08-01
1036,2156,5,Wonderful Trip,Great itinerary and good value for money.,2024-12-24
1037,2157,3,Wonderful Trip,The trip was very well organized.,2023-11-28
1038,2160,5,Excellent Service,Everything was professionally managed.,2024-03-18
1039,2161,3,Wonderful Trip,Beautiful destination and smooth experience.,2024-02-05
1040,2163,5,Highly Recommended,Hotels and transportation were excellent.,2026-07-28
1041,2166,5,Great Value,Everything was professionally managed.,2026-04-10
1042,2169,4,Good Experience,The trip was very well organized.,2025-07-28
1043,2170,5,Excellent Service,Trip leader was extremely helpful.,2026-07-22
1044,2171,3,Great Value,Beautiful destination and smooth experience.,2025-08-20
1045,2173,3,Worth Every Penny,Overall a fantastic experience.,2025-12-01
1046,2177,3,Highly Recommended,Overall a fantastic experience.,2026-09-03
1047,2178,3,Great Value,Everything was professionally managed.,2024-07-07
1048,2181,5,Fantastic Trip,Overall a fantastic experience.,2026-08-09
1049,2184,5,Fantastic Trip,Overall a fantastic experience.,2026-08-31
1050,2186,5,Could Be Better,Hotels and transportation were excellent.,2024-01-12
1051,2189,5,Fantastic Trip,Food and accommodation exceeded expectations.,2025-10-08
1052,2190,4,Wonderful Trip,Food and accommodation exceeded expectations.,2024-01-23
1053,2193,5,Excellent Service,Overall a fantastic experience.,2025-09-03
1054,2197,5,Could Be Better,Beautiful destination and smooth experience.,2025-07-06
1055,2199,4,Could Be Better,Hotels and transportation were excellent.,2026-06-18
1056,2203,4,Memorable Journey,Trip leader was extremely helpful.,2025-03-12
1057,2206,4,Highly Recommended,Trip leader was extremely helpful.,2026-09-08
1058,2210,1,Amazing Experience,Trip leader was extremely helpful.,2025-06-24
1059,2214,5,Highly Recommended,Overall a fantastic experience.,2024-03-30
1060,2215,3,Excellent Service,Trip leader was extremely helpful.,2026-02-22
1061,2216,5,Amazing Experience,Trip leader was extremely helpful.,2025-08-22
1062,2217,5,Great Value,Hotels and transportation were excellent.,2024-04-23
1063,2218,4,Could Be Better,Beautiful destination and smooth experience.,2026-07-08
1064,2220,2,Could Be Better,Beautiful destination and smooth experience.,2024-03-28
1065,2221,4,Wonderful Trip,Food and accommodation exceeded expectations.,2026-06-29
1066,2222,5,Highly Recommended,Hotels and transportation were excellent.,2025-07-30
1067,2223,5,Could Be Better,Everything was professionally managed.,2023-11-18
1068,2225,5,Great Value,Trip leader was extremely helpful.,2026-05-20
1069,2226,2,Wonderful Trip,The trip was very well organized.,2026-04-12
1070,2232,5,Fantastic Trip,Food and accommodation exceeded expectations.,2025-07-27
1071,2233,4,Amazing Experience,Beautiful destination and smooth experience.,2025-05-29
1072,2237,5,Excellent Service,Food and accommodation exceeded expectations.,2026-02-08
1073,2238,2,Good Experience,Overall a fantastic experience.,2026-06-06
1074,2239,3,Worth Every Penny,Everything was professionally managed.,2026-03-29
1075,2240,5,Good Experience,Everything was professionally managed.,2025-11-12
1076,2242,3,Memorable Journey,Overall a fantastic experience.,2026-07-07
1077,2244,3,Amazing Experience,Great itinerary and good value for money.,2025-03-13
1078,2245,3,Excellent Service,Will definitely travel again with TripPulse.,2026-07-24
1079,2246,5,Excellent Service,Overall a fantastic experience.,2026-07-29
1080,2247,5,Worth Every Penny,Great itinerary and good value for money.,2025-09-06
1081,2250,5,Worth Every Penny,Beautiful destination and smooth experience.,2025-06-22
1082,2253,4,Excellent Service,Great itinerary and good value for money.,2024-02-17
1083,2255,4,Wonderful Trip,Enjoyed every moment of the journey.,2024-05-20
1084,2258,5,Memorable Journey,Food and accommodation exceeded expectations.,2024-01-02
1085,2259,4,Memorable Journey,Will definitely travel again with TripPulse.,2024-04-14
1086,2260,4,Wonderful Trip,Will definitely travel again with TripPulse.,2025-03-26
1087,2262,4,Wonderful Trip,Beautiful destination and smooth experience.,2025-09-27
1088,2267,2,Could Be Better,Enjoyed every moment of the journey.,2026-09-04
1089,2269,3,Fantastic Trip,Trip leader was extremely helpful.,2024-01-24
1090,2270,2,Wonderful Trip,Great itinerary and good value for money.,2024-10-09
1091,2272,4,Amazing Experience,Beautiful destination and smooth experience.,2024-05-14
1092,2273,5,Fantastic Trip,Enjoyed every moment of the journey.,2026-08-25
1093,2274,5,Could Be Better,Beautiful destination and smooth experience.,2024-02-14
1094,2277,4,Highly Recommended,Enjoyed every moment of the journey.,2023-12-11
1095,2278,5,Could Be Better,Enjoyed every moment of the journey.,2025-05-11
1096,2279,4,Great Value,Beautiful destination and smooth experience.,2025-07-14
1097,2281,5,Memorable Journey,The trip was very well organized.,2026-07-16
1098,2283,3,Wonderful Trip,Hotels and transportation were excellent.,2024-12-10
1099,2284,1,Excellent Service,Overall a fantastic experience.,2025-04-08
1100,2285,3,Fantastic Trip,Beautiful destination and smooth experience.,2024-11-03
1101,2286,4,Memorable Journey,Will definitely travel again with TripPulse.,2025-04-25
1102,2288,5,Great Value,Everything was professionally managed.,2024-08-08
1103,2289,5,Great Value,Food and accommodation exceeded expectations.,2025-12-30
1104,2293,4,Good Experience,Trip leader was extremely helpful.,2026-01-06
1105,2295,4,Highly Recommended,Enjoyed every moment of the journey.,2024-03-12
1106,2296,5,Fantastic Trip,Trip leader was extremely helpful.,2025-10-20
1107,2299,2,Memorable Journey,Hotels and transportation were excellent.,2026-04-25
1108,2300,5,Excellent Service,Hotels and transportation were excellent.,2024-08-11
1109,2301,3,Worth Every Penny,The trip was very well organized.,2026-07-10
1110,2303,4,Good Experience,Everything was professionally managed.,2023-10-09
1111,2304,5,Wonderful Trip,Overall a fantastic experience.,2026-07-25
1112,2306,5,Worth Every Penny,Everything was professionally managed.,2026-09-01
1113,2312,5,Memorable Journey,Everything was professionally managed.,2026-06-19
1114,2314,4,Great Value,Great itinerary and good value for money.,2024-12-06
1115,2315,5,Amazing Experience,Will definitely travel again with TripPulse.,2026-09-05
1116,2322,5,Excellent Service,Enjoyed every moment of the journey.,2026-09-15
1117,2323,3,Wonderful Trip,Trip leader was extremely helpful.,2026-05-26
1118,2325,5,Highly Recommended,Hotels and transportation were excellent.,2024-11-30
1119,2327,2,Wonderful Trip,Will definitely travel again with TripPulse.,2024-08-05
1120,2330,3,Amazing Experience,Hotels and transportation were excellent.,2024-11-23
1121,2331,1,Good Experience,Enjoyed every moment of the journey.,2024-08-08
1122,2332,2,Fantastic Trip,Beautiful destination and smooth experience.,2025-08-12
1123,2333,4,Amazing Experience,Beautiful destination and smooth experience.,2026-03-26
1124,2334,5,Could Be Better,Hotels and transportation were excellent.,2026-08-28
1125,2335,3,Worth Every Penny,Will definitely travel again with TripPulse.,2023-11-25
1126,2336,4,Fantastic Trip,Trip leader was extremely helpful.,2025-05-09
1127,2337,4,Amazing Experience,Beautiful destination and smooth experience.,2025-07-15
1128,2338,5,Memorable Journey,Great itinerary and good value for money.,2026-07-31
1129,2341,3,Good Experience,Enjoyed every moment of the journey.,2026-03-06
1130,2345,3,Memorable Journey,Food and accommodation exceeded expectations.,2024-11-24
1131,2346,4,Wonderful Trip,The trip was very well organized.,2026-03-29
1132,2349,3,Worth Every Penny,Beautiful destination and smooth experience.,2026-02-08
1133,2355,5,Excellent Service,Trip leader was extremely helpful.,2026-09-01
1134,2357,4,Great Value,Overall a fantastic experience.,2025-01-17
1135,2359,5,Excellent Service,Great itinerary and good value for money.,2023-10-10
1136,2360,4,Wonderful Trip,The trip was very well organized.,2024-12-06
1137,2362,3,Wonderful Trip,The trip was very well organized.,2025-12-20
1138,2364,5,Memorable Journey,Food and accommodation exceeded expectations.,2025-01-08
1139,2365,5,Worth Every Penny,Hotels and transportation were excellent.,2025-03-05
1140,2366,5,Worth Every Penny,Trip leader was extremely helpful.,2024-03-08
1141,2367,5,Good Experience,The trip was very well organized.,2026-07-30
1142,2370,4,Highly Recommended,Everything was professionally managed.,2024-03-16
1143,2373,5,Worth Every Penny,Trip leader was extremely helpful.,2025-09-16
1144,2374,5,Highly Recommended,Everything was professionally managed.,2026-09-10
1145,2375,5,Excellent Service,Overall a fantastic experience.,2026-01-26
1146,2376,4,Amazing Experience,Food and accommodation exceeded expectations.,2025-11-04
1147,2379,5,Highly Recommended,Will definitely travel again with TripPulse.,2024-04-26
1148,2382,4,Good Experience,Trip leader was extremely helpful.,2026-06-13
1149,2384,5,Memorable Journey,Enjoyed every moment of the journey.,2026-06-03
1150,2386,5,Fantastic Trip,Beautiful destination and smooth experience.,2026-07-14
1151,2387,5,Amazing Experience,Beautiful destination and smooth experience.,2025-03-21
1152,2388,4,Good Experience,Trip leader was extremely helpful.,2025-07-01
1153,2389,1,Could Be Better,Overall a fantastic experience.,2026-09-17
1154,2390,4,Could Be Better,Will definitely travel again with TripPulse.,2024-03-30
1155,2392,5,Excellent Service,Beautiful destination and smooth experience.,2026-08-16
1156,2394,4,Wonderful Trip,The trip was very well organized.,2025-09-26
1157,2395,3,Fantastic Trip,Overall a fantastic experience.,2025-02-27
1158,2396,4,Fantastic Trip,Overall a fantastic experience.,2024-01-10
1159,2398,3,Memorable Journey,Enjoyed every moment of the journey.,2024-11-05
1160,2399,5,Fantastic Trip,Enjoyed every moment of the journey.,2026-06-03
1161,2402,2,Memorable Journey,Food and accommodation exceeded expectations.,2023-11-03
1162,2404,4,Good Experience,Will definitely travel again with TripPulse.,2026-08-19
1163,2406,3,Fantastic Trip,Overall a fantastic experience.,2026-07-21
1164,2409,4,Memorable Journey,Trip leader was extremely helpful.,2023-12-19
1165,2410,2,Good Experience,The trip was very well organized.,2024-09-07
1166,2411,5,Wonderful Trip,Beautiful destination and smooth experience.,2024-03-01
1167,2413,5,Wonderful Trip,Hotels and transportation were excellent.,2026-09-08
1168,2415,5,Fantastic Trip,Overall a fantastic experience.,2025-04-10
1169,2416,5,Amazing Experience,Trip leader was extremely helpful.,2026-09-03
1170,2417,5,Good Experience,Hotels and transportation were excellent.,2026-09-14
1171,2419,2,Worth Every Penny,The trip was very well organized.,2025-01-23
1172,2422,3,Memorable Journey,Hotels and transportation were excellent.,2025-02-23
1173,2423,2,Highly Recommended,Will definitely travel again with TripPulse.,2024-12-17
1174,2425,2,Good Experience,Trip leader was extremely helpful.,2026-08-03
1175,2433,5,Good Experience,Food and accommodation exceeded expectations.,2026-08-03
1176,2434,5,Fantastic Trip,Everything was professionally managed.,2025-06-14
1177,2436,5,Excellent Service,Beautiful destination and smooth experience.,2026-07-16
1178,2437,5,Fantastic Trip,Trip leader was extremely helpful.,2025-10-02
1179,2439,5,Could Be Better,Great itinerary and good value for money.,2025-11-17
1180,2440,3,Good Experience,Hotels and transportation were excellent.,2026-08-12
1181,2445,5,Worth Every Penny,Will definitely travel again with TripPulse.,2025-10-09
1182,2448,4,Highly Recommended,Will definitely travel again with TripPulse.,2026-04-01
1183,2454,5,Could Be Better,Great itinerary and good value for money.,2025-08-14
1184,2457,5,Worth Every Penny,Enjoyed every moment of the journey.,2025-09-21
1185,2459,4,Great Value,Will definitely travel again with TripPulse.,2025-07-12
1186,2461,3,Could Be Better,The trip was very well organized.,2026-08-19
1187,2464,4,Highly Recommended,Overall a fantastic experience.,2026-09-15
1188,2465,5,Wonderful Trip,Great itinerary and good value for money.,2026-06-26
1189,2466,4,Memorable Journey,Food and accommodation exceeded expectations.,2024-03-22
1190,2469,5,Could Be Better,Will definitely travel again with TripPulse.,2026-08-28
1191,2473,5,Worth Every Penny,Overall a fantastic experience.,2024-08-29
1192,2478,2,Highly Recommended,Will definitely travel again with TripPulse.,2025-12-10
1193,2479,5,Worth Every Penny,Food and accommodation exceeded expectations.,2025-05-21
1194,2481,5,Memorable Journey,Beautiful destination and smooth experience.,2023-12-31
1195,2483,4,Highly Recommended,Hotels and transportation were excellent.,2026-09-16
1196,2484,5,Worth Every Penny,Trip leader was extremely helpful.,2025-05-19
1197,2485,5,Good Experience,The trip was very well organized.,2026-04-28
1198,2486,5,Good Experience,Overall a fantastic experience.,2023-12-03
1199,2488,4,Worth Every Penny,Trip leader was extremely helpful.,2025-03-06
1200,2489,5,Great Value,Everything was professionally managed.,2024-12-13
1201,2492,4,Highly Recommended,Trip leader was extremely helpful.,2024-09-07
1202,2494,3,Amazing Experience,Enjoyed every moment of the journey.,2024-04-01
1203,2495,3,Excellent Service,Hotels and transportation were excellent.,2026-01-23
1204,2496,3,Excellent Service,Everything was professionally managed.,2026-09-05
1205,2501,4,Good Experience,Will definitely travel again with TripPulse.,2026-08-24
1206,2503,5,Wonderful Trip,Everything was professionally managed.,2026-09-05
1207,2506,5,Memorable Journey,Everything was professionally managed.,2024-02-01
1208,2507,3,Great Value,Trip leader was extremely helpful.,2023-12-16
1209,2508,4,Fantastic Trip,Great itinerary and good value for money.,2026-08-29
1210,2509,4,Worth Every Penny,Will definitely travel again with TripPulse.,2025-06-20
1211,2511,5,Good Experience,The trip was very well organized.,2025-04-27
1212,2513,5,Fantastic Trip,Beautiful destination and smooth experience.,2026-09-03
1213,2514,5,Amazing Experience,Trip leader was extremely helpful.,2024-10-27
1214,2515,4,Could Be Better,The trip was very well organized.,2023-12-15
1215,2520,3,Wonderful Trip,Overall a fantastic experience.,2024-07-02
1216,2521,5,Wonderful Trip,Hotels and transportation were excellent.,2026-03-14
1217,2523,4,Great Value,Everything was professionally managed.,2025-06-11
1218,2525,5,Highly Recommended,Beautiful destination and smooth experience.,2026-08-14
1219,2526,5,Great Value,Food and accommodation exceeded expectations.,2025-02-26
1220,2528,5,Wonderful Trip,Hotels and transportation were excellent.,2026-03-26
1221,2529,3,Good Experience,Everything was professionally managed.,2023-12-26
1222,2530,4,Worth Every Penny,Food and accommodation exceeded expectations.,2024-11-01
1223,2532,5,Memorable Journey,Will definitely travel again with TripPulse.,2024-11-21
1224,2534,5,Worth Every Penny,Will definitely travel again with TripPulse.,2024-05-04
1225,2539,2,Amazing Experience,Food and accommodation exceeded expectations.,2024-01-11
1226,2540,5,Could Be Better,Everything was professionally managed.,2026-09-05
1227,2543,3,Wonderful Trip,Trip leader was extremely helpful.,2026-03-01
1228,2544,4,Could Be Better,Overall a fantastic experience.,2026-06-23
1229,2547,3,Worth Every Penny,Overall a fantastic experience.,2024-06-06
1230,2548,5,Could Be Better,Overall a fantastic experience.,2024-02-28
1231,2549,4,Amazing Experience,Overall a fantastic experience.,2026-08-25
1232,2558,3,Could Be Better,The trip was very well organized.,2026-08-17
1233,2559,4,Fantastic Trip,Will definitely travel again with TripPulse.,2024-01-27
1234,2562,4,Great Value,Everything was professionally managed.,2026-07-31
1235,2564,3,Great Value,Great itinerary and good value for money.,2025-01-27
1236,2566,5,Highly Recommended,Trip leader was extremely helpful.,2026-06-15
1237,2567,3,Worth Every Penny,The trip was very well organized.,2026-02-07
1238,2571,5,Highly Recommended,The trip was very well organized.,2024-08-12
1239,2572,4,Memorable Journey,Trip leader was extremely helpful.,2023-12-06
1240,2573,5,Wonderful Trip,Everything was professionally managed.,2026-01-04
1241,2576,3,Worth Every Penny,Great itinerary and good value for money.,2026-07-25
1242,2577,5,Amazing Experience,The trip was very well organized.,2024-09-21
1243,2580,4,Excellent Service,Beautiful destination and smooth experience.,2026-06-01
1244,2584,5,Good Experience,Food and accommodation exceeded expectations.,2024-12-02
1245,2586,4,Excellent Service,Enjoyed every moment of the journey.,2026-07-30
1246,2588,4,Good Experience,Enjoyed every moment of the journey.,2025-09-14
1247,2590,5,Good Experience,Overall a fantastic experience.,2023-10-05
1248,2592,3,Good Experience,Great itinerary and good value for money.,2026-09-10
1249,2593,5,Wonderful Trip,Beautiful destination and smooth experience.,2025-04-07
1250,2599,5,Great Value,The trip was very well organized.,2024-03-28
1251,2602,4,Great Value,Food and accommodation exceeded expectations.,2024-02-06
1252,2603,5,Excellent Service,Trip leader was extremely helpful.,2024-09-07
1253,2604,5,Fantastic Trip,Everything was professionally managed.,2026-07-24
1254,2606,3,Amazing Experience,Food and accommodation exceeded expectations.,2026-09-15
1255,2609,4,Highly Recommended,Great itinerary and good value for money.,2025-04-01
1256,2610,5,Could Be Better,Food and accommodation exceeded expectations.,2024-06-02
1257,2611,5,Wonderful Trip,Enjoyed every moment of the journey.,2026-07-25
1258,2613,4,Good Experience,Everything was professionally managed.,2026-07-21
1259,2618,4,Fantastic Trip,Everything was professionally managed.,2026-06-26
1260,2626,2,Amazing Experience,Food and accommodation exceeded expectations.,2025-07-25
1261,2627,5,Excellent Service,Hotels and transportation were excellent.,2024-02-29
1262,2631,5,Excellent Service,Food and accommodation exceeded expectations.,2025-11-30
1263,2632,2,Good Experience,The trip was very well organized.,2026-03-16
1264,2637,4,Memorable Journey,Enjoyed every moment of the journey.,2026-06-10
1265,2638,5,Worth Every Penny,Overall a fantastic experience.,2026-08-28
1266,2643,5,Memorable Journey,The trip was very well organized.,2026-08-07
1267,2644,3,Could Be Better,Overall a fantastic experience.,2026-09-16
1268,2646,5,Memorable Journey,Will definitely travel again with TripPulse.,2026-05-23
1269,2648,4,Highly Recommended,The trip was very well organized.,2026-08-31
1270,2656,3,Good Experience,Will definitely travel again with TripPulse.,2024-02-18
1271,2657,4,Amazing Experience,Everything was professionally managed.,2026-08-10
1272,2661,4,Could Be Better,Beautiful destination and smooth experience.,2026-03-07
1273,2666,5,Fantastic Trip,Everything was professionally managed.,2026-08-28
1274,2670,5,Memorable Journey,Hotels and transportation were excellent.,2026-07-03
1275,2671,5,Good Experience,Enjoyed every moment of the journey.,2024-06-14
1276,2672,4,Memorable Journey,Food and accommodation exceeded expectations.,2026-01-30
1277,2673,5,Good Experience,Trip leader was extremely helpful.,2026-07-14
1278,2674,5,Memorable Journey,Overall a fantastic experience.,2025-11-01
1279,2675,5,Excellent Service,Will definitely travel again with TripPulse.,2026-07-22
1280,2677,4,Amazing Experience,The trip was very well organized.,2026-03-14
1281,2679,5,Amazing Experience,Overall a fantastic experience.,2026-04-30
1282,2680,3,Highly Recommended,Overall a fantastic experience.,2025-04-26
1283,2681,5,Memorable Journey,Overall a fantastic experience.,2024-08-21
1284,2683,4,Worth Every Penny,Overall a fantastic experience.,2026-05-24
1285,2686,4,Worth Every Penny,Overall a fantastic experience.,2026-09-14
1286,2692,2,Worth Every Penny,Beautiful destination and smooth experience.,2024-08-24
1287,2693,5,Highly Recommended,Overall a fantastic experience.,2025-03-04
1288,2694,4,Great Value,Trip leader was extremely helpful.,2025-04-22
1289,2695,3,Wonderful Trip,Enjoyed every moment of the journey.,2026-08-25
1290,2697,5,Could Be Better,Overall a fantastic experience.,2024-06-14
1291,2698,5,Memorable Journey,Food and accommodation exceeded expectations.,2025-09-21
1292,2699,5,Worth Every Penny,Beautiful destination and smooth experience.,2026-09-15
1293,2700,4,Amazing Experience,Overall a fantastic experience.,2025-12-16
1294,2702,5,Wonderful Trip,Great itinerary and good value for money.,2025-12-06
1295,2705,3,Great Value,Enjoyed every moment of the journey.,2024-02-20
1296,2711,5,Could Be Better,Trip leader was extremely helpful.,2025-12-05
1297,2712,3,Amazing Experience,Hotels and transportation were excellent.,2024-02-27
1298,2714,5,Memorable Journey,Great itinerary and good value for money.,2024-04-23
1299,2716,5,Worth Every Penny,Great itinerary and good value for money.,2026-08-18
1300,2717,4,Memorable Journey,Trip leader was extremely helpful.,2026-02-14
1301,2718,5,Could Be Better,Food and accommodation exceeded expectations.,2023-12-07
1302,2719,5,Highly Recommended,Beautiful destination and smooth experience.,2026-08-07
1303,2720,5,Fantastic Trip,Enjoyed every moment of the journey.,2025-07-02
1304,2723,5,Highly Recommended,Overall a fantastic experience.,2026-07-22
1305,2728,4,Memorable Journey,Will definitely travel again with TripPulse.,2023-11-09
1306,2731,5,Good Experience,Food and accommodation exceeded expectations.,2026-03-13
1307,2732,4,Fantastic Trip,Beautiful destination and smooth experience.,2024-03-23
1308,2734,3,Amazing Experience,Great itinerary and good value for money.,2026-07-19
1309,2739,5,Memorable Journey,Everything was professionally managed.,2024-05-05
1310,2740,3,Fantastic Trip,Great itinerary and good value for money.,2024-12-10
1311,2741,5,Good Experience,Overall a fantastic experience.,2024-04-22
1312,2742,4,Highly Recommended,Everything was professionally managed.,2024-07-15
1313,2745,3,Could Be Better,Great itinerary and good value for money.,2025-04-09
1314,2748,4,Amazing Experience,Everything was professionally managed.,2024-05-25
1315,2750,5,Good Experience,Hotels and transportation were excellent.,2023-10-28
1316,2754,4,Highly Recommended,Enjoyed every moment of the journey.,2026-06-08
1317,2755,4,Could Be Better,The trip was very well organized.,2024-04-25
1318,2757,4,Could Be Better,Food and accommodation exceeded expectations.,2024-08-31
1319,2758,5,Amazing Experience,Hotels and transportation were excellent.,2026-06-28
1320,2759,4,Could Be Better,Beautiful destination and smooth experience.,2024-05-10
1321,2762,2,Amazing Experience,Beautiful destination and smooth experience.,2026-07-13
1322,2764,5,Worth Every Penny,Food and accommodation exceeded expectations.,2024-06-10
1323,2766,1,Wonderful Trip,Enjoyed every moment of the journey.,2025-10-03
1324,2767,4,Worth Every Penny,Will definitely travel again with TripPulse.,2024-10-06
1325,2769,4,Could Be Better,Hotels and transportation were excellent.,2026-08-26
1326,2771,5,Great Value,Hotels and transportation were excellent.,2026-02-02
1327,2778,4,Excellent Service,Trip leader was extremely helpful.,2025-05-14
1328,2781,4,Highly Recommended,Overall a fantastic experience.,2025-08-24
1329,2783,4,Worth Every Penny,Hotels and transportation were excellent.,2025-09-25
1330,2784,5,Memorable Journey,Enjoyed every moment of the journey.,2025-06-09
1331,2785,2,Amazing Experience,Trip leader was extremely helpful.,2025-04-07
1332,2786,4,Great Value,Everything was professionally managed.,2025-11-06
1333,2790,4,Fantastic Trip,Beautiful destination and smooth experience.,2026-06-04
1334,2792,2,Good Experience,Everything was professionally managed.,2025-07-24
1335,2793,5,Amazing Experience,Hotels and transportation were excellent.,2026-07-16
1336,2794,4,Excellent Service,Everything was professionally managed.,2026-01-28
1337,2795,5,Amazing Experience,Trip leader was extremely helpful.,2024-05-23
1338,2798,4,Excellent Service,Food and accommodation exceeded expectations.,2026-03-05
1339,2799,4,Excellent Service,Everything was professionally managed.,2026-08-17
1340,2800,4,Could Be Better,Overall a fantastic experience.,2023-11-23
1341,2801,5,Could Be Better,Enjoyed every moment of the journey.,2025-01-02
1342,2803,4,Great Value,Food and accommodation exceeded expectations.,2026-02-15
1343,2804,1,Highly Recommended,Food and accommodation exceeded expectations.,2024-12-27
1344,2805,5,Excellent Service,Will definitely travel again with TripPulse.,2024-03-22
1345,2806,4,Wonderful Trip,The trip was very well organized.,2023-10-23
1346,2808,4,Amazing Experience,Enjoyed every moment of the journey.,2024-07-14
1347,2809,5,Great Value,Trip leader was extremely helpful.,2026-09-04
1348,2810,3,Memorable Journey,The trip was very well organized.,2026-08-30
1349,2811,4,Wonderful Trip,Trip leader was extremely helpful.,2024-07-25
1350,2813,2,Could Be Better,Everything was professionally managed.,2026-09-11
1351,2816,4,Good Experience,The trip was very well organized.,2025-01-10
1352,2817,3,Memorable Journey,Food and accommodation exceeded expectations.,2024-12-01
1353,2820,5,Could Be Better,Trip leader was extremely helpful.,2024-05-26
1354,2824,5,Highly Recommended,Everything was professionally managed.,2026-07-09
1355,2825,4,Wonderful Trip,The trip was very well organized.,2026-07-01
1356,2826,3,Amazing Experience,Enjoyed every moment of the journey.,2026-08-05
1357,2830,5,Worth Every Penny,The trip was very well organized.,2024-10-05
1358,2831,5,Worth Every Penny,Great itinerary and good value for money.,2024-05-15
1359,2833,5,Worth Every Penny,Overall a fantastic experience.,2024-08-18
1360,2834,4,Fantastic Trip,Everything was professionally managed.,2025-08-23
1361,2836,3,Worth Every Penny,Enjoyed every moment of the journey.,2026-06-29
1362,2838,5,Worth Every Penny,Hotels and transportation were excellent.,2024-06-03
1363,2840,4,Could Be Better,Hotels and transportation were excellent.,2026-09-04
1364,2841,2,Memorable Journey,The trip was very well organized.,2023-10-05
1365,2844,5,Excellent Service,Trip leader was extremely helpful.,2024-01-19
1366,2845,3,Excellent Service,The trip was very well organized.,2025-04-14
1367,2846,5,Great Value,Enjoyed every moment of the journey.,2024-01-20
1368,2847,5,Could Be Better,Food and accommodation exceeded expectations.,2025-01-08
1369,2851,4,Wonderful Trip,Will definitely travel again with TripPulse.,2024-12-30
1370,2852,4,Wonderful Trip,Food and accommodation exceeded expectations.,2024-01-02
1371,2853,4,Could Be Better,Enjoyed every moment of the journey.,2024-02-21
1372,2855,5,Fantastic Trip,Beautiful destination and smooth experience.,2026-03-28
1373,2857,5,Could Be Better,Will definitely travel again with TripPulse.,2025-07-12
1374,2861,5,Fantastic Trip,Everything was professionally managed.,2026-08-30
1375,2862,5,Excellent Service,Will definitely travel again with TripPulse.,2025-06-09
1376,2866,4,Worth Every Penny,Great itinerary and good value for money.,2026-04-05
1377,2868,2,Good Experience,Hotels and transportation were excellent.,2024-01-21
1378,2869,4,Amazing Experience,Hotels and transportation were excellent.,2026-02-12
1379,2871,5,Fantastic Trip,Food and accommodation exceeded expectations.,2026-09-02
1380,2872,4,Worth Every Penny,Trip leader was extremely helpful.,2026-09-09
1381,2873,5,Worth Every Penny,Food and accommodation exceeded expectations.,2026-01-04
1382,2874,5,Highly Recommended,Hotels and transportation were excellent.,2026-06-10
1383,2875,5,Could Be Better,Great itinerary and good value for money.,2026-08-05
1384,2876,4,Highly Recommended,Hotels and transportation were excellent.,2024-12-29
1385,2877,5,Excellent Service,The trip was very well organized.,2025-06-01
1386,2880,4,Wonderful Trip,The trip was very well organized.,2025-04-21
1387,2881,5,Memorable Journey,Everything was professionally managed.,2024-12-31
1388,2883,5,Memorable Journey,Enjoyed every moment of the journey.,2024-11-19
1389,2885,1,Fantastic Trip,Overall a fantastic experience.,2024-05-22
1390,2886,1,Memorable Journey,Will definitely travel again with TripPulse.,2025-05-04
1391,2887,4,Highly Recommended,Everything was professionally managed.,2024-06-20
1392,2891,4,Worth Every Penny,Great itinerary and good value for money.,2024-06-08
1393,2894,4,Fantastic Trip,The trip was very well organized.,2025-12-11
1394,2895,5,Highly Recommended,The trip was very well organized.,2025-11-18
1395,2896,5,Worth Every Penny,Great itinerary and good value for money.,2024-08-25
1396,2899,5,Worth Every Penny,Beautiful destination and smooth experience.,2025-11-19
1397,2901,5,Great Value,Enjoyed every moment of the journey.,2025-06-09
1398,2904,5,Worth Every Penny,Great itinerary and good value for money.,2025-11-20
1399,2905,5,Memorable Journey,Trip leader was extremely helpful.,2026-09-18
1400,2907,5,Amazing Experience,Hotels and transportation were excellent.,2025-06-01
1401,2913,5,Wonderful Trip,Food and accommodation exceeded expectations.,2026-04-05
1402,2917,5,Could Be Better,Hotels and transportation were excellent.,2025-05-27
1403,2918,5,Highly Recommended,Everything was professionally managed.,2024-03-03
1404,2921,5,Could Be Better,Everything was professionally managed.,2026-08-15
1405,2924,5,Memorable Journey,Hotels and transportation were excellent.,2026-04-15
1406,2927,2,Great Value,Trip leader was extremely helpful.,2025-11-03
1407,2930,5,Good Experience,Will definitely travel again with TripPulse.,2026-02-19
1408,2931,5,Great Value,The trip was very well organized.,2026-01-05
1409,2934,4,Could Be Better,Beautiful destination and smooth experience.,2024-01-27
1410,2935,2,Amazing Experience,Will definitely travel again with TripPulse.,2024-02-03
1411,2937,5,Could Be Better,Trip leader was extremely helpful.,2024-05-31
1412,2938,4,Could Be Better,Everything was professionally managed.,2026-08-17
1413,2939,2,Could Be Better,Beautiful destination and smooth experience.,2025-01-15
1414,2940,5,Amazing Experience,Trip leader was extremely helpful.,2025-01-20
1415,2943,1,Amazing Experience,Everything was professionally managed.,2025-04-15
1416,2945,4,Could Be Better,Food and accommodation exceeded expectations.,2026-08-02
1417,2946,5,Great Value,Beautiful destination and smooth experience.,2024-07-26
1418,2950,4,Excellent Service,Trip leader was extremely helpful.,2026-07-24
1419,2952,4,Highly Recommended,Hotels and transportation were excellent.,2025-12-20
1420,2953,4,Wonderful Trip,Food and accommodation exceeded expectations.,2024-07-23
1421,2954,3,Fantastic Trip,Everything was professionally managed.,2025-05-30
1422,2955,5,Good Experience,Trip leader was extremely helpful.,2025-11-12
1423,2962,1,Wonderful Trip,Great itinerary and good value for money.,2026-04-04
1424,2968,4,Memorable Journey,Overall a fantastic experience.,2025-01-03
1425,2970,5,Amazing Experience,Hotels and transportation were excellent.,2024-10-19
1426,2972,5,Highly Recommended,The trip was very well organized.,2025-11-19
1427,2977,2,Could Be Better,Overall a fantastic experience.,2025-03-14
1428,2978,5,Could Be Better,The trip was very well organized.,2024-05-03
1429,2979,5,Good Experience,Trip leader was extremely helpful.,2025-01-14
1430,2982,5,Good Experience,Great itinerary and good value for money.,2026-07-26
1431,2983,5,Highly Recommended,Great itinerary and good value for money.,2024-10-06
1432,2984,3,Wonderful Trip,Hotels and transportation were excellent.,2026-09-12
1433,2985,4,Highly Recommended,Everything was professionally managed.,2025-10-23
1434,2986,5,Fantastic Trip,Trip leader was extremely helpful.,2025-06-12
1435,2987,4,Fantastic Trip,Overall a fantastic experience.,2026-09-01
1436,2988,5,Could Be Better,Will definitely travel again with TripPulse.,2026-07-21
1437,2989,5,Great Value,Everything was professionally managed.,2025-02-03
1438,2990,5,Wonderful Trip,Great itinerary and good value for money.,2025-01-15
1439,2991,5,Amazing Experience,Will definitely travel again with TripPulse.,2026-08-15
1440,2992,5,Highly Recommended,Beautiful destination and smooth experience.,2024-05-03
1441,2993,5,Fantastic Trip,Overall a fantastic experience.,2026-04-05
1442,3000,4,Wonderful Trip,Food and accommodation exceeded expectations.,2025-09-30
1443,3001,5,Excellent Service,Beautiful destination and smooth experience.,2025-01-26
1444,3002,5,Memorable Journey,Overall a fantastic experience.,2024-04-29
1445,3005,3,Wonderful Trip,Everything was professionally managed.,2026-08-01
1446,3007,5,Excellent Service,Overall a fantastic experience.,2024-03-18
1447,3008,2,Memorable Journey,Will definitely travel again with TripPulse.,2026-04-08
1448,3009,4,Excellent Service,Overall a fantastic experience.,2024-09-30
1449,3010,4,Worth Every Penny,Overall a fantastic experience.,2025-04-08
1450,3011,4,Good Experience,Will definitely travel again with TripPulse.,2026-09-09
1451,3012,4,Great Value,Enjoyed every moment of the journey.,2025-02-27
1452,3014,4,Good Experience,Beautiful destination and smooth experience.,2024-06-21
1453,3016,3,Wonderful Trip,Food and accommodation exceeded expectations.,2024-05-31
1454,3019,5,Fantastic Trip,Will definitely travel again with TripPulse.,2026-06-09
1455,3021,5,Could Be Better,Overall a fantastic experience.,2024-02-29
1456,3022,1,Amazing Experience,Great itinerary and good value for money.,2024-12-03
1457,3025,2,Good Experience,Everything was professionally managed.,2025-10-18
1458,3027,4,Wonderful Trip,Food and accommodation exceeded expectations.,2026-06-25
1459,3029,3,Could Be Better,Trip leader was extremely helpful.,2025-12-29
1460,3030,4,Wonderful Trip,Overall a fantastic experience.,2026-07-01
1461,3031,5,Could Be Better,Enjoyed every moment of the journey.,2023-10-08
1462,3033,4,Good Experience,Overall a fantastic experience.,2026-01-23
1463,3034,4,Could Be Better,Enjoyed every moment of the journey.,2026-02-18
1464,3035,4,Could Be Better,Enjoyed every moment of the journey.,2024-11-23
1465,3036,3,Great Value,Trip leader was extremely helpful.,2026-07-19
1466,3039,5,Wonderful Trip,Enjoyed every moment of the journey.,2025-11-16
1467,3044,5,Memorable Journey,Overall a fantastic experience.,2024-05-28
1468,3045,3,Could Be Better,Enjoyed every moment of the journey.,2026-08-22
1469,3046,5,Could Be Better,Hotels and transportation were excellent.,2024-11-21
1470,3049,3,Excellent Service,Everything was professionally managed.,2023-10-31
1471,3051,4,Great Value,Overall a fantastic experience.,2026-08-14
1472,3054,4,Memorable Journey,Beautiful destination and smooth experience.,2026-07-24
1473,3055,1,Good Experience,Hotels and transportation were excellent.,2024-06-03
1474,3057,2,Fantastic Trip,Will definitely travel again with TripPulse.,2025-03-22
1475,3059,3,Fantastic Trip,Overall a fantastic experience.,2024-01-30
1476,3061,3,Wonderful Trip,Everything was professionally managed.,2024-05-15
1477,3067,4,Amazing Experience,Beautiful destination and smooth experience.,2025-11-30
1478,3070,5,Fantastic Trip,Overall a fantastic experience.,2026-06-25
1479,3071,4,Good Experience,The trip was very well organized.,2025-03-13
1480,3072,4,Good Experience,Overall a fantastic experience.,2026-09-06
1481,3074,5,Highly Recommended,Overall a fantastic experience.,2026-08-28
1482,3079,5,Wonderful Trip,Food and accommodation exceeded expectations.,2025-05-10
1483,3080,4,Excellent Service,Trip leader was extremely helpful.,2026-09-06
1484,3081,2,Fantastic Trip,The trip was very well organized.,2026-07-20
1485,3082,3,Highly Recommended,Enjoyed every moment of the journey.,2026-03-24
1486,3083,2,Excellent Service,Everything was professionally managed.,2026-09-12
1487,3084,4,Excellent Service,Enjoyed every moment of the journey.,2023-12-31
1488,3086,4,Could Be Better,Trip leader was extremely helpful.,2025-12-30
1489,3087,4,Highly Recommended,Enjoyed every moment of the journey.,2025-06-13
1490,3090,4,Highly Recommended,Will definitely travel again with TripPulse.,2025-12-06
1491,3092,4,Memorable Journey,Overall a fantastic experience.,2023-12-26
1492,3094,3,Amazing Experience,Beautiful destination and smooth experience.,2025-02-20
1493,3098,5,Memorable Journey,Great itinerary and good value for money.,2024-02-23
1494,3099,5,Wonderful Trip,Everything was professionally managed.,2023-11-25
1495,3101,4,Worth Every Penny,Overall a fantastic experience.,2025-03-17
1496,3102,5,Fantastic Trip,The trip was very well organized.,2025-10-26
1497,3103,4,Fantastic Trip,Will definitely travel again with TripPulse.,2026-08-09
1498,3105,4,Good Experience,Trip leader was extremely helpful.,2024-12-08
1499,3106,5,Highly Recommended,Everything was professionally managed.,2025-08-29
1500,3108,4,Great Value,Trip leader was extremely helpful.,2024-09-03
1501,3112,2,Fantastic Trip,Enjoyed every moment of the journey.,2025-03-06
1502,3113,4,Fantastic Trip,Enjoyed every moment of the journey.,2025-03-08
1503,3114,5,Excellent Service,Overall a fantastic experience.,2025-04-07
1504,3115,5,Memorable Journey,Hotels and transportation were excellent.,2024-04-08
1505,3120,5,Worth Every Penny,Everything was professionally managed.,2024-06-11
1506,3121,2,Great Value,Enjoyed every moment of the journey.,2026-01-02
1507,3124,4,Worth Every Penny,Great itinerary and good value for money.,2024-01-23
1508,3125,5,Good Experience,Will definitely travel again with TripPulse.,2025-10-28
1509,3126,5,Amazing Experience,The trip was very well organized.,2025-12-23
1510,3129,5,Could Be Better,Enjoyed every moment of the journey.,2026-09-05
1511,3134,5,Could Be Better,Everything was professionally managed.,2026-08-25
1512,3137,5,Amazing Experience,Great itinerary and good value for money.,2024-04-05
1513,3138,5,Wonderful Trip,Overall a fantastic experience.,2026-08-22
1514,3141,5,Fantastic Trip,The trip was very well organized.,2026-08-27
1515,3142,3,Could Be Better,Great itinerary and good value for money.,2025-05-22
1516,3143,5,Highly Recommended,Enjoyed every moment of the journey.,2025-12-18
1517,3144,3,Amazing Experience,Hotels and transportation were excellent.,2025-05-27
1518,3148,5,Wonderful Trip,Hotels and transportation were excellent.,2023-11-25
1519,3154,4,Fantastic Trip,The trip was very well organized.,2026-09-02
1520,3155,5,Fantastic Trip,Enjoyed every moment of the journey.,2024-01-09
1521,3158,1,Highly Recommended,Food and accommodation exceeded expectations.,2025-11-07
1522,3159,4,Amazing Experience,Will definitely travel again with TripPulse.,2024-03-19
1523,3160,3,Wonderful Trip,Enjoyed every moment of the journey.,2026-07-21
1524,3161,4,Highly Recommended,Enjoyed every moment of the journey.,2024-07-02
1525,3165,4,Could Be Better,Hotels and transportation were excellent.,2025-02-16
1526,3169,5,Great Value,Trip leader was extremely helpful.,2026-09-07
1527,3172,4,Good Experience,The trip was very well organized.,2026-08-15
1528,3174,3,Amazing Experience,Great itinerary and good value for money.,2023-11-13
1529,3175,4,Good Experience,Everything was professionally managed.,2025-08-13
1530,3176,4,Great Value,Everything was professionally managed.,2025-06-02
1531,3177,5,Good Experience,Hotels and transportation were excellent.,2025-01-20
1532,3183,4,Great Value,Everything was professionally managed.,2024-09-29
1533,3185,5,Wonderful Trip,Trip leader was extremely helpful.,2024-03-18
1534,3186,4,Could Be Better,Trip leader was extremely helpful.,2024-10-09
1535,3187,4,Excellent Service,The trip was very well organized.,2023-11-04
1536,3190,4,Could Be Better,Will definitely travel again with TripPulse.,2026-07-30
1537,3191,3,Amazing Experience,Overall a fantastic experience.,2025-03-21
1538,3192,3,Excellent Service,Will definitely travel again with TripPulse.,2026-03-11
1539,3194,5,Good Experience,Enjoyed every moment of the journey.,2025-03-18
1540,3198,1,Could Be Better,Food and accommodation exceeded expectations.,2025-06-26
1541,3200,3,Good Experience,Will definitely travel again with TripPulse.,2026-09-05
1542,3202,5,Memorable Journey,The trip was very well organized.,2024-12-20
1543,3203,5,Memorable Journey,Great itinerary and good value for money.,2023-10-25
1544,3204,4,Memorable Journey,The trip was very well organized.,2024-05-25
1545,3205,4,Amazing Experience,Trip leader was extremely helpful.,2024-04-19
1546,3207,3,Highly Recommended,Beautiful destination and smooth experience.,2026-05-16
1547,3210,5,Fantastic Trip,The trip was very well organized.,2026-09-06
1548,3211,5,Great Value,Enjoyed every moment of the journey.,2024-08-30
1549,3212,5,Fantastic Trip,Great itinerary and good value for money.,2026-08-31
1550,3213,4,Amazing Experience,Enjoyed every moment of the journey.,2026-01-26
1551,3217,5,Excellent Service,Beautiful destination and smooth experience.,2025-08-25
1552,3218,5,Wonderful Trip,Hotels and transportation were excellent.,2025-01-05
1553,3219,4,Good Experience,Will definitely travel again with TripPulse.,2026-09-08
1554,3221,5,Great Value,Enjoyed every moment of the journey.,2025-10-02
1555,3223,1,Wonderful Trip,Great itinerary and good value for money.,2026-01-13
1556,3224,5,Memorable Journey,Food and accommodation exceeded expectations.,2024-07-20
1557,3227,5,Wonderful Trip,Hotels and transportation were excellent.,2026-01-18
1558,3229,5,Amazing Experience,Will definitely travel again with TripPulse.,2026-08-14
1559,3232,5,Memorable Journey,Trip leader was extremely helpful.,2025-11-24
1560,3233,4,Amazing Experience,The trip was very well organized.,2026-09-02
1561,3234,5,Fantastic Trip,Food and accommodation exceeded expectations.,2026-08-25
1562,3238,5,Wonderful Trip,The trip was very well organized.,2023-10-18
1563,3239,5,Amazing Experience,Food and accommodation exceeded expectations.,2025-11-13
1564,3240,5,Wonderful Trip,Enjoyed every moment of the journey.,2025-08-15
1565,3242,3,Highly Recommended,Everything was professionally managed.,2024-02-02
1566,3244,5,Good Experience,The trip was very well organized.,2023-10-27
1567,3245,4,Worth Every Penny,Great itinerary and good value for money.,2025-10-10
1568,3247,5,Worth Every Penny,Trip leader was extremely helpful.,2026-08-19
1569,3248,3,Highly Recommended,Everything was professionally managed.,2026-05-28
1570,3249,4,Highly Recommended,The trip was very well organized.,2023-12-21
1571,3253,1,Wonderful Trip,Hotels and transportation were excellent.,2024-05-05
1572,3254,3,Fantastic Trip,Everything was professionally managed.,2026-01-26
1573,3255,4,Amazing Experience,Overall a fantastic experience.,2026-09-01
1574,3256,5,Highly Recommended,Everything was professionally managed.,2025-01-22
1575,3258,5,Amazing Experience,Food and accommodation exceeded expectations.,2026-03-05
1576,3260,4,Could Be Better,Food and accommodation exceeded expectations.,2024-12-07
1577,3261,5,Could Be Better,The trip was very well organized.,2026-08-28
1578,3262,4,Fantastic Trip,Beautiful destination and smooth experience.,2025-07-22
1579,3263,5,Could Be Better,Everything was professionally managed.,2026-03-29
1580,3268,5,Amazing Experience,Everything was professionally managed.,2026-03-12
1581,3269,4,Great Value,The trip was very well organized.,2026-07-29
1582,3271,5,Memorable Journey,The trip was very well organized.,2025-11-25
1583,3274,4,Amazing Experience,Great itinerary and good value for money.,2025-01-27
1584,3275,4,Could Be Better,Great itinerary and good value for money.,2024-02-12
1585,3276,3,Could Be Better,Beautiful destination and smooth experience.,2024-07-07
1586,3282,3,Excellent Service,Enjoyed every moment of the journey.,2025-08-27
1587,3283,4,Highly Recommended,Trip leader was extremely helpful.,2026-04-22
1588,3286,4,Could Be Better,Hotels and transportation were excellent.,2026-07-15
1589,3287,5,Amazing Experience,Trip leader was extremely helpful.,2026-07-09
1590,3288,4,Could Be Better,The trip was very well organized.,2025-03-05
1591,3295,2,Amazing Experience,Trip leader was extremely helpful.,2023-12-03
1592,3296,3,Good Experience,Enjoyed every moment of the journey.,2025-01-05
1593,3297,5,Memorable Journey,Beautiful destination and smooth experience.,2025-06-30
1594,3298,4,Highly Recommended,Trip leader was extremely helpful.,2024-10-03
1595,3299,5,Could Be Better,Everything was professionally managed.,2023-10-01
1596,3300,3,Memorable Journey,Hotels and transportation were excellent.,2026-05-09
1597,3301,4,Great Value,Overall a fantastic experience.,2026-07-17
1598,3304,3,Amazing Experience,Great itinerary and good value for money.,2026-07-29
1599,3305,4,Wonderful Trip,Everything was professionally managed.,2026-06-13
1600,3307,3,Could Be Better,Will definitely travel again with TripPulse.,2026-08-27
1601,3311,5,Wonderful Trip,Everything was professionally managed.,2026-07-08
1602,3313,2,Good Experience,Enjoyed every moment of the journey.,2026-09-12
1603,3314,4,Wonderful Trip,Beautiful destination and smooth experience.,2026-03-27
1604,3315,4,Amazing Experience,Hotels and transportation were excellent.,2026-05-05
1605,3316,4,Worth Every Penny,Hotels and transportation were excellent.,2026-07-14
1606,3317,3,Good Experience,Food and accommodation exceeded expectations.,2025-01-05
1607,3319,3,Worth Every Penny,Will definitely travel again with TripPulse.,2026-06-27
1608,3321,5,Memorable Journey,Trip leader was extremely helpful.,2026-07-21
1609,3325,4,Excellent Service,Enjoyed every moment of the journey.,2025-02-22
1610,3327,4,Worth Every Penny,Enjoyed every moment of the journey.,2026-08-31
1611,3328,5,Good Experience,The trip was very well organized.,2023-10-10
1612,3330,4,Highly Recommended,Great itinerary and good value for money.,2026-09-12
1613,3331,5,Great Value,Hotels and transportation were excellent.,2026-08-17
1614,3332,5,Wonderful Trip,Will definitely travel again with TripPulse.,2025-03-21
1615,3334,5,Wonderful Trip,Hotels and transportation were excellent.,2024-12-02
1616,3335,2,Memorable Journey,Food and accommodation exceeded expectations.,2026-04-30
1617,3339,3,Fantastic Trip,Overall a fantastic experience.,2026-08-17
1618,3341,3,Memorable Journey,Beautiful destination and smooth experience.,2023-11-27
1619,3343,5,Could Be Better,Everything was professionally managed.,2025-09-25
1620,3346,3,Wonderful Trip,Will definitely travel again with TripPulse.,2023-12-24
1621,3347,3,Worth Every Penny,Great itinerary and good value for money.,2025-07-25
1622,3348,5,Memorable Journey,Beautiful destination and smooth experience.,2024-11-17
1623,3350,5,Worth Every Penny,Will definitely travel again with TripPulse.,2025-02-02
1624,3352,5,Amazing Experience,Will definitely travel again with TripPulse.,2024-01-31
1625,3353,4,Worth Every Penny,Trip leader was extremely helpful.,2026-07-03
1626,3354,5,Amazing Experience,Food and accommodation exceeded expectations.,2024-05-30
1627,3355,5,Highly Recommended,Will definitely travel again with TripPulse.,2026-09-04
1628,3362,5,Good Experience,Enjoyed every moment of the journey.,2025-10-06
1629,3363,5,Fantastic Trip,The trip was very well organized.,2023-11-03
1630,3364,5,Amazing Experience,Beautiful destination and smooth experience.,2025-03-22
1631,3367,1,Excellent Service,Hotels and transportation were excellent.,2025-01-24
1632,3368,5,Worth Every Penny,Will definitely travel again with TripPulse.,2026-08-25
1633,3370,4,Highly Recommended,Everything was professionally managed.,2026-08-10
1634,3371,2,Highly Recommended,Overall a fantastic experience.,2026-01-26
1635,3372,4,Good Experience,Will definitely travel again with TripPulse.,2026-05-25
1636,3377,4,Could Be Better,Will definitely travel again with TripPulse.,2024-12-07
1637,3381,2,Fantastic Trip,Trip leader was extremely helpful.,2024-02-21
1638,3382,2,Fantastic Trip,Hotels and transportation were excellent.,2023-12-16
1639,3384,4,Wonderful Trip,Food and accommodation exceeded expectations.,2026-03-25
1640,3385,5,Worth Every Penny,Food and accommodation exceeded expectations.,2024-08-15
1641,3386,5,Wonderful Trip,Hotels and transportation were excellent.,2026-05-24
1642,3387,5,Amazing Experience,The trip was very well organized.,2025-11-09
1643,3388,3,Wonderful Trip,Beautiful destination and smooth experience.,2026-05-14
1644,3393,1,Worth Every Penny,Enjoyed every moment of the journey.,2025-01-30
1645,3394,4,Wonderful Trip,Hotels and transportation were excellent.,2024-10-02
1646,3396,5,Could Be Better,Will definitely travel again with TripPulse.,2026-09-16
1647,3398,5,Amazing Experience,Trip leader was extremely helpful.,2026-09-09
1648,3400,5,Wonderful Trip,Beautiful destination and smooth experience.,2026-08-27
1649,3401,4,Fantastic Trip,Great itinerary and good value for money.,2024-12-16
1650,3402,3,Worth Every Penny,The trip was very well organized.,2023-11-03
1651,3404,4,Worth Every Penny,Will definitely travel again with TripPulse.,2025-10-25
1652,3405,4,Good Experience,Beautiful destination and smooth experience.,2026-02-01
1653,3407,4,Could Be Better,Hotels and transportation were excellent.,2026-06-05
1654,3410,5,Amazing Experience,Hotels and transportation were excellent.,2026-08-24
1655,3412,5,Worth Every Penny,Food and accommodation exceeded expectations.,2024-04-25
1656,3416,5,Excellent Service,Overall a fantastic experience.,2025-03-18
1657,3417,3,Fantastic Trip,Great itinerary and good value for money.,2025-07-27
1658,3420,5,Wonderful Trip,Enjoyed every moment of the journey.,2025-09-23
1659,3422,4,Good Experience,Hotels and transportation were excellent.,2024-10-25
1660,3425,5,Excellent Service,Trip leader was extremely helpful.,2025-06-19
1661,3427,5,Could Be Better,Everything was professionally managed.,2023-10-28
1662,3431,5,Excellent Service,Will definitely travel again with TripPulse.,2026-06-30
1663,3432,4,Wonderful Trip,The trip was very well organized.,2023-11-18
1664,3433,5,Worth Every Penny,Everything was professionally managed.,2025-09-08
1665,3435,5,Memorable Journey,Enjoyed every moment of the journey.,2024-01-20
1666,3436,5,Highly Recommended,Will definitely travel again with TripPulse.,2026-07-09
1667,3437,3,Worth Every Penny,Will definitely travel again with TripPulse.,2024-05-28
1668,3439,3,Could Be Better,Overall a fantastic experience.,2026-08-29
1669,3440,5,Fantastic Trip,Enjoyed every moment of the journey.,2024-06-07
1670,3442,5,Fantastic Trip,Hotels and transportation were excellent.,2023-12-11
1671,3444,3,Good Experience,Overall a fantastic experience.,2026-07-20
1672,3445,5,Could Be Better,Great itinerary and good value for money.,2026-09-08
1673,3447,5,Memorable Journey,Great itinerary and good value for money.,2024-06-01
1674,3448,4,Could Be Better,Food and accommodation exceeded expectations.,2025-06-04
1675,3451,4,Fantastic Trip,Beautiful destination and smooth experience.,2025-06-27
1676,3453,5,Fantastic Trip,Hotels and transportation were excellent.,2024-12-01
1677,3457,2,Wonderful Trip,Overall a fantastic experience.,2025-06-14
1678,3459,5,Good Experience,Hotels and transportation were excellent.,2024-12-04
1679,3461,5,Excellent Service,Hotels and transportation were excellent.,2026-07-30
1680,3463,5,Highly Recommended,Trip leader was extremely helpful.,2026-09-10
1681,3466,4,Memorable Journey,Beautiful destination and smooth experience.,2026-01-06
1682,3468,5,Memorable Journey,Beautiful destination and smooth experience.,2025-07-02
1683,3469,5,Memorable Journey,Beautiful destination and smooth experience.,2025-10-08
1684,3470,5,Fantastic Trip,Enjoyed every moment of the journey.,2025-11-04
1685,3471,5,Wonderful Trip,Food and accommodation exceeded expectations.,2026-09-18
1686,3472,2,Could Be Better,Beautiful destination and smooth experience.,2025-09-15
1687,3474,5,Great Value,Overall a fantastic experience.,2025-12-17
1688,3475,5,Good Experience,Overall a fantastic experience.,2026-07-06
1689,3480,2,Worth Every Penny,Trip leader was extremely helpful.,2025-09-27
1690,3481,5,Memorable Journey,Great itinerary and good value for money.,2023-12-09
1691,3482,3,Could Be Better,Will definitely travel again with TripPulse.,2026-04-20
1692,3492,5,Wonderful Trip,Trip leader was extremely helpful.,2023-12-16
1693,3493,5,Excellent Service,The trip was very well organized.,2025-10-27
1694,3495,5,Good Experience,Hotels and transportation were excellent.,2024-11-01
1695,3496,5,Good Experience,Great itinerary and good value for money.,2025-07-14
1696,3497,4,Amazing Experience,The trip was very well organized.,2025-07-20
1697,3499,5,Memorable Journey,Everything was professionally managed.,2025-03-09
1698,3503,4,Fantastic Trip,Everything was professionally managed.,2026-07-09
1699,3504,5,Good Experience,The trip was very well organized.,2025-04-07
1700,3505,4,Wonderful Trip,Food and accommodation exceeded expectations.,2026-08-03
1701,3506,2,Worth Every Penny,Food and accommodation exceeded expectations.,2026-08-05
1702,3510,4,Good Experience,Will definitely travel again with TripPulse.,2025-01-11
1703,3511,4,Great Value,Beautiful destination and smooth experience.,2026-07-13
1704,3512,4,Memorable Journey,Everything was professionally managed.,2024-03-29
1705,3513,4,Worth Every Penny,Hotels and transportation were excellent.,2024-12-08
1706,3521,5,Good Experience,Everything was professionally managed.,2025-06-20
1707,3522,4,Worth Every Penny,Hotels and transportation were excellent.,2025-10-19
1708,3529,5,Worth Every Penny,Enjoyed every moment of the journey.,2025-01-06
1709,3531,2,Amazing Experience,Will definitely travel again with TripPulse.,2025-08-31
1710,3532,5,Great Value,The trip was very well organized.,2026-09-14
1711,3534,5,Could Be Better,Great itinerary and good value for money.,2026-08-23
1712,3535,4,Memorable Journey,Will definitely travel again with TripPulse.,2026-09-07
1713,3537,4,Fantastic Trip,Trip leader was extremely helpful.,2026-08-18
1714,3538,4,Memorable Journey,Will definitely travel again with TripPulse.,2026-08-23
1715,3542,5,Amazing Experience,Everything was professionally managed.,2024-01-11
1716,3543,3,Highly Recommended,Will definitely travel again with TripPulse.,2025-12-20
1717,3544,2,Amazing Experience,Food and accommodation exceeded expectations.,2024-09-17
1718,3545,5,Wonderful Trip,Everything was professionally managed.,2024-02-29
1719,3546,3,Excellent Service,Enjoyed every moment of the journey.,2025-07-02
1720,3548,4,Amazing Experience,Beautiful destination and smooth experience.,2026-08-27
1721,3551,5,Wonderful Trip,Will definitely travel again with TripPulse.,2026-07-25
1722,3553,4,Great Value,Will definitely travel again with TripPulse.,2026-09-07
1723,3556,2,Highly Recommended,Hotels and transportation were excellent.,2024-02-28
1724,3562,4,Fantastic Trip,Trip leader was extremely helpful.,2024-02-16
1725,3563,5,Memorable Journey,Great itinerary and good value for money.,2026-01-01
1726,3564,4,Good Experience,Enjoyed every moment of the journey.,2026-09-01
1727,3565,5,Excellent Service,The trip was very well organized.,2024-11-07
1728,3566,5,Could Be Better,The trip was very well organized.,2026-01-21
1729,3567,5,Memorable Journey,Hotels and transportation were excellent.,2026-08-28
1730,3568,5,Highly Recommended,Great itinerary and good value for money.,2026-01-25
1731,3570,4,Could Be Better,The trip was very well organized.,2025-05-03
1732,3571,4,Highly Recommended,Everything was professionally managed.,2025-07-19
1733,3572,3,Highly Recommended,Beautiful destination and smooth experience.,2026-07-28
1734,3573,5,Great Value,Food and accommodation exceeded expectations.,2025-11-09
1735,3574,5,Fantastic Trip,The trip was very well organized.,2026-07-24
1736,3577,4,Great Value,Trip leader was extremely helpful.,2025-10-15
1737,3581,5,Highly Recommended,Food and accommodation exceeded expectations.,2025-08-05
1738,3583,4,Good Experience,Trip leader was extremely helpful.,2026-09-05
1739,3584,3,Highly Recommended,The trip was very well organized.,2026-08-19
1740,3586,4,Wonderful Trip,Trip leader was extremely helpful.,2024-05-04
1741,3587,5,Could Be Better,The trip was very well organized.,2025-01-24
1742,3589,4,Amazing Experience,Great itinerary and good value for money.,2026-09-10
1743,3592,4,Wonderful Trip,Hotels and transportation were excellent.,2024-03-12
1744,3593,4,Memorable Journey,Enjoyed every moment of the journey.,2025-06-24
1745,3600,3,Highly Recommended,Great itinerary and good value for money.,2026-04-04
1746,3602,4,Highly Recommended,The trip was very well organized.,2025-01-08
1747,3604,5,Great Value,Food and accommodation exceeded expectations.,2026-08-06
1748,3606,5,Fantastic Trip,The trip was very well organized.,2026-09-06
1749,3608,5,Highly Recommended,The trip was very well organized.,2026-08-27
1750,3609,4,Memorable Journey,Food and accommodation exceeded expectations.,2026-08-10
1751,3611,5,Good Experience,Food and accommodation exceeded expectations.,2025-12-13
1752,3612,5,Could Be Better,Beautiful destination and smooth experience.,2026-09-05
1753,3613,4,Memorable Journey,Will definitely travel again with TripPulse.,2024-02-08
1754,3615,4,Fantastic Trip,Overall a fantastic experience.,2025-05-28
1755,3616,3,Amazing Experience,Will definitely travel again with TripPulse.,2025-03-05
1756,3617,2,Great Value,Will definitely travel again with TripPulse.,2025-12-15
1757,3618,3,Could Be Better,Beautiful destination and smooth experience.,2026-07-31
1758,3623,5,Amazing Experience,Everything was professionally managed.,2025-03-29
1759,3625,5,Memorable Journey,The trip was very well organized.,2025-12-28
1760,3626,5,Good Experience,Great itinerary and good value for money.,2026-02-07
1761,3627,3,Could Be Better,Beautiful destination and smooth experience.,2023-12-17
1762,3630,4,Good Experience,Great itinerary and good value for money.,2024-08-28
1763,3632,2,Good Experience,Great itinerary and good value for money.,2026-07-02
1764,3633,2,Highly Recommended,Beautiful destination and smooth experience.,2025-09-29
1765,3635,2,Great Value,Overall a fantastic experience.,2025-08-04
1766,3636,5,Wonderful Trip,Overall a fantastic experience.,2026-09-10
1767,3637,3,Good Experience,Trip leader was extremely helpful.,2025-02-10
1768,3640,5,Fantastic Trip,Beautiful destination and smooth experience.,2024-08-13
1769,3642,4,Memorable Journey,Hotels and transportation were excellent.,2024-04-10
1770,3645,5,Amazing Experience,Trip leader was extremely helpful.,2026-09-04
1771,3646,5,Highly Recommended,Will definitely travel again with TripPulse.,2025-06-19
1772,3652,4,Fantastic Trip,Overall a fantastic experience.,2024-03-16
1773,3654,5,Worth Every Penny,Hotels and transportation were excellent.,2024-04-16
1774,3655,4,Good Experience,Hotels and transportation were excellent.,2023-11-16
1775,3659,5,Wonderful Trip,Overall a fantastic experience.,2026-08-12
1776,3661,3,Wonderful Trip,Hotels and transportation were excellent.,2025-05-13
1777,3664,3,Excellent Service,Enjoyed every moment of the journey.,2026-07-28
1778,3666,4,Memorable Journey,Everything was professionally managed.,2026-07-15
1779,3667,5,Fantastic Trip,Hotels and transportation were excellent.,2025-06-10
1780,3669,4,Memorable Journey,Hotels and transportation were excellent.,2023-11-17
1781,3673,4,Memorable Journey,Great itinerary and good value for money.,2026-09-12
1782,3674,5,Excellent Service,Overall a fantastic experience.,2024-02-28
1783,3675,5,Amazing Experience,Trip leader was extremely helpful.,2026-01-20
1784,3683,5,Memorable Journey,Overall a fantastic experience.,2025-03-18
1785,3686,4,Fantastic Trip,The trip was very well organized.,2024-11-03
1786,3687,5,Good Experience,Hotels and transportation were excellent.,2025-07-11
1787,3690,5,Great Value,Overall a fantastic experience.,2025-01-31
1788,3693,2,Excellent Service,Will definitely travel again with TripPulse.,2024-07-16
1789,3696,5,Great Value,Food and accommodation exceeded expectations.,2024-04-08
1790,3697,4,Amazing Experience,Great itinerary and good value for money.,2025-08-03
1791,3698,5,Wonderful Trip,Overall a fantastic experience.,2024-08-04
1792,3699,5,Great Value,Trip leader was extremely helpful.,2026-03-04
1793,3700,5,Wonderful Trip,Trip leader was extremely helpful.,2025-01-04
1794,3701,5,Wonderful Trip,Great itinerary and good value for money.,2025-03-13
1795,3703,4,Could Be Better,The trip was very well organized.,2025-10-13
1796,3704,2,Excellent Service,The trip was very well organized.,2024-11-21
1797,3705,5,Amazing Experience,Trip leader was extremely helpful.,2025-01-12
1798,3706,5,Could Be Better,Trip leader was extremely helpful.,2026-09-12
1799,3712,3,Good Experience,Enjoyed every moment of the journey.,2026-08-05
1800,3714,5,Amazing Experience,The trip was very well organized.,2025-09-01
1801,3715,3,Could Be Better,Overall a fantastic experience.,2026-08-27
1802,3719,4,Excellent Service,Will definitely travel again with TripPulse.,2026-03-23
1803,3720,5,Memorable Journey,Overall a fantastic experience.,2026-05-23
1804,3722,5,Fantastic Trip,Will definitely travel again with TripPulse.,2025-03-08
1805,3724,3,Wonderful Trip,Great itinerary and good value for money.,2024-07-09
1806,3726,5,Worth Every Penny,Enjoyed every moment of the journey.,2024-04-23
1807,3727,3,Fantastic Trip,Beautiful destination and smooth experience.,2025-04-10
1808,3732,3,Wonderful Trip,Great itinerary and good value for money.,2024-10-30
1809,3734,2,Worth Every Penny,Beautiful destination and smooth experience.,2026-04-27
1810,3736,4,Memorable Journey,Enjoyed every moment of the journey.,2026-07-23
1811,3737,4,Excellent Service,Everything was professionally managed.,2026-07-16
1812,3739,4,Good Experience,Everything was professionally managed.,2024-12-27
1813,3741,4,Great Value,Beautiful destination and smooth experience.,2024-12-04
1814,3744,3,Amazing Experience,Beautiful destination and smooth experience.,2025-10-21
1815,3745,4,Worth Every Penny,Everything was professionally managed.,2026-03-26
1816,3747,5,Worth Every Penny,Hotels and transportation were excellent.,2026-07-07
1817,3748,4,Wonderful Trip,Beautiful destination and smooth experience.,2024-08-05
1818,3749,5,Amazing Experience,Hotels and transportation were excellent.,2026-08-30
1819,3752,4,Great Value,Food and accommodation exceeded expectations.,2025-12-09
1820,3756,5,Wonderful Trip,Beautiful destination and smooth experience.,2024-08-23
1821,3762,5,Good Experience,Trip leader was extremely helpful.,2025-09-26
1822,3764,5,Wonderful Trip,The trip was very well organized.,2026-05-09
1823,3765,1,Amazing Experience,Food and accommodation exceeded expectations.,2024-04-01
1824,3768,5,Amazing Experience,Trip leader was extremely helpful.,2024-12-29
1825,3770,1,Wonderful Trip,Trip leader was extremely helpful.,2025-02-15
1826,3771,3,Worth Every Penny,Everything was professionally managed.,2026-07-14
1827,3772,2,Wonderful Trip,Trip leader was extremely helpful.,2025-04-05
1828,3775,4,Could Be Better,Enjoyed every moment of the journey.,2024-07-08
1829,3776,5,Excellent Service,Beautiful destination and smooth experience.,2025-04-15
1830,3780,3,Great Value,Great itinerary and good value for money.,2024-06-18
1831,3784,4,Highly Recommended,Will definitely travel again with TripPulse.,2025-11-26
1832,3785,4,Fantastic Trip,Everything was professionally managed.,2025-03-27
1833,3791,5,Great Value,Great itinerary and good value for money.,2025-10-18
1834,3792,5,Excellent Service,Will definitely travel again with TripPulse.,2025-04-28
1835,3794,4,Wonderful Trip,Great itinerary and good value for money.,2024-12-19
1836,3795,5,Amazing Experience,Hotels and transportation were excellent.,2026-05-06
1837,3798,5,Great Value,Food and accommodation exceeded expectations.,2024-12-20
1838,3800,2,Memorable Journey,Will definitely travel again with TripPulse.,2026-08-23
1839,3803,2,Could Be Better,Hotels and transportation were excellent.,2026-03-09
1840,3805,3,Worth Every Penny,The trip was very well organized.,2026-03-15
1841,3808,5,Great Value,Beautiful destination and smooth experience.,2024-11-03
1842,3809,5,Great Value,The trip was very well organized.,2026-08-05
1843,3811,4,Amazing Experience,Food and accommodation exceeded expectations.,2025-06-30
1844,3814,1,Worth Every Penny,Everything was professionally managed.,2024-11-26
1845,3816,5,Wonderful Trip,Overall a fantastic experience.,2024-12-29
1846,3817,5,Worth Every Penny,Hotels and transportation were excellent.,2024-07-26
1847,3818,4,Wonderful Trip,Everything was professionally managed.,2024-12-06
1848,3819,3,Worth Every Penny,Everything was professionally managed.,2023-12-16
1849,3820,2,Worth Every Penny,Hotels and transportation were excellent.,2023-11-08
1850,3827,5,Memorable Journey,Hotels and transportation were excellent.,2024-01-16
1851,3828,5,Wonderful Trip,Enjoyed every moment of the journey.,2024-08-19
1852,3829,5,Fantastic Trip,Trip leader was extremely helpful.,2025-06-04
1853,3833,5,Could Be Better,Everything was professionally managed.,2023-11-14
1854,3834,5,Worth Every Penny,Food and accommodation exceeded expectations.,2024-10-17
1855,3835,5,Excellent Service,Will definitely travel again with TripPulse.,2025-07-27
1856,3838,4,Good Experience,Overall a fantastic experience.,2025-07-07
1857,3839,2,Good Experience,Beautiful destination and smooth experience.,2024-12-08
1858,3841,4,Excellent Service,Food and accommodation exceeded expectations.,2026-07-19
1859,3845,5,Fantastic Trip,Will definitely travel again with TripPulse.,2025-06-09
1860,3846,5,Good Experience,Overall a fantastic experience.,2026-09-11
1861,3847,5,Great Value,Hotels and transportation were excellent.,2026-09-11
1862,3848,4,Wonderful Trip,Will definitely travel again with TripPulse.,2024-02-17
1863,3849,3,Excellent Service,Food and accommodation exceeded expectations.,2026-09-03
1864,3854,5,Great Value,Food and accommodation exceeded expectations.,2025-07-28
1865,3855,4,Memorable Journey,Food and accommodation exceeded expectations.,2026-09-08
1866,3859,3,Fantastic Trip,Overall a fantastic experience.,2024-05-14
1867,3862,5,Great Value,Hotels and transportation were excellent.,2026-08-15
1868,3864,5,Fantastic Trip,Food and accommodation exceeded expectations.,2025-04-20
1869,3865,3,Good Experience,Will definitely travel again with TripPulse.,2023-12-13
1870,3866,4,Excellent Service,Enjoyed every moment of the journey.,2024-10-10
1871,3868,5,Great Value,Overall a fantastic experience.,2024-03-12
1872,3874,5,Great Value,Will definitely travel again with TripPulse.,2024-08-23
1873,3876,4,Great Value,Will definitely travel again with TripPulse.,2024-06-29
1874,3877,3,Fantastic Trip,Enjoyed every moment of the journey.,2023-12-03
1875,3883,2,Highly Recommended,Beautiful destination and smooth experience.,2024-05-17
1876,3884,5,Memorable Journey,Overall a fantastic experience.,2024-11-17
1877,3885,4,Memorable Journey,Enjoyed every moment of the journey.,2025-09-17
1878,3886,2,Excellent Service,Food and accommodation exceeded expectations.,2026-08-09
1879,3887,2,Good Experience,Great itinerary and good value for money.,2025-04-07
1880,3889,5,Could Be Better,Enjoyed every moment of the journey.,2025-03-23
1881,3890,5,Memorable Journey,Overall a fantastic experience.,2024-07-08
1882,3894,5,Fantastic Trip,Beautiful destination and smooth experience.,2025-10-22
1883,3896,5,Memorable Journey,Enjoyed every moment of the journey.,2025-05-16
1884,3897,4,Amazing Experience,The trip was very well organized.,2026-06-06
1885,3898,5,Amazing Experience,Overall a fantastic experience.,2026-06-30
1886,3899,5,Good Experience,Overall a fantastic experience.,2024-05-18
1887,3900,5,Highly Recommended,Beautiful destination and smooth experience.,2026-02-06
1888,3908,5,Amazing Experience,Trip leader was extremely helpful.,2025-10-14
1889,3913,4,Amazing Experience,Trip leader was extremely helpful.,2024-10-18
1890,3914,5,Wonderful Trip,Everything was professionally managed.,2025-03-10
1891,3915,3,Memorable Journey,The trip was very well organized.,2024-12-09
1892,3916,4,Amazing Experience,Enjoyed every moment of the journey.,2025-09-08
1893,3917,5,Great Value,Everything was professionally managed.,2024-01-14
1894,3919,5,Excellent Service,Great itinerary and good value for money.,2026-09-02
1895,3921,4,Could Be Better,Everything was professionally managed.,2026-08-01
1896,3923,4,Memorable Journey,Overall a fantastic experience.,2025-10-02
1897,3924,5,Highly Recommended,Everything was professionally managed.,2024-07-22
1898,3925,5,Highly Recommended,Beautiful destination and smooth experience.,2026-04-29
1899,3926,5,Could Be Better,Trip leader was extremely helpful.,2026-09-03
1900,3927,5,Good Experience,The trip was very well organized.,2025-05-15
1901,3928,5,Could Be Better,The trip was very well organized.,2026-02-01
1902,3930,5,Excellent Service,Great itinerary and good value for money.,2025-12-10
1903,3931,1,Could Be Better,Hotels and transportation were excellent.,2025-03-19
1904,3932,4,Excellent Service,Everything was professionally managed.,2025-05-06
1905,3933,5,Good Experience,Food and accommodation exceeded expectations.,2025-01-11
1906,3935,3,Fantastic Trip,Beautiful destination and smooth experience.,2024-04-27
1907,3936,5,Memorable Journey,Great itinerary and good value for money.,2025-10-17
1908,3938,3,Worth Every Penny,Will definitely travel again with TripPulse.,2026-07-28
1909,3939,3,Great Value,The trip was very well organized.,2024-07-27
1910,3940,4,Good Experience,Will definitely travel again with TripPulse.,2025-01-11
1911,3943,5,Great Value,Overall a fantastic experience.,2024-01-24
1912,3944,5,Excellent Service,Overall a fantastic experience.,2026-03-21
1913,3945,5,Could Be Better,The trip was very well organized.,2023-11-04
1914,3947,2,Highly Recommended,Trip leader was extremely helpful.,2026-08-04
1915,3948,3,Highly Recommended,Trip leader was extremely helpful.,2024-12-08
1916,3950,5,Wonderful Trip,Great itinerary and good value for money.,2025-08-31
1917,3954,5,Great Value,Enjoyed every moment of the journey.,2025-06-11
1918,3956,4,Excellent Service,Great itinerary and good value for money.,2024-04-14
1919,3957,5,Worth Every Penny,Enjoyed every moment of the journey.,2026-09-17
1920,3958,5,Great Value,Everything was professionally managed.,2023-12-05
1921,3960,1,Wonderful Trip,Food and accommodation exceeded expectations.,2023-12-05
1922,3963,5,Amazing Experience,Hotels and transportation were excellent.,2024-07-25
1923,3964,4,Fantastic Trip,Beautiful destination and smooth experience.,2024-12-05
1924,3965,5,Worth Every Penny,Everything was professionally managed.,2023-10-29
1925,3967,5,Great Value,Great itinerary and good value for money.,2025-06-13
1926,3969,5,Wonderful Trip,The trip was very well organized.,2024-02-01
1927,3970,5,Good Experience,Enjoyed every moment of the journey.,2026-04-14
1928,3971,1,Memorable Journey,Beautiful destination and smooth experience.,2026-09-12
1929,3974,3,Memorable Journey,The trip was very well organized.,2025-12-13
1930,3975,5,Worth Every Penny,Food and accommodation exceeded expectations.,2025-09-08
1931,3982,5,Fantastic Trip,Enjoyed every moment of the journey.,2026-08-26
1932,3983,4,Great Value,Enjoyed every moment of the journey.,2023-11-24
1933,3991,5,Wonderful Trip,The trip was very well organized.,2025-12-30
1934,3998,3,Excellent Service,Enjoyed every moment of the journey.,2024-12-04
1935,4001,4,Good Experience,Everything was professionally managed.,2026-09-07
1936,4003,5,Could Be Better,Food and accommodation exceeded expectations.,2026-08-27
1937,4004,5,Amazing Experience,Great itinerary and good value for money.,2026-09-11
1938,4007,5,Great Value,Everything was professionally managed.,2023-10-30
1939,4008,4,Memorable Journey,Everything was professionally managed.,2024-12-11
1940,4009,3,Amazing Experience,Hotels and transportation were excellent.,2023-11-11
1941,4011,1,Worth Every Penny,Overall a fantastic experience.,2024-08-13
1942,4012,5,Worth Every Penny,Everything was professionally managed.,2025-06-27
1943,4013,5,Highly Recommended,Food and accommodation exceeded expectations.,2025-04-16
1944,4014,5,Great Value,Will definitely travel again with TripPulse.,2025-07-06
1945,4017,4,Fantastic Trip,The trip was very well organized.,2024-06-26
1946,4018,5,Highly Recommended,Everything was professionally managed.,2026-08-29
1947,4020,5,Amazing Experience,Food and accommodation exceeded expectations.,2025-02-02
1948,4023,3,Good Experience,Enjoyed every moment of the journey.,2026-03-12
1949,4025,2,Worth Every Penny,Everything was professionally managed.,2025-08-27
1950,4026,5,Amazing Experience,Food and accommodation exceeded expectations.,2024-09-06
1951,4027,5,Highly Recommended,Will definitely travel again with TripPulse.,2026-09-06
1952,4032,5,Could Be Better,Trip leader was extremely helpful.,2026-05-18
1953,4036,4,Amazing Experience,Beautiful destination and smooth experience.,2025-07-11
1954,4037,3,Excellent Service,Will definitely travel again with TripPulse.,2025-11-13
1955,4038,5,Memorable Journey,Enjoyed every moment of the journey.,2024-06-08
1956,4040,5,Memorable Journey,Everything was professionally managed.,2025-02-22
1957,4041,5,Great Value,Overall a fantastic experience.,2024-04-20
1958,4044,5,Great Value,Overall a fantastic experience.,2023-10-27
1959,4045,5,Could Be Better,Everything was professionally managed.,2025-01-08
1960,4048,5,Highly Recommended,The trip was very well organized.,2026-01-21
1961,4051,4,Worth Every Penny,Great itinerary and good value for money.,2024-11-26
1962,4053,5,Fantastic Trip,The trip was very well organized.,2025-08-19
1963,4057,2,Fantastic Trip,Beautiful destination and smooth experience.,2026-02-24
1964,4058,4,Could Be Better,Food and accommodation exceeded expectations.,2025-01-07
1965,4061,4,Worth Every Penny,Trip leader was extremely helpful.,2024-05-11
1966,4066,3,Fantastic Trip,Great itinerary and good value for money.,2026-01-05
1967,4067,4,Amazing Experience,Food and accommodation exceeded expectations.,2026-08-16
1968,4069,5,Highly Recommended,Enjoyed every moment of the journey.,2026-09-06
1969,4072,5,Fantastic Trip,Enjoyed every moment of the journey.,2026-09-02
1970,4075,5,Wonderful Trip,Will definitely travel again with TripPulse.,2024-07-17
1971,4078,3,Fantastic Trip,The trip was very well organized.,2026-08-16
1972,4080,4,Highly Recommended,Overall a fantastic experience.,2026-04-29
1973,4082,5,Great Value,Trip leader was extremely helpful.,2026-08-24
1974,4083,3,Could Be Better,Overall a fantastic experience.,2025-08-15
1975,4084,4,Worth Every Penny,Food and accommodation exceeded expectations.,2025-02-01
1976,4088,3,Memorable Journey,Great itinerary and good value for money.,2025-08-22
1977,4089,4,Worth Every Penny,Food and accommodation exceeded expectations.,2025-03-09
1978,4090,4,Worth Every Penny,The trip was very well organized.,2025-11-19
1979,4092,3,Wonderful Trip,Everything was professionally managed.,2024-06-18
1980,4093,4,Worth Every Penny,Enjoyed every moment of the journey.,2025-08-28
1981,4095,5,Memorable Journey,Trip leader was extremely helpful.,2024-05-26
1982,4096,4,Fantastic Trip,Enjoyed every moment of the journey.,2026-08-20
1983,4098,3,Could Be Better,Overall a fantastic experience.,2024-08-20
1984,4099,4,Amazing Experience,Everything was professionally managed.,2026-09-10
1985,4102,4,Amazing Experience,Trip leader was extremely helpful.,2026-09-04
1986,4103,5,Worth Every Penny,Trip leader was extremely helpful.,2026-08-24
1987,4105,4,Good Experience,Hotels and transportation were excellent.,2024-01-27
1988,4109,4,Memorable Journey,Hotels and transportation were excellent.,2026-07-28
1989,4110,3,Could Be Better,Great itinerary and good value for money.,2026-07-18
1990,4111,5,Worth Every Penny,Hotels and transportation were excellent.,2024-12-23
1991,4113,3,Could Be Better,Hotels and transportation were excellent.,2024-12-29
1992,4115,4,Amazing Experience,Overall a fantastic experience.,2026-09-01
1993,4116,4,Great Value,Food and accommodation exceeded expectations.,2024-02-19
1994,4120,4,Fantastic Trip,Trip leader was extremely helpful.,2024-05-07
1995,4123,4,Good Experience,Enjoyed every moment of the journey.,2023-11-25
1996,4125,2,Highly Recommended,Hotels and transportation were excellent.,2023-11-09
1997,4130,5,Highly Recommended,Food and accommodation exceeded expectations.,2025-05-30
1998,4132,5,Good Experience,Will definitely travel again with TripPulse.,2024-01-02
1999,4134,5,Memorable Journey,Everything was professionally managed.,2024-11-21
2000,4137,2,Great Value,Trip leader was extremely helpful.,2025-12-15
2001,4139,4,Excellent Service,Everything was professionally managed.,2026-09-04
2002,4140,5,Amazing Experience,Food and accommodation exceeded expectations.,2024-06-17
2003,4143,4,Great Value,Everything was professionally managed.,2026-07-12
2004,4145,4,Wonderful Trip,Beautiful destination and smooth experience.,2026-08-12
2005,4148,5,Amazing Experience,Great itinerary and good value for money.,2025-04-10
2006,4149,5,Memorable Journey,The trip was very well organized.,2025-08-31
2007,4150,5,Could Be Better,Great itinerary and good value for money.,2026-04-24
2008,4151,5,Could Be Better,Enjoyed every moment of the journey.,2026-08-27
2009,4152,3,Memorable Journey,Will definitely travel again with TripPulse.,2025-01-03
2010,4154,4,Could Be Better,Food and accommodation exceeded expectations.,2024-06-24
2011,4155,5,Great Value,Great itinerary and good value for money.,2026-03-09
2012,4159,2,Memorable Journey,Enjoyed every moment of the journey.,2025-08-03
2013,4160,5,Fantastic Trip,Will definitely travel again with TripPulse.,2025-12-07
2014,4161,4,Highly Recommended,Great itinerary and good value for money.,2024-07-12
2015,4163,4,Wonderful Trip,Will definitely travel again with TripPulse.,2025-08-29
2016,4164,3,Good Experience,Food and accommodation exceeded expectations.,2024-08-28
2017,4165,1,Amazing Experience,Overall a fantastic experience.,2026-05-25
2018,4170,5,Could Be Better,Great itinerary and good value for money.,2025-09-28
2019,4172,4,Fantastic Trip,Overall a fantastic experience.,2024-11-25
2020,4174,5,Highly Recommended,Will definitely travel again with TripPulse.,2025-02-06
2021,4175,3,Wonderful Trip,Will definitely travel again with TripPulse.,2024-12-06
2022,4176,5,Could Be Better,Great itinerary and good value for money.,2025-06-19
2023,4177,1,Great Value,Overall a fantastic experience.,2026-09-01
2024,4178,2,Worth Every Penny,Will definitely travel again with TripPulse.,2024-12-05
2025,4179,2,Wonderful Trip,Everything was professionally managed.,2024-08-10
2026,4181,4,Worth Every Penny,Overall a fantastic experience.,2026-08-31
2027,4185,4,Memorable Journey,The trip was very well organized.,2025-07-12
2028,4186,5,Fantastic Trip,Overall a fantastic experience.,2025-08-02
2029,4187,5,Great Value,Enjoyed every moment of the journey.,2025-01-09
2030,4188,5,Good Experience,Hotels and transportation were excellent.,2025-01-31
2031,4189,3,Memorable Journey,Great itinerary and good value for money.,2026-07-15
2032,4192,5,Amazing Experience,Everything was professionally managed.,2024-02-29
2033,4193,5,Memorable Journey,Great itinerary and good value for money.,2024-02-23
2034,4194,5,Fantastic Trip,Food and accommodation exceeded expectations.,2025-06-27
2035,4195,4,Excellent Service,The trip was very well organized.,2026-07-19
2036,4196,4,Worth Every Penny,Hotels and transportation were excellent.,2026-07-26
2037,4197,5,Excellent Service,Trip leader was extremely helpful.,2025-10-07
2038,4199,5,Wonderful Trip,Beautiful destination and smooth experience.,2026-01-11
2039,4201,3,Great Value,The trip was very well organized.,2024-07-16
2040,4202,4,Amazing Experience,Beautiful destination and smooth experience.,2024-01-20
2041,4204,5,Could Be Better,Beautiful destination and smooth experience.,2025-11-29
2042,4205,4,Fantastic Trip,Enjoyed every moment of the journey.,2026-07-16
2043,4206,4,Good Experience,Everything was professionally managed.,2026-07-08
2044,4209,5,Highly Recommended,Everything was professionally managed.,2025-09-21
2045,4210,5,Wonderful Trip,Everything was professionally managed.,2024-04-22
2046,4214,4,Memorable Journey,Great itinerary and good value for money.,2025-07-27
2047,4216,4,Excellent Service,The trip was very well organized.,2025-10-26
2048,4217,4,Good Experience,Hotels and transportation were excellent.,2024-10-30
2049,4218,4,Could Be Better,Hotels and transportation were excellent.,2026-07-21
2050,4219,4,Highly Recommended,Will definitely travel again with TripPulse.,2024-11-29
2051,4220,5,Amazing Experience,The trip was very well organized.,2024-07-25
2052,4223,5,Worth Every Penny,Food and accommodation exceeded expectations.,2025-06-27
2053,4227,1,Good Experience,Everything was professionally managed.,2024-06-30
2054,4229,4,Fantastic Trip,Beautiful destination and smooth experience.,2024-02-07
2055,4235,4,Amazing Experience,Great itinerary and good value for money.,2026-07-20
2056,4238,5,Excellent Service,Beautiful destination and smooth experience.,2026-09-12
2057,4241,5,Good Experience,Overall a fantastic experience.,2026-02-24
2058,4243,4,Memorable Journey,Enjoyed every moment of the journey.,2024-01-22
2059,4244,3,Highly Recommended,The trip was very well organized.,2024-01-09
2060,4246,5,Wonderful Trip,Beautiful destination and smooth experience.,2026-05-03
2061,4248,4,Memorable Journey,Enjoyed every moment of the journey.,2025-09-24
2062,4250,4,Wonderful Trip,Trip leader was extremely helpful.,2023-11-12
2063,4251,5,Worth Every Penny,Everything was professionally managed.,2025-11-30
2064,4252,5,Excellent Service,Food and accommodation exceeded expectations.,2026-03-01
2065,4256,5,Wonderful Trip,Hotels and transportation were excellent.,2026-04-03
2066,4257,4,Wonderful Trip,Hotels and transportation were excellent.,2026-07-15
2067,4263,5,Could Be Better,Beautiful destination and smooth experience.,2024-12-15
2068,4264,5,Wonderful Trip,Enjoyed every moment of the journey.,2025-04-22
2069,4268,4,Memorable Journey,Everything was professionally managed.,2024-11-25
2070,4269,3,Great Value,Food and accommodation exceeded expectations.,2025-02-25
2071,4271,4,Great Value,Hotels and transportation were excellent.,2025-08-22
2072,4273,4,Amazing Experience,Hotels and transportation were excellent.,2023-12-09
2073,4274,5,Fantastic Trip,Will definitely travel again with TripPulse.,2025-06-21
2074,4276,5,Wonderful Trip,Beautiful destination and smooth experience.,2026-09-08
2075,4279,4,Amazing Experience,Hotels and transportation were excellent.,2026-09-10
2076,4282,5,Amazing Experience,Everything was professionally managed.,2024-03-15
2077,4283,4,Worth Every Penny,The trip was very well organized.,2026-07-29
2078,4288,5,Wonderful Trip,Enjoyed every moment of the journey.,2023-10-28
2079,4290,5,Could Be Better,Will definitely travel again with TripPulse.,2024-03-27
2080,4291,5,Good Experience,Trip leader was extremely helpful.,2024-07-20
2081,4293,5,Memorable Journey,Beautiful destination and smooth experience.,2026-08-18
2082,4295,3,Amazing Experience,Everything was professionally managed.,2026-08-02
2083,4296,5,Good Experience,Enjoyed every moment of the journey.,2024-03-01
2084,4298,3,Fantastic Trip,Trip leader was extremely helpful.,2025-05-19
2085,4300,5,Fantastic Trip,Beautiful destination and smooth experience.,2025-12-09
2086,4302,5,Highly Recommended,Everything was professionally managed.,2025-10-15
2087,4304,5,Fantastic Trip,Beautiful destination and smooth experience.,2026-04-27
2088,4305,4,Wonderful Trip,Trip leader was extremely helpful.,2026-01-17
2089,4306,5,Great Value,The trip was very well organized.,2024-09-27
2090,4307,5,Excellent Service,Trip leader was extremely helpful.,2026-05-18
2091,4308,5,Good Experience,Great itinerary and good value for money.,2023-11-15
2092,4309,5,Excellent Service,Trip leader was extremely helpful.,2023-12-25
2093,4312,1,Worth Every Penny,Everything was professionally managed.,2025-04-30
2094,4319,5,Great Value,Beautiful destination and smooth experience.,2026-07-24
2095,4322,4,Excellent Service,Overall a fantastic experience.,2024-06-20
2096,4323,2,Fantastic Trip,Everything was professionally managed.,2024-03-09
2097,4324,5,Fantastic Trip,Overall a fantastic experience.,2023-10-21
2098,4327,3,Great Value,Overall a fantastic experience.,2023-12-29
2099,4330,4,Wonderful Trip,The trip was very well organized.,2025-01-28
2100,4347,5,Fantastic Trip,Will definitely travel again with TripPulse.,2026-08-04
2101,4349,5,Fantastic Trip,Beautiful destination and smooth experience.,2026-08-15
2102,4351,5,Fantastic Trip,Will definitely travel again with TripPulse.,2026-02-27
2103,4353,5,Highly Recommended,Hotels and transportation were excellent.,2025-12-04
2104,4354,3,Excellent Service,Hotels and transportation were excellent.,2024-06-03
2105,4355,3,Fantastic Trip,Enjoyed every moment of the journey.,2025-10-05
2106,4359,3,Highly Recommended,Great itinerary and good value for money.,2024-01-01
2107,4361,5,Good Experience,Great itinerary and good value for money.,2024-06-18
2108,4364,5,Great Value,Trip leader was extremely helpful.,2026-07-23
2109,4367,4,Excellent Service,The trip was very well organized.,2024-12-01
2110,4368,5,Highly Recommended,Trip leader was extremely helpful.,2025-03-30
2111,4372,4,Highly Recommended,Hotels and transportation were excellent.,2025-10-06
2112,4373,5,Memorable Journey,The trip was very well organized.,2025-01-03
2113,4375,4,Excellent Service,Great itinerary and good value for money.,2025-01-17
2114,4377,5,Fantastic Trip,Trip leader was extremely helpful.,2026-09-07
2115,4378,3,Good Experience,Trip leader was extremely helpful.,2024-12-10
2116,4382,3,Memorable Journey,Hotels and transportation were excellent.,2026-08-08
2117,4383,4,Great Value,Will definitely travel again with TripPulse.,2025-05-11
2118,4384,5,Good Experience,Enjoyed every moment of the journey.,2025-07-25
2119,4385,4,Worth Every Penny,Will definitely travel again with TripPulse.,2024-11-28
2120,4387,4,Great Value,Food and accommodation exceeded expectations.,2025-12-11
2121,4388,5,Worth Every Penny,Will definitely travel again with TripPulse.,2026-03-12
2122,4390,5,Fantastic Trip,Great itinerary and good value for money.,2025-01-04
2123,4391,4,Amazing Experience,Hotels and transportation were excellent.,2026-08-30
2124,4392,5,Highly Recommended,Great itinerary and good value for money.,2024-07-26
2125,4397,3,Memorable Journey,Everything was professionally managed.,2024-03-28
2126,4398,2,Amazing Experience,Overall a fantastic experience.,2026-08-17
2127,4399,5,Worth Every Penny,Hotels and transportation were excellent.,2025-03-24
2128,4401,2,Highly Recommended,Everything was professionally managed.,2024-04-11
2129,4406,1,Excellent Service,Enjoyed every moment of the journey.,2026-07-23
2130,4410,4,Worth Every Penny,Beautiful destination and smooth experience.,2026-07-18
2131,4411,5,Fantastic Trip,Trip leader was extremely helpful.,2025-10-18
2132,4415,1,Worth Every Penny,Overall a fantastic experience.,2025-09-13
2133,4420,5,Amazing Experience,Enjoyed every moment of the journey.,2024-01-10
2134,4421,3,Could Be Better,Everything was professionally managed.,2026-08-16
2135,4423,1,Worth Every Penny,Will definitely travel again with TripPulse.,2025-01-25
2136,4424,5,Memorable Journey,Everything was professionally managed.,2026-04-12
2137,4425,2,Could Be Better,Beautiful destination and smooth experience.,2026-09-13
2138,4426,5,Excellent Service,Food and accommodation exceeded expectations.,2026-07-27
2139,4427,5,Could Be Better,Will definitely travel again with TripPulse.,2025-04-23
2140,4428,4,Wonderful Trip,Hotels and transportation were excellent.,2023-10-11
2141,4429,5,Excellent Service,Trip leader was extremely helpful.,2025-05-07
2142,4433,5,Great Value,Trip leader was extremely helpful.,2024-07-28
2143,4434,1,Memorable Journey,Great itinerary and good value for money.,2023-12-12
2144,4437,5,Wonderful Trip,Food and accommodation exceeded expectations.,2026-08-12
2145,4438,5,Good Experience,Overall a fantastic experience.,2026-02-20
2146,4439,4,Fantastic Trip,Everything was professionally managed.,2026-03-30
2147,4440,5,Fantastic Trip,Everything was professionally managed.,2024-07-29
2148,4443,4,Excellent Service,Food and accommodation exceeded expectations.,2025-02-06
2149,4446,5,Fantastic Trip,Beautiful destination and smooth experience.,2023-12-05
2150,4448,5,Memorable Journey,Food and accommodation exceeded expectations.,2024-12-18
2151,4451,2,Fantastic Trip,Beautiful destination and smooth experience.,2024-04-11
2152,4452,3,Great Value,Overall a fantastic experience.,2025-04-26
2153,4454,4,Wonderful Trip,Everything was professionally managed.,2023-11-10
2154,4455,3,Great Value,Enjoyed every moment of the journey.,2025-03-21
2155,4456,5,Memorable Journey,Everything was professionally managed.,2024-08-23
2156,4458,5,Memorable Journey,The trip was very well organized.,2026-03-25
2157,4460,4,Good Experience,The trip was very well organized.,2025-01-01
2158,4462,5,Great Value,Everything was professionally managed.,2025-08-05
2159,4465,4,Great Value,Will definitely travel again with TripPulse.,2024-10-20
2160,4466,3,Fantastic Trip,Trip leader was extremely helpful.,2026-08-07
2161,4467,5,Fantastic Trip,Everything was professionally managed.,2024-09-09
2162,4469,4,Could Be Better,Great itinerary and good value for money.,2026-09-01
2163,4471,3,Worth Every Penny,Trip leader was extremely helpful.,2025-12-12
2164,4475,5,Amazing Experience,Everything was professionally managed.,2024-07-21
2165,4477,5,Fantastic Trip,Beautiful destination and smooth experience.,2026-08-04
2166,4479,5,Fantastic Trip,Overall a fantastic experience.,2026-07-12
2167,4480,5,Great Value,Food and accommodation exceeded expectations.,2025-01-27
2168,4481,1,Fantastic Trip,Overall a fantastic experience.,2024-11-13
2169,4482,5,Great Value,Food and accommodation exceeded expectations.,2024-01-04
2170,4484,5,Amazing Experience,The trip was very well organized.,2026-02-13
2171,4486,4,Could Be Better,Great itinerary and good value for money.,2026-07-07
2172,4490,5,Great Value,Food and accommodation exceeded expectations.,2026-04-16
2173,4491,4,Amazing Experience,The trip was very well organized.,2026-09-17
2174,4492,3,Worth Every Penny,Enjoyed every moment of the journey.,2025-02-28
2175,4496,5,Fantastic Trip,The trip was very well organized.,2026-04-29
2176,4497,2,Memorable Journey,Overall a fantastic experience.,2024-07-14
2177,4498,5,Great Value,The trip was very well organized.,2026-08-29
2178,4501,4,Highly Recommended,The trip was very well organized.,2025-08-20
2179,4503,3,Wonderful Trip,Enjoyed every moment of the journey.,2024-10-26
2180,4504,4,Wonderful Trip,The trip was very well organized.,2025-08-29
2181,4508,4,Could Be Better,Everything was professionally managed.,2026-04-05
2182,4513,3,Good Experience,The trip was very well organized.,2026-08-08
2183,4517,4,Worth Every Penny,Great itinerary and good value for money.,2024-04-21
2184,4519,1,Amazing Experience,Overall a fantastic experience.,2026-09-13
2185,4521,5,Fantastic Trip,Great itinerary and good value for money.,2025-04-04
2186,4523,4,Fantastic Trip,Overall a fantastic experience.,2024-04-18
2187,4525,5,Good Experience,Beautiful destination and smooth experience.,2026-06-19
2188,4530,5,Highly Recommended,Hotels and transportation were excellent.,2026-08-26
2189,4531,5,Great Value,Enjoyed every moment of the journey.,2024-11-22
2190,4533,4,Excellent Service,Everything was professionally managed.,2024-04-06
2191,4534,2,Could Be Better,Will definitely travel again with TripPulse.,2025-11-10
2192,4535,5,Excellent Service,Enjoyed every moment of the journey.,2026-07-22
2193,4536,5,Wonderful Trip,Will definitely travel again with TripPulse.,2025-11-29
2194,4537,5,Fantastic Trip,Will definitely travel again with TripPulse.,2025-08-14
2195,4540,4,Highly Recommended,Beautiful destination and smooth experience.,2026-09-08
2196,4547,5,Worth Every Penny,Overall a fantastic experience.,2024-01-22
2197,4548,5,Excellent Service,Hotels and transportation were excellent.,2025-10-04
2198,4550,5,Wonderful Trip,Will definitely travel again with TripPulse.,2024-07-16
2199,4553,5,Memorable Journey,Hotels and transportation were excellent.,2026-09-16
2200,4558,5,Wonderful Trip,Hotels and transportation were excellent.,2026-09-02
2201,4559,3,Memorable Journey,Great itinerary and good value for money.,2026-08-10
2202,4560,5,Wonderful Trip,Enjoyed every moment of the journey.,2024-06-11
2203,4561,5,Could Be Better,The trip was very well organized.,2026-08-22
2204,4562,3,Highly Recommended,The trip was very well organized.,2026-02-09
2205,4565,5,Could Be Better,Food and accommodation exceeded expectations.,2026-03-07
2206,4566,5,Highly Recommended,Beautiful destination and smooth experience.,2025-11-12
2207,4569,5,Fantastic Trip,Hotels and transportation were excellent.,2026-07-07
2208,4572,5,Amazing Experience,Trip leader was extremely helpful.,2025-02-07
2209,4574,5,Excellent Service,Hotels and transportation were excellent.,2026-07-07
2210,4577,5,Excellent Service,Enjoyed every moment of the journey.,2024-03-23
2211,4579,5,Highly Recommended,Beautiful destination and smooth experience.,2026-08-25
2212,4583,5,Great Value,Hotels and transportation were excellent.,2024-04-08
2213,4584,4,Fantastic Trip,Enjoyed every moment of the journey.,2025-03-23
2214,4587,4,Worth Every Penny,Beautiful destination and smooth experience.,2026-08-29
2215,4590,5,Memorable Journey,Overall a fantastic experience.,2023-10-28
2216,4591,5,Memorable Journey,Food and accommodation exceeded expectations.,2024-04-23
2217,4592,5,Worth Every Penny,The trip was very well organized.,2023-12-28
2218,4593,3,Amazing Experience,The trip was very well organized.,2025-10-03
2219,4594,3,Fantastic Trip,Beautiful destination and smooth experience.,2026-08-17
2220,4597,5,Highly Recommended,Beautiful destination and smooth experience.,2026-08-10
2221,4598,4,Worth Every Penny,Enjoyed every moment of the journey.,2024-10-15
2222,4602,5,Fantastic Trip,The trip was very well organized.,2026-05-08
2223,4604,4,Wonderful Trip,Will definitely travel again with TripPulse.,2025-07-04
2224,4610,3,Worth Every Penny,Food and accommodation exceeded expectations.,2024-12-02
2225,4611,4,Highly Recommended,Great itinerary and good value for money.,2025-08-30
2226,4614,5,Good Experience,The trip was very well organized.,2024-10-26
2227,4617,3,Wonderful Trip,Enjoyed every moment of the journey.,2025-09-11
2228,4619,5,Great Value,Trip leader was extremely helpful.,2026-06-16
2229,4621,4,Could Be Better,Everything was professionally managed.,2025-10-16
2230,4623,1,Excellent Service,Everything was professionally managed.,2026-09-03
2231,4627,2,Good Experience,Beautiful destination and smooth experience.,2024-11-23
2232,4628,3,Excellent Service,Will definitely travel again with TripPulse.,2026-08-14
2233,4636,5,Could Be Better,Beautiful destination and smooth experience.,2026-08-27
2234,4637,5,Could Be Better,Trip leader was extremely helpful.,2024-12-22
2235,4641,5,Worth Every Penny,Enjoyed every moment of the journey.,2026-09-06
2236,4644,4,Could Be Better,Hotels and transportation were excellent.,2026-07-29
2237,4645,4,Fantastic Trip,Trip leader was extremely helpful.,2026-07-30
2238,4652,5,Excellent Service,Will definitely travel again with TripPulse.,2026-01-11
2239,4653,2,Could Be Better,Great itinerary and good value for money.,2026-08-10
2240,4654,3,Excellent Service,Great itinerary and good value for money.,2025-09-25
2241,4658,5,Good Experience,Hotels and transportation were excellent.,2026-08-09
2242,4663,4,Excellent Service,Will definitely travel again with TripPulse.,2024-05-17
2243,4666,4,Could Be Better,Hotels and transportation were excellent.,2026-07-11
2244,4669,2,Good Experience,Will definitely travel again with TripPulse.,2024-03-23
2245,4671,3,Could Be Better,The trip was very well organized.,2026-08-01
2246,4672,5,Fantastic Trip,Great itinerary and good value for money.,2024-04-15
2247,4676,4,Highly Recommended,Great itinerary and good value for money.,2025-03-06
2248,4678,5,Wonderful Trip,Enjoyed every moment of the journey.,2024-10-23
2249,4680,4,Great Value,Food and accommodation exceeded expectations.,2025-08-28
2250,4683,3,Fantastic Trip,Will definitely travel again with TripPulse.,2026-01-12
2251,4684,5,Could Be Better,Beautiful destination and smooth experience.,2025-08-30
2252,4686,5,Fantastic Trip,Great itinerary and good value for money.,2023-12-27
2253,4690,2,Worth Every Penny,Enjoyed every moment of the journey.,2025-04-09
2254,4693,4,Good Experience,Beautiful destination and smooth experience.,2025-06-20
2255,4694,5,Excellent Service,Beautiful destination and smooth experience.,2025-04-16
2256,4695,3,Fantastic Trip,Great itinerary and good value for money.,2026-03-07
2257,4696,3,Could Be Better,Hotels and transportation were excellent.,2026-09-04
2258,4698,4,Amazing Experience,The trip was very well organized.,2024-08-28
2259,4700,2,Highly Recommended,Everything was professionally managed.,2026-05-08
2260,4702,4,Highly Recommended,The trip was very well organized.,2024-08-08
2261,4703,5,Amazing Experience,The trip was very well organized.,2026-01-22
2262,4704,5,Worth Every Penny,The trip was very well organized.,2024-10-31
2263,4706,1,Could Be Better,Overall a fantastic experience.,2024-08-01
2264,4707,5,Great Value,Enjoyed every moment of the journey.,2025-07-18
2265,4709,3,Could Be Better,Hotels and transportation were excellent.,2026-04-15
2266,4710,5,Good Experience,Trip leader was extremely helpful.,2024-01-23
2267,4713,2,Excellent Service,Will definitely travel again with TripPulse.,2026-09-15
2268,4714,5,Worth Every Penny,The trip was very well organized.,2026-08-20
2269,4715,4,Memorable Journey,Food and accommodation exceeded expectations.,2025-01-25
2270,4716,5,Fantastic Trip,Will definitely travel again with TripPulse.,2024-03-12
2271,4717,5,Could Be Better,Will definitely travel again with TripPulse.,2024-10-03
2272,4719,4,Amazing Experience,Beautiful destination and smooth experience.,2026-08-31
2273,4726,3,Memorable Journey,Food and accommodation exceeded expectations.,2026-09-03
2274,4728,1,Memorable Journey,Hotels and transportation were excellent.,2024-07-14
2275,4730,3,Highly Recommended,Hotels and transportation were excellent.,2025-06-28
2276,4731,2,Worth Every Penny,Trip leader was extremely helpful.,2026-03-18
2277,4735,5,Memorable Journey,Food and accommodation exceeded expectations.,2024-05-17
2278,4736,4,Memorable Journey,Everything was professionally managed.,2026-09-10
2279,4738,4,Fantastic Trip,Food and accommodation exceeded expectations.,2025-10-24
2280,4740,4,Wonderful Trip,Hotels and transportation were excellent.,2026-08-29
2281,4741,5,Memorable Journey,Trip leader was extremely helpful.,2025-05-08
2282,4742,4,Highly Recommended,Food and accommodation exceeded expectations.,2026-04-29
2283,4743,5,Could Be Better,Will definitely travel again with TripPulse.,2024-05-05
2284,4745,5,Good Experience,Hotels and transportation were excellent.,2025-10-20
2285,4748,3,Great Value,Overall a fantastic experience.,2024-07-23
2286,4749,5,Could Be Better,Overall a fantastic experience.,2026-08-26
2287,4751,2,Wonderful Trip,Enjoyed every moment of the journey.,2024-02-02
2288,4752,5,Worth Every Penny,Will definitely travel again with TripPulse.,2025-08-28
2289,4753,5,Could Be Better,Trip leader was extremely helpful.,2026-01-05
2290,4755,3,Great Value,Beautiful destination and smooth experience.,2026-07-02
2291,4756,3,Could Be Better,Hotels and transportation were excellent.,2026-08-12
2292,4757,5,Wonderful Trip,Food and accommodation exceeded expectations.,2026-08-05
2293,4760,4,Wonderful Trip,Hotels and transportation were excellent.,2025-03-22
2294,4761,4,Wonderful Trip,Great itinerary and good value for money.,2023-11-28
2295,4765,5,Memorable Journey,The trip was very well organized.,2026-03-21
2296,4768,4,Could Be Better,Hotels and transportation were excellent.,2026-08-11
2297,4769,5,Memorable Journey,Overall a fantastic experience.,2026-07-04
2298,4772,5,Wonderful Trip,Food and accommodation exceeded expectations.,2023-10-26
2299,4776,4,Memorable Journey,Trip leader was extremely helpful.,2025-02-15
2300,4777,4,Excellent Service,Trip leader was extremely helpful.,2026-09-07
2301,4778,5,Could Be Better,Overall a fantastic experience.,2026-08-22
2302,4780,4,Highly Recommended,Food and accommodation exceeded expectations.,2025-01-25
2303,4781,2,Worth Every Penny,Enjoyed every moment of the journey.,2025-03-17
2304,4782,3,Memorable Journey,Will definitely travel again with TripPulse.,2026-08-16
2305,4784,5,Amazing Experience,Enjoyed every moment of the journey.,2026-08-08
2306,4786,5,Amazing Experience,Great itinerary and good value for money.,2025-07-11
2307,4787,3,Could Be Better,Trip leader was extremely helpful.,2025-12-25
2308,4789,5,Fantastic Trip,Beautiful destination and smooth experience.,2026-07-14
2309,4794,2,Worth Every Penny,Will definitely travel again with TripPulse.,2023-12-02
2310,4796,5,Fantastic Trip,Trip leader was extremely helpful.,2024-09-04
2311,4798,4,Highly Recommended,Great itinerary and good value for money.,2025-06-03
2312,4800,3,Amazing Experience,The trip was very well organized.,2023-10-24
2313,4801,2,Amazing Experience,Food and accommodation exceeded expectations.,2026-04-10
2314,4802,5,Wonderful Trip,Trip leader was extremely helpful.,2026-07-08
2315,4803,5,Worth Every Penny,Beautiful destination and smooth experience.,2025-04-23
2316,4809,3,Good Experience,Enjoyed every moment of the journey.,2024-07-16
2317,4813,5,Good Experience,Trip leader was extremely helpful.,2024-07-04
2318,4815,5,Wonderful Trip,Overall a fantastic experience.,2026-07-10
2319,4817,4,Fantastic Trip,Will definitely travel again with TripPulse.,2024-11-07
2320,4823,4,Great Value,The trip was very well organized.,2026-07-25
2321,4824,4,Worth Every Penny,Hotels and transportation were excellent.,2026-07-08
2322,4826,5,Highly Recommended,Food and accommodation exceeded expectations.,2024-12-21
2323,4831,4,Great Value,Overall a fantastic experience.,2025-07-06
2324,4836,4,Wonderful Trip,Overall a fantastic experience.,2026-01-21
2325,4837,5,Good Experience,The trip was very well organized.,2026-09-17
2326,4840,5,Great Value,The trip was very well organized.,2025-01-24
2327,4844,2,Memorable Journey,Enjoyed every moment of the journey.,2024-01-15
2328,4847,5,Highly Recommended,Beautiful destination and smooth experience.,2024-03-17
2329,4851,5,Fantastic Trip,Hotels and transportation were excellent.,2024-05-22
2330,4858,4,Memorable Journey,The trip was very well organized.,2024-05-29
2331,4859,2,Amazing Experience,Will definitely travel again with TripPulse.,2024-09-22
2332,4860,4,Memorable Journey,Everything was professionally managed.,2026-09-09
2333,4861,5,Highly Recommended,Food and accommodation exceeded expectations.,2025-02-01
2334,4864,4,Memorable Journey,The trip was very well organized.,2026-07-21
2335,4865,3,Memorable Journey,Enjoyed every moment of the journey.,2025-04-12
2336,4866,5,Amazing Experience,Food and accommodation exceeded expectations.,2026-09-19
2337,4867,5,Excellent Service,Food and accommodation exceeded expectations.,2025-07-15
2338,4868,3,Memorable Journey,Enjoyed every moment of the journey.,2024-01-04
2339,4870,2,Highly Recommended,The trip was very well organized.,2025-07-30
2340,4872,5,Amazing Experience,Food and accommodation exceeded expectations.,2025-11-06
2341,4874,4,Wonderful Trip,The trip was very well organized.,2026-04-13
2342,4875,5,Fantastic Trip,Enjoyed every moment of the journey.,2023-10-04
2343,4876,5,Good Experience,Great itinerary and good value for money.,2024-09-16
2344,4879,4,Great Value,Food and accommodation exceeded expectations.,2025-04-09
2345,4880,3,Great Value,The trip was very well organized.,2026-08-26
2346,4883,5,Worth Every Penny,Enjoyed every moment of the journey.,2026-07-10
2347,4884,3,Could Be Better,Will definitely travel again with TripPulse.,2025-11-22
2348,4887,4,Memorable Journey,The trip was very well organized.,2023-11-01
2349,4889,3,Memorable Journey,Beautiful destination and smooth experience.,2026-08-08
2350,4890,4,Could Be Better,Great itinerary and good value for money.,2025-10-13
2351,4895,4,Highly Recommended,Trip leader was extremely helpful.,2026-08-18
2352,4896,5,Fantastic Trip,Everything was professionally managed.,2026-07-18
2353,4900,5,Amazing Experience,Great itinerary and good value for money.,2026-07-13
2354,4902,4,Highly Recommended,Overall a fantastic experience.,2024-05-05
2355,4903,3,Worth Every Penny,Enjoyed every moment of the journey.,2024-02-26
2356,4905,4,Fantastic Trip,Great itinerary and good value for money.,2024-08-19
2357,4907,3,Highly Recommended,Overall a fantastic experience.,2023-12-25
2358,4908,5,Great Value,Food and accommodation exceeded expectations.,2025-11-30
2359,4909,4,Memorable Journey,Enjoyed every moment of the journey.,2025-03-09
2360,4911,5,Good Experience,Everything was professionally managed.,2025-03-03
2361,4912,5,Memorable Journey,Enjoyed every moment of the journey.,2026-07-29
2362,4914,4,Amazing Experience,Enjoyed every moment of the journey.,2026-02-13
2363,4915,5,Excellent Service,Enjoyed every moment of the journey.,2024-11-09
2364,4916,3,Worth Every Penny,Will definitely travel again with TripPulse.,2024-12-25
2365,4917,3,Excellent Service,Trip leader was extremely helpful.,2024-03-13
2366,4919,5,Memorable Journey,Great itinerary and good value for money.,2026-03-31
2367,4920,3,Fantastic Trip,Beautiful destination and smooth experience.,2025-10-30
2368,4921,5,Highly Recommended,Overall a fantastic experience.,2024-07-12
2369,4922,5,Highly Recommended,Trip leader was extremely helpful.,2025-02-12
2370,4923,4,Excellent Service,Overall a fantastic experience.,2026-08-15
2371,4925,5,Memorable Journey,Everything was professionally managed.,2024-03-28
2372,4931,5,Excellent Service,Food and accommodation exceeded expectations.,2025-09-27
2373,4933,5,Wonderful Trip,Enjoyed every moment of the journey.,2026-09-17
2374,4935,4,Good Experience,Food and accommodation exceeded expectations.,2025-02-08
2375,4937,3,Good Experience,Will definitely travel again with TripPulse.,2026-07-11
2376,4938,4,Amazing Experience,The trip was very well organized.,2024-01-03
2377,4940,1,Great Value,Enjoyed every moment of the journey.,2024-08-10
2378,4942,5,Good Experience,Will definitely travel again with TripPulse.,2024-11-08
2379,4943,5,Fantastic Trip,Food and accommodation exceeded expectations.,2024-02-21
2380,4944,4,Memorable Journey,The trip was very well organized.,2025-04-16
2381,4946,4,Wonderful Trip,Food and accommodation exceeded expectations.,2024-01-04
2382,4947,2,Memorable Journey,Overall a fantastic experience.,2024-05-30
2383,4948,2,Fantastic Trip,Hotels and transportation were excellent.,2024-03-30
2384,4963,4,Amazing Experience,Everything was professionally managed.,2025-10-28
2385,4967,4,Highly Recommended,Beautiful destination and smooth experience.,2026-08-14
2386,4969,4,Fantastic Trip,The trip was very well organized.,2024-03-02
2387,4972,3,Great Value,Trip leader was extremely helpful.,2026-09-01
2388,4975,5,Highly Recommended,The trip was very well organized.,2024-11-13
2389,4976,5,Highly Recommended,Will definitely travel again with TripPulse.,2024-11-20
2390,4978,1,Fantastic Trip,The trip was very well organized.,2024-12-07
2391,4982,5,Fantastic Trip,The trip was very well organized.,2025-10-02
2392,4984,5,Could Be Better,Overall a fantastic experience.,2026-08-07
2393,4986,3,Memorable Journey,Beautiful destination and smooth experience.,2025-03-22
2394,4989,5,Wonderful Trip,The trip was very well organized.,2026-08-14
2395,4992,5,Great Value,Overall a fantastic experience.,2024-04-06
2396,4993,5,Highly Recommended,Enjoyed every moment of the journey.,2024-02-07
2397,4994,3,Amazing Experience,Everything was professionally managed.,2026-09-09
2398,4995,5,Wonderful Trip,Overall a fantastic experience.,2026-08-11
2399,4996,5,Memorable Journey,Great itinerary and good value for money.,2025-06-22
2400,4997,4,Memorable Journey,Food and accommodation exceeded expectations.,2026-09-06
2401,4998,1,Worth Every Penny,Food and accommodation exceeded expectations.,2024-01-11
2402,4999,5,Fantastic Trip,Great itinerary and good value for money.,2025-02-01
2403,5000,4,Amazing Experience,Beautiful destination and smooth experience.,2025-12-21
2404,5001,4,Good Experience,Everything was professionally managed.,2026-08-28
2405,5002,5,Worth Every Penny,Enjoyed every moment of the journey.,2026-08-26
2406,5006,4,Amazing Experience,Beautiful destination and smooth experience.,2026-08-10
2407,5008,5,Great Value,Overall a fantastic experience.,2026-09-16
2408,5010,3,Memorable Journey,Hotels and transportation were excellent.,2026-07-23
2409,5011,5,Could Be Better,Enjoyed every moment of the journey.,2023-11-16
2410,5012,4,Good Experience,Hotels and transportation were excellent.,2023-12-17
2411,5014,3,Excellent Service,Everything was professionally managed.,2026-07-24
2412,5015,4,Good Experience,Food and accommodation exceeded expectations.,2026-02-07
2413,5020,5,Wonderful Trip,Enjoyed every moment of the journey.,2026-08-05
2414,5022,3,Could Be Better,Will definitely travel again with TripPulse.,2026-07-24
2415,5023,2,Excellent Service,Will definitely travel again with TripPulse.,2024-10-26
2416,5024,4,Highly Recommended,Trip leader was extremely helpful.,2024-04-27
2417,5027,5,Could Be Better,Great itinerary and good value for money.,2026-08-01
2418,5029,4,Fantastic Trip,Beautiful destination and smooth experience.,2026-04-05
2419,5030,3,Excellent Service,Beautiful destination and smooth experience.,2024-09-08
2420,5032,5,Excellent Service,Hotels and transportation were excellent.,2026-02-12
2421,5034,4,Great Value,Beautiful destination and smooth experience.,2026-08-22
2422,5039,5,Worth Every Penny,Enjoyed every moment of the journey.,2026-08-31
2423,5041,3,Wonderful Trip,Will definitely travel again with TripPulse.,2024-02-05
2424,5045,5,Fantastic Trip,Enjoyed every moment of the journey.,2024-11-30
2425,5046,5,Wonderful Trip,Great itinerary and good value for money.,2026-05-25
2426,5047,5,Fantastic Trip,Trip leader was extremely helpful.,2024-09-18
2427,5048,5,Excellent Service,Beautiful destination and smooth experience.,2024-10-27
2428,5049,5,Amazing Experience,Will definitely travel again with TripPulse.,2024-11-20
2429,5050,5,Wonderful Trip,Overall a fantastic experience.,2026-07-30
2430,5051,3,Great Value,Hotels and transportation were excellent.,2026-08-25
2431,5055,5,Amazing Experience,Overall a fantastic experience.,2024-02-16
2432,5059,2,Great Value,Great itinerary and good value for money.,2026-07-30
2433,5064,5,Highly Recommended,Trip leader was extremely helpful.,2026-08-16
2434,5065,5,Memorable Journey,Overall a fantastic experience.,2026-05-05
2435,5067,1,Fantastic Trip,Enjoyed every moment of the journey.,2025-01-25
2436,5070,4,Memorable Journey,Hotels and transportation were excellent.,2024-02-14
2437,5071,5,Highly Recommended,Will definitely travel again with TripPulse.,2023-12-11
2438,5072,1,Good Experience,Hotels and transportation were excellent.,2026-05-04
2439,5074,2,Worth Every Penny,Will definitely travel again with TripPulse.,2026-08-24
2440,5080,5,Fantastic Trip,The trip was very well organized.,2026-02-03
2441,5083,5,Could Be Better,Great itinerary and good value for money.,2025-12-16
2442,5086,4,Amazing Experience,Trip leader was extremely helpful.,2023-12-19
2443,5089,3,Great Value,Food and accommodation exceeded expectations.,2024-05-23
2444,5091,5,Worth Every Penny,Hotels and transportation were excellent.,2026-01-04
2445,5094,5,Memorable Journey,Everything was professionally managed.,2025-05-11
2446,5102,4,Good Experience,Trip leader was extremely helpful.,2024-12-20
2447,5104,5,Good Experience,Trip leader was extremely helpful.,2025-10-15
2448,5105,3,Could Be Better,Will definitely travel again with TripPulse.,2024-11-28
2449,5106,5,Fantastic Trip,The trip was very well organized.,2025-08-22
2450,5107,5,Great Value,Overall a fantastic experience.,2023-11-12
2451,5109,4,Amazing Experience,Food and accommodation exceeded expectations.,2026-08-30
2452,5111,4,Memorable Journey,The trip was very well organized.,2024-08-15
2453,5112,3,Memorable Journey,Everything was professionally managed.,2023-10-18
2454,5113,5,Worth Every Penny,Hotels and transportation were excellent.,2024-02-15
2455,5114,5,Could Be Better,Everything was professionally managed.,2026-02-10
2456,5115,5,Excellent Service,Food and accommodation exceeded expectations.,2024-08-25
2457,5116,3,Excellent Service,Will definitely travel again with TripPulse.,2026-07-17
2458,5119,4,Excellent Service,Beautiful destination and smooth experience.,2023-10-05
2459,5120,1,Could Be Better,Everything was professionally managed.,2026-05-18
2460,5121,4,Great Value,Beautiful destination and smooth experience.,2025-11-10
2461,5123,4,Could Be Better,Food and accommodation exceeded expectations.,2024-03-10
2462,5124,3,Excellent Service,The trip was very well organized.,2026-08-11
2463,5125,1,Memorable Journey,Will definitely travel again with TripPulse.,2024-08-28
2464,5126,2,Wonderful Trip,Will definitely travel again with TripPulse.,2024-11-28
2465,5127,1,Fantastic Trip,Trip leader was extremely helpful.,2025-04-26
2466,5130,1,Memorable Journey,The trip was very well organized.,2026-06-29
2467,5131,3,Great Value,Beautiful destination and smooth experience.,2026-08-11
2468,5135,5,Memorable Journey,Enjoyed every moment of the journey.,2026-07-04
2469,5139,3,Wonderful Trip,Overall a fantastic experience.,2026-07-27
2470,5142,5,Wonderful Trip,Enjoyed every moment of the journey.,2026-03-14
2471,5144,5,Could Be Better,Hotels and transportation were excellent.,2026-02-18
2472,5149,5,Fantastic Trip,The trip was very well organized.,2025-09-14
2473,5150,4,Amazing Experience,Hotels and transportation were excellent.,2023-11-14
2474,5151,5,Amazing Experience,Trip leader was extremely helpful.,2024-10-15
2475,5154,4,Worth Every Penny,Enjoyed every moment of the journey.,2026-04-01
2476,5155,3,Good Experience,Food and accommodation exceeded expectations.,2026-06-18
2477,5156,3,Great Value,Will definitely travel again with TripPulse.,2025-02-06
2478,5158,3,Wonderful Trip,Trip leader was extremely helpful.,2026-09-02
2479,5162,2,Good Experience,Will definitely travel again with TripPulse.,2024-10-21
2480,5164,4,Worth Every Penny,Beautiful destination and smooth experience.,2026-09-04
2481,5167,4,Amazing Experience,Overall a fantastic experience.,2024-01-19
2482,5168,1,Excellent Service,Overall a fantastic experience.,2025-05-01
2483,5169,5,Worth Every Penny,Beautiful destination and smooth experience.,2024-11-11
2484,5172,4,Great Value,Beautiful destination and smooth experience.,2024-07-15
2485,5173,5,Fantastic Trip,Trip leader was extremely helpful.,2024-02-14
2486,5175,1,Fantastic Trip,Food and accommodation exceeded expectations.,2026-05-10
2487,5177,4,Amazing Experience,Enjoyed every moment of the journey.,2026-07-28
2488,5179,5,Amazing Experience,Everything was professionally managed.,2023-11-28
2489,5182,5,Highly Recommended,Great itinerary and good value for money.,2026-07-07
2490,5184,5,Worth Every Penny,Great itinerary and good value for money.,2025-11-16
2491,5186,3,Could Be Better,Food and accommodation exceeded expectations.,2026-01-22
2492,5191,5,Worth Every Penny,Hotels and transportation were excellent.,2026-03-26
2493,5193,1,Good Experience,Everything was professionally managed.,2024-12-28
2494,5194,5,Worth Every Penny,Food and accommodation exceeded expectations.,2025-02-11
2495,5196,3,Could Be Better,Will definitely travel again with TripPulse.,2024-11-12
2496,5198,4,Worth Every Penny,Overall a fantastic experience.,2025-01-29
2497,5199,4,Excellent Service,Great itinerary and good value for money.,2026-09-11
2498,5200,4,Could Be Better,Will definitely travel again with TripPulse.,2024-03-02
2499,5201,5,Could Be Better,The trip was very well organized.,2025-07-29
2500,5202,5,Wonderful Trip,The trip was very well organized.,2026-08-17
2501,5207,5,Highly Recommended,Enjoyed every moment of the journey.,2026-05-30
2502,5208,3,Highly Recommended,Everything was professionally managed.,2024-07-06
2503,5212,4,Wonderful Trip,Trip leader was extremely helpful.,2024-12-20
2504,5215,5,Highly Recommended,Great itinerary and good value for money.,2026-07-08
2505,5217,3,Good Experience,The trip was very well organized.,2023-11-22
2506,5220,3,Could Be Better,Hotels and transportation were excellent.,2026-07-25
2507,5222,5,Memorable Journey,Overall a fantastic experience.,2026-02-02
2508,5223,3,Great Value,Great itinerary and good value for money.,2026-06-01
2509,5225,3,Excellent Service,Overall a fantastic experience.,2024-08-21
2510,5226,5,Highly Recommended,Trip leader was extremely helpful.,2023-12-22
2511,5227,3,Excellent Service,Beautiful destination and smooth experience.,2025-05-24
2512,5228,4,Wonderful Trip,Will definitely travel again with TripPulse.,2024-11-13
2513,5229,5,Excellent Service,Overall a fantastic experience.,2024-02-14
2514,5237,5,Wonderful Trip,The trip was very well organized.,2026-01-26
2515,5240,5,Wonderful Trip,Beautiful destination and smooth experience.,2024-12-13
2516,5241,4,Wonderful Trip,Everything was professionally managed.,2024-06-05
2517,5245,4,Worth Every Penny,Trip leader was extremely helpful.,2025-12-28
2518,5246,5,Amazing Experience,Trip leader was extremely helpful.,2025-06-11
2519,5247,5,Amazing Experience,Enjoyed every moment of the journey.,2024-11-25
2520,5251,5,Good Experience,The trip was very well organized.,2026-05-26
2521,5253,3,Excellent Service,Hotels and transportation were excellent.,2024-04-10
2522,5255,3,Good Experience,Great itinerary and good value for money.,2024-11-29
2523,5256,3,Good Experience,Enjoyed every moment of the journey.,2026-08-10
2524,5257,4,Fantastic Trip,Everything was professionally managed.,2026-07-24
2525,5259,1,Amazing Experience,Trip leader was extremely helpful.,2024-07-24
2526,5261,3,Highly Recommended,Will definitely travel again with TripPulse.,2026-05-08
2527,5263,5,Good Experience,Overall a fantastic experience.,2026-08-29
2528,5268,3,Worth Every Penny,Hotels and transportation were excellent.,2025-12-30
2529,5272,4,Highly Recommended,Overall a fantastic experience.,2023-12-24
2530,5273,5,Good Experience,Overall a fantastic experience.,2026-03-17
2531,5274,5,Worth Every Penny,Beautiful destination and smooth experience.,2024-06-17
2532,5276,5,Excellent Service,Hotels and transportation were excellent.,2026-08-31
2533,5277,5,Excellent Service,Great itinerary and good value for money.,2026-09-03
2534,5278,5,Good Experience,Everything was professionally managed.,2025-05-04
2535,5280,4,Amazing Experience,Food and accommodation exceeded expectations.,2025-06-27
2536,5282,5,Wonderful Trip,The trip was very well organized.,2025-02-12
2537,5284,4,Amazing Experience,Overall a fantastic experience.,2024-10-04
2538,5285,5,Worth Every Penny,The trip was very well organized.,2025-05-13
2539,5287,5,Highly Recommended,Everything was professionally managed.,2025-04-05
2540,5289,5,Amazing Experience,Great itinerary and good value for money.,2025-09-30
2541,5290,5,Great Value,Will definitely travel again with TripPulse.,2025-06-09
2542,5291,1,Wonderful Trip,The trip was very well organized.,2024-05-19
2543,5292,3,Fantastic Trip,Trip leader was extremely helpful.,2023-11-15
2544,5295,2,Highly Recommended,Great itinerary and good value for money.,2025-02-11
2545,5296,3,Good Experience,Beautiful destination and smooth experience.,2024-08-16
2546,5297,5,Wonderful Trip,The trip was very well organized.,2025-06-26
2547,5298,5,Could Be Better,Hotels and transportation were excellent.,2023-11-11
2548,5299,4,Fantastic Trip,Enjoyed every moment of the journey.,2024-05-01
2549,5301,2,Worth Every Penny,Beautiful destination and smooth experience.,2024-10-01
2550,5302,5,Highly Recommended,Overall a fantastic experience.,2024-04-30
2551,5304,5,Memorable Journey,Enjoyed every moment of the journey.,2024-06-30
2552,5307,3,Memorable Journey,Beautiful destination and smooth experience.,2025-10-04
2553,5312,5,Good Experience,Hotels and transportation were excellent.,2026-06-10
2554,5313,4,Fantastic Trip,Hotels and transportation were excellent.,2024-11-23
2555,5319,5,Worth Every Penny,Everything was professionally managed.,2025-03-03
2556,5322,3,Amazing Experience,Will definitely travel again with TripPulse.,2026-07-28
2557,5324,5,Amazing Experience,Enjoyed every moment of the journey.,2026-06-23
2558,5329,4,Excellent Service,Hotels and transportation were excellent.,2025-10-01
2559,5336,4,Great Value,The trip was very well organized.,2026-07-23
2560,5338,3,Excellent Service,Hotels and transportation were excellent.,2024-04-16
2561,5341,4,Great Value,Overall a fantastic experience.,2024-02-18
2562,5344,3,Highly Recommended,Everything was professionally managed.,2026-08-11
2563,5346,4,Memorable Journey,Beautiful destination and smooth experience.,2024-03-09
2564,5354,3,Amazing Experience,Everything was professionally managed.,2026-08-08
2565,5355,5,Great Value,Beautiful destination and smooth experience.,2023-12-05
2566,5356,5,Good Experience,Enjoyed every moment of the journey.,2024-05-19
2567,5357,3,Could Be Better,The trip was very well organized.,2024-11-20
2568,5360,3,Could Be Better,Enjoyed every moment of the journey.,2026-05-15
2569,5362,4,Wonderful Trip,The trip was very well organized.,2024-02-10
2570,5363,3,Worth Every Penny,Everything was professionally managed.,2026-04-21
2571,5364,3,Highly Recommended,Hotels and transportation were excellent.,2025-02-10
2572,5365,3,Amazing Experience,Food and accommodation exceeded expectations.,2023-11-08
2573,5371,5,Excellent Service,Hotels and transportation were excellent.,2026-02-15
2574,5374,3,Worth Every Penny,The trip was very well organized.,2025-03-06
2575,5375,4,Excellent Service,Enjoyed every moment of the journey.,2026-08-13
2576,5377,2,Good Experience,Overall a fantastic experience.,2024-08-03
2577,5381,4,Could Be Better,Trip leader was extremely helpful.,2025-07-06
2578,5383,2,Wonderful Trip,Food and accommodation exceeded expectations.,2026-04-27
2579,5385,4,Highly Recommended,Hotels and transportation were excellent.,2024-01-12
2580,5386,5,Worth Every Penny,Overall a fantastic experience.,2023-12-14
2581,5387,2,Worth Every Penny,Food and accommodation exceeded expectations.,2026-06-09
2582,5388,5,Amazing Experience,Hotels and transportation were excellent.,2026-06-05
2583,5391,3,Good Experience,Beautiful destination and smooth experience.,2026-08-10
2584,5392,1,Memorable Journey,Everything was professionally managed.,2026-03-15
2585,5393,4,Could Be Better,Enjoyed every moment of the journey.,2026-01-13
2586,5397,4,Great Value,Enjoyed every moment of the journey.,2025-06-18
2587,5398,5,Fantastic Trip,Hotels and transportation were excellent.,2024-05-15
2588,5400,2,Memorable Journey,Great itinerary and good value for money.,2025-12-12
2589,5401,5,Worth Every Penny,Great itinerary and good value for money.,2026-09-13
2590,5402,5,Great Value,Trip leader was extremely helpful.,2025-02-07
2591,5405,3,Great Value,Overall a fantastic experience.,2023-10-01
2592,5406,5,Wonderful Trip,Enjoyed every moment of the journey.,2025-05-29
2593,5409,4,Worth Every Penny,Will definitely travel again with TripPulse.,2023-12-04
2594,5410,5,Excellent Service,Great itinerary and good value for money.,2024-02-02
2595,5413,5,Great Value,Overall a fantastic experience.,2026-08-14
2596,5421,5,Wonderful Trip,Overall a fantastic experience.,2025-09-16
2597,5424,4,Great Value,The trip was very well organized.,2025-01-19
2598,5427,5,Could Be Better,Great itinerary and good value for money.,2025-02-22
2599,5430,5,Worth Every Penny,Hotels and transportation were excellent.,2025-04-02
2600,5432,5,Excellent Service,Will definitely travel again with TripPulse.,2026-07-22
2601,5433,3,Excellent Service,Everything was professionally managed.,2024-05-07
2602,5436,5,Fantastic Trip,Overall a fantastic experience.,2026-08-24
2603,5437,5,Could Be Better,Beautiful destination and smooth experience.,2026-09-01
2604,5438,4,Could Be Better,Will definitely travel again with TripPulse.,2024-11-24
2605,5440,5,Worth Every Penny,Beautiful destination and smooth experience.,2026-07-18
2606,5442,4,Highly Recommended,Beautiful destination and smooth experience.,2026-02-26
2607,5443,5,Could Be Better,Hotels and transportation were excellent.,2025-12-16
2608,5445,4,Excellent Service,Beautiful destination and smooth experience.,2025-10-30
2609,5446,5,Worth Every Penny,Will definitely travel again with TripPulse.,2026-08-23
2610,5448,4,Amazing Experience,Great itinerary and good value for money.,2025-12-20
2611,5452,5,Good Experience,Will definitely travel again with TripPulse.,2023-12-30
2612,5454,3,Highly Recommended,Will definitely travel again with TripPulse.,2025-04-07
2613,5455,5,Memorable Journey,Everything was professionally managed.,2023-12-09
2614,5459,4,Amazing Experience,Beautiful destination and smooth experience.,2026-08-26
2615,5460,3,Highly Recommended,Beautiful destination and smooth experience.,2026-09-11
2616,5461,5,Worth Every Penny,Beautiful destination and smooth experience.,2026-08-24
2617,5462,5,Memorable Journey,Everything was professionally managed.,2024-03-31
2618,5463,5,Wonderful Trip,Food and accommodation exceeded expectations.,2026-04-27
2619,5465,4,Fantastic Trip,The trip was very well organized.,2026-09-07
2620,5466,4,Could Be Better,Everything was professionally managed.,2026-07-19
2621,5468,3,Good Experience,Food and accommodation exceeded expectations.,2025-10-22
2622,5469,4,Fantastic Trip,Everything was professionally managed.,2024-09-18
2623,5472,3,Fantastic Trip,Enjoyed every moment of the journey.,2026-08-02
2624,5473,5,Wonderful Trip,Overall a fantastic experience.,2023-11-19
2625,5476,5,Good Experience,Beautiful destination and smooth experience.,2024-02-17
2626,5478,4,Memorable Journey,Enjoyed every moment of the journey.,2025-06-10
2627,5479,4,Amazing Experience,Food and accommodation exceeded expectations.,2024-09-18
2628,5481,4,Memorable Journey,Great itinerary and good value for money.,2026-07-24
2629,5483,4,Amazing Experience,Food and accommodation exceeded expectations.,2026-05-30
2630,5484,3,Good Experience,Everything was professionally managed.,2026-02-12
2631,5486,3,Could Be Better,Trip leader was extremely helpful.,2025-07-28
2632,5487,3,Highly Recommended,Beautiful destination and smooth experience.,2025-08-07
2633,5490,4,Fantastic Trip,Overall a fantastic experience.,2026-08-12
2634,5493,4,Fantastic Trip,Everything was professionally managed.,2025-06-19
2635,5495,5,Memorable Journey,Food and accommodation exceeded expectations.,2024-01-02
2636,5496,4,Memorable Journey,Trip leader was extremely helpful.,2025-04-22
2637,5497,3,Worth Every Penny,Will definitely travel again with TripPulse.,2026-09-12
2638,5499,4,Great Value,Food and accommodation exceeded expectations.,2026-07-18
2639,5500,3,Highly Recommended,Trip leader was extremely helpful.,2026-09-12
2640,5502,5,Worth Every Penny,Hotels and transportation were excellent.,2025-03-20
2641,5503,4,Memorable Journey,Trip leader was extremely helpful.,2025-04-03
2642,5508,5,Could Be Better,Trip leader was extremely helpful.,2024-04-19
2643,5513,5,Excellent Service,Food and accommodation exceeded expectations.,2026-04-11
2644,5514,3,Fantastic Trip,Great itinerary and good value for money.,2025-01-07
2645,5519,5,Could Be Better,Everything was professionally managed.,2025-02-28
2646,5524,3,Great Value,Overall a fantastic experience.,2026-08-29
2647,5526,5,Fantastic Trip,Hotels and transportation were excellent.,2026-09-06
2648,5528,5,Worth Every Penny,Food and accommodation exceeded expectations.,2024-08-12
2649,5529,5,Worth Every Penny,Enjoyed every moment of the journey.,2026-09-09
2650,5531,5,Worth Every Penny,Beautiful destination and smooth experience.,2024-06-09
2651,5532,4,Fantastic Trip,Trip leader was extremely helpful.,2026-08-07
2652,5533,3,Worth Every Penny,Will definitely travel again with TripPulse.,2026-07-23
2653,5536,3,Amazing Experience,Food and accommodation exceeded expectations.,2026-09-15
2654,5537,4,Could Be Better,Everything was professionally managed.,2024-03-28
2655,5539,5,Amazing Experience,The trip was very well organized.,2024-06-22
2656,5541,5,Could Be Better,Beautiful destination and smooth experience.,2026-04-19
2657,5543,4,Wonderful Trip,Will definitely travel again with TripPulse.,2026-08-31
2658,5545,2,Excellent Service,The trip was very well organized.,2026-06-25
2659,5546,5,Great Value,The trip was very well organized.,2026-06-25
2660,5547,5,Could Be Better,Will definitely travel again with TripPulse.,2025-04-19
2661,5550,5,Memorable Journey,Hotels and transportation were excellent.,2024-12-09
2662,5551,5,Wonderful Trip,Everything was professionally managed.,2026-04-11
2663,5555,4,Good Experience,Hotels and transportation were excellent.,2025-12-08
2664,5557,4,Amazing Experience,Everything was professionally managed.,2026-08-18
2665,5559,5,Great Value,The trip was very well organized.,2026-06-03
2666,5563,3,Great Value,Great itinerary and good value for money.,2026-03-04
2667,5564,4,Could Be Better,Overall a fantastic experience.,2024-01-27
2668,5565,3,Great Value,The trip was very well organized.,2026-09-15
2669,5566,4,Fantastic Trip,Overall a fantastic experience.,2024-08-25
2670,5567,4,Highly Recommended,The trip was very well organized.,2026-09-07
2671,5571,5,Wonderful Trip,Everything was professionally managed.,2026-03-03
2672,5574,4,Wonderful Trip,The trip was very well organized.,2026-04-30
2673,5576,2,Could Be Better,Everything was professionally managed.,2026-07-09
2674,5577,4,Fantastic Trip,Beautiful destination and smooth experience.,2025-07-22
2675,5578,5,Fantastic Trip,Food and accommodation exceeded expectations.,2026-08-14
2676,5580,5,Worth Every Penny,Hotels and transportation were excellent.,2026-02-12
2677,5581,5,Fantastic Trip,Beautiful destination and smooth experience.,2024-05-14
2678,5584,3,Excellent Service,Enjoyed every moment of the journey.,2024-11-07
2679,5589,5,Fantastic Trip,Food and accommodation exceeded expectations.,2024-07-07
2680,5594,4,Great Value,Overall a fantastic experience.,2025-05-02
2681,5595,5,Good Experience,Beautiful destination and smooth experience.,2026-06-04
2682,5597,5,Fantastic Trip,Will definitely travel again with TripPulse.,2024-11-24
2683,5598,4,Wonderful Trip,Will definitely travel again with TripPulse.,2025-01-18
2684,5599,4,Amazing Experience,Overall a fantastic experience.,2024-06-12
2685,5602,5,Memorable Journey,The trip was very well organized.,2026-08-29
2686,5603,4,Could Be Better,The trip was very well organized.,2026-07-31
2687,5604,5,Good Experience,Enjoyed every moment of the journey.,2024-02-13
2688,5605,5,Highly Recommended,Enjoyed every moment of the journey.,2026-07-06
2689,5609,5,Could Be Better,Food and accommodation exceeded expectations.,2026-07-17
2690,5613,4,Great Value,Everything was professionally managed.,2024-09-28
2691,5614,3,Could Be Better,The trip was very well organized.,2025-07-29
2692,5615,5,Fantastic Trip,Enjoyed every moment of the journey.,2023-12-01
2693,5618,5,Fantastic Trip,Food and accommodation exceeded expectations.,2024-08-19
2694,5619,1,Worth Every Penny,Hotels and transportation were excellent.,2024-04-05
2695,5620,4,Wonderful Trip,Beautiful destination and smooth experience.,2026-04-26
2696,5624,4,Worth Every Penny,Trip leader was extremely helpful.,2025-04-15
2697,5625,5,Good Experience,Will definitely travel again with TripPulse.,2025-07-16
2698,5627,4,Great Value,Enjoyed every moment of the journey.,2025-05-29
2699,5631,4,Amazing Experience,Beautiful destination and smooth experience.,2025-10-31
2700,5635,4,Amazing Experience,Overall a fantastic experience.,2024-11-17
2701,5638,4,Fantastic Trip,The trip was very well organized.,2026-07-26
2702,5640,5,Could Be Better,Beautiful destination and smooth experience.,2024-11-14
2703,5641,3,Great Value,Trip leader was extremely helpful.,2024-11-03
2704,5642,5,Could Be Better,Trip leader was extremely helpful.,2024-02-14
2705,5645,5,Good Experience,Great itinerary and good value for money.,2026-08-10
2706,5648,5,Wonderful Trip,Enjoyed every moment of the journey.,2026-09-02
2707,5651,5,Excellent Service,Will definitely travel again with TripPulse.,2024-11-16
2708,5652,4,Could Be Better,Everything was professionally managed.,2026-08-24
2709,5653,5,Highly Recommended,The trip was very well organized.,2026-07-25
2710,5655,5,Could Be Better,Trip leader was extremely helpful.,2026-05-10
2711,5657,5,Fantastic Trip,Food and accommodation exceeded expectations.,2026-08-15
2712,5659,5,Memorable Journey,Everything was professionally managed.,2025-02-15
2713,5660,4,Highly Recommended,The trip was very well organized.,2025-08-10
2714,5668,1,Highly Recommended,Great itinerary and good value for money.,2024-10-13
2715,5669,1,Memorable Journey,Trip leader was extremely helpful.,2026-06-26
2716,5673,5,Good Experience,Beautiful destination and smooth experience.,2024-03-08
2717,5674,4,Fantastic Trip,Trip leader was extremely helpful.,2025-01-08
2718,5675,3,Excellent Service,Beautiful destination and smooth experience.,2026-07-04
2719,5676,5,Great Value,Beautiful destination and smooth experience.,2025-06-12
2720,5677,4,Memorable Journey,Food and accommodation exceeded expectations.,2025-05-11
2721,5678,4,Worth Every Penny,Beautiful destination and smooth experience.,2026-07-20
2722,5680,2,Highly Recommended,Hotels and transportation were excellent.,2024-07-17
2723,5681,5,Could Be Better,The trip was very well organized.,2026-06-23
2724,5683,4,Good Experience,Hotels and transportation were excellent.,2024-12-14
2725,5686,2,Great Value,Great itinerary and good value for money.,2025-10-03
2726,5690,4,Worth Every Penny,Will definitely travel again with TripPulse.,2024-01-23
2727,5691,4,Highly Recommended,Food and accommodation exceeded expectations.,2024-08-11
2728,5692,4,Worth Every Penny,The trip was very well organized.,2026-08-29
2729,5696,4,Wonderful Trip,The trip was very well organized.,2026-07-12
2730,5697,4,Wonderful Trip,Everything was professionally managed.,2024-11-24
2731,5700,5,Highly Recommended,Will definitely travel again with TripPulse.,2025-07-05
2732,5702,3,Could Be Better,Will definitely travel again with TripPulse.,2025-04-09
2733,5704,4,Could Be Better,Trip leader was extremely helpful.,2026-06-14
2734,5705,4,Wonderful Trip,Hotels and transportation were excellent.,2026-07-21
2735,5710,4,Memorable Journey,Great itinerary and good value for money.,2024-06-30
2736,5711,5,Wonderful Trip,Beautiful destination and smooth experience.,2023-12-21
2737,5713,2,Great Value,Everything was professionally managed.,2025-10-25
2738,5714,4,Amazing Experience,Will definitely travel again with TripPulse.,2026-06-20
2739,5715,2,Amazing Experience,Overall a fantastic experience.,2026-09-11
2740,5716,4,Could Be Better,Food and accommodation exceeded expectations.,2024-08-16
2741,5718,5,Could Be Better,Great itinerary and good value for money.,2025-05-14
2742,5724,5,Worth Every Penny,Beautiful destination and smooth experience.,2026-06-11
2743,5726,5,Memorable Journey,Overall a fantastic experience.,2023-10-13
2744,5727,3,Good Experience,Enjoyed every moment of the journey.,2026-08-24
2745,5728,1,Fantastic Trip,Food and accommodation exceeded expectations.,2023-10-29
2746,5729,5,Fantastic Trip,Overall a fantastic experience.,2026-08-27
2747,5732,3,Great Value,Overall a fantastic experience.,2026-08-18
2748,5733,2,Excellent Service,Enjoyed every moment of the journey.,2024-03-26
2749,5735,3,Fantastic Trip,Food and accommodation exceeded expectations.,2024-12-26
2750,5739,5,Highly Recommended,Overall a fantastic experience.,2026-03-29
2751,5741,5,Worth Every Penny,Great itinerary and good value for money.,2024-05-30
2752,5745,5,Amazing Experience,Overall a fantastic experience.,2025-06-05
2753,5746,5,Worth Every Penny,Beautiful destination and smooth experience.,2024-12-04
2754,5747,5,Worth Every Penny,Hotels and transportation were excellent.,2023-11-16
2755,5748,5,Good Experience,Overall a fantastic experience.,2026-01-16
2756,5751,5,Could Be Better,Overall a fantastic experience.,2024-05-14
2757,5752,4,Worth Every Penny,Beautiful destination and smooth experience.,2024-04-14
2758,5754,5,Highly Recommended,Trip leader was extremely helpful.,2024-06-20
2759,5755,5,Wonderful Trip,Trip leader was extremely helpful.,2025-06-24
2760,5756,3,Memorable Journey,Everything was professionally managed.,2026-09-04
2761,5758,4,Could Be Better,Beautiful destination and smooth experience.,2024-07-21
2762,5759,4,Good Experience,Great itinerary and good value for money.,2024-06-09
2763,5760,4,Great Value,Food and accommodation exceeded expectations.,2026-02-01
2764,5761,5,Excellent Service,Trip leader was extremely helpful.,2024-01-03
2765,5762,5,Worth Every Penny,Will definitely travel again with TripPulse.,2025-04-06
2766,5766,4,Good Experience,Beautiful destination and smooth experience.,2024-05-09
2767,5768,4,Amazing Experience,Food and accommodation exceeded expectations.,2026-01-31
2768,5770,3,Excellent Service,Overall a fantastic experience.,2025-12-18
2769,5771,5,Highly Recommended,Food and accommodation exceeded expectations.,2023-11-29
2770,5775,5,Wonderful Trip,Hotels and transportation were excellent.,2026-06-12
2771,5777,5,Worth Every Penny,Trip leader was extremely helpful.,2026-09-03
2772,5780,5,Good Experience,Enjoyed every moment of the journey.,2023-10-21
2773,5783,4,Excellent Service,Will definitely travel again with TripPulse.,2026-08-06
2774,5785,5,Wonderful Trip,Trip leader was extremely helpful.,2026-01-07
2775,5786,4,Amazing Experience,Will definitely travel again with TripPulse.,2024-09-25
2776,5788,2,Memorable Journey,Hotels and transportation were excellent.,2024-09-17
2777,5789,4,Great Value,Great itinerary and good value for money.,2025-04-23
2778,5790,2,Wonderful Trip,Everything was professionally managed.,2024-11-03
2779,5791,3,Excellent Service,Everything was professionally managed.,2023-12-21
2780,5801,4,Fantastic Trip,Food and accommodation exceeded expectations.,2025-10-19
2781,5804,5,Great Value,Enjoyed every moment of the journey.,2025-10-14
2782,5807,4,Could Be Better,Enjoyed every moment of the journey.,2026-07-04
2783,5810,5,Worth Every Penny,Will definitely travel again with TripPulse.,2026-09-07
2784,5811,5,Amazing Experience,Will definitely travel again with TripPulse.,2026-07-28
2785,5814,4,Excellent Service,Great itinerary and good value for money.,2024-06-26
2786,5816,5,Great Value,Everything was professionally managed.,2024-09-18
2787,5822,4,Worth Every Penny,Overall a fantastic experience.,2024-03-31
2788,5823,4,Memorable Journey,Enjoyed every moment of the journey.,2026-01-29
2789,5824,3,Highly Recommended,Overall a fantastic experience.,2024-12-06
2790,5827,5,Could Be Better,Overall a fantastic experience.,2025-07-10
2791,5828,5,Excellent Service,Hotels and transportation were excellent.,2025-01-26
2792,5830,2,Good Experience,Overall a fantastic experience.,2026-08-26
2793,5831,5,Fantastic Trip,Food and accommodation exceeded expectations.,2026-08-13
2794,5832,4,Memorable Journey,The trip was very well organized.,2024-05-31
2795,5834,5,Good Experience,Food and accommodation exceeded expectations.,2024-10-23
2796,5835,4,Great Value,Hotels and transportation were excellent.,2025-09-20
2797,5838,3,Fantastic Trip,Everything was professionally managed.,2024-10-31
2798,5839,5,Wonderful Trip,Trip leader was extremely helpful.,2024-10-31
2799,5840,5,Great Value,The trip was very well organized.,2025-07-29
2800,5841,3,Worth Every Penny,Beautiful destination and smooth experience.,2026-03-20
2801,5843,4,Worth Every Penny,Hotels and transportation were excellent.,2025-12-04
2802,5844,5,Could Be Better,Hotels and transportation were excellent.,2024-10-11
2803,5845,4,Amazing Experience,Great itinerary and good value for money.,2026-08-03
2804,5847,4,Fantastic Trip,The trip was very well organized.,2026-08-31
2805,5848,4,Great Value,Great itinerary and good value for money.,2026-06-12
2806,5851,4,Amazing Experience,Great itinerary and good value for money.,2024-07-14
2807,5855,5,Could Be Better,Will definitely travel again with TripPulse.,2025-09-24
2808,5856,4,Worth Every Penny,Enjoyed every moment of the journey.,2026-07-08
2809,5857,5,Memorable Journey,The trip was very well organized.,2026-09-10
2810,5862,5,Worth Every Penny,Everything was professionally managed.,2025-04-17
2811,5863,3,Excellent Service,Great itinerary and good value for money.,2025-06-20
2812,5865,4,Great Value,Everything was professionally managed.,2024-01-23
2813,5867,5,Worth Every Penny,Food and accommodation exceeded expectations.,2025-03-27
2814,5868,5,Excellent Service,The trip was very well organized.,2024-08-21
2815,5869,3,Excellent Service,Trip leader was extremely helpful.,2026-07-14
2816,5871,4,Wonderful Trip,Everything was professionally managed.,2024-05-20
2817,5872,4,Amazing Experience,Enjoyed every moment of the journey.,2026-08-28
2818,5873,5,Could Be Better,Will definitely travel again with TripPulse.,2025-08-08
2819,5874,4,Fantastic Trip,Overall a fantastic experience.,2026-03-31
2820,5876,4,Worth Every Penny,Enjoyed every moment of the journey.,2025-03-04
2821,5877,3,Excellent Service,Will definitely travel again with TripPulse.,2024-08-29
2822,5881,4,Good Experience,Trip leader was extremely helpful.,2026-09-10
2823,5884,3,Could Be Better,Will definitely travel again with TripPulse.,2025-04-15
2824,5887,5,Memorable Journey,Everything was professionally managed.,2025-04-25
2825,5888,2,Excellent Service,Everything was professionally managed.,2024-03-01
2826,5890,3,Memorable Journey,Food and accommodation exceeded expectations.,2024-03-14
2827,5892,4,Wonderful Trip,Enjoyed every moment of the journey.,2026-09-16
2828,5894,4,Could Be Better,Food and accommodation exceeded expectations.,2026-08-20
2829,5898,5,Highly Recommended,Beautiful destination and smooth experience.,2024-10-03
2830,5899,5,Could Be Better,Great itinerary and good value for money.,2026-06-15
2831,5901,5,Great Value,Will definitely travel again with TripPulse.,2026-07-09
2832,5902,5,Amazing Experience,Overall a fantastic experience.,2026-09-10
2833,5903,5,Good Experience,Trip leader was extremely helpful.,2024-08-13
2834,5904,5,Excellent Service,Food and accommodation exceeded expectations.,2025-08-04
2835,5905,5,Highly Recommended,Will definitely travel again with TripPulse.,2026-04-08
2836,5906,4,Could Be Better,Great itinerary and good value for money.,2026-07-03
2837,5907,5,Wonderful Trip,Food and accommodation exceeded expectations.,2025-12-26
2838,5908,3,Wonderful Trip,Overall a fantastic experience.,2023-09-30
2839,5910,5,Amazing Experience,Everything was professionally managed.,2024-05-23
2840,5912,3,Good Experience,Overall a fantastic experience.,2024-10-15
2841,5913,4,Highly Recommended,Beautiful destination and smooth experience.,2026-08-27
2842,5914,2,Worth Every Penny,Food and accommodation exceeded expectations.,2024-11-21
2843,5915,5,Could Be Better,Great itinerary and good value for money.,2025-06-17
2844,5916,4,Wonderful Trip,Great itinerary and good value for money.,2025-10-14
2845,5924,5,Memorable Journey,Food and accommodation exceeded expectations.,2025-05-08
2846,5926,5,Fantastic Trip,Great itinerary and good value for money.,2024-11-08
2847,5927,4,Fantastic Trip,Everything was professionally managed.,2026-09-04
2848,5928,5,Amazing Experience,The trip was very well organized.,2026-04-04
2849,5929,3,Memorable Journey,Overall a fantastic experience.,2026-07-05
2850,5930,4,Highly Recommended,Overall a fantastic experience.,2024-07-22
2851,5932,5,Fantastic Trip,Will definitely travel again with TripPulse.,2025-03-14
2852,5933,2,Good Experience,Food and accommodation exceeded expectations.,2026-01-04
2853,5936,5,Wonderful Trip,Beautiful destination and smooth experience.,2025-09-22
2854,5937,5,Highly Recommended,Overall a fantastic experience.,2026-09-08
2855,5938,5,Worth Every Penny,The trip was very well organized.,2024-08-08
2856,5941,2,Highly Recommended,Hotels and transportation were excellent.,2026-07-10
2857,5942,4,Could Be Better,The trip was very well organized.,2025-09-17
2858,5945,4,Could Be Better,Food and accommodation exceeded expectations.,2024-11-14
2859,5946,3,Wonderful Trip,Great itinerary and good value for money.,2026-08-18
2860,5948,2,Could Be Better,Overall a fantastic experience.,2026-07-22
2861,5950,5,Worth Every Penny,The trip was very well organized.,2025-12-19
2862,5951,4,Highly Recommended,Enjoyed every moment of the journey.,2024-10-27
2863,5953,4,Excellent Service,Enjoyed every moment of the journey.,2026-09-16
2864,5957,2,Excellent Service,Everything was professionally managed.,2025-04-28
2865,5958,5,Could Be Better,Great itinerary and good value for money.,2026-07-31
2866,5959,4,Memorable Journey,Hotels and transportation were excellent.,2025-07-24
2867,5960,5,Fantastic Trip,Beautiful destination and smooth experience.,2025-04-21
2868,5962,3,Good Experience,Food and accommodation exceeded expectations.,2026-02-25
2869,5963,4,Memorable Journey,Enjoyed every moment of the journey.,2026-02-17
2870,5964,5,Highly Recommended,Overall a fantastic experience.,2024-02-10
2871,5965,5,Great Value,Trip leader was extremely helpful.,2025-09-11
2872,5966,2,Memorable Journey,Food and accommodation exceeded expectations.,2026-08-10
2873,5969,5,Excellent Service,Overall a fantastic experience.,2024-12-12
2874,5971,5,Wonderful Trip,Everything was professionally managed.,2024-12-01
2875,5972,5,Excellent Service,Beautiful destination and smooth experience.,2026-07-30
2876,5973,4,Fantastic Trip,Food and accommodation exceeded expectations.,2026-09-13
2877,5975,5,Worth Every Penny,Trip leader was extremely helpful.,2025-05-28
2878,5977,4,Worth Every Penny,Great itinerary and good value for money.,2026-06-29
2879,5979,5,Good Experience,Great itinerary and good value for money.,2025-05-17
2880,5983,5,Worth Every Penny,Overall a fantastic experience.,2024-10-07
2881,5984,3,Fantastic Trip,Enjoyed every moment of the journey.,2024-12-19
2882,5987,5,Amazing Experience,Everything was professionally managed.,2025-10-16
2883,5988,5,Could Be Better,The trip was very well organized.,2026-07-08
2884,5989,2,Great Value,The trip was very well organized.,2026-07-16
2885,5990,4,Great Value,Hotels and transportation were excellent.,2025-02-16
2886,5992,5,Could Be Better,Overall a fantastic experience.,2024-09-20
2887,5993,4,Good Experience,Will definitely travel again with TripPulse.,2024-07-19
2888,5998,3,Amazing Experience,Overall a fantastic experience.,2025-12-23
2889,5999,4,Worth Every Penny,The trip was very well organized.,2025-03-19
2890,6000,4,Amazing Experience,Trip leader was extremely helpful.,2025-08-08
2891,6002,4,Good Experience,Trip leader was extremely helpful.,2024-07-03
2892,6003,4,Could Be Better,Food and accommodation exceeded expectations.,2024-05-21
2893,6005,4,Amazing Experience,Great itinerary and good value for money.,2026-09-10
2894,6006,5,Excellent Service,Hotels and transportation were excellent.,2025-07-06
2895,6007,5,Worth Every Penny,Beautiful destination and smooth experience.,2025-09-05
2896,6010,3,Wonderful Trip,Hotels and transportation were excellent.,2025-12-24
2897,6013,3,Fantastic Trip,Hotels and transportation were excellent.,2023-12-31
2898,6016,5,Highly Recommended,Food and accommodation exceeded expectations.,2026-06-26
2899,6017,5,Good Experience,Will definitely travel again with TripPulse.,2025-07-17
2900,6019,3,Excellent Service,Food and accommodation exceeded expectations.,2024-02-22
2901,6020,4,Highly Recommended,Hotels and transportation were excellent.,2025-05-25
2902,6024,5,Good Experience,Will definitely travel again with TripPulse.,2025-04-17
2903,6026,4,Could Be Better,Hotels and transportation were excellent.,2026-08-02
2904,6029,5,Could Be Better,Beautiful destination and smooth experience.,2024-10-16
2905,6030,4,Could Be Better,Beautiful destination and smooth experience.,2024-09-02
2906,6031,4,Excellent Service,The trip was very well organized.,2026-08-28
2907,6033,2,Excellent Service,Overall a fantastic experience.,2026-07-17
2908,6034,5,Fantastic Trip,The trip was very well organized.,2025-12-27
2909,6035,5,Highly Recommended,Will definitely travel again with TripPulse.,2023-10-16
2910,6036,5,Could Be Better,Everything was professionally managed.,2025-03-05
2911,6037,3,Memorable Journey,Hotels and transportation were excellent.,2026-06-19
2912,6044,5,Good Experience,Will definitely travel again with TripPulse.,2025-05-01
2913,6045,3,Wonderful Trip,Enjoyed every moment of the journey.,2024-04-03
2914,6051,5,Worth Every Penny,Hotels and transportation were excellent.,2024-08-10
2915,6052,2,Great Value,Hotels and transportation were excellent.,2025-11-08
2916,6060,5,Excellent Service,Will definitely travel again with TripPulse.,2023-10-18
2917,6061,5,Wonderful Trip,Everything was professionally managed.,2023-12-01
2918,6062,4,Great Value,Everything was professionally managed.,2025-04-10
2919,6063,4,Amazing Experience,The trip was very well organized.,2025-02-04
2920,6064,5,Wonderful Trip,Overall a fantastic experience.,2024-03-12
2921,6065,4,Good Experience,Food and accommodation exceeded expectations.,2026-08-04
2922,6066,5,Memorable Journey,Hotels and transportation were excellent.,2026-08-02
2923,6068,4,Worth Every Penny,Food and accommodation exceeded expectations.,2026-02-01
2924,6069,2,Highly Recommended,Food and accommodation exceeded expectations.,2026-08-02
2925,6070,5,Highly Recommended,Great itinerary and good value for money.,2023-12-30
2926,6071,5,Could Be Better,Great itinerary and good value for money.,2026-08-20
2927,6072,3,Amazing Experience,Beautiful destination and smooth experience.,2023-11-12
2928,6074,2,Could Be Better,Hotels and transportation were excellent.,2024-11-09
2929,6077,2,Could Be Better,Overall a fantastic experience.,2026-08-14
2930,6080,4,Memorable Journey,Great itinerary and good value for money.,2024-02-14
2931,6082,5,Good Experience,Everything was professionally managed.,2024-10-08
2932,6083,5,Excellent Service,Beautiful destination and smooth experience.,2024-07-30
2933,6085,3,Fantastic Trip,Food and accommodation exceeded expectations.,2026-01-14
2934,6089,4,Highly Recommended,Beautiful destination and smooth experience.,2026-04-14
2935,6095,4,Could Be Better,The trip was very well organized.,2025-11-29
2936,6097,4,Memorable Journey,Beautiful destination and smooth experience.,2026-05-20
2937,6098,5,Good Experience,Everything was professionally managed.,2024-07-09
2938,6102,5,Amazing Experience,Great itinerary and good value for money.,2026-04-01
2939,6104,4,Fantastic Trip,Hotels and transportation were excellent.,2025-06-27
2940,6105,5,Could Be Better,Great itinerary and good value for money.,2026-08-27
2941,6106,5,Amazing Experience,Enjoyed every moment of the journey.,2025-06-23
2942,6107,5,Memorable Journey,Overall a fantastic experience.,2025-04-18
2943,6108,5,Amazing Experience,Trip leader was extremely helpful.,2024-10-04
2944,6109,5,Worth Every Penny,Enjoyed every moment of the journey.,2023-11-27
2945,6110,2,Could Be Better,Will definitely travel again with TripPulse.,2024-02-20
2946,6111,3,Amazing Experience,Beautiful destination and smooth experience.,2026-04-25
2947,6112,5,Wonderful Trip,Great itinerary and good value for money.,2024-12-03
2948,6115,4,Great Value,Food and accommodation exceeded expectations.,2024-04-26
2949,6116,3,Good Experience,Will definitely travel again with TripPulse.,2026-07-02
2950,6128,4,Worth Every Penny,Overall a fantastic experience.,2024-06-15
2951,6129,4,Amazing Experience,The trip was very well organized.,2025-06-01
2952,6131,2,Worth Every Penny,Trip leader was extremely helpful.,2024-12-28
2953,6132,2,Excellent Service,The trip was very well organized.,2026-09-10
2954,6134,4,Fantastic Trip,Trip leader was extremely helpful.,2025-10-02
2955,6135,5,Could Be Better,Great itinerary and good value for money.,2026-07-01
2956,6136,5,Fantastic Trip,Enjoyed every moment of the journey.,2025-04-09
2957,6138,5,Worth Every Penny,Everything was professionally managed.,2024-11-14
2958,6140,5,Wonderful Trip,The trip was very well organized.,2026-06-05
2959,6141,5,Amazing Experience,Overall a fantastic experience.,2024-01-25
2960,6142,3,Could Be Better,Trip leader was extremely helpful.,2025-06-16
2961,6144,5,Great Value,Beautiful destination and smooth experience.,2025-02-04
2962,6145,5,Good Experience,The trip was very well organized.,2025-05-18
2963,6147,5,Great Value,Food and accommodation exceeded expectations.,2024-06-30
2964,6148,4,Fantastic Trip,Enjoyed every moment of the journey.,2026-08-11
2965,6150,4,Could Be Better,Will definitely travel again with TripPulse.,2026-04-10
2966,6154,5,Fantastic Trip,Food and accommodation exceeded expectations.,2026-09-08
2967,6157,5,Amazing Experience,Hotels and transportation were excellent.,2026-08-14
2968,6159,5,Amazing Experience,Great itinerary and good value for money.,2026-09-01
2969,6163,4,Good Experience,Hotels and transportation were excellent.,2024-05-31
2970,6165,5,Good Experience,Beautiful destination and smooth experience.,2024-01-12
2971,6166,3,Highly Recommended,Overall a fantastic experience.,2024-03-09
2972,6169,3,Wonderful Trip,Enjoyed every moment of the journey.,2024-10-22
2973,6170,1,Amazing Experience,Hotels and transportation were excellent.,2025-05-29
2974,6171,3,Fantastic Trip,Overall a fantastic experience.,2023-12-07
2975,6172,3,Highly Recommended,Food and accommodation exceeded expectations.,2024-05-26
2976,6177,3,Amazing Experience,Everything was professionally managed.,2026-02-22
2977,6180,2,Wonderful Trip,Beautiful destination and smooth experience.,2025-09-15
2978,6184,5,Highly Recommended,Trip leader was extremely helpful.,2024-04-07
2979,6187,3,Wonderful Trip,Great itinerary and good value for money.,2024-06-22
2980,6191,5,Memorable Journey,Hotels and transportation were excellent.,2025-02-24
2981,6192,2,Fantastic Trip,The trip was very well organized.,2025-08-12
2982,6193,4,Highly Recommended,Everything was professionally managed.,2024-05-31
2983,6194,4,Wonderful Trip,Hotels and transportation were excellent.,2026-07-05
2984,6201,4,Memorable Journey,Beautiful destination and smooth experience.,2025-10-17
2985,6202,5,Great Value,Will definitely travel again with TripPulse.,2026-08-18
2986,6203,3,Great Value,Hotels and transportation were excellent.,2026-07-15
2987,6204,2,Amazing Experience,Will definitely travel again with TripPulse.,2024-02-24
2988,6206,4,Fantastic Trip,Enjoyed every moment of the journey.,2026-01-21
2989,6207,5,Fantastic Trip,Will definitely travel again with TripPulse.,2026-08-24
2990,6210,5,Memorable Journey,Food and accommodation exceeded expectations.,2025-03-07
2991,6211,5,Good Experience,Everything was professionally managed.,2025-01-05
2992,6213,3,Good Experience,Will definitely travel again with TripPulse.,2026-02-03
2993,6215,4,Fantastic Trip,Great itinerary and good value for money.,2024-05-04
2994,6217,5,Memorable Journey,Overall a fantastic experience.,2025-10-18
2995,6222,3,Highly Recommended,The trip was very well organized.,2026-05-18
2996,6224,5,Memorable Journey,Overall a fantastic experience.,2026-06-30
2997,6225,5,Worth Every Penny,Enjoyed every moment of the journey.,2026-03-28
2998,6226,4,Excellent Service,Will definitely travel again with TripPulse.,2024-07-12
2999,6227,4,Highly Recommended,Will definitely travel again with TripPulse.,2025-11-24
3000,6228,5,Amazing Experience,The trip was very well organized.,2026-07-24
3001,6229,5,Great Value,Enjoyed every moment of the journey.,2024-05-22
3002,6230,2,Good Experience,The trip was very well organized.,2024-02-26
3003,6234,5,Wonderful Trip,Food and accommodation exceeded expectations.,2023-11-29
3004,6235,4,Excellent Service,Enjoyed every moment of the journey.,2026-04-27
3005,6236,5,Great Value,Trip leader was extremely helpful.,2026-07-30
3006,6237,4,Memorable Journey,Food and accommodation exceeded expectations.,2025-06-04
3007,6238,5,Memorable Journey,Will definitely travel again with TripPulse.,2026-03-16
3008,6239,3,Worth Every Penny,Overall a fantastic experience.,2024-04-10
3009,6241,5,Highly Recommended,Trip leader was extremely helpful.,2024-12-13
3010,6242,3,Wonderful Trip,Trip leader was extremely helpful.,2026-09-07
3011,6243,4,Worth Every Penny,Great itinerary and good value for money.,2025-08-25
3012,6244,5,Good Experience,Great itinerary and good value for money.,2026-08-19
3013,6246,5,Fantastic Trip,Great itinerary and good value for money.,2026-09-04
3014,6248,4,Fantastic Trip,Will definitely travel again with TripPulse.,2026-01-18
3015,6251,5,Fantastic Trip,Beautiful destination and smooth experience.,2024-02-29
3016,6254,3,Excellent Service,Enjoyed every moment of the journey.,2026-09-16
3017,6255,5,Highly Recommended,Beautiful destination and smooth experience.,2026-05-10
3018,6258,4,Could Be Better,Overall a fantastic experience.,2025-02-12
3019,6259,3,Amazing Experience,Will definitely travel again with TripPulse.,2025-03-26
3020,6260,5,Wonderful Trip,Beautiful destination and smooth experience.,2025-02-01
3021,6261,5,Memorable Journey,Food and accommodation exceeded expectations.,2024-07-12
3022,6263,4,Highly Recommended,Will definitely travel again with TripPulse.,2026-02-22
3023,6267,5,Amazing Experience,Overall a fantastic experience.,2024-02-20
3024,6268,4,Highly Recommended,Beautiful destination and smooth experience.,2024-06-28
3025,6269,3,Could Be Better,Beautiful destination and smooth experience.,2026-08-13
3026,6271,5,Fantastic Trip,The trip was very well organized.,2024-09-17
3027,6272,1,Good Experience,Great itinerary and good value for money.,2025-04-17
3028,6273,4,Good Experience,Everything was professionally managed.,2026-06-21
3029,6277,5,Highly Recommended,Trip leader was extremely helpful.,2025-04-17
3030,6278,5,Great Value,Enjoyed every moment of the journey.,2026-07-15
3031,6279,4,Amazing Experience,The trip was very well organized.,2025-03-21
3032,6281,2,Wonderful Trip,The trip was very well organized.,2024-11-03
3033,6282,5,Highly Recommended,Everything was professionally managed.,2026-08-22
3034,6285,4,Excellent Service,Enjoyed every moment of the journey.,2024-02-21
3035,6287,5,Good Experience,Food and accommodation exceeded expectations.,2023-11-17
3036,6292,3,Great Value,Hotels and transportation were excellent.,2025-01-22
3037,6293,2,Memorable Journey,Everything was professionally managed.,2025-07-24
3038,6294,3,Highly Recommended,Great itinerary and good value for money.,2023-11-26
3039,6295,1,Amazing Experience,Hotels and transportation were excellent.,2026-04-21
3040,6296,4,Good Experience,Overall a fantastic experience.,2024-04-27
3041,6297,5,Wonderful Trip,Beautiful destination and smooth experience.,2026-01-06
3042,6298,5,Memorable Journey,Will definitely travel again with TripPulse.,2026-09-19
3043,6299,4,Fantastic Trip,Trip leader was extremely helpful.,2024-02-22
3044,6301,5,Good Experience,Everything was professionally managed.,2025-01-27
3045,6302,5,Memorable Journey,Food and accommodation exceeded expectations.,2025-04-03
3046,6306,5,Memorable Journey,Hotels and transportation were excellent.,2026-06-21
3047,6307,4,Amazing Experience,The trip was very well organized.,2026-08-28
3048,6312,2,Worth Every Penny,Great itinerary and good value for money.,2026-07-13
3049,6313,5,Good Experience,Food and accommodation exceeded expectations.,2026-08-25
3050,6315,4,Amazing Experience,Everything was professionally managed.,2026-07-09
3051,6317,4,Worth Every Penny,Beautiful destination and smooth experience.,2026-05-04
3052,6319,4,Highly Recommended,Great itinerary and good value for money.,2026-02-14
3053,6320,3,Great Value,Hotels and transportation were excellent.,2025-01-08
3054,6321,2,Could Be Better,The trip was very well organized.,2024-10-01
3055,6323,3,Excellent Service,Trip leader was extremely helpful.,2026-09-05
3056,6324,4,Amazing Experience,Overall a fantastic experience.,2026-08-23
3057,6325,5,Memorable Journey,Will definitely travel again with TripPulse.,2024-02-11
3058,6329,5,Great Value,Everything was professionally managed.,2026-09-16
3059,6330,5,Could Be Better,Beautiful destination and smooth experience.,2025-06-28
3060,6331,3,Great Value,Food and accommodation exceeded expectations.,2025-10-30
3061,6332,5,Memorable Journey,Beautiful destination and smooth experience.,2025-07-04
3062,6333,5,Worth Every Penny,Overall a fantastic experience.,2025-04-29
3063,6337,4,Memorable Journey,Beautiful destination and smooth experience.,2026-09-12
3064,6340,4,Highly Recommended,Food and accommodation exceeded expectations.,2026-04-26
3065,6344,4,Memorable Journey,Trip leader was extremely helpful.,2024-02-22
3066,6345,5,Memorable Journey,Great itinerary and good value for money.,2024-03-25
3067,6346,5,Great Value,Food and accommodation exceeded expectations.,2026-07-07
3068,6351,4,Could Be Better,Will definitely travel again with TripPulse.,2024-10-29
3069,6352,5,Good Experience,Overall a fantastic experience.,2026-05-26
3070,6353,1,Fantastic Trip,Overall a fantastic experience.,2026-09-13
3071,6354,5,Excellent Service,The trip was very well organized.,2024-11-22
3072,6355,4,Excellent Service,Enjoyed every moment of the journey.,2025-10-20
3073,6357,2,Great Value,The trip was very well organized.,2026-08-20
3074,6358,4,Wonderful Trip,Enjoyed every moment of the journey.,2026-07-23
3075,6359,5,Good Experience,Food and accommodation exceeded expectations.,2026-02-03
3076,6361,3,Memorable Journey,The trip was very well organized.,2023-10-20
3077,6368,5,Excellent Service,The trip was very well organized.,2023-11-10
3078,6369,4,Fantastic Trip,Beautiful destination and smooth experience.,2025-04-01
3079,6370,2,Wonderful Trip,Beautiful destination and smooth experience.,2024-06-18
3080,6371,4,Fantastic Trip,Hotels and transportation were excellent.,2023-11-22
3081,6374,5,Fantastic Trip,Trip leader was extremely helpful.,2024-04-02
3082,6376,4,Wonderful Trip,The trip was very well organized.,2025-07-18
3083,6377,5,Memorable Journey,Enjoyed every moment of the journey.,2026-04-29
3084,6379,5,Memorable Journey,Food and accommodation exceeded expectations.,2023-12-16
3085,6382,4,Fantastic Trip,Beautiful destination and smooth experience.,2026-09-12
3086,6384,5,Highly Recommended,Everything was professionally managed.,2024-03-30
3087,6385,5,Wonderful Trip,Will definitely travel again with TripPulse.,2024-03-22
3088,6387,5,Wonderful Trip,The trip was very well organized.,2026-07-02
3089,6393,5,Could Be Better,Beautiful destination and smooth experience.,2026-05-22
3090,6394,2,Worth Every Penny,Beautiful destination and smooth experience.,2024-05-19
3091,6395,5,Great Value,Food and accommodation exceeded expectations.,2025-02-20
3092,6396,4,Great Value,Hotels and transportation were excellent.,2024-07-19
3093,6400,5,Could Be Better,Great itinerary and good value for money.,2026-08-25
3094,6401,5,Excellent Service,The trip was very well organized.,2025-02-18
3095,6403,3,Excellent Service,Everything was professionally managed.,2025-06-30
3096,6409,2,Fantastic Trip,Enjoyed every moment of the journey.,2025-02-04
3097,6410,5,Excellent Service,Trip leader was extremely helpful.,2025-01-09
3098,6412,4,Fantastic Trip,Great itinerary and good value for money.,2024-03-26
3099,6415,3,Highly Recommended,Hotels and transportation were excellent.,2026-04-29
3100,6416,5,Highly Recommended,Will definitely travel again with TripPulse.,2025-11-10
3101,6421,5,Good Experience,Will definitely travel again with TripPulse.,2024-03-30
3102,6426,5,Fantastic Trip,The trip was very well organized.,2024-08-13
3103,6427,3,Fantastic Trip,Enjoyed every moment of the journey.,2025-05-12
3104,6430,5,Good Experience,Overall a fantastic experience.,2025-04-09
3105,6431,4,Amazing Experience,The trip was very well organized.,2026-08-03
3106,6434,4,Excellent Service,Overall a fantastic experience.,2025-10-28
3107,6435,3,Amazing Experience,Overall a fantastic experience.,2026-08-11
3108,6437,5,Worth Every Penny,Everything was professionally managed.,2025-12-07
3109,6438,5,Could Be Better,Great itinerary and good value for money.,2024-11-24
3110,6442,5,Wonderful Trip,Great itinerary and good value for money.,2025-12-30
3111,6444,5,Excellent Service,Enjoyed every moment of the journey.,2025-07-30
3112,6445,5,Great Value,Overall a fantastic experience.,2026-09-04
3113,6448,5,Fantastic Trip,Great itinerary and good value for money.,2025-12-08
3114,6451,4,Fantastic Trip,Everything was professionally managed.,2023-11-28
3115,6453,4,Excellent Service,Overall a fantastic experience.,2025-10-05
3116,6458,2,Memorable Journey,The trip was very well organized.,2026-09-09
3117,6459,1,Could Be Better,Will definitely travel again with TripPulse.,2025-08-06
3118,6461,5,Excellent Service,Will definitely travel again with TripPulse.,2024-09-19
3119,6463,5,Amazing Experience,The trip was very well organized.,2023-10-13
3120,6464,5,Wonderful Trip,Food and accommodation exceeded expectations.,2025-07-01
3121,6470,4,Worth Every Penny,Hotels and transportation were excellent.,2025-01-25
3122,6476,4,Memorable Journey,Enjoyed every moment of the journey.,2025-12-09
3123,6481,5,Could Be Better,Food and accommodation exceeded expectations.,2024-08-19
3124,6485,4,Could Be Better,The trip was very well organized.,2025-06-27
3125,6487,4,Excellent Service,Beautiful destination and smooth experience.,2025-03-09
3126,6495,4,Amazing Experience,Enjoyed every moment of the journey.,2024-08-20
3127,6496,3,Wonderful Trip,Hotels and transportation were excellent.,2026-05-25
3128,6497,3,Worth Every Penny,Enjoyed every moment of the journey.,2026-08-20
3129,6498,5,Amazing Experience,Food and accommodation exceeded expectations.,2025-12-15
3130,6500,5,Highly Recommended,Trip leader was extremely helpful.,2025-12-08
3131,6501,5,Worth Every Penny,The trip was very well organized.,2026-02-24
3132,6504,2,Fantastic Trip,Overall a fantastic experience.,2026-04-07
3133,6505,3,Wonderful Trip,The trip was very well organized.,2026-08-06
3134,6506,5,Fantastic Trip,Will definitely travel again with TripPulse.,2024-05-05
3135,6507,3,Highly Recommended,The trip was very well organized.,2026-04-21
3136,6508,5,Highly Recommended,Beautiful destination and smooth experience.,2025-02-19
3137,6513,3,Good Experience,Food and accommodation exceeded expectations.,2024-09-13
3138,6514,5,Good Experience,Overall a fantastic experience.,2024-11-25
3139,6515,5,Wonderful Trip,Overall a fantastic experience.,2024-06-26
3140,6522,5,Fantastic Trip,Enjoyed every moment of the journey.,2026-05-31
3141,6524,4,Could Be Better,The trip was very well organized.,2024-11-10
3142,6527,4,Great Value,Beautiful destination and smooth experience.,2025-07-04
3143,6529,5,Fantastic Trip,Everything was professionally managed.,2025-11-12
3144,6530,5,Highly Recommended,The trip was very well organized.,2024-01-17
3145,6533,5,Great Value,Food and accommodation exceeded expectations.,2024-10-09
3146,6541,3,Fantastic Trip,Hotels and transportation were excellent.,2025-10-24
3147,6543,2,Great Value,Will definitely travel again with TripPulse.,2026-05-20
3148,6544,5,Amazing Experience,Beautiful destination and smooth experience.,2024-05-18
3149,6546,5,Excellent Service,Great itinerary and good value for money.,2026-08-26
3150,6547,3,Good Experience,Great itinerary and good value for money.,2026-02-21
3151,6548,5,Highly Recommended,Will definitely travel again with TripPulse.,2026-01-31
3152,6549,4,Wonderful Trip,Everything was professionally managed.,2024-05-05
3153,6550,4,Could Be Better,Beautiful destination and smooth experience.,2025-03-09
3154,6551,4,Highly Recommended,Enjoyed every moment of the journey.,2024-09-30
3155,6553,5,Excellent Service,Hotels and transportation were excellent.,2026-08-21
3156,6554,3,Highly Recommended,The trip was very well organized.,2025-12-12
3157,6556,5,Fantastic Trip,Everything was professionally managed.,2024-10-07
3158,6559,5,Good Experience,Enjoyed every moment of the journey.,2025-01-25
3159,6560,3,Good Experience,Overall a fantastic experience.,2026-06-30
3160,6562,5,Worth Every Penny,Trip leader was extremely helpful.,2024-06-01
3161,6563,3,Good Experience,Overall a fantastic experience.,2024-11-05
3162,6565,5,Excellent Service,Enjoyed every moment of the journey.,2026-08-23
3163,6567,3,Fantastic Trip,Will definitely travel again with TripPulse.,2026-04-16
3164,6568,3,Highly Recommended,Food and accommodation exceeded expectations.,2025-05-28
3165,6570,4,Amazing Experience,Great itinerary and good value for money.,2026-01-20
3166,6573,5,Great Value,Enjoyed every moment of the journey.,2026-07-05
3167,6574,2,Great Value,Hotels and transportation were excellent.,2026-08-24
3168,6578,5,Fantastic Trip,Everything was professionally managed.,2024-01-25
3169,6579,4,Memorable Journey,Hotels and transportation were excellent.,2026-07-30
3170,6580,5,Highly Recommended,Hotels and transportation were excellent.,2026-08-02
3171,6581,4,Memorable Journey,The trip was very well organized.,2026-08-23
3172,6583,4,Excellent Service,Beautiful destination and smooth experience.,2024-03-30
3173,6585,5,Could Be Better,Beautiful destination and smooth experience.,2025-10-18
3174,6587,4,Memorable Journey,Beautiful destination and smooth experience.,2026-09-04
3175,6593,5,Worth Every Penny,Beautiful destination and smooth experience.,2024-04-01
3176,6594,4,Good Experience,Food and accommodation exceeded expectations.,2026-07-16
3177,6598,3,Worth Every Penny,Great itinerary and good value for money.,2026-03-05
3178,6599,4,Amazing Experience,Beautiful destination and smooth experience.,2026-08-25
3179,6600,5,Worth Every Penny,Will definitely travel again with TripPulse.,2024-11-22
3180,6601,3,Amazing Experience,Overall a fantastic experience.,2026-09-13
3181,6602,4,Fantastic Trip,Overall a fantastic experience.,2024-06-29
3182,6606,5,Could Be Better,Food and accommodation exceeded expectations.,2024-11-23
3183,6611,5,Great Value,Hotels and transportation were excellent.,2025-05-17
3184,6612,4,Wonderful Trip,Enjoyed every moment of the journey.,2025-03-24
3185,6617,4,Memorable Journey,Everything was professionally managed.,2026-08-13
3186,6618,3,Memorable Journey,Hotels and transportation were excellent.,2024-07-30
3187,6620,4,Amazing Experience,Will definitely travel again with TripPulse.,2024-04-25
3188,6622,3,Memorable Journey,Food and accommodation exceeded expectations.,2026-07-01
3189,6625,4,Memorable Journey,Trip leader was extremely helpful.,2025-08-19
3190,6626,5,Memorable Journey,Beautiful destination and smooth experience.,2026-06-08
3191,6628,4,Highly Recommended,Hotels and transportation were excellent.,2024-07-28
3192,6636,5,Could Be Better,Food and accommodation exceeded expectations.,2026-09-01
3193,6640,3,Memorable Journey,Food and accommodation exceeded expectations.,2024-03-29
3194,6641,4,Good Experience,Everything was professionally managed.,2024-08-25
3195,6642,5,Great Value,Great itinerary and good value for money.,2024-03-24
3196,6646,2,Wonderful Trip,Hotels and transportation were excellent.,2025-04-13
3197,6647,3,Excellent Service,Food and accommodation exceeded expectations.,2025-05-10
3198,6648,5,Highly Recommended,Everything was professionally managed.,2026-09-07
3199,6649,3,Worth Every Penny,Great itinerary and good value for money.,2024-10-30
3200,6651,4,Good Experience,Beautiful destination and smooth experience.,2024-05-26
3201,6652,5,Excellent Service,Enjoyed every moment of the journey.,2026-02-21
3202,6655,4,Worth Every Penny,Beautiful destination and smooth experience.,2026-07-08
3203,6656,3,Memorable Journey,Everything was professionally managed.,2026-08-20
3204,6658,4,Excellent Service,Great itinerary and good value for money.,2024-02-14
3205,6659,5,Could Be Better,Great itinerary and good value for money.,2024-08-08
3206,6661,5,Fantastic Trip,The trip was very well organized.,2025-04-25
3207,6664,5,Amazing Experience,Trip leader was extremely helpful.,2025-06-12
3208,6665,4,Memorable Journey,Beautiful destination and smooth experience.,2025-09-03
3209,6666,5,Wonderful Trip,Will definitely travel again with TripPulse.,2025-09-14
3210,6669,5,Worth Every Penny,Will definitely travel again with TripPulse.,2026-08-17
3211,6671,4,Excellent Service,Great itinerary and good value for money.,2026-07-18
3212,6672,4,Fantastic Trip,Trip leader was extremely helpful.,2026-08-29
3213,6674,3,Highly Recommended,Beautiful destination and smooth experience.,2025-06-29
3214,6676,5,Worth Every Penny,Hotels and transportation were excellent.,2026-02-02
3215,6677,4,Worth Every Penny,Trip leader was extremely helpful.,2025-05-01
3216,6680,5,Fantastic Trip,Enjoyed every moment of the journey.,2026-08-08
3217,6681,4,Worth Every Penny,Beautiful destination and smooth experience.,2026-02-07
3218,6682,5,Excellent Service,Will definitely travel again with TripPulse.,2025-02-01
3219,6683,4,Wonderful Trip,Beautiful destination and smooth experience.,2026-08-15
3220,6684,3,Good Experience,Food and accommodation exceeded expectations.,2026-01-15
3221,6685,4,Highly Recommended,Great itinerary and good value for money.,2026-05-03
3222,6686,4,Highly Recommended,Hotels and transportation were excellent.,2024-12-21
3223,6688,3,Memorable Journey,Overall a fantastic experience.,2024-10-28
3224,6690,5,Fantastic Trip,Trip leader was extremely helpful.,2025-01-13
3225,6698,4,Good Experience,Overall a fantastic experience.,2026-01-18
3226,6701,5,Fantastic Trip,Beautiful destination and smooth experience.,2024-01-29
3227,6702,4,Highly Recommended,Trip leader was extremely helpful.,2026-01-25
3228,6704,5,Worth Every Penny,Will definitely travel again with TripPulse.,2026-08-29
3229,6705,5,Could Be Better,Everything was professionally managed.,2026-04-25
3230,6707,2,Could Be Better,Food and accommodation exceeded expectations.,2026-09-14
3231,6708,2,Great Value,The trip was very well organized.,2026-03-24
3232,6709,5,Worth Every Penny,Great itinerary and good value for money.,2026-08-12
3233,6710,3,Good Experience,Hotels and transportation were excellent.,2025-06-02
3234,6711,5,Fantastic Trip,The trip was very well organized.,2025-03-12
3235,6713,4,Worth Every Penny,Great itinerary and good value for money.,2024-01-05
3236,6714,4,Worth Every Penny,Great itinerary and good value for money.,2024-06-01
3237,6716,3,Could Be Better,Trip leader was extremely helpful.,2024-12-28
3238,6717,3,Could Be Better,Beautiful destination and smooth experience.,2026-09-18
3239,6719,2,Excellent Service,Food and accommodation exceeded expectations.,2024-06-24
3240,6723,5,Worth Every Penny,Will definitely travel again with TripPulse.,2024-01-02
3241,6724,4,Good Experience,Will definitely travel again with TripPulse.,2026-08-27
3242,6726,3,Excellent Service,Enjoyed every moment of the journey.,2026-04-28
3243,6728,1,Great Value,Great itinerary and good value for money.,2026-09-14
3244,6729,4,Wonderful Trip,Everything was professionally managed.,2026-01-21
3245,6730,5,Highly Recommended,Beautiful destination and smooth experience.,2024-12-03
3246,6731,4,Good Experience,Overall a fantastic experience.,2024-10-01
3247,6734,4,Good Experience,Great itinerary and good value for money.,2026-06-28
3248,6735,5,Excellent Service,Great itinerary and good value for money.,2025-07-22
3249,6736,5,Excellent Service,Enjoyed every moment of the journey.,2024-10-06
3250,6738,5,Good Experience,Hotels and transportation were excellent.,2025-01-18
3251,6739,4,Fantastic Trip,Overall a fantastic experience.,2024-06-08
3252,6740,5,Great Value,Everything was professionally managed.,2026-08-14
3253,6742,3,Amazing Experience,The trip was very well organized.,2025-10-06
3254,6743,4,Memorable Journey,The trip was very well organized.,2023-10-26
3255,6745,5,Highly Recommended,Great itinerary and good value for money.,2026-08-27
3256,6749,4,Fantastic Trip,Trip leader was extremely helpful.,2026-09-14
3257,6751,5,Worth Every Penny,Great itinerary and good value for money.,2025-10-25
3258,6752,5,Highly Recommended,Great itinerary and good value for money.,2024-10-09
3259,6753,2,Memorable Journey,Everything was professionally managed.,2024-05-16
3260,6758,5,Worth Every Penny,Hotels and transportation were excellent.,2025-11-01
3261,6759,3,Wonderful Trip,Great itinerary and good value for money.,2026-05-24
3262,6761,5,Excellent Service,Food and accommodation exceeded expectations.,2026-09-13
3263,6764,4,Fantastic Trip,Everything was professionally managed.,2025-10-06
3264,6769,5,Memorable Journey,Great itinerary and good value for money.,2026-04-28
3265,6774,4,Good Experience,The trip was very well organized.,2024-05-30
3266,6776,4,Good Experience,Great itinerary and good value for money.,2026-08-22
3267,6779,3,Great Value,The trip was very well organized.,2024-12-16
3268,6780,5,Great Value,Will definitely travel again with TripPulse.,2026-08-13
3269,6782,3,Wonderful Trip,Overall a fantastic experience.,2026-01-15
3270,6784,3,Wonderful Trip,Trip leader was extremely helpful.,2026-01-28
3271,6785,3,Wonderful Trip,Beautiful destination and smooth experience.,2024-12-20
3272,6788,5,Highly Recommended,Will definitely travel again with TripPulse.,2026-08-18
3273,6789,5,Memorable Journey,Beautiful destination and smooth experience.,2025-11-28
3274,6791,5,Highly Recommended,Great itinerary and good value for money.,2024-05-08
3275,6795,4,Great Value,Beautiful destination and smooth experience.,2024-03-02
3276,6796,5,Highly Recommended,Great itinerary and good value for money.,2026-08-24
3277,6797,5,Worth Every Penny,Everything was professionally managed.,2026-02-25
3278,6798,5,Excellent Service,Hotels and transportation were excellent.,2025-09-09
3279,6799,3,Highly Recommended,Beautiful destination and smooth experience.,2025-06-14
3280,6802,5,Great Value,Will definitely travel again with TripPulse.,2026-04-18
3281,6803,5,Fantastic Trip,Will definitely travel again with TripPulse.,2025-06-08
3282,6804,4,Worth Every Penny,The trip was very well organized.,2024-10-16
3283,6805,4,Good Experience,Hotels and transportation were excellent.,2024-04-22
3284,6806,5,Worth Every Penny,Food and accommodation exceeded expectations.,2026-09-01
3285,6809,5,Great Value,Beautiful destination and smooth experience.,2026-03-18
3286,6811,3,Amazing Experience,Enjoyed every moment of the journey.,2025-06-04
3287,6812,3,Memorable Journey,Hotels and transportation were excellent.,2026-07-31
3288,6817,4,Fantastic Trip,Will definitely travel again with TripPulse.,2024-03-15
3289,6819,5,Great Value,Enjoyed every moment of the journey.,2025-04-03
3290,6821,3,Great Value,Beautiful destination and smooth experience.,2026-07-23
3291,6822,5,Worth Every Penny,The trip was very well organized.,2026-03-21
3292,6825,4,Could Be Better,Hotels and transportation were excellent.,2024-05-26
3293,6828,4,Fantastic Trip,Enjoyed every moment of the journey.,2026-07-25
3294,6839,1,Fantastic Trip,Trip leader was extremely helpful.,2026-09-18
3295,6841,4,Memorable Journey,Hotels and transportation were excellent.,2023-12-05
3296,6842,1,Good Experience,Hotels and transportation were excellent.,2026-09-08
3297,6845,2,Fantastic Trip,Great itinerary and good value for money.,2026-07-29
3298,6848,2,Wonderful Trip,Everything was professionally managed.,2026-07-13
3299,6850,3,Great Value,Overall a fantastic experience.,2026-03-17
3300,6851,4,Memorable Journey,Great itinerary and good value for money.,2025-02-07
3301,6852,3,Memorable Journey,The trip was very well organized.,2025-07-21
3302,6854,5,Amazing Experience,The trip was very well organized.,2025-04-05
3303,6855,5,Amazing Experience,Overall a fantastic experience.,2025-09-22
3304,6856,5,Good Experience,Trip leader was extremely helpful.,2026-09-14
3305,6858,5,Excellent Service,Everything was professionally managed.,2025-06-13
3306,6859,4,Excellent Service,Everything was professionally managed.,2026-06-17
3307,6860,5,Good Experience,Food and accommodation exceeded expectations.,2025-05-20
3308,6861,3,Fantastic Trip,Beautiful destination and smooth experience.,2024-12-24
3309,6862,5,Worth Every Penny,Overall a fantastic experience.,2025-11-03
3310,6867,4,Amazing Experience,Overall a fantastic experience.,2025-10-22
3311,6868,4,Could Be Better,Will definitely travel again with TripPulse.,2026-08-27
3312,6870,5,Highly Recommended,Trip leader was extremely helpful.,2025-03-02
3313,6872,5,Good Experience,Everything was professionally managed.,2025-07-06
3314,6874,5,Could Be Better,Great itinerary and good value for money.,2024-09-09
3315,6876,2,Good Experience,Great itinerary and good value for money.,2025-05-17
3316,6877,5,Excellent Service,Overall a fantastic experience.,2024-09-18
3317,6882,5,Worth Every Penny,Overall a fantastic experience.,2026-09-06
3318,6884,5,Good Experience,The trip was very well organized.,2024-12-22
3319,6887,2,Highly Recommended,The trip was very well organized.,2026-03-08
3320,6889,4,Wonderful Trip,Overall a fantastic experience.,2025-01-02
3321,6891,5,Memorable Journey,Trip leader was extremely helpful.,2026-05-04
3322,6892,5,Highly Recommended,The trip was very well organized.,2024-05-05
3323,6894,4,Highly Recommended,Food and accommodation exceeded expectations.,2025-04-04
3324,6895,4,Excellent Service,The trip was very well organized.,2024-12-11
3325,6897,1,Excellent Service,Overall a fantastic experience.,2023-11-13
3326,6901,4,Wonderful Trip,Will definitely travel again with TripPulse.,2024-03-10
3327,6902,4,Great Value,Beautiful destination and smooth experience.,2026-07-12
3328,6904,4,Wonderful Trip,Trip leader was extremely helpful.,2026-02-20
3329,6908,5,Wonderful Trip,Beautiful destination and smooth experience.,2025-07-08
3330,6911,5,Memorable Journey,Trip leader was extremely helpful.,2026-07-25
3331,6914,5,Memorable Journey,Everything was professionally managed.,2026-07-10
3332,6919,5,Fantastic Trip,Will definitely travel again with TripPulse.,2026-09-02
3333,6921,2,Worth Every Penny,Hotels and transportation were excellent.,2024-09-09
3334,6926,4,Highly Recommended,The trip was very well organized.,2024-08-14
3335,6927,2,Could Be Better,Beautiful destination and smooth experience.,2026-08-11
3336,6928,4,Memorable Journey,The trip was very well organized.,2026-01-06
3337,6929,4,Memorable Journey,Enjoyed every moment of the journey.,2025-01-25
3338,6932,5,Fantastic Trip,Trip leader was extremely helpful.,2026-03-20
3339,6933,5,Good Experience,Hotels and transportation were excellent.,2026-05-31
3340,6935,3,Fantastic Trip,Beautiful destination and smooth experience.,2026-08-27
3341,6937,4,Wonderful Trip,Great itinerary and good value for money.,2026-02-12
3342,6942,4,Excellent Service,Food and accommodation exceeded expectations.,2025-03-21
3343,6944,5,Could Be Better,Food and accommodation exceeded expectations.,2025-01-21
3344,6948,2,Excellent Service,Enjoyed every moment of the journey.,2026-06-01
3345,6950,5,Highly Recommended,Enjoyed every moment of the journey.,2026-05-26
3346,6951,5,Great Value,Enjoyed every moment of the journey.,2025-09-06
3347,6952,2,Wonderful Trip,Food and accommodation exceeded expectations.,2026-08-29
3348,6954,3,Wonderful Trip,Hotels and transportation were excellent.,2025-08-04
3349,6958,4,Wonderful Trip,Food and accommodation exceeded expectations.,2026-07-16
3350,6960,5,Amazing Experience,Hotels and transportation were excellent.,2026-08-20
3351,6962,4,Excellent Service,Hotels and transportation were excellent.,2025-11-26
3352,6963,2,Great Value,Beautiful destination and smooth experience.,2024-07-09
3353,6971,5,Good Experience,Enjoyed every moment of the journey.,2026-08-30
3354,6972,4,Excellent Service,Food and accommodation exceeded expectations.,2025-01-18
3355,6974,3,Excellent Service,Enjoyed every moment of the journey.,2026-04-28
3356,6982,3,Great Value,The trip was very well organized.,2026-09-05
3357,6986,3,Fantastic Trip,Trip leader was extremely helpful.,2025-09-18
3358,6988,4,Amazing Experience,Trip leader was extremely helpful.,2026-07-04
3359,6990,4,Memorable Journey,Will definitely travel again with TripPulse.,2026-02-25
3360,6991,4,Excellent Service,Great itinerary and good value for money.,2026-09-16
3361,6993,4,Amazing Experience,Everything was professionally managed.,2024-09-07
3362,6996,5,Excellent Service,Hotels and transportation were excellent.,2025-02-06
3363,6999,4,Good Experience,Beautiful destination and smooth experience.,2025-08-23
3364,7000,3,Highly Recommended,Everything was professionally managed.,2026-09-07
3365,7004,3,Great Value,Enjoyed every moment of the journey.,2025-08-07
3366,7005,4,Good Experience,Trip leader was extremely helpful.,2025-12-09
3367,7006,4,Great Value,Trip leader was extremely helpful.,2026-09-01
3368,7008,4,Good Experience,Will definitely travel again with TripPulse.,2024-01-09
3369,7009,5,Memorable Journey,The trip was very well organized.,2026-05-18
3370,7010,4,Fantastic Trip,Everything was professionally managed.,2025-10-19
3371,7011,4,Memorable Journey,Food and accommodation exceeded expectations.,2025-01-25
3372,7013,4,Worth Every Penny,Food and accommodation exceeded expectations.,2026-08-18
3373,7014,4,Great Value,Hotels and transportation were excellent.,2024-01-11
3374,7015,5,Excellent Service,Beautiful destination and smooth experience.,2026-08-07
3375,7021,5,Memorable Journey,Beautiful destination and smooth experience.,2024-02-26
3376,7022,5,Fantastic Trip,Beautiful destination and smooth experience.,2026-03-01
3377,7023,5,Highly Recommended,The trip was very well organized.,2026-08-27
3378,7025,5,Excellent Service,The trip was very well organized.,2026-09-03
3379,7029,5,Highly Recommended,Hotels and transportation were excellent.,2025-09-10
3380,7030,5,Wonderful Trip,Hotels and transportation were excellent.,2023-11-12
3381,7035,4,Great Value,Everything was professionally managed.,2026-09-08
3382,7038,5,Fantastic Trip,Enjoyed every moment of the journey.,2026-03-14
3383,7039,2,Great Value,Trip leader was extremely helpful.,2026-09-10
3384,7041,5,Worth Every Penny,Hotels and transportation were excellent.,2024-08-31
3385,7045,5,Good Experience,Hotels and transportation were excellent.,2025-09-26
3386,7050,3,Could Be Better,Food and accommodation exceeded expectations.,2026-06-15
3387,7052,5,Could Be Better,Great itinerary and good value for money.,2026-09-02
3388,7054,3,Good Experience,Trip leader was extremely helpful.,2026-01-04
3389,7055,5,Could Be Better,Great itinerary and good value for money.,2024-04-11
3390,7056,5,Worth Every Penny,Beautiful destination and smooth experience.,2023-12-15
3391,7059,5,Highly Recommended,Great itinerary and good value for money.,2026-08-31
3392,7062,1,Excellent Service,The trip was very well organized.,2024-04-04
3393,7064,5,Worth Every Penny,Food and accommodation exceeded expectations.,2025-11-27
3394,7065,3,Worth Every Penny,Great itinerary and good value for money.,2024-09-12
3395,7066,5,Great Value,Great itinerary and good value for money.,2026-03-27
3396,7067,5,Worth Every Penny,The trip was very well organized.,2026-02-04
3397,7068,2,Could Be Better,Great itinerary and good value for money.,2025-10-07
3398,7069,4,Fantastic Trip,Everything was professionally managed.,2026-08-10
3399,7071,3,Good Experience,Will definitely travel again with TripPulse.,2025-04-12
3400,7072,3,Wonderful Trip,Overall a fantastic experience.,2025-11-07
3401,7075,5,Worth Every Penny,Beautiful destination and smooth experience.,2026-05-03
3402,7076,5,Highly Recommended,Everything was professionally managed.,2024-06-09
3403,7077,5,Memorable Journey,Hotels and transportation were excellent.,2026-05-08
3404,7079,3,Highly Recommended,Great itinerary and good value for money.,2024-11-28
3405,7088,3,Fantastic Trip,Trip leader was extremely helpful.,2025-08-01
3406,7093,5,Highly Recommended,Everything was professionally managed.,2026-03-04
3407,7094,5,Worth Every Penny,Enjoyed every moment of the journey.,2026-06-13
3408,7097,3,Could Be Better,Overall a fantastic experience.,2025-02-17
3409,7100,5,Good Experience,Everything was professionally managed.,2023-10-21
3410,7102,4,Memorable Journey,Enjoyed every moment of the journey.,2026-09-05
3411,7104,5,Excellent Service,Will definitely travel again with TripPulse.,2025-05-06
3412,7105,4,Fantastic Trip,Will definitely travel again with TripPulse.,2025-05-22
3413,7106,5,Worth Every Penny,Overall a fantastic experience.,2025-08-30
3414,7108,5,Memorable Journey,Hotels and transportation were excellent.,2026-09-03
3415,7113,4,Could Be Better,Everything was professionally managed.,2024-05-13
3416,7114,4,Wonderful Trip,Hotels and transportation were excellent.,2025-04-14
3417,7115,5,Memorable Journey,Everything was professionally managed.,2026-09-09
3418,7116,4,Could Be Better,Trip leader was extremely helpful.,2026-07-27
3419,7120,5,Could Be Better,Everything was professionally managed.,2023-12-13
3420,7121,3,Great Value,The trip was very well organized.,2026-03-14
3421,7123,3,Good Experience,Beautiful destination and smooth experience.,2026-08-26
3422,7126,5,Memorable Journey,Trip leader was extremely helpful.,2024-08-11
3423,7128,5,Amazing Experience,Great itinerary and good value for money.,2024-11-12
3424,7130,5,Fantastic Trip,Everything was professionally managed.,2024-05-30
3425,7131,4,Amazing Experience,Overall a fantastic experience.,2026-09-14
3426,7133,4,Great Value,Trip leader was extremely helpful.,2025-02-27
3427,7134,5,Could Be Better,Hotels and transportation were excellent.,2024-08-01
3428,7136,5,Wonderful Trip,Great itinerary and good value for money.,2026-07-24
3429,7138,5,Fantastic Trip,Food and accommodation exceeded expectations.,2025-01-24
3430,7141,5,Amazing Experience,Will definitely travel again with TripPulse.,2023-12-22
3431,7142,3,Wonderful Trip,Everything was professionally managed.,2026-07-30
3432,7143,5,Excellent Service,Overall a fantastic experience.,2024-12-22
3433,7144,5,Good Experience,Overall a fantastic experience.,2025-03-08
3434,7145,5,Amazing Experience,Trip leader was extremely helpful.,2024-11-23
3435,7150,4,Highly Recommended,The trip was very well organized.,2025-02-13
3436,7151,5,Worth Every Penny,Trip leader was extremely helpful.,2026-05-17
3437,7155,5,Could Be Better,Will definitely travel again with TripPulse.,2024-08-25
3438,7156,2,Excellent Service,Trip leader was extremely helpful.,2026-07-27
3439,7158,3,Wonderful Trip,Enjoyed every moment of the journey.,2026-01-21
3440,7159,5,Wonderful Trip,Trip leader was extremely helpful.,2025-09-17
3441,7161,4,Memorable Journey,Great itinerary and good value for money.,2026-07-24
3442,7163,3,Excellent Service,Food and accommodation exceeded expectations.,2024-04-11
3443,7165,5,Worth Every Penny,Everything was professionally managed.,2026-07-20
3444,7167,2,Highly Recommended,Hotels and transportation were excellent.,2026-02-01
3445,7168,4,Wonderful Trip,Beautiful destination and smooth experience.,2024-11-21
3446,7169,5,Worth Every Penny,Enjoyed every moment of the journey.,2024-12-03
3447,7170,1,Excellent Service,Overall a fantastic experience.,2026-07-06
3448,7172,5,Good Experience,Trip leader was extremely helpful.,2026-07-13
3449,7175,4,Good Experience,Will definitely travel again with TripPulse.,2024-03-11
3450,7176,1,Great Value,Hotels and transportation were excellent.,2025-08-30
3451,7177,3,Highly Recommended,Trip leader was extremely helpful.,2024-08-28
3452,7180,4,Good Experience,Beautiful destination and smooth experience.,2024-07-27
3453,7182,5,Fantastic Trip,Beautiful destination and smooth experience.,2025-07-29
3454,7183,5,Could Be Better,Overall a fantastic experience.,2026-03-31
3455,7186,2,Memorable Journey,Will definitely travel again with TripPulse.,2025-10-22
3456,7188,4,Excellent Service,Beautiful destination and smooth experience.,2023-12-22
3457,7189,5,Fantastic Trip,Food and accommodation exceeded expectations.,2025-02-28
3458,7190,5,Wonderful Trip,Overall a fantastic experience.,2025-03-24
3459,7191,3,Highly Recommended,Hotels and transportation were excellent.,2024-08-04
3460,7193,5,Memorable Journey,The trip was very well organized.,2024-04-30
3461,7194,4,Highly Recommended,Everything was professionally managed.,2026-05-06
3462,7195,4,Excellent Service,Overall a fantastic experience.,2025-10-18
3463,7196,5,Good Experience,Everything was professionally managed.,2025-05-11
3464,7198,3,Could Be Better,Hotels and transportation were excellent.,2024-05-21
3465,7199,5,Fantastic Trip,The trip was very well organized.,2024-05-14
3466,7201,5,Excellent Service,Overall a fantastic experience.,2024-12-20
3467,7203,5,Worth Every Penny,Overall a fantastic experience.,2026-09-13
3468,7204,5,Fantastic Trip,Overall a fantastic experience.,2024-10-17
3469,7205,4,Good Experience,Great itinerary and good value for money.,2024-04-20
3470,7206,4,Highly Recommended,Trip leader was extremely helpful.,2025-05-29
3471,7209,3,Great Value,Hotels and transportation were excellent.,2025-09-12
3472,7211,5,Excellent Service,Food and accommodation exceeded expectations.,2026-04-26
3473,7213,4,Good Experience,Beautiful destination and smooth experience.,2024-12-15
3474,7217,3,Good Experience,Overall a fantastic experience.,2025-08-08
3475,7218,5,Could Be Better,Hotels and transportation were excellent.,2024-02-18
3476,7220,5,Highly Recommended,Overall a fantastic experience.,2026-08-19
3477,7223,5,Memorable Journey,Enjoyed every moment of the journey.,2026-07-15
3478,7224,4,Could Be Better,Will definitely travel again with TripPulse.,2026-06-09
3479,7226,5,Amazing Experience,Great itinerary and good value for money.,2025-05-17
3480,7227,4,Great Value,Food and accommodation exceeded expectations.,2026-08-24
3481,7228,5,Worth Every Penny,Great itinerary and good value for money.,2026-08-29
3482,7230,5,Amazing Experience,Beautiful destination and smooth experience.,2026-07-24
3483,7231,5,Could Be Better,Great itinerary and good value for money.,2025-04-05
3484,7232,4,Highly Recommended,Food and accommodation exceeded expectations.,2026-08-20
3485,7236,3,Fantastic Trip,Trip leader was extremely helpful.,2026-06-21
3486,7237,4,Good Experience,Food and accommodation exceeded expectations.,2026-08-19
3487,7244,2,Good Experience,Enjoyed every moment of the journey.,2023-12-06
3488,7246,4,Great Value,Great itinerary and good value for money.,2024-09-30
3489,7247,5,Amazing Experience,Trip leader was extremely helpful.,2026-06-28
3490,7248,4,Great Value,Overall a fantastic experience.,2025-05-06
3491,7249,5,Could Be Better,Food and accommodation exceeded expectations.,2024-09-10
3492,7251,3,Excellent Service,Beautiful destination and smooth experience.,2025-05-15
3493,7255,5,Good Experience,Enjoyed every moment of the journey.,2026-01-03
3494,7258,4,Fantastic Trip,Beautiful destination and smooth experience.,2024-02-21
3495,7260,5,Great Value,Enjoyed every moment of the journey.,2026-09-04
3496,7261,5,Fantastic Trip,Food and accommodation exceeded expectations.,2026-09-08
3497,7262,1,Amazing Experience,Will definitely travel again with TripPulse.,2024-06-27
3498,7263,5,Worth Every Penny,Overall a fantastic experience.,2026-08-23
3499,7264,5,Excellent Service,Food and accommodation exceeded expectations.,2026-06-04
3500,7266,5,Memorable Journey,Everything was professionally managed.,2024-12-03
3501,7267,5,Highly Recommended,Beautiful destination and smooth experience.,2023-10-28
3502,7269,5,Highly Recommended,Hotels and transportation were excellent.,2026-08-02
3503,7272,5,Could Be Better,Overall a fantastic experience.,2024-05-09
3504,7274,5,Worth Every Penny,Hotels and transportation were excellent.,2025-05-07
3505,7276,5,Highly Recommended,Great itinerary and good value for money.,2024-07-16
3506,7277,3,Great Value,Will definitely travel again with TripPulse.,2025-05-16
3507,7282,4,Excellent Service,Will definitely travel again with TripPulse.,2025-03-05
3508,7283,4,Worth Every Penny,Hotels and transportation were excellent.,2026-03-03
3509,7286,5,Memorable Journey,Hotels and transportation were excellent.,2026-07-28
3510,7287,5,Amazing Experience,Food and accommodation exceeded expectations.,2026-03-05
3511,7292,5,Wonderful Trip,Will definitely travel again with TripPulse.,2025-07-17
3512,7294,5,Amazing Experience,Enjoyed every moment of the journey.,2025-11-05
3513,7297,2,Excellent Service,Enjoyed every moment of the journey.,2025-09-18
3514,7302,4,Fantastic Trip,Everything was professionally managed.,2026-08-27
3515,7303,4,Worth Every Penny,Will definitely travel again with TripPulse.,2024-08-20
3516,7304,5,Excellent Service,Food and accommodation exceeded expectations.,2024-12-28
3517,7305,4,Worth Every Penny,Beautiful destination and smooth experience.,2026-01-22
3518,7306,4,Wonderful Trip,Beautiful destination and smooth experience.,2026-08-15
3519,7310,5,Excellent Service,Will definitely travel again with TripPulse.,2026-08-24
3520,7311,3,Fantastic Trip,Will definitely travel again with TripPulse.,2024-12-10
3521,7312,2,Good Experience,Will definitely travel again with TripPulse.,2025-11-17
3522,7314,5,Great Value,Everything was professionally managed.,2025-02-26
3523,7315,5,Fantastic Trip,The trip was very well organized.,2024-02-09
3524,7320,5,Memorable Journey,Enjoyed every moment of the journey.,2024-12-28
3525,7321,3,Great Value,Enjoyed every moment of the journey.,2026-07-22
3526,7322,4,Excellent Service,Will definitely travel again with TripPulse.,2026-08-31
3527,7325,5,Amazing Experience,Great itinerary and good value for money.,2024-06-08
3528,7328,3,Worth Every Penny,Hotels and transportation were excellent.,2026-02-19
3529,7329,5,Excellent Service,Great itinerary and good value for money.,2026-01-31
3530,7331,4,Excellent Service,Enjoyed every moment of the journey.,2026-08-16
3531,7334,5,Memorable Journey,Will definitely travel again with TripPulse.,2024-03-12
3532,7338,5,Fantastic Trip,Food and accommodation exceeded expectations.,2026-08-22
3533,7339,5,Wonderful Trip,Great itinerary and good value for money.,2026-08-06
3534,7340,4,Good Experience,Trip leader was extremely helpful.,2024-12-07
3535,7342,4,Highly Recommended,Everything was professionally managed.,2023-11-27
3536,7343,5,Could Be Better,Hotels and transportation were excellent.,2026-08-28
3537,7345,3,Great Value,Food and accommodation exceeded expectations.,2023-10-29
3538,7349,5,Wonderful Trip,Trip leader was extremely helpful.,2026-07-16
3539,7352,5,Good Experience,Trip leader was extremely helpful.,2026-01-27
3540,7355,4,Great Value,Everything was professionally managed.,2024-04-10
3541,7356,5,Memorable Journey,Beautiful destination and smooth experience.,2026-08-28
3542,7357,4,Wonderful Trip,The trip was very well organized.,2026-09-10
3543,7358,4,Excellent Service,Enjoyed every moment of the journey.,2024-04-18
3544,7359,3,Fantastic Trip,Overall a fantastic experience.,2025-11-21
3545,7360,4,Great Value,Beautiful destination and smooth experience.,2024-06-30
3546,7361,5,Worth Every Penny,Enjoyed every moment of the journey.,2026-01-17
3547,7362,5,Memorable Journey,Trip leader was extremely helpful.,2025-04-08
3548,7364,5,Could Be Better,Everything was professionally managed.,2026-07-26
3549,7366,5,Amazing Experience,Overall a fantastic experience.,2024-08-19
3550,7367,5,Amazing Experience,Everything was professionally managed.,2024-01-16
3551,7369,5,Good Experience,Beautiful destination and smooth experience.,2024-08-26
3552,7375,5,Amazing Experience,Overall a fantastic experience.,2025-05-20
3553,7376,3,Highly Recommended,Trip leader was extremely helpful.,2026-08-14
3554,7377,5,Fantastic Trip,Hotels and transportation were excellent.,2024-02-28
3555,7380,4,Fantastic Trip,Hotels and transportation were excellent.,2025-08-30
3556,7383,5,Great Value,The trip was very well organized.,2024-02-01
3557,7386,4,Good Experience,Enjoyed every moment of the journey.,2026-02-04
3558,7387,5,Could Be Better,Overall a fantastic experience.,2026-09-05
3559,7388,5,Good Experience,Hotels and transportation were excellent.,2025-02-26
3560,7395,5,Could Be Better,Great itinerary and good value for money.,2025-04-23
3561,7396,3,Wonderful Trip,The trip was very well organized.,2025-07-10
3562,7398,5,Good Experience,Trip leader was extremely helpful.,2026-08-19
3563,7399,5,Wonderful Trip,Overall a fantastic experience.,2024-08-11
3564,7408,5,Wonderful Trip,Food and accommodation exceeded expectations.,2025-11-25
3565,7410,5,Good Experience,The trip was very well organized.,2025-09-16
3566,7413,4,Worth Every Penny,Trip leader was extremely helpful.,2023-10-12
3567,7415,5,Excellent Service,Will definitely travel again with TripPulse.,2026-01-18
3568,7416,3,Highly Recommended,Everything was professionally managed.,2023-12-29
3569,7420,2,Memorable Journey,Everything was professionally managed.,2024-12-24
3570,7422,5,Wonderful Trip,Hotels and transportation were excellent.,2025-11-27
3571,7424,1,Fantastic Trip,Beautiful destination and smooth experience.,2024-08-05
3572,7431,1,Great Value,The trip was very well organized.,2025-08-28
3573,7442,2,Memorable Journey,Overall a fantastic experience.,2025-07-22
3574,7444,5,Amazing Experience,Great itinerary and good value for money.,2025-10-01
3575,7447,2,Great Value,Beautiful destination and smooth experience.,2026-01-05
3576,7449,3,Highly Recommended,Will definitely travel again with TripPulse.,2026-03-02
3577,7451,4,Excellent Service,Everything was professionally managed.,2024-05-16
3578,7453,5,Good Experience,Food and accommodation exceeded expectations.,2025-12-11
3579,7454,4,Memorable Journey,Will definitely travel again with TripPulse.,2026-04-06
3580,7455,5,Amazing Experience,Trip leader was extremely helpful.,2026-09-09
3581,7458,5,Amazing Experience,Enjoyed every moment of the journey.,2026-08-10
3582,7459,2,Highly Recommended,Trip leader was extremely helpful.,2024-03-06
3583,7461,5,Excellent Service,Trip leader was extremely helpful.,2026-08-29
3584,7462,4,Fantastic Trip,Will definitely travel again with TripPulse.,2026-04-19
3585,7464,5,Highly Recommended,Hotels and transportation were excellent.,2024-08-26
3586,7465,4,Could Be Better,The trip was very well organized.,2024-07-15
3587,7466,3,Excellent Service,Trip leader was extremely helpful.,2025-10-04
3588,7467,4,Could Be Better,Hotels and transportation were excellent.,2025-04-12
3589,7470,4,Highly Recommended,Hotels and transportation were excellent.,2025-04-07
3590,7473,3,Wonderful Trip,The trip was very well organized.,2026-08-14
3591,7475,5,Good Experience,Enjoyed every moment of the journey.,2025-09-22
3592,7476,5,Worth Every Penny,Enjoyed every moment of the journey.,2026-09-17
3593,7477,3,Amazing Experience,Great itinerary and good value for money.,2025-03-18
3594,7479,5,Wonderful Trip,The trip was very well organized.,2023-11-29
3595,7481,4,Memorable Journey,Overall a fantastic experience.,2025-11-13
3596,7483,5,Wonderful Trip,Will definitely travel again with TripPulse.,2025-03-08
3597,7484,3,Worth Every Penny,Hotels and transportation were excellent.,2024-06-05
3598,7485,4,Good Experience,Trip leader was extremely helpful.,2026-07-14
3599,7487,5,Amazing Experience,Enjoyed every moment of the journey.,2026-08-24
3600,7488,4,Excellent Service,Everything was professionally managed.,2026-08-31
3601,7489,5,Worth Every Penny,Great itinerary and good value for money.,2025-03-29
3602,7490,5,Excellent Service,Beautiful destination and smooth experience.,2025-07-21
3603,7491,5,Good Experience,The trip was very well organized.,2023-12-30
3604,7495,5,Could Be Better,Everything was professionally managed.,2024-04-23
3605,7498,3,Good Experience,Will definitely travel again with TripPulse.,2024-01-30
3606,7500,5,Highly Recommended,Great itinerary and good value for money.,2024-09-12
3607,7503,2,Excellent Service,Will definitely travel again with TripPulse.,2025-05-09
3608,7504,4,Great Value,Hotels and transportation were excellent.,2026-07-29
3609,7505,5,Highly Recommended,Beautiful destination and smooth experience.,2024-01-09
3610,7506,4,Excellent Service,Overall a fantastic experience.,2026-06-19
3611,7508,3,Good Experience,Food and accommodation exceeded expectations.,2024-05-08
3612,7509,4,Wonderful Trip,Beautiful destination and smooth experience.,2023-10-18
3613,7510,5,Highly Recommended,Everything was professionally managed.,2023-10-22
3614,7512,2,Worth Every Penny,Food and accommodation exceeded expectations.,2026-09-14
3615,7514,5,Great Value,Great itinerary and good value for money.,2024-10-16
3616,7516,4,Worth Every Penny,Hotels and transportation were excellent.,2024-02-10
3617,7519,2,Wonderful Trip,Everything was professionally managed.,2026-04-24
3618,7521,2,Great Value,Overall a fantastic experience.,2025-08-06
3619,7522,2,Great Value,Everything was professionally managed.,2025-01-19
3620,7523,5,Amazing Experience,The trip was very well organized.,2026-09-14
3621,7524,3,Could Be Better,Hotels and transportation were excellent.,2026-05-27
3622,7527,5,Highly Recommended,Enjoyed every moment of the journey.,2024-06-12
3623,7528,1,Highly Recommended,Trip leader was extremely helpful.,2025-04-12
3624,7530,5,Amazing Experience,Will definitely travel again with TripPulse.,2024-06-15
3625,7532,5,Excellent Service,The trip was very well organized.,2024-01-09
3626,7533,4,Great Value,Trip leader was extremely helpful.,2026-09-01
3627,7534,3,Excellent Service,The trip was very well organized.,2025-01-23
3628,7535,4,Amazing Experience,Overall a fantastic experience.,2026-06-23
3629,7536,4,Amazing Experience,Food and accommodation exceeded expectations.,2025-10-01
3630,7537,5,Great Value,Hotels and transportation were excellent.,2026-08-24
3631,7538,4,Great Value,The trip was very well organized.,2026-06-24
3632,7542,5,Wonderful Trip,Beautiful destination and smooth experience.,2026-01-23
3633,7543,4,Highly Recommended,Great itinerary and good value for money.,2024-11-17
3634,7544,5,Great Value,Everything was professionally managed.,2024-10-15
3635,7545,4,Amazing Experience,Everything was professionally managed.,2026-08-01
3636,7547,5,Good Experience,Hotels and transportation were excellent.,2024-01-30
3637,7548,5,Highly Recommended,The trip was very well organized.,2024-08-18
3638,7549,2,Excellent Service,Great itinerary and good value for money.,2025-12-07
3639,7550,5,Highly Recommended,Trip leader was extremely helpful.,2026-07-17
3640,7553,5,Could Be Better,Overall a fantastic experience.,2024-05-20
3641,7556,5,Wonderful Trip,Everything was professionally managed.,2025-08-12
3642,7559,4,Memorable Journey,Food and accommodation exceeded expectations.,2025-09-04
3643,7560,5,Excellent Service,Beautiful destination and smooth experience.,2024-09-10
3644,7561,5,Excellent Service,Hotels and transportation were excellent.,2026-08-06
3645,7564,2,Worth Every Penny,Everything was professionally managed.,2026-03-22
3646,7566,3,Could Be Better,Great itinerary and good value for money.,2025-03-26
3647,7567,4,Fantastic Trip,Trip leader was extremely helpful.,2024-12-28
3648,7570,4,Fantastic Trip,Trip leader was extremely helpful.,2024-07-20
3649,7571,5,Could Be Better,Enjoyed every moment of the journey.,2026-07-31
3650,7575,3,Worth Every Penny,Great itinerary and good value for money.,2026-04-15
3651,7576,2,Memorable Journey,Hotels and transportation were excellent.,2024-11-06
3652,7577,5,Highly Recommended,Will definitely travel again with TripPulse.,2025-08-21
3653,7578,4,Good Experience,Will definitely travel again with TripPulse.,2023-10-28
3654,7580,4,Fantastic Trip,Hotels and transportation were excellent.,2024-11-21
3655,7588,5,Highly Recommended,Overall a fantastic experience.,2025-10-27
3656,7589,3,Good Experience,Enjoyed every moment of the journey.,2026-04-27
3657,7590,3,Fantastic Trip,Beautiful destination and smooth experience.,2024-07-01
3658,7591,5,Good Experience,Beautiful destination and smooth experience.,2026-08-14
3659,7595,2,Good Experience,Everything was professionally managed.,2026-08-01
3660,7597,5,Memorable Journey,Food and accommodation exceeded expectations.,2024-06-26
3661,7598,5,Memorable Journey,The trip was very well organized.,2026-09-03
3662,7599,1,Highly Recommended,Everything was professionally managed.,2026-07-14
3663,7604,5,Great Value,Hotels and transportation were excellent.,2024-06-16
3664,7606,2,Could Be Better,Everything was professionally managed.,2024-06-22
3665,7607,3,Amazing Experience,Great itinerary and good value for money.,2026-02-24
3666,7608,5,Excellent Service,Great itinerary and good value for money.,2026-08-30
3667,7609,5,Excellent Service,Food and accommodation exceeded expectations.,2026-03-03
3668,7612,5,Fantastic Trip,The trip was very well organized.,2023-12-30
3669,7613,5,Fantastic Trip,Beautiful destination and smooth experience.,2026-07-12
3670,7616,2,Worth Every Penny,Will definitely travel again with TripPulse.,2025-03-09
3671,7617,4,Memorable Journey,Hotels and transportation were excellent.,2025-10-22
3672,7618,5,Excellent Service,Everything was professionally managed.,2026-07-14
3673,7621,5,Highly Recommended,Will definitely travel again with TripPulse.,2024-05-30
3674,7624,4,Fantastic Trip,The trip was very well organized.,2024-12-06
3675,7625,5,Amazing Experience,Food and accommodation exceeded expectations.,2025-12-10
3676,7627,3,Highly Recommended,Everything was professionally managed.,2026-08-10
3677,7628,3,Good Experience,Beautiful destination and smooth experience.,2026-05-30
3678,7629,5,Highly Recommended,Will definitely travel again with TripPulse.,2024-01-13
3679,7630,5,Memorable Journey,Beautiful destination and smooth experience.,2026-07-25
3680,7633,2,Fantastic Trip,Hotels and transportation were excellent.,2026-07-19
3681,7634,4,Memorable Journey,Will definitely travel again with TripPulse.,2026-08-24
3682,7637,5,Wonderful Trip,Enjoyed every moment of the journey.,2024-06-14
3683,7638,5,Memorable Journey,Great itinerary and good value for money.,2026-06-17
3684,7639,3,Worth Every Penny,Overall a fantastic experience.,2026-04-30
3685,7640,4,Memorable Journey,The trip was very well organized.,2024-12-21
3686,7642,4,Memorable Journey,Will definitely travel again with TripPulse.,2025-07-17
3687,7644,5,Worth Every Penny,Trip leader was extremely helpful.,2024-10-06
3688,7645,4,Great Value,Overall a fantastic experience.,2024-10-18
3689,7646,5,Highly Recommended,Enjoyed every moment of the journey.,2026-07-27
3690,7647,5,Great Value,Overall a fantastic experience.,2025-02-20
3691,7650,5,Great Value,Overall a fantastic experience.,2025-05-22
3692,7657,5,Great Value,Food and accommodation exceeded expectations.,2023-12-19
3693,7659,5,Great Value,Hotels and transportation were excellent.,2024-07-22
3694,7661,5,Highly Recommended,Hotels and transportation were excellent.,2024-06-05
3695,7662,5,Excellent Service,Overall a fantastic experience.,2024-03-19
3696,7665,4,Good Experience,Beautiful destination and smooth experience.,2024-05-31
3697,7666,5,Highly Recommended,Everything was professionally managed.,2025-06-25
3698,7667,4,Memorable Journey,Everything was professionally managed.,2025-10-26
3699,7670,1,Worth Every Penny,Hotels and transportation were excellent.,2026-07-07
3700,7674,5,Highly Recommended,Trip leader was extremely helpful.,2024-01-12
3701,7677,5,Fantastic Trip,Everything was professionally managed.,2023-12-30
3702,7678,4,Memorable Journey,Beautiful destination and smooth experience.,2025-05-16
3703,7682,5,Wonderful Trip,Great itinerary and good value for money.,2026-07-31
3704,7684,2,Fantastic Trip,Overall a fantastic experience.,2024-01-12
3705,7685,3,Worth Every Penny,Overall a fantastic experience.,2025-02-14
3706,7687,5,Excellent Service,Food and accommodation exceeded expectations.,2024-09-19
3707,7692,3,Fantastic Trip,Great itinerary and good value for money.,2024-11-02
3708,7693,3,Amazing Experience,Everything was professionally managed.,2026-09-09
3709,7697,5,Worth Every Penny,Overall a fantastic experience.,2024-03-26
3710,7698,4,Good Experience,Great itinerary and good value for money.,2025-09-07
3711,7699,5,Wonderful Trip,Everything was professionally managed.,2024-05-05
3712,7702,4,Fantastic Trip,The trip was very well organized.,2026-08-10
3713,7703,3,Amazing Experience,Enjoyed every moment of the journey.,2026-07-11
3714,7710,4,Memorable Journey,Everything was professionally managed.,2026-08-25
3715,7712,4,Highly Recommended,Everything was professionally managed.,2024-10-15
3716,7713,5,Worth Every Penny,Everything was professionally managed.,2025-04-22
3717,7715,5,Could Be Better,Enjoyed every moment of the journey.,2024-09-29
3718,7717,5,Highly Recommended,Beautiful destination and smooth experience.,2025-11-07
3719,7720,5,Fantastic Trip,Food and accommodation exceeded expectations.,2026-04-21
3720,7721,5,Excellent Service,The trip was very well organized.,2024-09-13
3721,7722,4,Memorable Journey,Will definitely travel again with TripPulse.,2025-06-19
3722,7724,5,Good Experience,Overall a fantastic experience.,2023-11-14
3723,7725,4,Amazing Experience,Enjoyed every moment of the journey.,2024-03-16
3724,7728,5,Wonderful Trip,Food and accommodation exceeded expectations.,2025-11-14
3725,7731,3,Good Experience,Enjoyed every moment of the journey.,2025-02-18
3726,7733,5,Memorable Journey,Trip leader was extremely helpful.,2025-05-31
3727,7734,5,Great Value,The trip was very well organized.,2024-10-22
3728,7735,5,Could Be Better,Hotels and transportation were excellent.,2024-04-11
3729,7737,5,Good Experience,Enjoyed every moment of the journey.,2025-02-14
3730,7738,5,Good Experience,Trip leader was extremely helpful.,2024-08-02
3731,7741,4,Fantastic Trip,Hotels and transportation were excellent.,2024-08-04
3732,7743,3,Highly Recommended,Beautiful destination and smooth experience.,2026-01-28
3733,7744,3,Good Experience,Beautiful destination and smooth experience.,2026-05-22
3734,7746,5,Amazing Experience,The trip was very well organized.,2025-10-21
3735,7750,4,Fantastic Trip,Will definitely travel again with TripPulse.,2025-02-23
3736,7751,5,Could Be Better,Great itinerary and good value for money.,2025-08-27
3737,7752,5,Great Value,Great itinerary and good value for money.,2026-01-18
3738,7755,5,Memorable Journey,Trip leader was extremely helpful.,2024-03-13
3739,7756,4,Highly Recommended,Enjoyed every moment of the journey.,2025-05-08
3740,7761,3,Could Be Better,The trip was very well organized.,2024-03-11
3741,7762,5,Excellent Service,Everything was professionally managed.,2025-01-30
3742,7764,4,Good Experience,Everything was professionally managed.,2023-12-06
3743,7765,1,Fantastic Trip,Will definitely travel again with TripPulse.,2024-07-09
3744,7766,5,Memorable Journey,Will definitely travel again with TripPulse.,2026-05-03
3745,7770,5,Fantastic Trip,Hotels and transportation were excellent.,2025-01-24
3746,7771,4,Fantastic Trip,Enjoyed every moment of the journey.,2025-03-25
3747,7775,3,Worth Every Penny,Everything was professionally managed.,2025-01-20
3748,7777,5,Amazing Experience,Trip leader was extremely helpful.,2026-07-01
3749,7779,5,Wonderful Trip,Will definitely travel again with TripPulse.,2025-04-01
3750,7783,5,Worth Every Penny,The trip was very well organized.,2024-02-27
3751,7784,3,Great Value,The trip was very well organized.,2026-05-11
3752,7785,4,Highly Recommended,The trip was very well organized.,2024-01-18
3753,7787,5,Good Experience,The trip was very well organized.,2025-02-03
3754,7790,1,Great Value,Overall a fantastic experience.,2026-01-22
3755,7791,5,Excellent Service,Great itinerary and good value for money.,2026-08-09
3756,7798,4,Amazing Experience,Hotels and transportation were excellent.,2024-12-04
3757,7799,4,Memorable Journey,Overall a fantastic experience.,2024-10-27
3758,7801,1,Worth Every Penny,Overall a fantastic experience.,2024-11-12
3759,7802,4,Excellent Service,The trip was very well organized.,2026-04-09
3760,7806,4,Excellent Service,Overall a fantastic experience.,2024-10-16
3761,7807,5,Good Experience,Beautiful destination and smooth experience.,2026-09-07
3762,7810,4,Amazing Experience,Hotels and transportation were excellent.,2023-12-09
3763,7811,4,Highly Recommended,Great itinerary and good value for money.,2025-04-16
3764,7814,5,Fantastic Trip,Hotels and transportation were excellent.,2026-05-04
3765,7820,4,Great Value,Food and accommodation exceeded expectations.,2024-08-16
3766,7823,5,Could Be Better,Will definitely travel again with TripPulse.,2024-09-02
3767,7825,1,Good Experience,Food and accommodation exceeded expectations.,2024-07-11
3768,7826,2,Wonderful Trip,Enjoyed every moment of the journey.,2024-06-21
3769,7827,5,Excellent Service,Will definitely travel again with TripPulse.,2024-11-03
3770,7828,5,Amazing Experience,Overall a fantastic experience.,2024-09-17
3771,7829,4,Could Be Better,Trip leader was extremely helpful.,2026-08-12
3772,7830,5,Fantastic Trip,Enjoyed every moment of the journey.,2025-04-27
3773,7832,4,Could Be Better,Food and accommodation exceeded expectations.,2023-10-07
3774,7833,5,Great Value,Food and accommodation exceeded expectations.,2024-07-16
3775,7834,5,Fantastic Trip,Trip leader was extremely helpful.,2025-04-06
3776,7836,5,Memorable Journey,Will definitely travel again with TripPulse.,2026-09-18
3777,7837,5,Memorable Journey,Beautiful destination and smooth experience.,2026-01-27
3778,7839,5,Great Value,Enjoyed every moment of the journey.,2026-09-19
3779,7840,3,Memorable Journey,Everything was professionally managed.,2026-05-09
3780,7841,1,Worth Every Penny,Food and accommodation exceeded expectations.,2024-01-19
3781,7843,5,Great Value,The trip was very well organized.,2023-11-04
3782,7845,1,Wonderful Trip,Enjoyed every moment of the journey.,2024-06-25
3783,7847,5,Wonderful Trip,Trip leader was extremely helpful.,2023-10-24
3784,7852,4,Wonderful Trip,Great itinerary and good value for money.,2024-06-14
3785,7853,5,Fantastic Trip,Great itinerary and good value for money.,2026-09-03
3786,7855,3,Amazing Experience,The trip was very well organized.,2024-08-25
3787,7856,4,Fantastic Trip,Beautiful destination and smooth experience.,2025-09-04
3788,7857,5,Could Be Better,The trip was very well organized.,2025-08-16
3789,7858,4,Fantastic Trip,The trip was very well organized.,2024-06-26
3790,7860,5,Worth Every Penny,Everything was professionally managed.,2025-03-27
3791,7861,2,Good Experience,Hotels and transportation were excellent.,2026-01-23
3792,7862,4,Worth Every Penny,Food and accommodation exceeded expectations.,2026-09-02
3793,7865,5,Worth Every Penny,Great itinerary and good value for money.,2025-01-05
3794,7866,5,Great Value,Overall a fantastic experience.,2024-12-05
3795,7869,5,Fantastic Trip,Great itinerary and good value for money.,2026-08-31
3796,7870,4,Worth Every Penny,Will definitely travel again with TripPulse.,2026-08-16
3797,7872,5,Wonderful Trip,Will definitely travel again with TripPulse.,2025-07-18
3798,7873,4,Fantastic Trip,Trip leader was extremely helpful.,2026-07-11
3799,7874,5,Could Be Better,Overall a fantastic experience.,2026-05-21
3800,7875,5,Good Experience,Great itinerary and good value for money.,2024-11-21
3801,7876,5,Great Value,Hotels and transportation were excellent.,2026-09-11
3802,7891,4,Fantastic Trip,Food and accommodation exceeded expectations.,2024-03-19
3803,7894,5,Great Value,Overall a fantastic experience.,2025-02-16
3804,7895,5,Good Experience,Great itinerary and good value for money.,2026-08-13
3805,7896,5,Excellent Service,Trip leader was extremely helpful.,2025-09-01
3806,7899,4,Worth Every Penny,Great itinerary and good value for money.,2025-10-16
3807,7902,5,Worth Every Penny,Trip leader was extremely helpful.,2026-08-10
3808,7909,5,Memorable Journey,Enjoyed every moment of the journey.,2025-10-27
3809,7910,5,Fantastic Trip,Overall a fantastic experience.,2025-11-27
3810,7911,5,Memorable Journey,Hotels and transportation were excellent.,2026-07-19
3811,7913,5,Good Experience,Trip leader was extremely helpful.,2026-07-29
3812,7914,2,Wonderful Trip,Food and accommodation exceeded expectations.,2026-07-30
3813,7915,2,Fantastic Trip,The trip was very well organized.,2024-07-10
3814,7916,4,Fantastic Trip,Everything was professionally managed.,2025-11-27
3815,7919,2,Amazing Experience,Will definitely travel again with TripPulse.,2024-10-26
3816,7920,3,Memorable Journey,Trip leader was extremely helpful.,2026-01-17
3817,7922,5,Good Experience,Enjoyed every moment of the journey.,2026-09-01
3818,7923,4,Amazing Experience,Beautiful destination and smooth experience.,2024-07-05
3819,7925,3,Fantastic Trip,Everything was professionally managed.,2026-05-31
3820,7926,5,Fantastic Trip,The trip was very well organized.,2026-07-29
3821,7929,1,Highly Recommended,Overall a fantastic experience.,2025-09-19
3822,7933,4,Good Experience,Trip leader was extremely helpful.,2025-08-26
3823,7935,2,Memorable Journey,The trip was very well organized.,2026-09-17
3824,7938,2,Memorable Journey,Great itinerary and good value for money.,2024-05-18
3825,7943,4,Great Value,Food and accommodation exceeded expectations.,2025-10-12
3826,7948,4,Could Be Better,Great itinerary and good value for money.,2024-09-28
3827,7953,4,Wonderful Trip,Trip leader was extremely helpful.,2026-02-18
3828,7954,3,Fantastic Trip,Trip leader was extremely helpful.,2024-06-14
3829,7955,4,Could Be Better,Great itinerary and good value for money.,2025-10-01
3830,7956,3,Good Experience,Trip leader was extremely helpful.,2025-12-18
3831,7957,4,Memorable Journey,Great itinerary and good value for money.,2024-08-03
3832,7960,3,Fantastic Trip,Hotels and transportation were excellent.,2026-08-25
3833,7962,5,Excellent Service,Hotels and transportation were excellent.,2025-10-04
3834,7963,5,Fantastic Trip,Trip leader was extremely helpful.,2024-03-02
3835,7966,5,Wonderful Trip,Overall a fantastic experience.,2024-02-01
3836,7967,4,Memorable Journey,Will definitely travel again with TripPulse.,2024-03-18
3837,7972,5,Fantastic Trip,Great itinerary and good value for money.,2025-11-30
3838,7973,5,Excellent Service,Food and accommodation exceeded expectations.,2024-01-10
3839,7974,4,Fantastic Trip,Great itinerary and good value for money.,2026-09-10
3840,7975,3,Memorable Journey,Beautiful destination and smooth experience.,2025-11-06
3841,7978,5,Wonderful Trip,Trip leader was extremely helpful.,2026-08-06
3842,7984,3,Great Value,The trip was very well organized.,2024-11-06
3843,7985,3,Great Value,The trip was very well organized.,2024-10-24
3844,7989,5,Great Value,The trip was very well organized.,2024-10-18
3845,7991,4,Great Value,Will definitely travel again with TripPulse.,2024-04-01
3846,7993,4,Fantastic Trip,Everything was professionally managed.,2026-08-17
3847,7994,5,Highly Recommended,Everything was professionally managed.,2024-03-06
3848,7995,2,Fantastic Trip,Overall a fantastic experience.,2024-04-18
3849,7999,3,Wonderful Trip,Everything was professionally managed.,2025-02-22
3850,8000,5,Highly Recommended,Beautiful destination and smooth experience.,2026-09-10
3851,8001,4,Good Experience,Beautiful destination and smooth experience.,2024-01-27
3852,8002,4,Could Be Better,Beautiful destination and smooth experience.,2026-05-05
3853,8004,5,Wonderful Trip,Will definitely travel again with TripPulse.,2024-11-27
3854,8005,3,Worth Every Penny,The trip was very well organized.,2023-11-21
3855,8006,3,Highly Recommended,Will definitely travel again with TripPulse.,2026-01-12
3856,8008,2,Fantastic Trip,Everything was professionally managed.,2026-09-04
3857,8009,4,Highly Recommended,Will definitely travel again with TripPulse.,2025-08-27
3858,8014,5,Excellent Service,Great itinerary and good value for money.,2026-09-09
3859,8017,4,Could Be Better,Great itinerary and good value for money.,2024-11-08
3860,8018,4,Could Be Better,Beautiful destination and smooth experience.,2024-04-05
3861,8022,4,Good Experience,Hotels and transportation were excellent.,2025-04-27
3862,8023,5,Excellent Service,Beautiful destination and smooth experience.,2026-08-17
3863,8025,2,Excellent Service,Great itinerary and good value for money.,2024-07-06
3864,8028,5,Amazing Experience,Beautiful destination and smooth experience.,2024-04-06
3865,8029,5,Memorable Journey,Enjoyed every moment of the journey.,2023-10-19
3866,8031,5,Worth Every Penny,Food and accommodation exceeded expectations.,2025-08-11
3867,8033,3,Excellent Service,Everything was professionally managed.,2026-01-10
3868,8034,5,Memorable Journey,Beautiful destination and smooth experience.,2026-05-01
3869,8036,5,Excellent Service,Enjoyed every moment of the journey.,2024-12-07
3870,8037,5,Could Be Better,Enjoyed every moment of the journey.,2026-09-17
3871,8039,5,Good Experience,Hotels and transportation were excellent.,2025-03-12
3872,8040,5,Highly Recommended,Will definitely travel again with TripPulse.,2026-02-12
3873,8043,5,Good Experience,Everything was professionally managed.,2026-08-27
3874,8044,5,Amazing Experience,Enjoyed every moment of the journey.,2026-08-18
3875,8048,5,Could Be Better,Overall a fantastic experience.,2025-12-29
3876,8050,5,Could Be Better,Great itinerary and good value for money.,2026-09-15
3877,8053,4,Good Experience,Hotels and transportation were excellent.,2025-06-24
3878,8054,5,Good Experience,The trip was very well organized.,2026-05-12
3879,8055,5,Excellent Service,Beautiful destination and smooth experience.,2024-02-18
3880,8056,4,Highly Recommended,Overall a fantastic experience.,2025-04-16
3881,8057,4,Worth Every Penny,Everything was professionally managed.,2025-02-27
3882,8059,3,Wonderful Trip,Great itinerary and good value for money.,2026-08-31
3883,8061,5,Excellent Service,The trip was very well organized.,2026-08-25
3884,8063,3,Memorable Journey,Overall a fantastic experience.,2026-07-05
3885,8066,5,Fantastic Trip,Everything was professionally managed.,2024-11-11
3886,8067,4,Worth Every Penny,Will definitely travel again with TripPulse.,2024-03-20
3887,8070,3,Highly Recommended,Beautiful destination and smooth experience.,2026-08-20
3888,8071,4,Good Experience,Trip leader was extremely helpful.,2024-09-20
3889,8074,5,Memorable Journey,Overall a fantastic experience.,2024-07-28
3890,8078,5,Good Experience,Enjoyed every moment of the journey.,2025-07-20
3891,8081,4,Memorable Journey,Hotels and transportation were excellent.,2026-01-11
3892,8083,3,Highly Recommended,Everything was professionally managed.,2024-03-27
3893,8084,4,Amazing Experience,Food and accommodation exceeded expectations.,2024-08-01
3894,8085,5,Highly Recommended,The trip was very well organized.,2026-08-24
3895,8086,5,Fantastic Trip,Everything was professionally managed.,2024-09-08
3896,8090,4,Wonderful Trip,Everything was professionally managed.,2025-08-23
3897,8092,5,Wonderful Trip,Great itinerary and good value for money.,2025-04-20
3898,8093,5,Wonderful Trip,Overall a fantastic experience.,2024-06-17
3899,8094,4,Amazing Experience,Everything was professionally managed.,2024-08-20
3900,8095,4,Great Value,Beautiful destination and smooth experience.,2026-02-04
3901,8097,5,Amazing Experience,Food and accommodation exceeded expectations.,2024-07-01
3902,8099,5,Memorable Journey,Hotels and transportation were excellent.,2026-08-07
3903,8100,3,Great Value,Overall a fantastic experience.,2024-08-28
3904,8101,5,Excellent Service,Hotels and transportation were excellent.,2026-09-03
3905,8102,5,Good Experience,Trip leader was extremely helpful.,2026-07-28
3906,8105,5,Memorable Journey,Overall a fantastic experience.,2026-04-02
3907,8107,5,Worth Every Penny,Beautiful destination and smooth experience.,2025-10-31
3908,8108,5,Could Be Better,Hotels and transportation were excellent.,2026-09-18
3909,8109,5,Amazing Experience,Everything was professionally managed.,2026-07-22
3910,8111,5,Excellent Service,Enjoyed every moment of the journey.,2025-08-30
3911,8114,4,Memorable Journey,Enjoyed every moment of the journey.,2024-11-09
3912,8115,4,Wonderful Trip,Trip leader was extremely helpful.,2026-06-27
3913,8118,3,Amazing Experience,The trip was very well organized.,2026-09-06
3914,8122,4,Excellent Service,Food and accommodation exceeded expectations.,2026-04-05
3915,8124,5,Good Experience,Great itinerary and good value for money.,2026-07-19
3916,8126,5,Highly Recommended,Food and accommodation exceeded expectations.,2026-01-19
3917,8128,4,Memorable Journey,Will definitely travel again with TripPulse.,2025-05-17
3918,8129,5,Wonderful Trip,Hotels and transportation were excellent.,2025-11-15
3919,8132,5,Could Be Better,Food and accommodation exceeded expectations.,2024-08-27
3920,8134,5,Good Experience,Trip leader was extremely helpful.,2026-08-24
3921,8136,3,Amazing Experience,Food and accommodation exceeded expectations.,2026-08-21
3922,8137,3,Good Experience,Enjoyed every moment of the journey.,2024-07-25
3923,8140,4,Amazing Experience,The trip was very well organized.,2023-10-10
3924,8141,5,Great Value,Will definitely travel again with TripPulse.,2024-10-20
3925,8145,5,Excellent Service,Hotels and transportation were excellent.,2025-11-18
3926,8147,5,Wonderful Trip,Beautiful destination and smooth experience.,2026-08-12
3927,8149,4,Worth Every Penny,The trip was very well organized.,2025-04-07
3928,8151,5,Worth Every Penny,Beautiful destination and smooth experience.,2023-10-18
3929,8154,5,Memorable Journey,The trip was very well organized.,2026-04-12
3930,8155,4,Could Be Better,Everything was professionally managed.,2026-08-20
3931,8156,4,Great Value,Overall a fantastic experience.,2026-08-31
3932,8157,5,Amazing Experience,Overall a fantastic experience.,2026-09-01
3933,8160,5,Wonderful Trip,The trip was very well organized.,2026-02-12
3934,8161,4,Amazing Experience,Will definitely travel again with TripPulse.,2024-02-17
3935,8162,4,Excellent Service,Overall a fantastic experience.,2025-03-01
3936,8165,5,Could Be Better,Enjoyed every moment of the journey.,2026-09-12
3937,8166,4,Good Experience,The trip was very well organized.,2026-09-05
3938,8167,5,Great Value,Overall a fantastic experience.,2026-09-17
3939,8168,4,Could Be Better,Will definitely travel again with TripPulse.,2024-05-23
3940,8170,5,Great Value,Great itinerary and good value for money.,2024-10-13
3941,8171,4,Fantastic Trip,Overall a fantastic experience.,2025-06-16
3942,8175,5,Wonderful Trip,Beautiful destination and smooth experience.,2025-02-28
3943,8179,5,Memorable Journey,Will definitely travel again with TripPulse.,2024-06-05
3944,8181,5,Could Be Better,Great itinerary and good value for money.,2026-07-29
3945,8183,4,Wonderful Trip,Hotels and transportation were excellent.,2024-07-09
3946,8187,5,Amazing Experience,Everything was professionally managed.,2026-09-08
3947,8188,3,Fantastic Trip,Great itinerary and good value for money.,2026-07-06
3948,8189,5,Worth Every Penny,Food and accommodation exceeded expectations.,2024-03-15
3949,8190,5,Could Be Better,Trip leader was extremely helpful.,2024-09-25
3950,8197,3,Wonderful Trip,Overall a fantastic experience.,2026-07-17
3951,8200,4,Wonderful Trip,Overall a fantastic experience.,2026-09-13
3952,8204,4,Fantastic Trip,Trip leader was extremely helpful.,2025-03-29
3953,8205,1,Worth Every Penny,Enjoyed every moment of the journey.,2024-05-31
3954,8207,5,Worth Every Penny,Great itinerary and good value for money.,2026-05-24
3955,8208,3,Wonderful Trip,Hotels and transportation were excellent.,2026-07-19
3956,8209,5,Memorable Journey,Everything was professionally managed.,2025-08-31
3957,8212,5,Fantastic Trip,Trip leader was extremely helpful.,2026-07-28
3958,8216,5,Worth Every Penny,Trip leader was extremely helpful.,2024-11-12
3959,8217,5,Amazing Experience,Trip leader was extremely helpful.,2025-01-22
3960,8219,3,Good Experience,Trip leader was extremely helpful.,2026-08-01
3961,8220,5,Highly Recommended,Overall a fantastic experience.,2025-11-27
3962,8221,5,Wonderful Trip,Enjoyed every moment of the journey.,2026-07-22
3963,8224,4,Great Value,Everything was professionally managed.,2024-10-27
3964,8228,1,Worth Every Penny,Overall a fantastic experience.,2024-05-26
3965,8230,4,Wonderful Trip,Food and accommodation exceeded expectations.,2026-08-03
3966,8231,4,Memorable Journey,The trip was very well organized.,2026-08-22
3967,8232,5,Great Value,Trip leader was extremely helpful.,2023-10-31
3968,8234,5,Amazing Experience,Everything was professionally managed.,2025-04-23
3969,8235,3,Wonderful Trip,The trip was very well organized.,2024-07-07
3970,8236,3,Wonderful Trip,Trip leader was extremely helpful.,2026-09-02
3971,8237,4,Wonderful Trip,Hotels and transportation were excellent.,2025-03-17
3972,8238,5,Wonderful Trip,Will definitely travel again with TripPulse.,2026-07-09
3973,8242,5,Good Experience,Overall a fantastic experience.,2026-08-07
3974,8244,5,Excellent Service,Beautiful destination and smooth experience.,2025-12-07
3975,8245,5,Amazing Experience,Food and accommodation exceeded expectations.,2025-04-25
3976,8248,5,Amazing Experience,Overall a fantastic experience.,2024-01-20
3977,8250,5,Worth Every Penny,The trip was very well organized.,2025-11-24
3978,8256,3,Highly Recommended,Hotels and transportation were excellent.,2026-07-10
3979,8258,4,Could Be Better,Trip leader was extremely helpful.,2026-09-02
3980,8260,4,Good Experience,Will definitely travel again with TripPulse.,2025-10-16
3981,8261,5,Worth Every Penny,Will definitely travel again with TripPulse.,2025-09-02
3982,8266,1,Amazing Experience,Beautiful destination and smooth experience.,2026-07-20
3983,8267,5,Great Value,Trip leader was extremely helpful.,2023-12-10
3984,8268,2,Excellent Service,Will definitely travel again with TripPulse.,2024-08-21
3985,8270,3,Could Be Better,Trip leader was extremely helpful.,2025-09-26
3986,8272,4,Worth Every Penny,Overall a fantastic experience.,2026-08-18
3987,8273,4,Excellent Service,Great itinerary and good value for money.,2024-09-17
3988,8277,2,Could Be Better,Everything was professionally managed.,2024-05-22
3989,8279,4,Worth Every Penny,Beautiful destination and smooth experience.,2024-11-07
3990,8280,5,Highly Recommended,Food and accommodation exceeded expectations.,2024-07-25
3991,8281,4,Great Value,Enjoyed every moment of the journey.,2026-07-21
3992,8282,3,Could Be Better,Will definitely travel again with TripPulse.,2025-01-02
3993,8285,5,Could Be Better,Hotels and transportation were excellent.,2024-01-19
3994,8286,2,Highly Recommended,Great itinerary and good value for money.,2023-12-05
3995,8287,4,Worth Every Penny,Beautiful destination and smooth experience.,2024-05-17
3996,8290,5,Worth Every Penny,Everything was professionally managed.,2026-08-18
3997,8292,3,Great Value,Trip leader was extremely helpful.,2025-12-08
3998,8295,5,Good Experience,The trip was very well organized.,2024-11-28
3999,8296,5,Fantastic Trip,Will definitely travel again with TripPulse.,2023-11-11
4000,8297,5,Great Value,Will definitely travel again with TripPulse.,2026-09-11
4001,8303,4,Great Value,Great itinerary and good value for money.,2026-04-07
4002,8304,4,Worth Every Penny,Enjoyed every moment of the journey.,2024-07-18
4003,8306,5,Wonderful Trip,Everything was professionally managed.,2025-01-28
4004,8307,4,Fantastic Trip,Enjoyed every moment of the journey.,2024-10-09
4005,8310,5,Excellent Service,Hotels and transportation were excellent.,2024-06-25
4006,8311,4,Wonderful Trip,Everything was professionally managed.,2026-09-18
4007,8312,5,Worth Every Penny,Beautiful destination and smooth experience.,2024-05-06
4008,8314,4,Highly Recommended,Beautiful destination and smooth experience.,2026-07-17
4009,8316,5,Could Be Better,Will definitely travel again with TripPulse.,2024-06-09
4010,8317,5,Good Experience,Enjoyed every moment of the journey.,2025-01-07
4011,8319,2,Good Experience,Overall a fantastic experience.,2025-05-18
4012,8320,5,Highly Recommended,Hotels and transportation were excellent.,2024-11-07
4013,8327,2,Memorable Journey,Overall a fantastic experience.,2024-12-01
4014,8328,4,Could Be Better,Trip leader was extremely helpful.,2026-06-29
4015,8329,3,Good Experience,Food and accommodation exceeded expectations.,2024-03-26
4016,8330,4,Memorable Journey,Trip leader was extremely helpful.,2026-09-07
4017,8331,5,Worth Every Penny,Hotels and transportation were excellent.,2026-02-01
4018,8333,5,Wonderful Trip,Enjoyed every moment of the journey.,2025-05-08
4019,8334,3,Great Value,Food and accommodation exceeded expectations.,2025-10-08
4020,8337,5,Memorable Journey,The trip was very well organized.,2024-05-08
4021,8338,5,Could Be Better,Beautiful destination and smooth experience.,2024-01-21
4022,8339,3,Amazing Experience,Great itinerary and good value for money.,2025-02-07
4023,8340,5,Could Be Better,Enjoyed every moment of the journey.,2026-09-09
4024,8342,5,Wonderful Trip,The trip was very well organized.,2024-02-19
4025,8343,3,Amazing Experience,Will definitely travel again with TripPulse.,2025-08-19
4026,8345,4,Good Experience,Enjoyed every moment of the journey.,2026-07-18
4027,8348,5,Amazing Experience,Will definitely travel again with TripPulse.,2024-11-24
4028,8349,5,Excellent Service,Will definitely travel again with TripPulse.,2026-02-05
4029,8350,4,Great Value,Trip leader was extremely helpful.,2023-12-29
4030,8352,4,Could Be Better,Everything was professionally managed.,2024-10-07
4031,8362,4,Memorable Journey,Hotels and transportation were excellent.,2025-07-19
4032,8363,3,Amazing Experience,Trip leader was extremely helpful.,2026-08-26
4033,8367,2,Amazing Experience,Enjoyed every moment of the journey.,2024-02-10
4034,8370,3,Highly Recommended,The trip was very well organized.,2023-12-15
4035,8371,5,Fantastic Trip,Great itinerary and good value for money.,2025-09-18
4036,8377,5,Worth Every Penny,Enjoyed every moment of the journey.,2026-05-12
4037,8378,5,Great Value,Overall a fantastic experience.,2023-12-22
4038,8379,3,Memorable Journey,Food and accommodation exceeded expectations.,2026-03-20
4039,8380,5,Amazing Experience,Hotels and transportation were excellent.,2024-11-10
4040,8381,2,Great Value,Food and accommodation exceeded expectations.,2024-09-05
4041,8386,5,Memorable Journey,Food and accommodation exceeded expectations.,2024-08-31
4042,8389,5,Excellent Service,Great itinerary and good value for money.,2026-03-24
4043,8390,3,Great Value,Food and accommodation exceeded expectations.,2026-09-02
4044,8391,5,Amazing Experience,Will definitely travel again with TripPulse.,2025-06-22
4045,8394,5,Worth Every Penny,Hotels and transportation were excellent.,2025-10-13
4046,8404,5,Good Experience,The trip was very well organized.,2024-12-30
4047,8411,5,Could Be Better,Everything was professionally managed.,2024-02-07
4048,8413,5,Highly Recommended,The trip was very well organized.,2024-08-05
4049,8416,5,Wonderful Trip,Beautiful destination and smooth experience.,2025-04-18
4050,8417,3,Excellent Service,Beautiful destination and smooth experience.,2026-09-20
4051,8418,5,Memorable Journey,The trip was very well organized.,2025-02-03
4052,8419,4,Amazing Experience,Great itinerary and good value for money.,2025-12-09
4053,8422,5,Fantastic Trip,Everything was professionally managed.,2026-08-15
4054,8423,4,Worth Every Penny,Hotels and transportation were excellent.,2024-03-11
4055,8424,5,Highly Recommended,Hotels and transportation were excellent.,2026-08-19
4056,8425,4,Wonderful Trip,Everything was professionally managed.,2025-03-04
4057,8426,4,Great Value,Beautiful destination and smooth experience.,2025-05-05
4058,8427,1,Highly Recommended,Food and accommodation exceeded expectations.,2023-10-19
4059,8429,5,Great Value,Enjoyed every moment of the journey.,2024-10-18
4060,8431,5,Wonderful Trip,Beautiful destination and smooth experience.,2026-02-10
4061,8433,5,Good Experience,Great itinerary and good value for money.,2025-11-28
4062,8434,2,Memorable Journey,Overall a fantastic experience.,2025-03-08
4063,8435,5,Memorable Journey,Overall a fantastic experience.,2026-02-27
4064,8436,5,Good Experience,Enjoyed every moment of the journey.,2025-01-19
4065,8439,3,Amazing Experience,Overall a fantastic experience.,2024-07-04
4066,8445,5,Great Value,Great itinerary and good value for money.,2025-01-18
4067,8451,4,Good Experience,Overall a fantastic experience.,2025-10-27
4068,8452,1,Wonderful Trip,Trip leader was extremely helpful.,2025-02-23
4069,8453,5,Good Experience,Enjoyed every moment of the journey.,2026-01-30
4070,8454,5,Fantastic Trip,Will definitely travel again with TripPulse.,2024-08-16
4071,8458,5,Memorable Journey,Food and accommodation exceeded expectations.,2025-08-06
4072,8460,4,Excellent Service,Beautiful destination and smooth experience.,2025-04-08
4073,8461,4,Could Be Better,Everything was professionally managed.,2026-03-17
4074,8464,3,Worth Every Penny,Overall a fantastic experience.,2026-01-11
4075,8466,5,Memorable Journey,Food and accommodation exceeded expectations.,2025-12-24
4076,8468,5,Could Be Better,Hotels and transportation were excellent.,2023-12-05
4077,8470,4,Excellent Service,Trip leader was extremely helpful.,2025-04-02
4078,8472,5,Amazing Experience,Everything was professionally managed.,2026-08-18
4079,8474,4,Amazing Experience,Food and accommodation exceeded expectations.,2026-09-06
4080,8478,3,Could Be Better,Enjoyed every moment of the journey.,2025-05-05
4081,8481,5,Could Be Better,Enjoyed every moment of the journey.,2025-05-15
4082,8482,2,Excellent Service,Beautiful destination and smooth experience.,2024-02-24
4083,8485,4,Great Value,Will definitely travel again with TripPulse.,2025-12-26
4084,8486,3,Amazing Experience,Food and accommodation exceeded expectations.,2026-08-07
4085,8488,2,Worth Every Penny,Everything was professionally managed.,2025-01-24
4086,8491,4,Fantastic Trip,The trip was very well organized.,2023-11-16
4087,8500,3,Great Value,Hotels and transportation were excellent.,2026-05-30
4088,8501,1,Highly Recommended,Hotels and transportation were excellent.,2025-09-07
4089,8503,3,Highly Recommended,The trip was very well organized.,2026-08-17
4090,8506,3,Excellent Service,Overall a fantastic experience.,2024-12-10
4091,8512,4,Amazing Experience,Beautiful destination and smooth experience.,2026-01-04
4092,8514,4,Fantastic Trip,Great itinerary and good value for money.,2025-10-20
4093,8515,4,Highly Recommended,Great itinerary and good value for money.,2023-11-22
4094,8516,5,Wonderful Trip,The trip was very well organized.,2024-04-24
4095,8520,5,Amazing Experience,Trip leader was extremely helpful.,2024-02-20
4096,8522,4,Wonderful Trip,Beautiful destination and smooth experience.,2026-09-02
4097,8523,5,Fantastic Trip,Overall a fantastic experience.,2023-11-24
4098,8524,3,Excellent Service,Hotels and transportation were excellent.,2025-09-19
4099,8525,5,Great Value,Hotels and transportation were excellent.,2024-11-02
4100,8526,4,Excellent Service,Enjoyed every moment of the journey.,2025-10-20
4101,8527,5,Amazing Experience,Beautiful destination and smooth experience.,2025-02-12
4102,8528,2,Great Value,Everything was professionally managed.,2025-09-20
4103,8529,5,Memorable Journey,Will definitely travel again with TripPulse.,2026-03-17
4104,8530,3,Wonderful Trip,Trip leader was extremely helpful.,2025-07-26
4105,8531,4,Memorable Journey,Hotels and transportation were excellent.,2025-08-06
4106,8532,5,Could Be Better,Everything was professionally managed.,2024-02-02
4107,8533,5,Great Value,Will definitely travel again with TripPulse.,2024-10-16
4108,8534,5,Wonderful Trip,Everything was professionally managed.,2025-04-22
4109,8535,4,Highly Recommended,Will definitely travel again with TripPulse.,2025-11-18
4110,8540,3,Worth Every Penny,Enjoyed every moment of the journey.,2026-05-30
4111,8542,4,Worth Every Penny,Hotels and transportation were excellent.,2026-08-11
4112,8543,4,Fantastic Trip,Everything was professionally managed.,2025-11-30
4113,8544,3,Excellent Service,Hotels and transportation were excellent.,2023-10-10
4114,8546,4,Highly Recommended,Great itinerary and good value for money.,2026-05-14
4115,8548,5,Memorable Journey,Overall a fantastic experience.,2024-03-13
4116,8549,5,Wonderful Trip,Great itinerary and good value for money.,2025-10-22
4117,8550,4,Good Experience,Food and accommodation exceeded expectations.,2025-11-17
4118,8553,4,Wonderful Trip,Hotels and transportation were excellent.,2025-09-14
4119,8557,3,Good Experience,Enjoyed every moment of the journey.,2023-12-11
4120,8561,3,Highly Recommended,Trip leader was extremely helpful.,2024-06-03
4121,8563,4,Excellent Service,Beautiful destination and smooth experience.,2026-08-31
4122,8565,4,Excellent Service,The trip was very well organized.,2026-09-08
4123,8566,5,Fantastic Trip,The trip was very well organized.,2026-03-30
4124,8567,5,Wonderful Trip,Enjoyed every moment of the journey.,2026-04-21
4125,8569,5,Good Experience,Will definitely travel again with TripPulse.,2024-01-03
4126,8570,5,Worth Every Penny,Overall a fantastic experience.,2026-08-23
4127,8572,2,Fantastic Trip,Hotels and transportation were excellent.,2026-02-19
4128,8573,4,Memorable Journey,The trip was very well organized.,2024-10-25
4129,8575,5,Amazing Experience,Hotels and transportation were excellent.,2026-08-08
4130,8576,3,Excellent Service,Enjoyed every moment of the journey.,2024-05-06
4131,8577,5,Great Value,The trip was very well organized.,2026-08-23
4132,8578,1,Memorable Journey,Overall a fantastic experience.,2025-05-21
4133,8580,3,Highly Recommended,Hotels and transportation were excellent.,2025-03-02
4134,8581,1,Good Experience,Everything was professionally managed.,2024-03-12
4135,8586,5,Memorable Journey,Hotels and transportation were excellent.,2024-06-29
4136,8587,5,Great Value,Will definitely travel again with TripPulse.,2026-09-06
4137,8591,3,Excellent Service,Great itinerary and good value for money.,2025-05-13
4138,8593,3,Memorable Journey,Will definitely travel again with TripPulse.,2025-01-02
4139,8595,5,Wonderful Trip,Great itinerary and good value for money.,2025-06-30
4140,8596,3,Amazing Experience,Enjoyed every moment of the journey.,2025-02-12
4141,8599,4,Highly Recommended,Trip leader was extremely helpful.,2025-04-29
4142,8600,5,Worth Every Penny,Great itinerary and good value for money.,2025-07-25
4143,8601,5,Worth Every Penny,The trip was very well organized.,2024-10-17
4144,8602,3,Memorable Journey,Hotels and transportation were excellent.,2025-06-02
4145,8605,5,Excellent Service,Everything was professionally managed.,2025-10-26
4146,8606,5,Could Be Better,Enjoyed every moment of the journey.,2025-12-17
4147,8608,5,Wonderful Trip,Great itinerary and good value for money.,2026-08-05
4148,8609,2,Highly Recommended,Food and accommodation exceeded expectations.,2024-07-06
4149,8611,5,Could Be Better,Everything was professionally managed.,2025-06-22
4150,8612,3,Memorable Journey,Overall a fantastic experience.,2026-06-30
4151,8613,2,Worth Every Penny,Hotels and transportation were excellent.,2026-03-24
4152,8615,5,Highly Recommended,Hotels and transportation were excellent.,2024-03-04
4153,8619,5,Worth Every Penny,Trip leader was extremely helpful.,2024-02-23
4154,8622,1,Highly Recommended,Overall a fantastic experience.,2026-05-21
4155,8626,5,Amazing Experience,Trip leader was extremely helpful.,2024-03-28
4156,8628,4,Memorable Journey,Food and accommodation exceeded expectations.,2024-10-24
4157,8630,5,Wonderful Trip,Will definitely travel again with TripPulse.,2026-03-31
4158,8632,5,Worth Every Penny,Overall a fantastic experience.,2024-05-28
4159,8633,1,Good Experience,Trip leader was extremely helpful.,2025-02-02
4160,8637,5,Good Experience,Food and accommodation exceeded expectations.,2026-07-05
4161,8638,5,Great Value,Overall a fantastic experience.,2026-04-11
4162,8642,5,Highly Recommended,Beautiful destination and smooth experience.,2024-01-20
4163,8644,4,Amazing Experience,Overall a fantastic experience.,2026-07-07
4164,8646,2,Good Experience,Will definitely travel again with TripPulse.,2025-05-11
4165,8647,3,Could Be Better,Hotels and transportation were excellent.,2026-08-09
4166,8648,2,Wonderful Trip,The trip was very well organized.,2025-05-09
4167,8649,5,Wonderful Trip,Everything was professionally managed.,2026-02-11
4168,8650,5,Wonderful Trip,Overall a fantastic experience.,2024-03-24
4169,8651,4,Fantastic Trip,The trip was very well organized.,2024-11-24
4170,8654,5,Highly Recommended,Will definitely travel again with TripPulse.,2026-03-23
4171,8655,3,Amazing Experience,Trip leader was extremely helpful.,2023-12-03
4172,8657,4,Fantastic Trip,Enjoyed every moment of the journey.,2024-04-08
4173,8660,5,Worth Every Penny,Everything was professionally managed.,2026-07-24
4174,8662,5,Could Be Better,The trip was very well organized.,2024-09-29
4175,8664,5,Fantastic Trip,Food and accommodation exceeded expectations.,2023-12-20
4176,8665,4,Amazing Experience,Overall a fantastic experience.,2026-07-21
4177,8666,4,Memorable Journey,Great itinerary and good value for money.,2026-03-30
4178,8667,5,Amazing Experience,Hotels and transportation were excellent.,2025-11-09
4179,8669,4,Good Experience,The trip was very well organized.,2024-04-15
4180,8671,4,Good Experience,Enjoyed every moment of the journey.,2026-08-16
4181,8673,5,Great Value,Everything was professionally managed.,2024-05-16
4182,8676,1,Memorable Journey,Hotels and transportation were excellent.,2024-08-05
4183,8677,3,Good Experience,Everything was professionally managed.,2024-05-27
4184,8679,5,Could Be Better,Trip leader was extremely helpful.,2026-03-19
4185,8681,4,Wonderful Trip,Overall a fantastic experience.,2024-04-11
4186,8682,4,Wonderful Trip,Will definitely travel again with TripPulse.,2025-10-08
4187,8683,5,Could Be Better,Beautiful destination and smooth experience.,2026-02-16
4188,8685,3,Memorable Journey,Overall a fantastic experience.,2026-04-05
4189,8686,1,Good Experience,Hotels and transportation were excellent.,2026-09-10
4190,8687,2,Worth Every Penny,Food and accommodation exceeded expectations.,2026-02-13
4191,8689,4,Worth Every Penny,Hotels and transportation were excellent.,2024-11-27
4192,8691,4,Excellent Service,The trip was very well organized.,2026-07-16
4193,8692,4,Memorable Journey,Beautiful destination and smooth experience.,2024-02-12
4194,8695,4,Could Be Better,Enjoyed every moment of the journey.,2024-03-16
4195,8696,5,Memorable Journey,Will definitely travel again with TripPulse.,2026-07-26
4196,8698,1,Memorable Journey,Will definitely travel again with TripPulse.,2024-06-16
4197,8700,5,Excellent Service,Everything was professionally managed.,2026-09-02
4198,8701,5,Fantastic Trip,Great itinerary and good value for money.,2024-03-03
4199,8702,3,Memorable Journey,Beautiful destination and smooth experience.,2025-04-30
4200,8704,5,Memorable Journey,Beautiful destination and smooth experience.,2024-05-07
4201,8705,4,Amazing Experience,Trip leader was extremely helpful.,2026-08-20
4202,8706,5,Worth Every Penny,Hotels and transportation were excellent.,2024-01-16
4203,8708,4,Excellent Service,Beautiful destination and smooth experience.,2024-12-25
4204,8709,5,Fantastic Trip,Everything was professionally managed.,2024-05-03
4205,8715,5,Wonderful Trip,The trip was very well organized.,2026-05-11
4206,8716,3,Amazing Experience,The trip was very well organized.,2023-11-23
4207,8717,3,Good Experience,Everything was professionally managed.,2026-05-22
4208,8718,1,Good Experience,The trip was very well organized.,2024-07-28
4209,8720,4,Wonderful Trip,Beautiful destination and smooth experience.,2024-09-25
4210,8724,4,Highly Recommended,Will definitely travel again with TripPulse.,2024-03-05
4211,8726,3,Highly Recommended,Beautiful destination and smooth experience.,2024-09-01
4212,8728,5,Amazing Experience,Will definitely travel again with TripPulse.,2025-02-28
4213,8729,5,Could Be Better,Beautiful destination and smooth experience.,2025-03-22
4214,8731,5,Fantastic Trip,Trip leader was extremely helpful.,2025-07-11
4215,8737,4,Highly Recommended,Great itinerary and good value for money.,2026-08-18
4216,8739,4,Memorable Journey,The trip was very well organized.,2026-04-22
4217,8743,4,Worth Every Penny,Will definitely travel again with TripPulse.,2026-07-20
4218,8746,4,Great Value,Beautiful destination and smooth experience.,2025-10-19
4219,8747,5,Amazing Experience,Everything was professionally managed.,2026-02-07
4220,8749,4,Memorable Journey,Overall a fantastic experience.,2024-09-30
4221,8750,2,Great Value,Hotels and transportation were excellent.,2025-06-04
4222,8751,5,Could Be Better,Trip leader was extremely helpful.,2023-10-22
4223,8753,2,Amazing Experience,Overall a fantastic experience.,2024-09-09
4224,8754,1,Excellent Service,Overall a fantastic experience.,2024-01-01
4225,8757,3,Good Experience,Great itinerary and good value for money.,2026-09-06
4226,8759,3,Excellent Service,Will definitely travel again with TripPulse.,2024-12-30
4227,8761,4,Excellent Service,Hotels and transportation were excellent.,2023-12-04
4228,8762,4,Amazing Experience,Everything was professionally managed.,2025-06-01
4229,8763,4,Good Experience,Overall a fantastic experience.,2025-01-17
4230,8764,5,Good Experience,Overall a fantastic experience.,2026-02-14
4231,8765,4,Highly Recommended,Enjoyed every moment of the journey.,2026-04-01
4232,8770,3,Worth Every Penny,Overall a fantastic experience.,2026-05-10
4233,8772,4,Worth Every Penny,Hotels and transportation were excellent.,2024-08-01
4234,8773,5,Could Be Better,Overall a fantastic experience.,2024-04-18
4235,8776,3,Wonderful Trip,Trip leader was extremely helpful.,2026-08-30
4236,8777,5,Worth Every Penny,Beautiful destination and smooth experience.,2024-03-18
4237,8780,4,Good Experience,The trip was very well organized.,2024-11-15
4238,8782,4,Good Experience,Great itinerary and good value for money.,2026-08-01
4239,8786,2,Worth Every Penny,Food and accommodation exceeded expectations.,2025-11-22
4240,8787,5,Excellent Service,Trip leader was extremely helpful.,2026-08-25
4241,8789,4,Amazing Experience,Trip leader was extremely helpful.,2023-11-28
4242,8790,3,Excellent Service,The trip was very well organized.,2023-12-29
4243,8791,3,Could Be Better,Will definitely travel again with TripPulse.,2024-07-22
4244,8794,2,Could Be Better,Everything was professionally managed.,2024-09-22
4245,8795,5,Wonderful Trip,Beautiful destination and smooth experience.,2025-12-11
4246,8797,5,Memorable Journey,Hotels and transportation were excellent.,2025-01-12
4247,8798,4,Excellent Service,The trip was very well organized.,2025-12-21
4248,8801,5,Great Value,Hotels and transportation were excellent.,2024-04-29
4249,8804,4,Wonderful Trip,Everything was professionally managed.,2026-09-18
4250,8805,3,Amazing Experience,Enjoyed every moment of the journey.,2023-12-21
4251,8808,4,Worth Every Penny,Beautiful destination and smooth experience.,2025-09-23
4252,8809,5,Wonderful Trip,Beautiful destination and smooth experience.,2024-05-16
4253,8811,3,Excellent Service,Enjoyed every moment of the journey.,2023-11-30
4254,8812,3,Wonderful Trip,Hotels and transportation were excellent.,2025-12-31
4255,8814,5,Worth Every Penny,Beautiful destination and smooth experience.,2026-08-29
4256,8818,3,Excellent Service,Enjoyed every moment of the journey.,2023-12-29
4257,8819,5,Highly Recommended,Will definitely travel again with TripPulse.,2026-09-04
4258,8822,4,Excellent Service,Food and accommodation exceeded expectations.,2026-08-08
4259,8824,5,Fantastic Trip,The trip was very well organized.,2026-01-28
4260,8829,5,Excellent Service,Will definitely travel again with TripPulse.,2023-12-22
4261,8832,5,Excellent Service,Hotels and transportation were excellent.,2026-06-22
4262,8834,3,Highly Recommended,Everything was professionally managed.,2026-06-13
4263,8835,5,Good Experience,Beautiful destination and smooth experience.,2024-03-15
4264,8836,5,Excellent Service,Beautiful destination and smooth experience.,2024-04-10
4265,8837,5,Amazing Experience,Will definitely travel again with TripPulse.,2025-01-12
4266,8840,5,Amazing Experience,Overall a fantastic experience.,2025-10-20
4267,8843,3,Memorable Journey,Food and accommodation exceeded expectations.,2026-07-23
4268,8844,5,Memorable Journey,Overall a fantastic experience.,2026-09-06
4269,8845,5,Memorable Journey,Hotels and transportation were excellent.,2025-09-19
4270,8846,5,Could Be Better,Everything was professionally managed.,2025-06-14
4271,8848,5,Memorable Journey,Will definitely travel again with TripPulse.,2024-12-30
4272,8853,4,Highly Recommended,Everything was professionally managed.,2026-06-25
4273,8854,5,Worth Every Penny,Enjoyed every moment of the journey.,2025-03-07
4274,8861,3,Excellent Service,Enjoyed every moment of the journey.,2024-12-09
4275,8862,5,Good Experience,Hotels and transportation were excellent.,2024-01-25
4276,8863,4,Wonderful Trip,The trip was very well organized.,2024-02-12
4277,8864,4,Great Value,Everything was professionally managed.,2025-08-14
4278,8866,4,Could Be Better,Will definitely travel again with TripPulse.,2024-07-28
4279,8871,5,Worth Every Penny,Will definitely travel again with TripPulse.,2026-08-02
4280,8872,4,Great Value,Overall a fantastic experience.,2025-08-15
4281,8873,5,Worth Every Penny,The trip was very well organized.,2024-06-09
4282,8875,2,Could Be Better,Will definitely travel again with TripPulse.,2025-04-30
4283,8878,4,Excellent Service,Hotels and transportation were excellent.,2026-08-30
4284,8880,5,Worth Every Penny,Overall a fantastic experience.,2025-08-19
4285,8883,3,Could Be Better,Enjoyed every moment of the journey.,2026-09-12
4286,8884,4,Great Value,Overall a fantastic experience.,2024-06-11
4287,8886,5,Fantastic Trip,Overall a fantastic experience.,2026-02-06
4288,8892,5,Good Experience,Great itinerary and good value for money.,2025-08-26
4289,8893,5,Fantastic Trip,Overall a fantastic experience.,2025-08-16
4290,8894,5,Good Experience,Beautiful destination and smooth experience.,2025-04-01
4291,8897,3,Good Experience,Beautiful destination and smooth experience.,2026-01-12
4292,8899,4,Excellent Service,Trip leader was extremely helpful.,2024-10-09
4293,8900,3,Great Value,Enjoyed every moment of the journey.,2024-07-06
4294,8903,5,Wonderful Trip,Great itinerary and good value for money.,2025-03-03
4295,8906,2,Memorable Journey,The trip was very well organized.,2024-08-01
4296,8907,5,Memorable Journey,Enjoyed every moment of the journey.,2025-01-19
4297,8908,4,Highly Recommended,Trip leader was extremely helpful.,2026-09-16
4298,8909,2,Highly Recommended,Food and accommodation exceeded expectations.,2024-04-01
4299,8911,5,Good Experience,Great itinerary and good value for money.,2026-05-11
4300,8913,5,Memorable Journey,Will definitely travel again with TripPulse.,2026-02-17
4301,8915,4,Great Value,Overall a fantastic experience.,2025-10-04
4302,8916,3,Wonderful Trip,Everything was professionally managed.,2026-07-09
4303,8917,5,Good Experience,Beautiful destination and smooth experience.,2024-12-16
4304,8918,5,Amazing Experience,Hotels and transportation were excellent.,2026-08-22
4305,8919,4,Excellent Service,Beautiful destination and smooth experience.,2024-12-17
4306,8920,4,Great Value,Will definitely travel again with TripPulse.,2025-04-14
4307,8921,5,Highly Recommended,Everything was professionally managed.,2025-02-15
4308,8922,3,Amazing Experience,Hotels and transportation were excellent.,2025-09-06
4309,8926,4,Excellent Service,Enjoyed every moment of the journey.,2026-04-16
4310,8927,5,Amazing Experience,Food and accommodation exceeded expectations.,2025-11-11
4311,8931,5,Excellent Service,Beautiful destination and smooth experience.,2026-01-17
4312,8933,5,Could Be Better,Great itinerary and good value for money.,2024-11-11
4313,8935,4,Wonderful Trip,Food and accommodation exceeded expectations.,2025-05-02
4314,8936,5,Great Value,Everything was professionally managed.,2025-02-22
4315,8937,5,Great Value,Trip leader was extremely helpful.,2026-09-01
4316,8938,4,Could Be Better,Beautiful destination and smooth experience.,2025-10-28
4317,8940,2,Memorable Journey,Hotels and transportation were excellent.,2024-03-12
4318,8941,5,Amazing Experience,Overall a fantastic experience.,2026-05-31
4319,8942,5,Worth Every Penny,Food and accommodation exceeded expectations.,2025-08-08
4320,8945,4,Amazing Experience,The trip was very well organized.,2025-07-28
4321,8946,3,Great Value,Food and accommodation exceeded expectations.,2026-09-10
4322,8950,4,Good Experience,Everything was professionally managed.,2025-10-29
4323,8956,2,Great Value,Great itinerary and good value for money.,2026-09-09
4324,8957,4,Worth Every Penny,Beautiful destination and smooth experience.,2025-11-01
4325,8958,5,Fantastic Trip,Will definitely travel again with TripPulse.,2025-03-23
4326,8959,4,Great Value,Will definitely travel again with TripPulse.,2026-03-29
4327,8960,5,Good Experience,Trip leader was extremely helpful.,2025-10-21
4328,8961,4,Good Experience,Trip leader was extremely helpful.,2026-09-06
4329,8962,2,Good Experience,Will definitely travel again with TripPulse.,2025-11-30
4330,8966,5,Could Be Better,Hotels and transportation were excellent.,2026-05-22
4331,8969,5,Memorable Journey,Everything was professionally managed.,2025-03-13
4332,8971,3,Fantastic Trip,Great itinerary and good value for money.,2025-01-14
4333,8972,4,Amazing Experience,Overall a fantastic experience.,2026-08-07
4334,8974,2,Wonderful Trip,Food and accommodation exceeded expectations.,2023-10-12
4335,8979,4,Memorable Journey,Hotels and transportation were excellent.,2024-07-05
4336,8981,3,Highly Recommended,Beautiful destination and smooth experience.,2024-03-20
4337,8983,3,Fantastic Trip,Everything was professionally managed.,2024-12-06
4338,8986,5,Great Value,Hotels and transportation were excellent.,2024-12-05
4339,8987,5,Memorable Journey,Great itinerary and good value for money.,2026-08-31
4340,8990,4,Amazing Experience,Everything was professionally managed.,2025-07-29
4341,8992,5,Worth Every Penny,Will definitely travel again with TripPulse.,2026-09-04
4342,8993,5,Amazing Experience,Hotels and transportation were excellent.,2025-11-21
4343,8994,5,Amazing Experience,Everything was professionally managed.,2024-03-25
4344,8999,5,Memorable Journey,Great itinerary and good value for money.,2025-08-28
4345,9000,5,Great Value,Trip leader was extremely helpful.,2026-09-07
4346,9003,3,Great Value,Hotels and transportation were excellent.,2026-08-04
4347,9005,4,Highly Recommended,Trip leader was extremely helpful.,2026-09-11
4348,9006,3,Worth Every Penny,The trip was very well organized.,2024-07-06
4349,9010,3,Amazing Experience,Overall a fantastic experience.,2026-03-06
4350,9016,5,Fantastic Trip,Everything was professionally managed.,2025-11-25
4351,9017,3,Wonderful Trip,Enjoyed every moment of the journey.,2026-09-11
4352,9019,4,Good Experience,Beautiful destination and smooth experience.,2026-08-26
4353,9020,4,Could Be Better,Great itinerary and good value for money.,2026-08-12
4354,9021,4,Good Experience,Great itinerary and good value for money.,2026-07-25
4355,9024,5,Could Be Better,Hotels and transportation were excellent.,2026-08-28
4356,9025,5,Worth Every Penny,Enjoyed every moment of the journey.,2024-05-21
4357,9028,4,Great Value,Beautiful destination and smooth experience.,2025-12-06
4358,9031,4,Fantastic Trip,Will definitely travel again with TripPulse.,2026-08-13
4359,9032,5,Excellent Service,Will definitely travel again with TripPulse.,2026-04-22
4360,9035,3,Wonderful Trip,Will definitely travel again with TripPulse.,2025-05-14
4361,9038,5,Good Experience,The trip was very well organized.,2026-06-22
4362,9040,5,Wonderful Trip,Great itinerary and good value for money.,2025-01-02
4363,9042,3,Amazing Experience,Trip leader was extremely helpful.,2024-09-18
4364,9045,5,Amazing Experience,Everything was professionally managed.,2026-09-08
4365,9048,4,Amazing Experience,Enjoyed every moment of the journey.,2026-05-04
4366,9050,4,Fantastic Trip,The trip was very well organized.,2025-01-16
4367,9051,4,Highly Recommended,Beautiful destination and smooth experience.,2023-10-16
4368,9053,5,Memorable Journey,Hotels and transportation were excellent.,2025-04-15
4369,9056,5,Could Be Better,Everything was professionally managed.,2026-05-17
4370,9057,5,Good Experience,Will definitely travel again with TripPulse.,2026-04-17
4371,9058,5,Wonderful Trip,Beautiful destination and smooth experience.,2025-06-11
4372,9059,3,Good Experience,Trip leader was extremely helpful.,2026-03-16
4373,9060,4,Memorable Journey,Enjoyed every moment of the journey.,2026-06-20
4374,9061,5,Wonderful Trip,Great itinerary and good value for money.,2026-09-13
4375,9066,4,Great Value,Hotels and transportation were excellent.,2025-07-02
4376,9067,1,Highly Recommended,Everything was professionally managed.,2025-10-29
4377,9068,5,Good Experience,The trip was very well organized.,2025-05-08
4378,9070,5,Good Experience,Great itinerary and good value for money.,2024-03-12
4379,9072,4,Excellent Service,Food and accommodation exceeded expectations.,2025-03-15
4380,9073,5,Could Be Better,Enjoyed every moment of the journey.,2026-07-14
4381,9075,1,Could Be Better,Enjoyed every moment of the journey.,2025-09-27
4382,9077,4,Memorable Journey,Hotels and transportation were excellent.,2023-12-15
4383,9083,4,Good Experience,Overall a fantastic experience.,2024-02-23
4384,9086,5,Fantastic Trip,Everything was professionally managed.,2024-10-21
4385,9087,5,Memorable Journey,Food and accommodation exceeded expectations.,2025-06-15
4386,9088,4,Wonderful Trip,Will definitely travel again with TripPulse.,2025-12-28
4387,9090,5,Worth Every Penny,Beautiful destination and smooth experience.,2025-05-29
4388,9091,4,Worth Every Penny,Hotels and transportation were excellent.,2024-07-19
4389,9093,3,Could Be Better,Will definitely travel again with TripPulse.,2024-05-01
4390,9095,5,Could Be Better,Hotels and transportation were excellent.,2025-02-12
4391,9096,5,Memorable Journey,Great itinerary and good value for money.,2025-08-23
4392,9100,4,Could Be Better,Will definitely travel again with TripPulse.,2024-09-06
4393,9103,4,Worth Every Penny,Overall a fantastic experience.,2026-06-18
4394,9108,5,Fantastic Trip,The trip was very well organized.,2024-01-27
4395,9111,4,Highly Recommended,Overall a fantastic experience.,2024-03-27
4396,9115,4,Good Experience,The trip was very well organized.,2025-03-21
4397,9118,5,Great Value,Beautiful destination and smooth experience.,2026-01-26
4398,9119,4,Wonderful Trip,Everything was professionally managed.,2025-12-31
4399,9120,3,Highly Recommended,Hotels and transportation were excellent.,2026-08-24
4400,9121,4,Excellent Service,Great itinerary and good value for money.,2026-08-31
4401,9122,4,Excellent Service,Food and accommodation exceeded expectations.,2024-02-20
4402,9124,5,Memorable Journey,The trip was very well organized.,2024-12-14
4403,9125,4,Great Value,Beautiful destination and smooth experience.,2023-12-31
4404,9126,5,Highly Recommended,The trip was very well organized.,2024-02-26
4405,9128,4,Worth Every Penny,Trip leader was extremely helpful.,2024-09-29
4406,9131,4,Fantastic Trip,Enjoyed every moment of the journey.,2026-09-02
4407,9134,4,Fantastic Trip,Food and accommodation exceeded expectations.,2025-11-14
4408,9135,5,Wonderful Trip,Enjoyed every moment of the journey.,2026-08-25
4409,9136,5,Good Experience,Hotels and transportation were excellent.,2026-02-09
4410,9144,5,Could Be Better,Enjoyed every moment of the journey.,2025-06-03
4411,9146,4,Memorable Journey,Will definitely travel again with TripPulse.,2024-03-23
4412,9147,5,Great Value,Hotels and transportation were excellent.,2024-01-01
4413,9148,4,Could Be Better,Great itinerary and good value for money.,2024-08-06
4414,9150,5,Amazing Experience,The trip was very well organized.,2024-01-07
4415,9152,3,Fantastic Trip,Everything was professionally managed.,2024-01-01
4416,9153,4,Memorable Journey,Beautiful destination and smooth experience.,2024-05-18
4417,9154,4,Could Be Better,Everything was professionally managed.,2025-12-05
4418,9155,4,Amazing Experience,Hotels and transportation were excellent.,2026-09-11
4419,9159,5,Good Experience,Beautiful destination and smooth experience.,2025-01-13
4420,9160,5,Excellent Service,The trip was very well organized.,2024-06-02
4421,9161,3,Excellent Service,Will definitely travel again with TripPulse.,2024-01-09
4422,9166,4,Highly Recommended,Hotels and transportation were excellent.,2026-03-01
4423,9167,4,Highly Recommended,Will definitely travel again with TripPulse.,2026-06-05
4424,9168,4,Excellent Service,The trip was very well organized.,2026-07-22
4425,9171,5,Could Be Better,Overall a fantastic experience.,2023-12-01
4426,9172,5,Great Value,Overall a fantastic experience.,2026-03-25
4427,9173,4,Fantastic Trip,Great itinerary and good value for money.,2025-12-05
4428,9175,3,Worth Every Penny,Will definitely travel again with TripPulse.,2025-07-06
4429,9177,5,Great Value,Beautiful destination and smooth experience.,2026-05-24
4430,9181,5,Memorable Journey,Great itinerary and good value for money.,2025-05-29
4431,9184,5,Amazing Experience,Beautiful destination and smooth experience.,2023-12-04
4432,9185,4,Memorable Journey,Overall a fantastic experience.,2026-02-07
4433,9190,5,Worth Every Penny,Overall a fantastic experience.,2024-02-10
4434,9192,4,Fantastic Trip,Food and accommodation exceeded expectations.,2026-02-18
4435,9193,5,Great Value,Enjoyed every moment of the journey.,2026-09-08
4436,9198,4,Great Value,Enjoyed every moment of the journey.,2023-10-29
4437,9199,5,Great Value,Trip leader was extremely helpful.,2025-10-13
4438,9201,4,Highly Recommended,Hotels and transportation were excellent.,2024-01-06
4439,9203,5,Great Value,The trip was very well organized.,2025-01-07
4440,9204,5,Wonderful Trip,The trip was very well organized.,2026-08-09
4441,9205,2,Worth Every Penny,Will definitely travel again with TripPulse.,2026-02-13
4442,9206,3,Fantastic Trip,Trip leader was extremely helpful.,2024-08-11
4443,9207,5,Worth Every Penny,The trip was very well organized.,2026-03-29
4444,9210,3,Excellent Service,The trip was very well organized.,2025-09-23
4445,9211,5,Could Be Better,Food and accommodation exceeded expectations.,2025-06-19
4446,9212,5,Worth Every Penny,The trip was very well organized.,2025-05-01
4447,9213,4,Amazing Experience,Great itinerary and good value for money.,2025-10-21
4448,9219,4,Fantastic Trip,Overall a fantastic experience.,2024-07-24
4449,9221,4,Great Value,Will definitely travel again with TripPulse.,2026-08-08
4450,9222,5,Worth Every Penny,Trip leader was extremely helpful.,2023-12-13
4451,9225,5,Could Be Better,Food and accommodation exceeded expectations.,2024-03-18
4452,9226,4,Fantastic Trip,Overall a fantastic experience.,2025-01-30
4453,9229,4,Wonderful Trip,Overall a fantastic experience.,2025-03-03
4454,9231,5,Highly Recommended,Hotels and transportation were excellent.,2026-08-15
4455,9233,5,Memorable Journey,Trip leader was extremely helpful.,2024-12-16
4456,9234,4,Could Be Better,The trip was very well organized.,2025-05-09
4457,9235,5,Could Be Better,Food and accommodation exceeded expectations.,2023-10-22
4458,9237,5,Memorable Journey,Enjoyed every moment of the journey.,2024-07-25
4459,9238,5,Highly Recommended,Great itinerary and good value for money.,2024-03-21
4460,9243,5,Could Be Better,Hotels and transportation were excellent.,2026-09-09
4461,9244,5,Great Value,Will definitely travel again with TripPulse.,2026-09-03
4462,9246,4,Fantastic Trip,Hotels and transportation were excellent.,2026-08-16
4463,9247,3,Worth Every Penny,Food and accommodation exceeded expectations.,2024-03-04
4464,9250,4,Fantastic Trip,Food and accommodation exceeded expectations.,2026-01-27
4465,9252,5,Good Experience,Hotels and transportation were excellent.,2024-07-06
4466,9254,5,Wonderful Trip,Will definitely travel again with TripPulse.,2024-11-23
4467,9255,5,Good Experience,Overall a fantastic experience.,2026-07-08
4468,9256,5,Great Value,Overall a fantastic experience.,2024-01-25
4469,9258,5,Fantastic Trip,Hotels and transportation were excellent.,2026-09-01
4470,9261,5,Fantastic Trip,Overall a fantastic experience.,2024-11-22
4471,9262,4,Highly Recommended,Enjoyed every moment of the journey.,2026-08-25
4472,9263,5,Amazing Experience,Trip leader was extremely helpful.,2026-08-28
4473,9265,5,Good Experience,Will definitely travel again with TripPulse.,2026-09-13
4474,9270,5,Great Value,Enjoyed every moment of the journey.,2023-12-05
4475,9271,5,Could Be Better,Hotels and transportation were excellent.,2025-12-12
4476,9276,5,Highly Recommended,Food and accommodation exceeded expectations.,2026-06-03
4477,9279,2,Memorable Journey,Hotels and transportation were excellent.,2026-09-15
4478,9281,5,Great Value,Hotels and transportation were excellent.,2026-08-14
4479,9282,5,Highly Recommended,Overall a fantastic experience.,2024-08-24
4480,9283,1,Great Value,Beautiful destination and smooth experience.,2024-08-21
4481,9290,5,Fantastic Trip,Great itinerary and good value for money.,2026-01-06
4482,9292,5,Memorable Journey,Great itinerary and good value for money.,2024-07-17
4483,9297,4,Memorable Journey,Overall a fantastic experience.,2024-09-26
4484,9298,4,Highly Recommended,The trip was very well organized.,2026-04-19
4485,9301,3,Memorable Journey,Overall a fantastic experience.,2026-09-05
4486,9302,5,Could Be Better,Food and accommodation exceeded expectations.,2026-04-10
4487,9303,2,Highly Recommended,Will definitely travel again with TripPulse.,2024-11-09
4488,9304,4,Wonderful Trip,Great itinerary and good value for money.,2026-03-28
4489,9305,3,Memorable Journey,Enjoyed every moment of the journey.,2026-09-08
4490,9306,3,Amazing Experience,Beautiful destination and smooth experience.,2025-10-03
4491,9310,5,Excellent Service,Trip leader was extremely helpful.,2026-04-04
4492,9313,5,Highly Recommended,Everything was professionally managed.,2025-08-19
4493,9314,4,Could Be Better,Great itinerary and good value for money.,2025-08-09
4494,9316,5,Wonderful Trip,The trip was very well organized.,2025-06-03
4495,9317,5,Wonderful Trip,Beautiful destination and smooth experience.,2024-11-03
4496,9328,5,Fantastic Trip,Enjoyed every moment of the journey.,2026-01-21
4497,9329,5,Memorable Journey,Trip leader was extremely helpful.,2025-06-13
4498,9330,4,Great Value,Food and accommodation exceeded expectations.,2025-05-02
4499,9331,5,Amazing Experience,Will definitely travel again with TripPulse.,2024-03-03
4500,9335,3,Great Value,Great itinerary and good value for money.,2025-08-28
4501,9338,5,Good Experience,Hotels and transportation were excellent.,2026-07-11
4502,9341,3,Fantastic Trip,Great itinerary and good value for money.,2026-08-18
4503,9345,4,Excellent Service,Enjoyed every moment of the journey.,2026-08-24
4504,9346,4,Highly Recommended,Beautiful destination and smooth experience.,2023-09-25
4505,9348,5,Good Experience,Beautiful destination and smooth experience.,2025-10-14
4506,9351,3,Highly Recommended,Overall a fantastic experience.,2026-02-18
4507,9352,5,Amazing Experience,Beautiful destination and smooth experience.,2026-09-13
4508,9355,5,Good Experience,Everything was professionally managed.,2025-01-22
4509,9360,5,Highly Recommended,Enjoyed every moment of the journey.,2026-07-30
4510,9363,3,Good Experience,Overall a fantastic experience.,2025-11-12
4511,9364,2,Memorable Journey,Everything was professionally managed.,2026-08-17
4512,9365,5,Great Value,Trip leader was extremely helpful.,2026-06-11
4513,9369,3,Could Be Better,Hotels and transportation were excellent.,2025-05-20
4514,9372,4,Wonderful Trip,Hotels and transportation were excellent.,2026-01-04
4515,9373,5,Memorable Journey,Beautiful destination and smooth experience.,2026-06-01
4516,9374,2,Highly Recommended,Great itinerary and good value for money.,2024-11-14
4517,9375,5,Highly Recommended,Great itinerary and good value for money.,2026-08-05
4518,9376,2,Great Value,Beautiful destination and smooth experience.,2025-03-02
4519,9379,5,Good Experience,Beautiful destination and smooth experience.,2024-12-06
4520,9380,3,Worth Every Penny,Hotels and transportation were excellent.,2025-02-05
4521,9382,4,Highly Recommended,Everything was professionally managed.,2026-05-01
4522,9384,5,Great Value,Enjoyed every moment of the journey.,2024-11-24
4523,9385,4,Great Value,Overall a fantastic experience.,2026-08-03
4524,9386,4,Excellent Service,Hotels and transportation were excellent.,2026-04-09
4525,9390,5,Great Value,Hotels and transportation were excellent.,2026-07-30
4526,9391,4,Could Be Better,Hotels and transportation were excellent.,2025-06-05
4527,9393,4,Good Experience,Great itinerary and good value for money.,2023-12-18
4528,9394,5,Highly Recommended,Trip leader was extremely helpful.,2026-08-19
4529,9398,5,Memorable Journey,Will definitely travel again with TripPulse.,2025-11-01
4530,9400,4,Amazing Experience,Beautiful destination and smooth experience.,2025-09-15
4531,9402,5,Amazing Experience,Overall a fantastic experience.,2025-10-25
4532,9406,4,Fantastic Trip,Great itinerary and good value for money.,2025-10-18
4533,9408,5,Amazing Experience,Enjoyed every moment of the journey.,2024-10-13
4534,9410,4,Could Be Better,Will definitely travel again with TripPulse.,2024-01-26
4535,9413,4,Could Be Better,Great itinerary and good value for money.,2023-12-16
4536,9415,4,Excellent Service,Will definitely travel again with TripPulse.,2023-12-27
4537,9420,4,Could Be Better,Will definitely travel again with TripPulse.,2025-05-10
4538,9423,4,Could Be Better,Enjoyed every moment of the journey.,2026-09-06
4539,9425,4,Highly Recommended,Hotels and transportation were excellent.,2025-11-17
4540,9427,5,Amazing Experience,Trip leader was extremely helpful.,2025-03-20
4541,9430,4,Could Be Better,Enjoyed every moment of the journey.,2024-05-27
4542,9431,2,Wonderful Trip,Will definitely travel again with TripPulse.,2026-08-08
4543,9433,4,Excellent Service,Enjoyed every moment of the journey.,2026-03-26
4544,9434,4,Amazing Experience,Beautiful destination and smooth experience.,2025-10-22
4545,9436,5,Wonderful Trip,Will definitely travel again with TripPulse.,2025-10-28
4546,9439,3,Worth Every Penny,Trip leader was extremely helpful.,2024-06-29
4547,9440,4,Worth Every Penny,Food and accommodation exceeded expectations.,2025-04-22
4548,9442,4,Fantastic Trip,Hotels and transportation were excellent.,2026-08-31
4549,9444,4,Worth Every Penny,Trip leader was extremely helpful.,2026-07-27
4550,9446,5,Memorable Journey,The trip was very well organized.,2026-09-05
4551,9447,3,Highly Recommended,Everything was professionally managed.,2025-05-09
4552,9448,4,Could Be Better,Food and accommodation exceeded expectations.,2025-06-02
4553,9449,5,Memorable Journey,Trip leader was extremely helpful.,2024-07-23
